<COLLADA xmlns="http://www.collada.org/2005/11/COLLADASchema" version="1.4.1">
  <asset>
    <created>2026-05-25T14:22:25.534776</created>
    <modified>2026-05-25T14:22:25.534787</modified>
    <up_axis>Y_UP</up_axis>
  </asset>
  <library_effects>
    <effect id="79aef42c63574b5caaf3347517c6b9bb" name="79aef42c63574b5caaf3347517c6b9bb">
      <profile_COMMON>
        <technique sid="common">
          <phong>
            <emission>
              <color>0.0 0.0 0.0 1.0</color>
            </emission>
            <ambient>
              <color>0.0 0.0 0.0 1.0</color>
            </ambient>
            <diffuse>
              <color>0.4 0.4 0.4 1.0</color>
            </diffuse>
            <specular>
              <color>0.0 0.0 0.0 1.0</color>
            </specular>
            <shininess>
              <float>0.0</float>
            </shininess>
            <reflective>
              <color>0.0 0.0 0.0 1.0</color>
            </reflective>
            <reflectivity>
              <float>0.0</float>
            </reflectivity>
            <transparent>
              <color>0.0 0.0 0.0 1.0</color>
            </transparent>
            <transparency>
              <float>1.0</float>
            </transparency>
          </phong>
        </technique>
        <extra>
          <technique profile="GOOGLEEARTH">
            <double_sided>0</double_sided>
          </technique>
        </extra>
      </profile_COMMON>
    </effect>
  </library_effects>
  <library_geometries>
    <geometry id="e98a0aae461a4be3a207cadb94716838" name="a95b3aad0e8f49d1aa50838a09d65b6e">
      <mesh>
        <source id="verts-array">
          <float_array count="13122" id="verts-array-array">-0.00490107 0.002749055 -0.005409456 -0.005066519 0.002142943 -0.00509786 -0.005713795 0.001492465 -0.005095596 -0.005582842 0.001268748 -0.004844807 -0.006306942 0.0001785211 -0.004585915 -0.002749055 0.00490107 -0.005409456 -0.002975428 0.004451582 -0.00525169 -0.0039 0.0039 -0.005515433 -0.00375 0.00375 -0.005303301 -0.004451582 0.002975428 -0.00525169 -0.002419191 -0.006752639 0.00306421 -0.001870328 -0.006487789 0.003265038 -0.001142283 -0.006657717 0.0039 -0.0009864579 -0.006381507 0.003814875 0.0001785215 -0.006306942 0.004585915 -8.3388e-05 -0.006151016 0.00429046 0.0008213046 -0.005800803 0.004682536 0.001492465 -0.005713795 0.005095595 0.001710012 -0.005337683 0.004983472 0.002749055 -0.004901071 0.005409455 0.002565435 -0.004770672 0.005187411 0.0039 -0.0039 0.005515432 0.006752639 0.002419191 0.00306421 0.006467793 0.002717793 0.00265165 0.006588061 0.00360313 0.002110664 0.00632191 0.00351236 0.001986651 0.006170308 0.004648603 0.001076007 0.00360313 0.006588061 -0.002110665 0.003122684 0.006410467 -0.002324814 0.002419191 0.006752639 -0.003064211 0.002299663 0.006493609 -0.002965568 0.001142284 0.006657716 -0.0039 -0.005990501 0.000369859 -0.004497455 -0.006281563 -0.0005362297 -0.004062564 -0.006657716 -0.001142284 -0.0039 -0.00645036 -0.001431881 -0.003548601 -0.006752639 -0.002419191 -0.003064211 -0.006493609 -0.002299663 -0.002965568 -0.006588061 -0.00360313 -0.002110665 -0.006410467 -0.003122684 -0.002324814 -0.006202552 -0.003884925 -0.00163881 -0.006170308 -0.004648603 -0.001076008 -0.005873912 -0.004571551 -0.0009209088 -0.005515432 -0.005515433 -2.781769e-10 0.005713795 -0.001492465 0.005095595 0.005800803 -0.0008213046 0.004682536 0.006306942 -0.0001785215 0.004585915 0.006151016 8.3388e-05 0.00429046 0.006657717 0.001142283 0.0039 0.006381507 0.0009864579 0.003814875 0.006487789 0.001870328 0.003265038 0.003370926 -0.004110805 0.005290382 0.004110805 -0.003370926 0.005290382 0.004901071 -0.002749055 0.005409455 0.004770672 -0.002565435 0.005187411 0.005337683 -0.001710012 0.004983472 0.006052977 0.004238563 0.001282984 0.005666231 0.004882267 0.0005543456 0.005515433 0.005515432 -2.781768e-10 0.005169197 0.005430943 -0.0001850828 0.004648603 0.006170308 -0.001076008 0.004571551 0.005873912 -0.0009209088 0.003884925 0.006202552 -0.00163881 0.001431881 0.00645036 -0.003548601 0.0005362297 0.006281563 -0.004062564 -0.0001785211 0.006306942 -0.004585915 -0.000369859 0.005990501 -0.004497455 -0.001492465 0.005713795 -0.005095596 -0.001268748 0.005582842 -0.004844807 -0.002142943 0.005066519 -0.00509786 -0.005430943 -0.005169197 -0.0001850828 -0.004882267 -0.005666231 0.0005543456 -0.004648603 -0.006170308 0.001076007 -0.004238563 -0.006052977 0.001282984 -0.00360313 -0.006588061 0.002110664 -0.00351236 -0.00632191 0.001986651 -0.002717793 -0.006467793 0.00265165 0.006267204 -0.006267204 -0.0147117 0.007863064 -0.007863064 -0.01564189 0.007563964 -0.008193282 -0.01561989 0.005880348 -0.006694308 -0.01468324 0.007518349 -0.008249901 -0.01561211 0.005541269 -0.007153344 -0.01459842 0.007301802 -0.00854819 -0.01555431 0.007081682 -0.008920879 -0.01544642 0.005256566 -0.007635379 -0.01445888 0.006907887 -0.009304096 -0.01529834 0.00503178 -0.008131032 -0.01426735 0.006869742 -0.009407339 -0.01525231 0.004871287 -0.008630654 -0.01402755 0.006783802 -0.009690383 -0.01511294 0.006711839 -0.01007222 -0.01489382 0.004778211 -0.00912452 -0.01374415 0.006693401 -0.01044217 -0.01464526 0.004754364 -0.00960302 -0.01342266 0.006700269 -0.01057484 -0.0145466 0.004800209 -0.01005684 -0.01306935 0.006728847 -0.01079305 -0.01437209 0.006817485 -0.01111801 -0.01407963 0.004914854 -0.01047714 -0.01269108 0.006957592 -0.01141073 -0.01377358 0.005096068 -0.01085575 -0.01229523 0.00704126 -0.01153659 -0.01362542 0.005340323 -0.0111853 -0.01188949 0.007654779 -0.0120423 -0.01283401 0.005642866 -0.01145936 -0.01148176 0.007380353 -0.01187742 -0.01314464 0.00714644 -0.01166552 -0.01345988 0.007829679 -0.01211481 -0.01265906 0.00639824 -0.01182091 -0.01069198 0.005997808 -0.01167262 -0.01107999 0.008664412 -0.01222767 -0.01198901 0.006836369 -0.01190135 -0.0103253 0.008303118 -0.01221914 -0.01225051 0.007964376 -0.01215695 -0.01253402 0.008919791 -0.01220263 -0.01182614 0.007791036 -0.01185377 -0.009683891 0.007303666 -0.01191237 -0.009987074 0.009041226 -0.01218236 -0.0117546 0.009426225 -0.01208409 -0.01155185 0.008288994 -0.01172668 -0.009421651 0.009516213 -0.01205381 -0.01150963 0.008787845 -0.01153357 -0.009205458 0.009811916 -0.01193479 -0.0113847 0.01019079 -0.01173735 -0.0112564 0.009277883 -0.0112782 -0.00903952 0.01055548 -0.01149562 -0.01116946 0.009749569 -0.01096555 -0.008927068 0.01067365 -0.0114052 -0.01114984 0.01019372 -0.01060169 -0.008870289 0.01089888 -0.01121431 -0.01112556 0.01121431 -0.01089888 -0.01112556 0.01060169 -0.01019372 -0.008870289 0.01149562 -0.01055548 -0.01116946 0.01096555 -0.009749569 -0.008927068 0.01160707 -0.01039735 -0.01120246 0.0112782 -0.009277883 -0.00903952 0.01208409 -0.009426225 -0.01155185 0.01153357 -0.008787845 -0.009205458 0.01193479 -0.009811916 -0.0113847 0.01173735 -0.01019079 -0.0112564 0.01214394 -0.009216565 -0.01165778 0.01185377 -0.007791036 -0.009683891 0.01172668 -0.008288994 -0.009421651 0.01221914 -0.008303118 -0.01225051 0.01191237 -0.007303666 -0.009987074 0.01222767 -0.008664412 -0.01198901 0.01218236 -0.009041226 -0.0117546 0.01218501 -0.008081103 -0.01243164 0.01182091 -0.00639824 -0.01069198 0.01190135 -0.006836369 -0.0103253 0.01215695 -0.007964376 -0.01253402 0.0120423 -0.007654779 -0.01283401 0.01167262 -0.005997808 -0.01107999 0.01201351 -0.007597391 -0.01289494 0.01145936 -0.005642866 -0.01148176 0.01187742 -0.007380353 -0.01314464 0.01166552 -0.00714644 -0.01345988 0.0111853 -0.005340323 -0.01188949 0.01141073 -0.006957592 -0.01377358 0.01085575 -0.005096068 -0.01229523 0.01132616 -0.006910041 -0.013867 0.01047714 -0.004914854 -0.01269108 0.01111801 -0.006817485 -0.01407963 0.01079305 -0.006728847 -0.01437209 0.01005684 -0.004800209 -0.01306935 0.01044217 -0.006693401 -0.01464526 0.00960302 -0.004754364 -0.01342266 0.01029418 -0.006694375 -0.01474922 0.00912452 -0.004778211 -0.01374415 0.009304096 -0.006907887 -0.01529834 0.008630654 -0.004871287 -0.01402755 0.009690383 -0.006783802 -0.01511294 0.01007222 -0.006711839 -0.01489382 0.009108328 -0.006990262 -0.01537852 0.007635379 -0.005256566 -0.01445888 0.008131032 -0.00503178 -0.01426735 0.008920879 -0.007081682 -0.01544642 0.00854819 -0.007301802 -0.01555431 0.007153344 -0.005541269 -0.01459842 0.008193282 -0.007563964 -0.01561989 0.006694308 -0.005880348 -0.01468324 0.007987813 -0.007743006 -0.01563857 0.005217861 -0.00424113 -0.01363832 0.005768694 -0.003834243 -0.01353653 0.006347124 -0.003492606 -0.0133691 0.006941896 -0.003222868 -0.01313926 0.00754143 -0.003030281 -0.01285151 0.008134059 -0.002918592 -0.01251143 0.008708246 -0.002889976 -0.01212565 0.009252817 -0.002944989 -0.01170168 0.009757171 -0.00308256 -0.01124777 0.01021149 -0.003300012 -0.01077276 0.01060694 -0.003593113 -0.01028588 0.01093581 -0.003956157 -0.009796622 0.01119171 -0.004382079 -0.009314502 0.01136966 -0.004862587 -0.008848904 0.01146619 -0.005388331 -0.008408892 0.01147942 -0.005949076 -0.00800303 0.01140909 -0.006533909 -0.007639218 0.01125658 -0.007131446 -0.007324536 0.01102486 -0.007730057 -0.00706511 0.01071842 -0.00831809 -0.006865988 0.01034325 -0.008884101 -0.006731048 0.00990663 -0.009417072 -0.006662915 0.009417072 -0.00990663 -0.006662915 0.008884101 -0.01034325 -0.006731048 0.00831809 -0.01071842 -0.006865988 0.007730057 -0.01102486 -0.00706511 0.007131446 -0.01125658 -0.007324536 0.006533909 -0.01140909 -0.007639218 0.005949076 -0.01147942 -0.00800303 0.005388331 -0.01146619 -0.008408892 0.004862587 -0.01136966 -0.008848904 0.004382079 -0.01119171 -0.009314502 0.003956157 -0.01093581 -0.009796622 0.003593113 -0.01060694 -0.01028588 0.003300012 -0.01021149 -0.01077276 0.00308256 -0.009757171 -0.01124777 0.002944989 -0.009252817 -0.01170168 0.002889976 -0.008708246 -0.01212565 0.002918592 -0.008134059 -0.01251143 0.003030281 -0.00754143 -0.01285151 0.003222868 -0.006941896 -0.01313926 0.003492606 -0.006347124 -0.0133691 0.003834243 -0.005768694 -0.01353653 0.00424113 -0.005217861 -0.01363832 0.004705348 -0.004705348 -0.01367247 0.003767465 -0.002650219 -0.01248761 0.004397543 -0.002184795 -0.01237118 0.005059189 -0.001794009 -0.01217966 0.005739525 -0.001485467 -0.01191676 0.006425311 -0.001265173 -0.01158761 0.007103197 -0.001137416 -0.01119861 0.007759989 -0.001104683 -0.01075733 0.008382903 -0.00116761 -0.01027237 0.008959816 -0.001324973 -0.009753156 0.009479498 -0.001573709 -0.009209801 0.009931834 -0.001908976 -0.008652882 0.01030802 -0.002324249 -0.008093235 0.01060074 -0.002811445 -0.007541756 0.01080428 -0.003361081 -0.007009176 0.01091469 -0.00396246 -0.006505862 0.01092983 -0.004603876 -0.006041612 0.01084939 -0.005272844 -0.00562546 0.01067494 -0.005956345 -0.005265507 0.01040987 -0.006641074 -0.004968759 0.01005936 -0.007313704 -0.004740991 0.009630205 -0.007961143 -0.004586638 0.009130776 -0.008570788 -0.004508703 0.008570788 -0.009130776 -0.004508703 0.007961143 -0.009630205 -0.004586638 0.007313704 -0.01005936 -0.004740991 0.006641074 -0.01040987 -0.004968759 0.005956345 -0.01067494 -0.005265507 0.005272844 -0.01084939 -0.00562546 0.004603876 -0.01092983 -0.006041612 0.00396246 -0.01091469 -0.006505862 0.003361081 -0.01080428 -0.007009176 0.002811445 -0.01060074 -0.007541756 0.002324249 -0.01030802 -0.008093235 0.001908976 -0.009931834 -0.008652882 0.001573709 -0.009479498 -0.009209801 0.001324973 -0.008959816 -0.009753156 0.00116761 -0.008382903 -0.01027237 0.001104683 -0.007759989 -0.01075733 0.001137416 -0.007103197 -0.01119861 0.001265173 -0.006425311 -0.01158761 0.001485467 -0.005739525 -0.01191676 0.001794009 -0.005059189 -0.01217966 0.002184795 -0.004397543 -0.01237118 0.002650219 -0.003767465 -0.01248761 0.00318122 -0.00318122 -0.01252667 0.002346573 -0.001111402 -0.01123386 0.003043154 -0.0005968534 -0.01110514 0.003774636 -0.0001648202 -0.0108934 0.004526782 0.0001762885 -0.01060275 0.005284952 0.000419834 -0.01023886 0.006034387 0.0005610752 -0.009808797 0.006760503 0.0005972638 -0.009320945 0.007449165 0.0005276944 -0.008784794 0.008086971 0.0003537222 -0.00821078 0.008661506 7.873289e-05 -0.007610077 0.009161585 -0.0002919214 -0.006994374 0.009577478 -0.0007510263 -0.006375658 0.009901088 -0.001289645 -0.00576597 0.01012612 -0.001897295 -0.005177177 0.01024819 -0.002562149 -0.004620739 0.01026492 -0.003271266 -0.004107487 0.01017598 -0.004010843 -0.003647411 0.009983121 -0.004766486 -0.003249465 0.009690081 -0.005523488 -0.002921395 0.009302566 -0.006267113 -0.002669587 0.008828119 -0.006982889 -0.002498942 0.008275976 -0.007656883 -0.002412781 0.007656883 -0.008275976 -0.002412781 0.006982889 -0.008828119 -0.002498942 0.006267113 -0.009302566 -0.002669587 0.005523488 -0.009690081 -0.002921395 0.004766486 -0.009983121 -0.003249465 0.004010843 -0.01017598 -0.003647411 0.003271266 -0.01026492 -0.004107487 0.002562149 -0.01024819 -0.004620739 0.001897295 -0.01012612 -0.005177177 0.001289645 -0.009901088 -0.00576597 0.0007510263 -0.009577478 -0.006375658 0.0002919214 -0.009161585 -0.006994374 -7.873289e-05 -0.008661506 -0.007610077 -0.0003537222 -0.008086971 -0.00821078 -0.0005276944 -0.007449165 -0.008784794 -0.0005972638 -0.006760503 -0.009320945 -0.0005610752 -0.006034387 -0.009808797 -0.000419834 -0.005284952 -0.01023886 -0.0001762885 -0.004526782 -0.01060275 0.0001648202 -0.003774636 -0.0108934 0.0005968534 -0.003043154 -0.01110514 0.001111402 -0.002346573 -0.01123386 0.00169845 -0.00169845 -0.01127704 0.0009585735 0.0003716494 -0.009880045 0.00170876 0.0009257945 -0.009741424 0.002496533 0.001391075 -0.009513387 0.00330656 0.001758433 -0.009200373 0.004123073 0.00202072 -0.008808476 0.004930181 0.002172831 -0.008345323 0.005712175 0.002211804 -0.007819927 0.006453833 0.002136881 -0.007242518 0.007140721 0.001949521 -0.006624331 0.007759468 0.00165337 -0.005977401 0.008298031 0.001254192 -0.005314318 0.008745928 0.0007597572 -0.004647988 0.009094442 0.000179689 -0.003991382 0.009336788 -0.0004747223 -0.003357278 0.00946825 -0.001190739 -0.00275802 0.009486268 -0.001954426 -0.002205272 0.009390493 -0.002750916 -0.001709791 0.009182788 -0.00356471 -0.001281221 0.008867197 -0.004379966 -0.000927905 0.008449861 -0.005180817 -0.0006567193 0.007938904 -0.005951674 -0.0004729419 0.00734427 -0.006677535 -0.0003801504 0.006677535 -0.00734427 -0.0003801504 0.005951674 -0.007938904 -0.0004729419 0.005180817 -0.008449861 -0.0006567193 0.004379966 -0.008867197 -0.000927905 0.00356471 -0.009182788 -0.001281221 0.002750916 -0.009390493 -0.001709791 0.001954426 -0.009486268 -0.002205272 0.001190739 -0.00946825 -0.00275802 0.0004747223 -0.009336788 -0.003357278 -0.000179689 -0.009094442 -0.003991382 -0.0007597572 -0.008745928 -0.004647988 -0.001254192 -0.008298031 -0.005314318 -0.00165337 -0.007759468 -0.005977401 -0.001949521 -0.007140721 -0.006624331 -0.002136881 -0.006453833 -0.007242518 -0.002211804 -0.005712175 -0.007819927 -0.002172831 -0.004930181 -0.008345323 -0.00202072 -0.004123073 -0.008808476 -0.001758433 -0.00330656 -0.009200373 -0.001391075 -0.002496533 -0.009513387 -0.0009257945 -0.00170876 -0.009741424 -0.0003716494 -0.0009585735 -0.009880045 0.0002605752 -0.0002605752 -0.009926555 -0.000393226 0.001795402 -0.008429405 0.0003975387 0.002379521 -0.008283284 0.001227923 0.002869968 -0.008042913 0.002081764 0.003257198 -0.007712968 0.002942444 0.003533672 -0.007299874 0.00379321 0.00369401 -0.006811667 0.004617502 0.003735092 -0.006257854 0.005399277 0.003656116 -0.005649211 0.006123318 0.003458621 -0.004997586 0.006775534 0.003146451 -0.004315663 0.007343229 0.002725682 -0.003616713 0.007815354 0.002204503 -0.002914341 0.008182717 0.001593058 -0.002222219 0.008438173 0.000903249 -0.001553816 0.008576745 0.0001485023 -0.0009221439 0.008595739 -0.0006564925 -0.0003394964 0.008494783 -0.001496066 0.0001827857 0.008275843 -0.002353878 0.0006345367 0.007943181 -0.003213233 0.001006964 0.007503271 -0.004057402 0.001292818 0.006964676 -0.004869956 0.001486536 0.006337878 -0.005635078 0.001584347 0.005635078 -0.006337878 0.001584347 0.004869956 -0.006964676 0.001486536 0.004057402 -0.007503271 0.001292818 0.003213233 -0.007943181 0.001006964 0.002353878 -0.008275843 0.0006345367 0.001496066 -0.008494783 0.0001827857 0.0006564925 -0.008595739 -0.0003394964 -0.0001485023 -0.008576745 -0.0009221439 -0.000903249 -0.008438173 -0.001553816 -0.001593058 -0.008182717 -0.002222219 -0.002204503 -0.007815354 -0.002914341 -0.002725682 -0.007343229 -0.003616713 -0.003146451 -0.006775534 -0.004315663 -0.003458621 -0.006123318 -0.004997586 -0.003656116 -0.005399277 -0.005649211 -0.003735092 -0.004617502 -0.006257854 -0.00369401 -0.00379321 -0.006811667 -0.003533672 -0.002942444 -0.007299874 -0.003257198 -0.002081764 -0.007712968 -0.002869968 -0.001227923 -0.008042913 -0.002379521 -0.0003975387 -0.008283284 -0.001795402 0.000393226 -0.008429405 -0.001128979 0.001128979 -0.00847843 -0.001705602 0.00315646 -0.006885394 -0.0008873828 0.003760859 -0.0067342 -2.816843e-05 0.004268335 -0.006485483 0.0008553176 0.004669008 -0.006144083 0.001745879 0.004955082 -0.005716645 0.002626183 0.005120987 -0.00521149 0.003479094 0.005163494 -0.004638448 0.004288011 0.005081777 -0.004008674 0.005037191 0.004877425 -0.003334425 0.005712051 0.004554417 -0.002628826 0.006299456 0.004119039 -0.001905609 0.006787972 0.003579765 -0.001178852 0.007168091 0.002947091 -0.0004626993 0.007432415 0.002233333 0.0002289093 0.007575798 0.001452382 0.0008825128 0.007595452 0.0006194383 0.001485389 0.007490991 -0.0002492848 0.002025804 0.007264449 -0.00113688 0.00249324 0.006920237 -0.002026069 0.002878597 0.006465054 -0.002899547 0.003174376 0.00590776 -0.003740312 0.00337482 0.0052592 -0.004532 0.003476027 0.004532 -0.0052592 0.003476027 0.003740312 -0.00590776 0.00337482 0.002899547 -0.006465054 0.003174376 0.002026069 -0.006920237 0.002878597 0.00113688 -0.007264449 0.00249324 0.0002492848 -0.007490991 0.002025804 -0.0006194383 -0.007595452 0.001485389 -0.001452382 -0.007575798 0.0008825128 -0.002233333 -0.007432415 0.0002289093 -0.002947091 -0.007168091 -0.0004626993 -0.003579765 -0.006787972 -0.001178852 -0.004119039 -0.006299456 -0.001905609 -0.004554417 -0.005712051 -0.002628826 -0.004877425 -0.005037191 -0.003334425 -0.005081777 -0.004288011 -0.004008674 -0.005163494 -0.003479094 -0.004638448 -0.005120987 -0.002626183 -0.00521149 -0.004955082 -0.001745879 -0.005716645 -0.004669008 -0.0008553176 -0.006144083 -0.004268335 2.816843e-05 -0.006485483 -0.003760859 0.0008873828 -0.0067342 -0.00315646 0.001705602 -0.006885394 -0.0024669 0.0024669 -0.006936121 0.0121956 -0.008515732 -0.01294264 0.0122352 -0.009007352 -0.01256701 0.01215878 -0.009533873 -0.01224874 0.01196989 -0.01007067 -0.01200273 0.01167738 -0.01059266 -0.01184047 0.01129492 -0.01107541 -0.01176955 0.0108404 -0.01149637 -0.01179328 0.01033507 -0.01183584 -0.01191056 0.009267763 -0.0122114 -0.0123997 0.008755692 -0.01222992 -0.01274869 0.008290288 -0.01213266 -0.01314656 0.007893314 -0.01192416 -0.01357469 0.007583331 -0.01161418 -0.01401307 0.007374836 -0.01121721 -0.0144412 0.007277575 -0.0107518 -0.01483907 0.007296097 -0.01023973 -0.01518806 0.007429536 -0.009704934 -0.01547186 0.007671653 -0.009172421 -0.0156772 0.008432082 -0.008212569 -0.01581822 0.008914838 -0.007830113 -0.01574729 0.00943682 -0.007537603 -0.01558503 0.009973622 -0.007348718 -0.01533902 0.01050014 -0.007272289 -0.01502076 0.01099176 -0.007311891 -0.01464513 0.01142549 -0.007465671 -0.01422969 0.01178106 -0.007726439 -0.01379388 0.01142652 -0.008068499 -0.01452421 0.01172804 -0.008289636 -0.01415463 0.01132918 -0.008696366 -0.01473973 0.01156559 -0.008869747 -0.01444997 0.01113708 -0.009326207 -0.01486833 0.01129968 -0.009445459 -0.01466903 0.01085726 -0.009934872 -0.01490529 0.01094008 -0.009995614 -0.01480377 0.0105 -0.0105 -0.01484924 0.0110587 -0.00793809 -0.01487651 0.0110408 -0.008594121 -0.01501594 0.01093873 -0.009255881 -0.01505831 0.01075622 -0.009899052 -0.01500206 0.0106418 -0.007904507 -0.01519505 0.01071393 -0.008567791 -0.01526569 0.01071391 -0.009237772 -0.01523009 0.01064171 -0.009889827 -0.01508955 0.0101953 -0.007969321 -0.01546495 0.01036386 -0.008618607 -0.0154773 0.01047312 -0.009272723 -0.01537564 0.01051906 -0.00990763 -0.01516369 0.009740077 -0.008129499 -0.01567357 0.01000695 -0.008744193 -0.01564087 0.01022764 -0.009359103 -0.01548814 0.01039402 -0.009951628 -0.01522099 0.008888037 -0.008701886 -0.01587132 0.009297425 -0.008377554 -0.01581117 0.009338916 -0.009192967 -0.01579591 0.009659893 -0.008938678 -0.01574876 0.009768158 -0.009667772 -0.01559478 0.009988927 -0.00949287 -0.01556235 0.01015998 -0.01010885 -0.01527531 0.01027243 -0.01001976 -0.01525879 0.008011126 -0.00866709 -0.01579448 0.008531057 -0.009087329 -0.01585119 0.009059031 -0.009495169 -0.01578013 0.00957565 -0.009875629 -0.01558393 0.01006193 -0.01021473 -0.01526978 0.008243176 -0.009515861 -0.01575173 0.008833321 -0.009831156 -0.01570215 0.009420405 -0.01010672 -0.01553029 0.009982853 -0.01033243 -0.01524246 0.008037856 -0.009967444 -0.0155776 0.008672341 -0.01018521 -0.01556563 0.009309682 -0.01035025 -0.01543639 0.009926455 -0.01045648 -0.01519463 0.007924696 -0.01042096 -0.01533693 0.00858362 -0.01054079 -0.01537693 0.009248659 -0.01059482 -0.0153066 0.009895372 -0.01058105 -0.01512852 0.00790899 -0.01085521 -0.01504098 0.008571304 -0.01088126 -0.01514489 0.009240189 -0.01082899 -0.015147 0.009891058 -0.01070033 -0.01504723 0.007991469 -0.01124988 -0.01470358 0.008635972 -0.0111907 -0.01488036 0.009284667 -0.01104183 -0.01496506 0.009913714 -0.01080874 -0.01495455 0.008168278 -0.01158653 -0.01434051 0.008774597 -0.01145464 -0.0145957 0.009380015 -0.01122337 -0.01476927 0.009962279 -0.01090121 -0.01485483 0.00843115 -0.0118494 -0.01396876 0.008980699 -0.01166074 -0.01430423 0.009521773 -0.01136512 -0.01456879 0.01003449 -0.01097341 -0.01475271 0.008767793 -0.01202621 -0.01360569 0.00924464 -0.01179937 -0.01401957 0.009703314 -0.01146047 -0.014373 0.01012695 -0.01102198 -0.01465299 0.009162465 -0.01210869 -0.01326829 0.009554079 -0.01186403 -0.01375504 0.009916148 -0.01150495 -0.01419105 0.01023536 -0.01104463 -0.01456031 0.009596714 -0.01209298 -0.01297234 0.009894547 -0.01185172 -0.013523 0.01015032 -0.01149648 -0.01403146 0.01035464 -0.01104032 -0.01447902 0.009802559 -0.01207796 -0.0121159 0.01005023 -0.01197982 -0.01273167 0.01025012 -0.011763 -0.01333431 0.01039489 -0.01143546 -0.01390167 0.01047922 -0.01100924 -0.01441291 0.01050182 -0.0117745 -0.01255754 0.01060418 -0.01160202 -0.01319778 0.01063842 -0.01132474 -0.01380776 0.01060326 -0.01095284 -0.01436508 0.01093035 -0.01148662 -0.01245808 0.01094017 -0.01137631 -0.0131198 0.01086951 -0.01116949 -0.01375413 0.01072097 -0.01087376 -0.01433776 0.01131579 -0.01112964 -0.01243795 0.01124237 -0.01109642 -0.01310402 0.01107737 -0.01097698 -0.01374328 0.01082684 -0.01077571 -0.01433223 0.01164012 -0.01072025 -0.0124981 0.01149666 -0.01077545 -0.01315118 0.01125227 -0.01075621 -0.01377571 0.01091593 -0.01066326 -0.01434875 0.01188818 -0.0102776 -0.0126357 0.01169114 -0.01042839 -0.01325906 0.01138604 -0.0105175 -0.01384992 0.01098406 -0.01054167 -0.01438655 0.01204836 -0.00982238 -0.01284432 0.01181673 -0.01007148 -0.01342263 0.01147242 -0.01027202 -0.01396242 0.01102806 -0.01041663 -0.01444385 0.01211317 -0.009375879 -0.01311422 0.01186755 -0.009721404 -0.01363424 0.01150737 -0.01003124 -0.01410797 0.01104587 -0.01029398 -0.01451799 0.01207959 -0.008958975 -0.01343276 0.01184122 -0.009394535 -0.01388399 0.01148926 -0.009806412 -0.01427975 0.01103664 -0.01017947 -0.01460548 0.01204182 -0.008082001 -0.01335807 0.01194918 -0.008591161 -0.01378506 0.01173897 -0.009106154 -0.0141602 0.01141893 -0.009608062 -0.01446973 0.01100082 -0.01007844 -0.01470225 -0.0049 0.0049 -0.004101219 -0.00590107 0.003749055 -0.003995242 -0.0009999999 0.0009999999 0.001414214 -0.003749055 0.00590107 -0.003995242 0.0001422836 0.007657717 -0.002485787 -0.001178521 0.007306942 -0.003171701 -0.002492465 0.006713795 -0.003681382 0.003648603 0.007170308 0.000338206 0.00260313 0.007588061 -0.0006964513 0.001419191 0.007752639 -0.001649997 0.005588061 0.00460313 0.003524878 0.005170308 0.005648603 0.002490221 0.004515433 0.006515433 0.001414214 0.005306942 0.0008214787 0.006000129 0.005657717 0.002142284 0.005314214 0.005752639 0.003419191 0.004478424 0.0029 -0.0029 0.006929646 0.00390107 -0.001749055 0.006823669 0.004713795 -0.0004924654 0.006509809 -0.0008214787 -0.005306942 0.006000129 0.0004924654 -0.004713795 0.006509809 0.001749055 -0.00390107 0.006823669 -0.00460313 -0.005588061 0.003524878 -0.003419191 -0.005752639 0.004478424 -0.002142284 -0.005657717 0.005314214 -0.007170308 -0.003648603 0.000338206 -0.006515433 -0.004515433 0.001414214 -0.005648603 -0.005170308 0.002490221 -0.007657717 -0.0001422836 -0.002485787 -0.007752639 -0.001419191 -0.001649997 -0.007588061 -0.00260313 -0.0006964513 -0.006713795 0.002492465 -0.003681382 -0.007306942 0.001178521 -0.003171701 -0.03607344 0.03541937 0.02581296 -0.03585853 0.03554245 0.0257414 -0.02330733 0.02299125 0.007991316 -0.0356875 0.0356875 0.02572101 -0.03553312 0.03587177 0.02574447 -0.03541937 0.03607344 0.02581296 -0.03534106 0.03644163 0.02603377 -0.03421596 0.03704438 0.02580209 -0.02001054 0.02580333 0.008334053 -0.03462845 0.03680281 0.02585649 -0.03501472 0.03674258 0.02605172 -0.03392115 0.03740365 0.02593176 -0.03382453 0.03775353 0.02617846 -0.03347723 0.0380248 0.02623223 -0.0380248 0.03347723 0.02623223 -0.03775353 0.03382453 0.02617846 -0.03740365 0.03392115 0.02593176 -0.03704438 0.03421596 0.02580209 -0.02605457 0.01964913 0.008411953 -0.03644163 0.03534106 0.02603377 -0.03674258 0.03501472 0.02605172 -0.03680281 0.03462845 0.02585649 -0.02953371 0.008590414 0.01377153 -0.02891922 0.005463675 0.01641697 -0.02901345 0.005673375 0.0162968 -0.02914756 0.005895138 0.01630398 -0.02921892 0.005990814 0.01635567 -0.02928776 0.006068083 0.0164361 -0.04228371 0.02134041 0.03180275 -0.04153776 0.01831808 0.03376022 -0.04212729 0.01997313 0.03288016 -0.04162482 0.0183865 0.03392088 -0.04168103 0.01839023 0.03410789 -0.04169694 0.01832933 0.03429299 -0.04166922 0.01821367 0.0344482 -0.0257635 0.04174948 0.0288458 -0.02807513 0.04110366 0.027875 -0.02567737 0.04183832 0.02899717 -0.02553116 0.04189656 0.0291132 -0.0134636 0.02929031 0.01120488 -0.01333494 0.02920316 0.01108688 -0.01636761 0.02791189 0.009419017 -0.0257136 0.04154031 0.02852899 -0.01315995 0.02914592 0.01102169 -0.01296543 0.02912638 0.01101977 -0.01278116 0.02914656 0.01108198 -0.02577628 0.0416445 0.0286816 -0.02911761 0.04066189 0.02745024 -0.03083899 0.03977927 0.02685714 -0.03276054 0.03855333 0.02636527 -0.02808279 0.01598316 0.009570013 -0.03977927 0.03083899 0.02685714 -0.03880457 0.03239913 0.02644317 -0.04201685 0.02496953 0.02942527 -0.04195289 0.02527977 0.02925113 -0.02926685 0.01221953 0.01139405 -0.04110366 0.02807513 0.027875 -0.04083279 0.02873316 0.02760123 -0.04229801 0.02254809 0.03093867 -0.02820358 0.003875241 0.01814093 -0.02825933 0.003998529 0.0179196 -0.02643011 0.001699537 0.02083869 -0.0282279 0.003853239 0.01839811 -0.04080904 0.01645417 0.03609348 -0.04027893 0.01563576 0.03725414 -0.04092226 0.01660932 0.036057 -0.04100933 0.01674853 0.03595082 -0.04057792 0.01618696 0.03594586 -0.02832792 0.00393696 0.01862174 -0.02826963 0.003882773 0.0185184 -0.006130434 0.005182411 0.03272996 -0.003377437 0.008267587 0.03249507 -0.003561015 0.008103237 0.03257621 -0.0184 0.0184 0.05077026 -0.01888043 0.01793241 0.05076118 -0.01618001 0.02037298 0.05023783 -0.003763911 0.008050597 0.03272878 -0.00385449 0.008071502 0.03281977 -0.003930005 0.008122981 0.03291371 -0.01625231 0.02049854 0.05036852 -0.01626717 0.02066489 0.05046978 -0.0162752 0.02082277 0.05055957 -0.01622306 0.02084704 0.05052545 -0.01612744 0.02101759 0.0505263 -0.04068781 0.01630607 0.03605453 -0.03918011 0.01444954 0.03886991 -0.03866423 0.01402107 0.03953766 -0.02378723 5.318219e-05 0.02387163 -0.0205652 -0.0007080457 0.02668822 -0.03432687 0.01217271 0.04391163 -0.03665743 0.01285346 0.0417823 -0.01696282 -0.0005371841 0.02911467 -0.0317519 0.01200199 0.04585312 -0.0333152 0.01204195 0.04471944 -0.02595231 0.01330523 0.04903252 -0.02622486 0.01319633 0.0489168 -0.01320232 0.0005552261 0.0310013 -0.02902023 0.01234711 0.04754066 -0.02971281 0.01221281 0.0471459 -0.023461 0.01452073 0.04993465 -0.009515706 0.002501788 0.0322317 -0.02226571 0.01525179 0.05026292 -0.02082277 0.0162752 0.05055957 -0.0343415 0.037824 0.02760308 -0.03452763 0.03754615 0.02782931 -0.03383535 0.03814229 0.02785576 -0.03778636 0.03382504 0.02620792 -0.03828212 0.03384871 0.0272876 -0.038072 0.03411068 0.02711211 -0.03805169 0.03391511 0.02661069 -0.03814229 0.03383535 0.02785576 -0.03764578 0.03445536 0.02777277 -0.037824 0.0343415 0.02760308 -0.03609669 0.03609669 0.02775863 -0.03620373 0.03600902 0.02773035 -0.0359 0.0359 0.02814285 -0.03630934 0.03594485 0.02766381 -0.03674574 0.03505034 0.02607757 -0.03754589 0.03452784 0.02782941 -0.03784268 0.0336849 0.02833549 -0.03744995 0.03462153 0.02784482 -0.03736962 0.03473919 0.02780336 -0.03722558 0.03505123 0.02752437 -0.03649761 0.03584354 0.02747888 -0.03708517 0.03528871 0.02712675 -0.03671936 0.03568626 0.02710287 -0.03703328 0.03533774 0.02697894 -0.03676357 0.03563068 0.02696251 -0.03694111 0.03537223 0.0267189 -0.03679275 0.03553259 0.02670824 -0.03685064 0.03533036 0.02645923 -0.03674889 0.03544074 0.02645313 -0.03678473 0.0352214 0.02625005 -0.03664126 0.03537641 0.02624095 -0.03647579 0.0353429 0.02606135 -0.03462153 0.03744995 0.02784482 -0.0336849 0.03784268 0.02833549 -0.03473878 0.03736984 0.02780358 -0.0348521 0.03731328 0.02772582 -0.03600896 0.03620382 0.02773031 -0.03584354 0.03649761 0.02747888 -0.03505123 0.03722558 0.02752437 -0.03568626 0.03671936 0.02710287 -0.03528871 0.03708517 0.02712675 -0.03533774 0.03703328 0.02697894 -0.03505019 0.03674573 0.02607745 -0.03534292 0.03647601 0.02606154 -0.03522103 0.03678459 0.02624955 -0.03537647 0.03664143 0.02624119 -0.03533036 0.03685064 0.02645923 -0.03544074 0.03674889 0.02645313 -0.03537223 0.03694129 0.0267194 -0.03553257 0.03679274 0.02670819 -0.03563068 0.03676357 0.02696251 -0.03411068 0.038072 0.02711211 -0.03382505 0.03778661 0.02620816 -0.03385313 0.0379467 0.02639608 -0.03372296 0.03824086 0.02671749 -0.03391511 0.03805169 0.02661069 -0.04129964 0.02835611 0.02834954 -0.03998388 0.03110194 0.02733833 -0.03824086 0.03372296 0.02671749 -0.04214332 0.02557898 0.02971669 -0.04248619 0.02286513 0.03139323 -0.04231658 0.02030697 0.03332205 -0.04164027 0.01799161 0.03543748 -0.04144654 0.01764257 0.03500949 -0.04048028 0.0159979 0.03766748 -0.03887612 0.01439374 0.03993611 -0.03688241 0.01323376 0.04216611 -0.03456705 0.01255744 0.04428154 -0.03200889 0.01238783 0.04621036 -0.02929504 0.01273071 0.0478869 -0.02651791 0.01357439 0.04925405 -0.02377209 0.01489014 0.05026526 -0.02115106 0.01663317 0.05088611 -0.0187441 0.0187441 0.05109543 -0.01663317 0.02115106 0.05088611 -0.01489014 0.02377209 0.05026526 -0.01490951 0.02280491 0.05012367 -0.01452073 0.023461 0.04993465 -0.01319633 0.02622486 0.0489168 -0.01357439 0.02651791 0.04925405 -0.01234711 0.02902023 0.04754066 -0.01273071 0.02929504 0.0478869 -0.01215223 0.03009349 0.04691956 -0.01238783 0.03200889 0.04621036 -0.01200199 0.0317519 0.04585312 -0.01255744 0.03456705 0.04428154 -0.01207747 0.0336668 0.04444571 -0.01217271 0.03432687 0.04391163 -0.01285346 0.03665743 0.0417823 -0.01323376 0.03688241 0.04216611 -0.01402107 0.03866423 0.03953766 -0.01439374 0.03887612 0.03993611 -0.01466489 0.03941161 0.03855393 -0.0159979 0.04048028 0.03766748 -0.01563576 0.04027893 0.03725414 -0.01799161 0.04164027 0.03543748 -0.01716744 0.04122869 0.0354995 -0.01764257 0.04144654 0.03500949 -0.01997313 0.04212729 0.03288016 -0.02030697 0.04231658 0.03332205 -0.02254809 0.04229801 0.03093867 -0.02286513 0.04248619 0.03139323 -0.02365334 0.04221874 0.0302132 -0.02557898 0.04214332 0.02971669 -0.02527977 0.04195289 0.02925113 -0.02835611 0.04129964 0.02834954 -0.03110194 0.03998388 0.02733833 -0.03384871 0.03828212 0.0272876 -0.03127671 0.03999254 0.02789683 -0.02858224 0.04128369 0.02888913 -0.02585705 0.04211159 0.03023071 -0.02319396 0.04244805 0.03187589 -0.02068364 0.04228161 0.03376864 -0.01841158 0.04161795 0.03584451 -0.01645516 0.04047966 0.0380328 -0.014881 0.0389055 0.040259 -0.01374271 0.03694908 0.04244729 -0.01307905 0.03467702 0.04452316 -0.01291261 0.0321667 0.04641591 -0.01324907 0.02950361 0.04806108 -0.01407697 0.02677842 0.04940267 -0.01536812 0.02408395 0.05039497 -0.01707854 0.02151195 0.0510042 -0.01915 0.01915 0.05120961 -0.02151195 0.01707854 0.0510042 -0.02408395 0.01536812 0.05039497 -0.02677842 0.01407697 0.04940267 -0.02950361 0.01324907 0.04806108 -0.0321667 0.01291261 0.04641591 -0.03467702 0.01307905 0.04452316 -0.03694908 0.01374271 0.04244729 -0.0389055 0.014881 0.040259 -0.04047966 0.01645516 0.0380328 -0.04161795 0.01841158 0.03584451 -0.04228161 0.02068364 0.03376864 -0.04244805 0.02319396 0.03187589 -0.04211159 0.02585705 0.03023071 -0.04128369 0.02858224 0.02888913 -0.03999254 0.03127671 0.02789683 -0.03794612 0.03385293 0.0263952 -0.03133671 0.03980393 0.02844761 -0.02871909 0.04105825 0.02941161 -0.02607164 0.04186253 0.03071493 -0.0234845 0.0421894 0.03231318 -0.02104579 0.04202771 0.03415194 -0.01883854 0.04138298 0.0361686 -0.01693793 0.04027715 0.03829447 -0.01540867 0.03874789 0.04045717 -0.01430284 0.03684728 0.04258304 -0.01365811 0.03464003 0.0445997 -0.01349642 0.03220132 0.04643846 -0.01382329 0.02961418 0.04803671 -0.01462757 0.02696673 0.04934003 -0.01588189 0.02434911 0.05030403 -0.01754353 0.02185047 0.05089588 -0.0195559 0.0195559 0.05109543 -0.02185047 0.01754353 0.05089588 -0.02434911 0.01588189 0.05030403 -0.02696673 0.01462757 0.04934003 -0.02961418 0.01382329 0.04803671 -0.03220132 0.01349642 0.04643846 -0.03464003 0.01365811 0.0445997 -0.03684728 0.01430284 0.04258304 -0.03874789 0.01540867 0.04045717 -0.04027715 0.01693793 0.03829447 -0.04138298 0.01883854 0.0361686 -0.04202771 0.02104579 0.03415194 -0.0421894 0.0234845 0.03231318 -0.04186253 0.02607164 0.03071493 -0.04105825 0.02871909 0.02941161 -0.03980393 0.03133671 0.02844761 -0.0312728 0.03944676 0.02890684 -0.02874584 0.04065764 0.02983745 -0.02619008 0.04143407 0.03109563 -0.02369254 0.04174961 0.03263853 -0.02133829 0.04159353 0.03441361 -0.01920749 0.04097112 0.03636042 -0.0173727 0.03990359 0.03841266 -0.01589641 0.0384273 0.04050046 -0.01482888 0.03659251 0.0425527 -0.01420648 0.03446171 0.04449951 -0.01405039 0.03210746 0.04627459 -0.01436593 0.02960993 0.04781749 -0.01514236 0.02705416 0.04907567 -0.01635324 0.02452721 0.05000628 -0.01795733 0.0221151 0.05057763 -0.0199 0.0199 0.05077027 -0.0221151 0.01795733 0.05057763 -0.02452721 0.01635324 0.05000628 -0.02705416 0.01514236 0.04907567 -0.02960993 0.01436593 0.04781749 -0.03210746 0.01405039 0.04627459 -0.03446171 0.01420648 0.04449951 -0.03659251 0.01482888 0.0425527 -0.0384273 0.01589641 0.04050046 -0.03990359 0.0173727 0.03841266 -0.04097112 0.01920749 0.03636042 -0.04159353 0.02133829 0.03441361 -0.04174961 0.02369254 0.03263853 -0.04143407 0.02619008 0.03109563 -0.04065764 0.02874584 0.02983745 -0.03944676 0.0312728 0.02890684 -0.002066286 0.01029678 0.03208208 -0.002159509 0.01005492 0.03209245 -0.0004022783 0.01358858 0.03083632 -0.00206655 0.0105415 0.03216766 -0.01452292 0.02303645 0.04979681 -0.01465778 0.02302669 0.04993775 -0.01479328 0.02294527 0.05005279 -0.01440848 0.02297273 0.04965219 -0.002158476 0.01072273 0.03232807 -0.002102201 0.01064379 0.0322408 -0.00753586 0.02942717 0.01459254 -0.01090334 0.02946874 0.01218198 -0.01072602 0.02952387 0.01236312 -0.01066353 0.02962927 0.0125916 -0.0106817 0.0296928 0.01270363 -0.01073223 0.02975894 0.01280488 -0.02310988 0.04210198 0.03024354 -0.02298223 0.04200894 0.03012899 -0.02328213 0.04217521 0.03029936 -0.02347291 0.04221654 0.03028851 0.0005977674 0.01734349 0.02888834 0.0006725276 0.0209168 0.02641449 -0.000182611 0.02408806 0.0235674 -0.00191489 0.02666161 0.02052271 -0.004417439 0.02847868 0.01746828 0.006841206 0.006001064 0.04132342 0.00562328 0.004213735 0.04172605 -0.03923928 -0.003483464 0.01544617 -0.03989917 -0.002018317 0.01394354 -0.01080192 0.0406824 0.004324437 -0.009860155 0.04086015 0.004864675 -0.008924105 0.04100458 0.005424437 -0.0279 0.0279 0.03945656 -0.008750521 0.0413092 0.006038887 -0.02100052 0.0535592 0.023363 -0.02355192 0.0534324 0.02235566 -0.02261015 0.05361015 0.0228959 -0.0216741 0.05375458 0.02345566 -0.01148189 0.04084057 0.004438887 -0.02373189 0.05309058 0.021763 -0.05261728 0.01089598 0.03144463 -0.05253144 0.01082674 0.0312837 -0.05408332 0.01357987 0.03106802 -0.002107499 0.01419161 -0.0306171 0.0008184078 0.01595867 -0.02979767 -0.01650659 0.03328367 -0.005296417 -0.01839473 0.05474025 0.02719888 -0.02198156 0.05456149 0.02478901 -0.02149284 0.05375727 0.02352811 -0.008700262 0.04124281 0.005938526 -0.0009602668 0.03741241 0.002777037 -0.02130124 0.0537207 0.02353617 -0.02112839 0.05365096 0.0234783 -0.01828527 0.05473741 0.02727829 -0.006365647 0.03948139 0.003689891 -0.005306991 0.03909616 0.003464057 -0.008745659 0.04106625 0.005601746 -0.008682202 0.04117728 0.005826923 -0.006036651 0.03184574 -0.008651649 -0.01101416 0.03638901 -0.002231664 -0.01128451 0.03564105 -0.003270763 -0.01149485 0.0369915 -0.001378973 -0.02860951 0.05296605 0.02123049 -0.01168581 0.03764225 -0.0004505682 -0.007491407 0.03971997 0.003662785 -0.008774268 0.03977427 0.003328998 -0.009636787 0.03965373 0.002900836 -0.0105132 0.03934246 0.002224899 -0.01098536 0.04066711 0.004259371 -0.01117547 0.03887325 0.001406952 -0.01117906 0.04069141 0.004258501 -0.01157614 0.03828879 0.0004972831 -0.01135345 0.04075214 0.004321647 -0.02379479 0.05319348 0.02191636 -0.02568359 0.05386379 0.02266463 -0.02378261 0.05329496 0.02208262 -0.0236973 0.05337904 0.02223677 -0.02336016 0.05436016 0.02395656 0.001034986 -0.00517542 0.03925325 0.001190327 -0.006011053 0.03848263 0.0003507316 -0.008903612 0.03645443 0.01230466 -0.005495606 0.03072194 0.007888064 -0.0005511821 0.03725488 0.008903612 -0.0003507316 0.03645443 0.007251467 -6.173959e-05 0.03807584 0.006463415 0.000165238 0.03888312 -0.008421388 0.01697427 0.06095568 0.00557214 0.0001191835 0.03961381 0.001143967 -0.004245223 0.03992006 -0.01697427 0.008421388 0.06095568 0.001502818 -0.003276143 0.04042551 -0.01396684 0.01090867 0.06132348 0.002185887 -0.002185887 0.04074931 -0.0124 0.0124 0.06137687 0.002828648 -0.001459775 0.04078687 -0.01090867 0.01396684 0.06132348 0.003700322 -0.0007279686 0.04060847 0.004632644 -0.0001884348 0.04020576 0.01296249 -0.007111193 0.02925415 0.01274822 -0.006216763 0.02994109 0.02622861 -0.01767573 0.01195318 0.01292895 -0.008117017 0.02869399 0.001607524 -0.006705712 0.03766483 0.005970611 -0.01159663 0.03105622 0.01767573 -0.02622861 0.01195318 0.006622361 -0.01210133 0.03025726 0.007465992 -0.01238378 0.02952801 0.008437852 -0.01241859 0.02891179 0.009462785 -0.01219613 0.02844016 0.01036072 -0.01178551 0.02815771 0.02068316 -0.02374133 0.01232097 0.01118603 -0.01119354 0.02801588 0.02225 -0.02225 0.01237437 0.01136875 -0.01102676 0.02800326 0.02374133 -0.02068316 0.01232097 0.01211104 -0.01015004 0.02805577 0.0126409 -0.009156711 0.02828871 -0.004356826 0.03094198 -0.009900114 -0.005299044 0.0313339 -0.009369625 0.006040493 0.01831605 -0.02777201 -0.003273962 0.03068515 -0.0102017 0.01128985 0.01971016 -0.02504594 3.152735e-05 0.0307257 -0.00953682 0.008966416 0.01921379 -0.02633787 -0.001002634 0.03058451 -0.01002054 -0.002129575 0.03056783 -0.01024508 -0.004384471 0.03860488 0.002994342 -0.003652148 0.03804679 0.002300887 0.00130969 0.03341219 -0.004065592 0.001794653 0.03283641 -0.00493305 0.01636473 0.02008741 -0.02172421 0.002002054 0.03227969 -0.005917418 0.001915823 0.03177061 -0.006947005 0.01266844 0.01991149 -0.02421349 0.0009784342 0.03101231 -0.008739369 0.0002341567 0.03077115 -0.009401778 0.001540346 0.03133211 -0.007940964 0.01625527 0.02009025 -0.02180362 0.01096068 0.03268398 0.01950113 0.01168559 0.03188924 0.01910626 0.01394802 0.02905022 0.01923175 0.01283517 0.03047345 0.0056631 0.007955408 0.03526692 0.01197528 0.007900218 0.03509802 0.01067887 0.00744767 0.03579944 0.01285832 -0.009424783 0.05242302 0.03518012 0.007152004 0.0361846 0.01390049 0.007080243 0.03638928 0.01503249 0.00722651 0.03638827 0.01617627 0.007569665 0.03617029 0.01725448 -0.009004256 0.05217884 0.03565014 0.008077422 0.03574182 0.01819281 0.01019576 0.03353498 0.01960532 -0.003376983 0.04637522 0.043733 0.009431501 0.03437324 0.0194098 -0.004479581 0.04808004 0.04174786 0.008606197 0.03523442 0.018829 -0.005979691 0.04982031 0.03945656 -0.006533986 0.0503479 0.03869155 0.01433096 0.02911742 0.004604309 0.01352049 0.02983073 0.005000701 0.02522522 0.01777302 -0.01382238 0.01685083 0.02694589 0.005176665 0.01606696 0.02763499 0.004695641 0.0152042 0.02837168 0.004500205 0.01233585 0.03120733 0.01844234 0.01713994 0.02633819 0.01213016 0.03127302 0.01172522 -0.005269502 0.01766917 0.02582776 0.01124779 0.01804338 0.02552055 0.01020495 0.01822945 0.02543011 0.009071874 0.01820366 0.02555167 0.007929171 0.01799366 0.02582382 0.006961029 0.03017042 0.01343004 -0.007254647 0.01761275 0.02622787 0.00609932 0.02867031 0.01517031 -0.009545943 0.01749696 0.02634232 0.005912625 0.02811602 0.0156979 -0.01031095 0.02564575 0.01752884 -0.01335236 -0.002833951 0.02719049 0.05768263 0.01315703 0.01656367 0.03463741 0.01330628 0.01542258 0.03461219 0.02043239 0.01500616 0.02197217 0.01578497 0.0199658 0.02833114 0.01626241 0.02018973 0.02713358 0.01521238 0.02045162 0.02920135 -0.001062591 0.03751474 0.05163483 0.01466966 0.02066111 0.03019304 0.01418357 0.02057897 0.03123488 -0.002475803 0.02824467 0.05719046 -0.001523107 0.03197736 0.05522471 0.01314604 0.01785396 0.034329 -0.001439846 0.03243985 0.05495656 0.01324078 0.01871205 0.03388572 -0.001083807 0.03563069 0.05295205 0.01345634 0.01957204 0.03315372 0.01377445 0.02020839 0.03224726 0.02150486 0.01335528 0.02082254 0.02099565 0.01427738 0.02128432 0.03358741 0.002864732 0.002632329 0.0219156 0.01229882 0.02061111 0.03321015 -0.002210156 0.005954057 0.02219299 0.009047885 0.02146224 0.0335662 0.0009806869 0.003949548 0.02228279 0.01007323 0.02094841 0.02218509 0.01118054 0.02065686 0.01358761 0.0143461 0.0343255 0.0139946 0.01340911 0.0338064 0.01449105 0.009865493 0.03318138 0.01451448 0.01267024 0.03309057 0.01907056 0.007694925 0.02667809 0.01966903 0.007213856 0.02582392 0.02030661 0.00702033 0.02488692 0.03181605 -0.007459508 0.008680128 0.02093115 0.007126369 0.02392497 0.03312689 -0.002672641 0.006222209 0.02188006 0.008096463 0.02224427 0.02214916 0.008845533 0.02159822 0.02148524 0.007521679 0.02299873 0.0321742 -0.006405329 0.00818796 -0.03823865 0.01030494 0.0005363286 -0.03760582 0.01020257 -0.0004151504 -0.03564105 0.01128451 -0.003270763 -0.03325595 -0.002182602 -0.003836922 -0.03790852 0.002157761 0.002956295 -0.03741241 0.0009602668 0.002777037 -0.03847997 0.002815776 0.00370412 -0.05473741 0.01828527 0.02727829 -0.03901509 0.003684316 0.004236597 -0.03946796 0.004705912 0.004522344 -0.03979367 0.005810837 0.004549483 -0.03995726 0.006926817 0.004325149 -0.05474025 0.01839473 0.02719888 -0.03993724 0.007984411 0.003868775 -0.0388393 0.01010988 0.001497034 -0.05296605 0.02860951 0.02123049 -0.0393527 0.009632001 0.002408854 -0.05386379 0.02568359 0.02266463 -0.03977427 0.008774268 0.003328998 -0.05436016 0.02336016 0.02395656 -0.05456149 0.02198156 0.02478901 -0.03215383 -0.002706314 -0.005762622 -0.0326868 -0.002586229 -0.004750538 -0.02008741 -0.01636473 -0.02172421 -0.03099078 -0.001365247 -0.008633466 -0.03128942 -0.002076212 -0.007781391 -0.03168146 -0.002532959 -0.006800085 -0.03699092 0.009806206 -0.001304077 -0.032247 0.005481516 -0.008043788 -0.01831605 -0.006040493 -0.02777201 -0.03170171 0.004818829 -0.008807139 -0.03126118 0.003934243 -0.009394821 -0.03094627 0.002888747 -0.009761457 -0.03076602 0.001759094 -0.009873731 -0.03071734 0.0007408092 -0.009746478 -0.01921379 -0.008966416 -0.02633787 -0.03076959 -0.0002250978 -0.009407084 -0.01971016 -0.01128985 -0.02504594 -0.03079653 -0.000444347 -0.009294995 -0.01991149 -0.01266844 -0.02421349 -0.02009025 -0.01625527 -0.02180362 -0.05242302 0.009424783 0.03518012 -0.03562717 -0.008177571 0.01763647 -0.03572842 -0.008002316 0.01650332 -0.02565873 -0.01764989 0.01247215 -0.03007897 -0.01314337 0.01931216 -0.02905022 -0.01394802 0.01923175 -0.03071576 -0.01253135 0.02004773 -0.04637522 0.003376983 0.043733 -0.03149743 -0.01183917 0.02052914 -0.03236433 -0.01110519 0.02072462 -0.05217884 0.009004256 0.03565014 -0.0503479 0.006533986 0.03869155 -0.03523442 -0.008606197 0.018829 -0.04982031 0.005979691 0.03945656 -0.03477388 -0.009045361 0.01956169 -0.04808004 0.004479581 0.04174786 -0.03407073 -0.00966922 0.0202237 -0.03324574 -0.01036904 0.02062048 -0.02497993 -0.01846846 0.01045561 -0.02521164 -0.01813958 0.01153308 -0.01172522 -0.03127302 -0.005269502 -0.02497007 -0.01860582 0.009310815 -0.01517031 -0.02867031 -0.009545943 -0.0261005 -0.01773879 0.006254616 -0.01343004 -0.03017042 -0.007254647 -0.02555881 -0.0182379 0.007138283 -0.02517129 -0.01853065 0.008179829 -0.03561172 -0.008032952 0.0153607 -0.03529759 -0.00827725 0.01428614 -0.03509802 -0.007900218 0.01067887 -0.03481229 -0.008730887 0.01334415 -0.03031638 -0.01316175 0.006504142 -0.02970185 -0.01379508 0.005768999 -0.01777302 -0.02522522 -0.01382238 -0.02899795 -0.01456597 0.005287158 -0.02824457 -0.015415 0.005091638 -0.0156979 -0.02811602 -0.01031095 -0.02683093 -0.01698655 0.00553676 -0.02623318 -0.01760744 0.006091816 -0.02748444 -0.01627089 0.005195824 -0.01752884 -0.02564575 -0.01335236 -0.006786908 -0.01902219 0.0267869 -0.0111094 -0.01426545 0.0335191 -0.009865493 -0.01449105 0.03318138 -0.01177324 -0.01372341 0.03428503 -0.02719049 0.002833951 0.05768263 -0.01265962 -0.01329682 0.0348802 -0.01370796 -0.01300469 0.03525982 -0.01484375 -0.01285402 0.03538979 -0.01598787 -0.01284139 0.03525328 -0.02824467 0.002475803 0.05719046 -0.01705967 -0.01295727 0.03485366 -0.01916702 -0.01394873 0.03241875 -0.03751474 0.001062591 0.05163483 -0.01870426 -0.0135243 0.03338348 -0.03563069 0.001083807 0.05295205 -0.01785396 -0.01314604 0.034329 -0.03243985 0.001439846 0.05495656 -0.03197736 0.001523107 0.05522471 -0.006292142 -0.02029302 0.02496003 -0.006392102 -0.01964275 0.0259034 0.007459508 -0.03181605 0.008680128 -0.006491904 -0.02091929 0.02401272 -0.008854591 -0.02215071 0.02159292 -0.008635066 -0.02212217 0.02170406 0.002672641 -0.03312689 0.006222209 0.006405329 -0.0321742 0.00818796 -0.007705349 -0.02187653 0.02233549 -0.006974758 -0.02146349 0.02312055 -0.01934404 -0.01444513 0.03139777 -0.01922752 -0.01499288 0.03039806 -0.02018973 -0.01626241 0.02713358 -0.01882429 -0.01557035 0.0294856 -0.01448613 -0.02023575 0.02269989 -0.01382734 -0.02080372 0.02194984 -0.01295663 -0.02132512 0.02140952 -0.002864732 -0.03358741 0.002632329 -0.01193094 -0.02175549 0.02111052 -0.01082112 -0.02205134 0.02106596 -0.009815706 -0.02217504 0.02123716 -0.0009806869 -0.0335662 0.003949548 0.002210156 -0.03321015 0.005954057 -0.02150073 0.03005361 -0.00654381 -0.03882573 0.04737861 0.01795744 -0.04019844 0.04629987 0.01774958 -0.026075 0.026075 -0.006965002 -0.005548437 0.01164987 -0.03125293 -0.004175731 0.01272861 -0.03104506 -0.0367575 0.04884161 0.0183854 0.00522125 0.01801074 -0.02813542 0.00150584 0.01632575 -0.02957114 -0.02942875 0.05266074 0.02086708 -0.03314416 0.05097575 0.01943136 -0.03383159 0.05060867 0.01920483 0.01965709 0.0197466 -0.01915517 0.003745132 0.03675832 0.006566769 -0.01499291 0.0543966 0.02984733 -0.01357987 0.05408332 0.03106802 0.02280769 0.01888722 -0.01631969 0.02107013 0.01943332 -0.01793448 -0.01184231 0.05353722 0.03268281 0.03176897 0.01076939 -0.00424294 0.03288056 0.007767754 -0.00133445 0.01560832 0.02489513 0.02334385 -0.002881028 0.04541939 0.04475956 -0.001769441 0.04241776 0.04766805 -0.001716682 0.04222013 0.0478451 0.03348355 0.004483544 0.001414212 0.03293332 0.007570132 -0.001157403 -0.001166456 0.03913355 0.05041672 0.02945867 -0.01268159 0.01070578 0.01213367 0.004643407 0.03520703 0.03072665 -0.01014473 0.009808542 0.02646878 -0.0173538 0.01189536 0.02881242 -0.01381805 0.01105241 0.005156605 0.004012969 0.04206229 0.005246304 0.003992466 0.0419695 0.005081962 0.004064062 0.04215622 0.0054448 0.004047088 0.04181242 0.006939529 0.006240629 0.04131828 0.006943665 0.006483374 0.04140838 0.006909525 0.006584652 0.04148247 0.006853492 0.006663813 0.04157058 -0.003923351 0.02450528 0.05881105 -0.005191329 0.02196841 0.05970829 -0.005396509 0.01891381 0.0588947 -0.005511955 0.01897798 0.05903829 -0.005837577 0.02083195 0.06005491 -0.005649549 0.01896945 0.05917643 -0.007258932 0.01660765 0.05970847 -0.007241345 0.01644007 0.05961 -0.007168039 0.01631406 0.05948034 -0.005788756 0.0188897 0.05928767 -0.005908793 0.01875106 0.05935464 -0.008181224 0.0172962 0.06089786 -0.00712672 0.01696373 0.05975727 -0.007218537 0.01679147 0.05976033 0.0173538 -0.02646878 0.01189536 0.01381805 -0.02881242 0.01105241 -0.004643407 -0.01213367 0.03520703 -0.0172962 0.008181224 0.06089786 -0.02083195 0.005837577 0.06005491 -0.02196841 0.005191329 0.05970829 0.01014473 -0.03072665 0.009808542 0.01268159 -0.02945867 0.01070578 -0.02450528 0.003923351 0.05881105 -0.007570132 -0.03293332 -0.001157403 -0.02489513 -0.01560832 0.02334385 -0.004483544 -0.03348355 0.001414212 -0.03913355 0.001166456 0.05041672 -0.01076939 -0.03176897 -0.00424294 -0.007767754 -0.03288056 -0.00133445 -0.04541939 0.002881028 0.04475956 -0.04241776 0.001769441 0.04766805 -0.04222013 0.001716682 0.0478451 -0.01888722 -0.02280769 -0.01631969 -0.03675832 -0.003745132 0.006566769 -0.04021241 -0.001499719 0.01387961 -0.0401391 -0.001594752 0.01382793 -0.04028144 -0.001423263 0.01395958 -0.03999962 -0.001812857 0.01382196 -0.03918976 -0.003610991 0.0156661 -0.03921945 -0.003636651 0.01592207 -0.03926252 -0.003608389 0.01604148 -0.0393216 -0.003554385 0.01614522 -0.0515716 0.008695615 0.03346933 -0.05168027 0.008815557 0.03357828 -0.05179817 0.008965923 0.03361799 -0.05190686 0.009124166 0.03358252 -0.05198928 0.009266535 0.03347739 -0.05353722 0.01184231 0.03268281 -0.05264917 0.01073168 0.03197476 -0.05268154 0.01084417 0.03181852 -0.05267016 0.01090199 0.0316324 -0.0197466 -0.01965709 -0.01915517 -0.01943332 -0.02107013 -0.01793448 -0.0543966 0.01499291 0.02984733 -0.01801074 -0.00522125 -0.02813542 -0.01632575 -0.00150584 -0.02957114 -0.03328367 0.01650659 -0.005296417 -0.05266074 0.02942875 0.02086708 -0.05097575 0.03314416 0.01943136 -0.01595867 -0.0008184078 -0.02979767 -0.01419161 0.002107499 -0.0306171 -0.03005361 0.02150073 -0.00654381 -0.04884161 0.0367575 0.0183854 -0.05060867 0.03383159 0.01920483 -0.01272861 0.004175731 -0.03104506 -0.01164987 0.005548437 -0.03125293 -0.008749999 0.008749999 -0.03146625 -0.0434 0.0434 0.01753625 -0.04629987 0.04019844 0.01774958 -0.04737861 0.03882573 0.01795744 0.02592332 0.01959345 -0.01532309 0.02874157 0.01812785 -0.01222014 0.02862231 0.01793413 -0.0122413 0.03107025 0.01600943 -0.009075564 0.03093545 0.01582986 -0.009117727 0.03296894 0.01348088 -0.005945032 0.03282145 0.01331819 -0.006008099 0.03440375 0.01058731 -0.002884409 0.03424668 0.01044394 -0.002967914 0.03534906 0.007380355 5.168756e-05 0.03518568 0.007258408 -5.142207e-05 0.03578802 0.003917252 0.002810864 0.03562171 0.00381843 0.002689329 0.0357128 0.0002597969 0.005343883 0.03554699 0.000185397 0.005205434 0.03512472 -0.003526744 0.007605542 0.03496284 -0.00357586 0.007451991 0.0340343 -0.007374799 0.00955548 0.0338797 -0.00739822 0.00938891 0.03246098 -0.0112157 0.0111589 0.03231689 -0.01121348 0.01098163 0.03043284 -0.01498091 0.0123872 0.0303023 -0.01495354 0.01220172 0.02798609 -0.01860323 0.01321845 0.02787187 -0.01855167 0.01302742 0.02516436 -0.02201803 0.01363781 0.02506899 -0.02194367 0.01344398 0.02201803 -0.02516436 0.01363781 0.02194367 -0.02506899 0.01344398 0.01860323 -0.02798609 0.01321845 0.01855167 -0.02787187 0.01302742 0.01498091 -0.03043284 0.0123872 0.01495354 -0.0303023 0.01220172 0.0112157 -0.03246098 0.0111589 0.01121348 -0.03231689 0.01098163 0.007374799 -0.0340343 0.00955548 0.00739822 -0.0338797 0.00938891 0.003526744 -0.03512472 0.007605542 0.00357586 -0.03496284 0.007451991 -0.0002597969 -0.0357128 0.005343883 -0.000185397 -0.03554699 0.005205434 -0.003917252 -0.03578802 0.002810864 -0.00381843 -0.03562171 0.002689329 -0.007380355 -0.03534906 5.168756e-05 -0.007258408 -0.03518568 -5.142207e-05 -0.01058731 -0.03440375 -0.002884409 -0.01044394 -0.03424668 -0.002967914 -0.01348088 -0.03296894 -0.005945032 -0.01331819 -0.03282145 -0.006008099 -0.01600943 -0.03107025 -0.009075564 -0.01582986 -0.03093545 -0.009117727 -0.01812785 -0.02874157 -0.01222014 -0.01793413 -0.02862231 -0.0122413 -0.01979832 -0.02602444 -0.01532265 -0.01959345 -0.02592332 -0.01532309 -0.02099105 -0.02296735 -0.01832772 -0.02077821 -0.02288665 -0.0183081 -0.02168473 -0.01962486 -0.02118173 -0.02146727 -0.01956648 -0.02114305 -0.02186701 -0.01605661 -0.02383375 -0.02164833 -0.01602206 -0.02377736 -0.02153462 -0.01232628 -0.02623645 -0.02131816 -0.01231664 -0.02616402 -0.02069349 -0.00850044 -0.02834696 -0.02048265 -0.008516345 -0.02826044 -0.01935864 -0.004647357 -0.03012762 -0.01915671 -0.004688989 -0.03002921 -0.01755388 -0.0008357913 -0.03154665 -0.017364 -0.000902876 -0.03143876 -0.01531143 0.00286624 -0.03257873 -0.01513652 0.002774435 -0.03246395 -0.01267129 0.006392673 -0.03320543 -0.01251401 0.006277322 -0.03308647 -0.00968058 0.00968058 -0.03341558 -0.009543274 0.009543274 -0.03329521 -0.006392673 0.01267129 -0.03320543 -0.006277322 0.01251401 -0.03308647 -0.00286624 0.01531143 -0.03257873 -0.002774435 0.01513652 -0.03246395 0.0008357913 0.01755388 -0.03154665 0.000902876 0.017364 -0.03143876 0.004647357 0.01935864 -0.03012762 0.004688989 0.01915671 -0.03002921 0.00850044 0.02069349 -0.02834696 0.008516345 0.02048265 -0.02826044 0.01232628 0.02153462 -0.02623645 0.01231664 0.02131816 -0.02616402 0.01605661 0.02186701 -0.02383375 0.01602206 0.02164833 -0.02377736 0.01962486 0.02168473 -0.02118173 0.01956648 0.02146727 -0.02114305 0.02296735 0.02099105 -0.01832772 0.02288665 0.02077821 -0.0183081 0.02602444 0.01979832 -0.01532265 0.03112472 0.0162037 -0.008968391 0.03303344 0.01366179 -0.00582132 0.03447582 0.01075293 -0.002744527 0.03542613 0.007529036 0.000207083 0.03586742 0.004047637 0.002980837 0.03579179 0.0003708576 0.005527239 0.03520061 -0.00343569 0.007800847 0.03410443 -0.007304077 0.009761089 0.03252279 -0.01116527 0.01137298 0.03048394 -0.01495037 0.01260777 0.02802426 -0.01859183 0.01344341 0.02518762 -0.02202467 0.01386499 0.02202467 -0.02518762 0.01386499 0.01859183 -0.02802426 0.01344341 0.01495037 -0.03048394 0.01260777 0.01116527 -0.03252279 0.01137298 0.007304077 -0.03410443 0.009761089 0.00343569 -0.03520061 0.007800847 -0.0003708576 -0.03579179 0.005527239 -0.004047637 -0.03586742 0.002980837 -0.007529036 -0.03542613 0.000207083 -0.01075293 -0.03447582 -0.002744527 -0.01366179 -0.03303344 -0.00582132 -0.0162037 -0.03112472 -0.008968391 -0.01833331 -0.02878373 -0.01212958 -0.02001261 -0.02605224 -0.01524848 -0.02121164 -0.02297901 -0.01826943 -0.02190899 -0.01961886 -0.02113852 -0.02209223 -0.01603176 -0.02380455 -0.02175808 -0.01228172 -0.02621995 -0.02091251 -0.008435663 -0.02834161 -0.01957061 -0.004562224 -0.03013167 -0.01775631 -0.0007305191 -0.0315582 -0.01550201 0.002991072 -0.03259573 -0.01284792 0.006536137 -0.03322574 -0.009841414 0.009841414 -0.03343701 -0.006536137 0.01284792 -0.03322574 -0.002991072 0.01550201 -0.03259573 0.0007305191 0.01775631 -0.0315582 0.004562224 0.01957061 -0.03013167 0.008435663 0.02091251 -0.02834161 0.01228172 0.02175808 -0.02621995 0.01603176 0.02209223 -0.02380455 0.01961886 0.02190899 -0.02113852 0.02297901 0.02121164 -0.01826943 0.02605224 0.02001261 -0.01524848 0.02878373 0.01833331 -0.01212958 -0.01747229 -0.02998942 -0.01037296 0.007914568 -0.0338199 0.01028682 0.004189575 -0.03497142 0.008467101 0.0005073918 -0.03566032 0.006350526 -0.003071524 -0.03587527 0.003971846 -0.006488403 -0.03561275 0.00137012 -0.009687141 -0.03487708 -0.00141193 -0.01261522 -0.03368032 -0.004328626 -0.01522455 -0.03204214 -0.007332073 -0.01637212 -0.03108747 -0.008818579 0.03108747 0.01637212 -0.008818579 0.03204214 0.01522455 -0.007332073 0.03368032 0.01261522 -0.004328626 0.03487708 0.009687141 -0.00141193 0.03561275 0.006488403 0.00137012 0.03587527 0.003071524 0.003971846 0.03566032 -0.0005073918 0.006350526 0.03497142 -0.004189575 0.008467101 0.0338199 -0.007914568 0.01028682 0.03222466 -0.01162121 0.0117798 0.03021189 -0.01524862 0.01292153 0.02781464 -0.01873726 0.01369326 0.02507228 -0.02202984 0.01408232 0.02202984 -0.02507228 0.01408232 0.01873726 -0.02781464 0.01369326 0.01524862 -0.03021189 0.01292153 0.01162121 -0.03222466 0.0117798 0.02998942 0.01747229 -0.01037296 0.007542815 0.02085913 -0.02863996 0.01125403 0.02178123 -0.02666776 0.01489205 0.02223409 -0.02441551 0.01839715 0.02221026 -0.02192018 0.02171177 0.02171013 -0.01922275 0.02478148 0.02074193 -0.01636751 0.02755589 0.01932154 -0.01340134 0.02874 0.01850763 -0.01198853 -0.01850763 -0.02874 -0.01198853 -0.01932154 -0.02755589 -0.01340134 -0.02074193 -0.02478148 -0.01636751 -0.02171013 -0.02171177 -0.01922275 -0.02221026 -0.01839715 -0.02192018 -0.02223409 -0.01489205 -0.02441551 -0.02178123 -0.01125403 -0.02666776 -0.02085913 -0.007542815 -0.02863996 -0.01948292 -0.003819349 -0.03029972 -0.0176752 -0.0001447721 -0.03161979 -0.01546565 0.003420582 -0.03257849 -0.01289056 0.006818168 -0.03316008 -0.009992199 0.009992199 -0.03335501 -0.006818168 0.01289056 -0.03316008 -0.003420582 0.01546565 -0.03257849 0.0001447721 0.0176752 -0.03161979 0.003819349 0.01948292 -0.03029972 0.02871063 0.01580996 -0.01067684 0.03079817 0.01350552 -0.007571241 0.03242251 0.01080197 -0.004510959 0.03355202 0.007751913 -0.001555558 0.03416473 0.004414732 0.001237438 0.03424871 0.000855377 0.003813665 0.03380233 -0.002856875 0.006122982 0.03283427 -0.006649769 0.00812044 0.03136337 -0.01044948 0.009767161 0.02941827 -0.01418205 0.01103109 0.02703682 -0.01777483 0.01188763 0.02426538 -0.02115789 0.01232011 0.02115789 -0.02426538 0.01232011 0.01777483 -0.02703682 0.01188763 0.01418205 -0.02941827 0.01103109 0.01044948 -0.03136337 0.009767161 0.006649769 -0.03283427 0.00812044 0.002856875 -0.03380233 0.006122982 -0.000855377 -0.03424871 0.003813665 -0.004414732 -0.03416473 0.001237438 -0.007751913 -0.03355202 -0.001555558 -0.01080197 -0.03242251 -0.004510959 -0.01350552 -0.03079817 -0.007571241 -0.01580996 -0.02871063 -0.01067684 -0.01767043 -0.02620051 -0.01376731 -0.01905072 -0.02331669 -0.0167825 -0.01992396 -0.02011527 -0.01966371 -0.02027316 -0.01665858 -0.02235488 -0.02009151 -0.0130139 -0.02480362 -0.01938256 -0.009252163 -0.02696226 -0.01816011 -0.005446592 -0.0287888 -0.01644794 -0.001671256 -0.03024768 -0.01427938 0.002000363 -0.03131051 -0.01169665 0.0054968 -0.03195659 -0.008750001 0.008750001 -0.03217336 -0.0054968 0.01169665 -0.03195659 -0.002000363 0.01427938 -0.03131051 0.001671256 0.01644794 -0.03024768 0.005446592 0.01816011 -0.0287888 0.009252163 0.01938256 -0.02696226 0.0130139 0.02009151 -0.02480362 0.01665858 0.02027316 -0.02235488 0.02011527 0.01992396 -0.01966371 0.02331669 0.01905072 -0.0167825 0.02620051 0.01767043 -0.01376731 -0.01625061 -0.001619506 -0.02979119 -0.01411187 0.002001641 -0.0308394 -0.0198441 -0.01280623 -0.02442196 -0.0191449 -0.009096203 -0.02655093 -0.01793925 -0.005342945 -0.02835236 -0.02002325 -0.01640081 -0.02200689 -0.01967885 -0.01980998 -0.01935271 -0.01881762 -0.02296739 -0.0165111 -0.0174563 -0.02581158 -0.01353736 -0.01068225 -0.03194803 -0.004408255 -0.01334865 -0.03034603 -0.00742647 -0.01562141 -0.02828718 -0.01048938 -0.007674127 -0.03306202 -0.00149348 -0.004382821 -0.03366631 0.001261122 -0.000872393 -0.03374914 0.003801935 0.002788829 -0.03330889 0.006079508 0.01395832 -0.0289851 0.01092015 0.01027706 -0.03090346 0.009673591 0.006529583 -0.03235414 0.008049508 0.01750171 -0.02663639 0.01176491 0.02083827 -0.02390304 0.01219145 0.02390304 -0.02083827 0.01219145 0.02663639 -0.01750171 0.01176491 0.03235414 -0.006529583 0.008049508 0.03090346 -0.01027706 0.009673591 0.0289851 -0.01395832 0.01092015 0.03330889 -0.002788829 0.006079508 0.03374914 0.000872393 0.003801935 0.03366631 0.004382821 0.001261122 0.03306202 0.007674127 -0.00149348 0.02828718 0.01562141 -0.01048938 0.03034603 0.01334865 -0.00742647 0.03194803 0.01068225 -0.004408255 0.02581158 0.0174563 -0.01353736 0.02296739 0.01881762 -0.0165111 0.01980998 0.01967885 -0.01935271 0.01640081 0.02002325 -0.02200689 0.005342945 0.01793925 -0.02835236 0.009096203 0.0191449 -0.02655093 0.01280623 0.0198441 -0.02442196 -0.005450014 0.01156463 -0.03147661 -0.002001641 0.01411187 -0.0308394 0.001619506 0.01625061 -0.02979119 -0.008658495 0.008658495 -0.0316904 -0.01156463 0.005450014 -0.03147661 -0.005431111 0.01158175 -0.03173417 -0.001962424 0.01414399 -0.03109321 0.001680055 0.01629533 -0.03003882 0.005425428 0.01799392 -0.02859152 0.009200797 0.01920667 -0.02677948 0.01293268 0.01990999 -0.02463797 0.01654843 0.0200902 -0.02220866 0.01997769 0.01974377 -0.01953886 0.0231537 0.01887746 -0.01668051 0.02601464 0.01750813 -0.01368925 0.02850483 0.01566242 -0.01062331 0.0305758 0.01337627 -0.007542355 0.03218725 0.01069417 -0.00450636 0.0333078 0.007668328 -0.001574415 0.03391565 0.004357631 0.001196414 0.03399896 0.0008265244 0.003752197 0.03355612 -0.002856264 0.006043185 0.03259574 -0.006619056 0.00802479 0.03113652 -0.01038861 0.00965844 0.02920685 -0.01409156 0.01091234 0.02684431 -0.01765582 0.01176208 0.02409486 -0.02101203 0.01219113 0.02101203 -0.02409486 0.01219113 0.01765582 -0.02684431 0.01176208 0.01409156 -0.02920685 0.01091234 0.01038861 -0.03113652 0.00965844 0.006619056 -0.03259574 0.00802479 0.002856264 -0.03355612 0.006043185 -0.0008265244 -0.03399896 0.003752197 -0.004357631 -0.03391565 0.001196414 -0.007668328 -0.0333078 -0.001574415 -0.01069417 -0.03218725 -0.00450636 -0.01337627 -0.0305758 -0.007542355 -0.01566242 -0.02850483 -0.01062331 -0.01750813 -0.02601464 -0.01368925 -0.01887746 -0.0231537 -0.01668051 -0.01974377 -0.01997769 -0.01953886 -0.0200902 -0.01654843 -0.02220866 -0.01990999 -0.01293268 -0.02463797 -0.01920667 -0.009200797 -0.02677948 -0.01799392 -0.005425428 -0.02859152 -0.01629533 -0.001680055 -0.03003882 -0.01414399 0.001962424 -0.03109321 -0.01158175 0.005431111 -0.03173417 -0.008658493 0.008658493 -0.03194921 -0.0258038 0.05404489 0.02280512 -0.003996538 0.02462294 0.05902964 -0.04824864 0.00455397 0.04192958 -0.04901186 0.03690164 0.01851665 -0.03704544 0.049227 0.01852166 -0.03715036 0.04942938 0.0183991 -0.0406468 0.04684664 0.01775301 -0.01510533 0.05482679 0.03007602 -0.01503473 0.05507396 0.03004589 -0.01849142 0.05542316 0.02735472 -0.01192932 0.05396048 0.03293437 -0.01183331 0.05420072 0.03292711 -0.004507213 0.04845929 0.04207252 -0.00435183 0.04865552 0.04213836 -0.006439371 0.05095996 0.03903276 -0.01098815 0.01407098 0.061806 -0.01088462 0.01399211 0.06202972 -0.008113178 0.01737517 0.06159724 -0.01407098 0.01098815 0.061806 -0.01399211 0.01088462 0.06202972 -0.02469441 0.003946498 0.05927331 -0.02470052 0.003786629 0.05947677 -0.02096795 0.005731731 0.06074069 -0.05396048 0.01192932 0.03293437 -0.05420072 0.01183331 0.03292711 -0.05282043 0.008949485 0.03594229 -0.05482679 0.01510533 0.03007602 -0.05507396 0.01503473 0.03004589 -0.05428969 0.02588222 0.0228354 -0.05453256 0.02589784 0.02274734 -0.05524151 0.0221361 0.02490599 -0.04684664 0.0406468 0.01775301 -0.04666477 0.04051413 0.01788071 -0.04374151 0.04374151 0.01766566 -0.05331011 0.02970341 0.0209208 -0.05307693 0.02965759 0.02102335 -0.05283925 0.02955705 0.02100369 -0.05542316 0.01849142 0.02735472 -0.05517321 0.01853458 0.02740621 -0.05492325 0.01849919 0.02734916 -0.02850023 0.002315734 0.05783004 -0.02846396 0.002487275 0.05763967 -0.02837042 0.002545861 0.05740556 -0.01737517 0.008113178 0.06159724 -0.01742719 0.008238708 0.06137696 -0.01739829 0.008263613 0.06112096 -0.002727495 0.04595197 0.04519865 -0.002895768 0.04577719 0.04510852 -0.002951964 0.04558225 0.0449478 -0.008949485 0.05282043 0.03594229 -0.009068378 0.05259114 0.03592563 -0.009088423 0.0523563 0.03581869 -0.03347874 0.05159794 0.01946192 -0.03340296 0.05137835 0.01957605 -0.03328049 0.05115061 0.01956486 -0.0439 0.0439 0.01753625 -0.04051413 0.04666477 0.01788071 -0.05499301 0.02215034 0.02497691 -0.0547441 0.02209377 0.02493409 -0.05404489 0.0258038 0.02280512 -0.05259114 0.009068378 0.03592563 -0.0523563 0.009088423 0.03581869 -0.05371761 0.01193261 0.03284495 -0.05095996 0.006439371 0.03903276 -0.05074544 0.006578186 0.03899157 -0.0505214 0.006612815 0.03886667 -0.04290191 0.001597979 0.04815405 -0.03956473 0.0009852679 0.05094704 -0.04275134 0.001775217 0.04804046 -0.03944065 0.001167369 0.05081129 -0.04257413 0.001837975 0.04786257 -0.03928282 0.001233685 0.05061717 -0.03600538 0.000901287 0.05352327 -0.03590954 0.001084054 0.05336707 -0.03577239 0.00115086 0.05315799 -0.02099146 0.005876161 0.06052722 -0.02094168 0.005914902 0.0602762 -0.02462294 0.003996538 0.05902964 -0.008238708 0.01742719 0.06137696 -0.008263613 0.01739829 0.06112096 -0.01099696 0.01406173 0.0615475 -0.005731731 0.02096795 0.06074069 -0.005876161 0.02099146 0.06052722 -0.005914902 0.02094168 0.0602762 -0.001347672 0.03229312 0.05583259 -0.000901287 0.03600538 0.05352327 -0.001526896 0.03222675 0.05565806 -0.001084054 0.03590954 0.05336707 -0.001591109 0.03211117 0.05543556 -0.00115086 0.03577239 0.05315799 -0.0009852679 0.03956473 0.05094704 -0.001167369 0.03944065 0.05081129 -0.001233685 0.03928282 0.05061717 -0.006578186 0.05074544 0.03899157 -0.006612815 0.0505214 0.03886667 -0.00455397 0.04824864 0.04192958 -0.01853458 0.05517321 0.02740621 -0.01849919 0.05492325 0.02734916 -0.01509002 0.05457885 0.03000334 -0.0221361 0.05524151 0.02490599 -0.02215034 0.05499301 0.02497691 -0.02209377 0.0547441 0.02493409 -0.03690164 0.04901186 0.01851665 -0.04035001 0.04646463 0.01787945 -0.04355849 0.04355849 0.01766566 -0.04646463 0.04035001 0.01787945 -0.04942938 0.03715036 0.0183991 -0.049227 0.03704544 0.01852166 -0.05115061 0.03328049 0.01956486 -0.05137835 0.03340296 0.01957605 -0.05159794 0.03347874 0.01946192 -0.05457885 0.01509002 0.03000334 -0.04865552 0.00435183 0.04213836 -0.04845929 0.004507213 0.04207252 -0.04558225 0.002951964 0.0449478 -0.04577719 0.002895768 0.04510852 -0.04595197 0.002727495 0.04519865 -0.03211117 0.001591109 0.05543556 -0.03222675 0.001526896 0.05565806 -0.03229312 0.001347672 0.05583259 -0.01406173 0.01099696 0.0615475 -0.003786629 0.02470052 0.05947677 -0.003946498 0.02469441 0.05927331 -0.002545861 0.02837042 0.05740556 -0.002487275 0.02846396 0.05763967 -0.002315734 0.02850023 0.05783004 -0.001837975 0.04257413 0.04786257 -0.001775217 0.04275134 0.04804046 -0.001597979 0.04290191 0.04815405 -0.01193261 0.05371761 0.03284495 -0.02589784 0.05453256 0.02274734 -0.02588222 0.05428969 0.0228354 -0.02955705 0.05283925 0.02100369 -0.02965759 0.05307693 0.02102335 -0.02970341 0.05331011 0.0209208 -0.05097986 0.004214551 0.04059188 -0.04846819 0.002328545 0.04370151 -0.04559394 0.000903321 0.04674169 -0.04240841 -3.5685e-05 0.04965818 -0.03896843 -0.000471715 0.05239893 -0.0353354 -0.000396992 0.05491504 -0.03157414 0.0001871546 0.0571616 -0.02775178 0.001270298 0.05909852 -0.02393652 0.002833111 0.06069123 -0.02019646 0.004847703 0.06191133 -0.01659833 0.007278126 0.06273703 -0.01320633 0.01008101 0.06315359 -0.01008101 0.01320633 0.06315359 -0.007278126 0.01659833 0.06273703 -0.004847703 0.02019646 0.06191133 -0.002833111 0.02393652 0.06069123 -0.001270298 0.02775178 0.05909852 -0.0001871546 0.03157414 0.0571616 0.000396992 0.0353354 0.05491504 0.000471715 0.03896843 0.05239893 3.5685e-05 0.04240841 0.04965818 -0.000903321 0.04559394 0.04674169 -0.002328545 0.04846819 0.04370151 -0.004214551 0.05097986 0.04059188 -0.006527686 0.05308413 0.0374683 -0.009226674 0.05474345 0.03438651 -0.01226335 0.05592821 0.03140151 -0.01558352 0.05661727 0.02856655 -0.01912794 0.05679833 0.02593224 -0.02283336 0.05646816 0.02354558 -0.02663365 0.05563264 0.02144916 -0.03046101 0.0543067 0.0196804 -0.03424712 0.052514 0.01827084 -0.03792443 0.05028652 0.01724566 -0.04142732 0.04766401 0.01662314 -0.04469327 0.04469327 0.01641439 -0.04766401 0.04142732 0.01662314 -0.05028652 0.03792443 0.01724566 -0.052514 0.03424712 0.01827084 -0.0543067 0.03046101 0.0196804 -0.05563264 0.02663365 0.02144916 -0.05646816 0.02283336 0.02354558 -0.05679833 0.01912794 0.02593224 -0.05661727 0.01558352 0.02856655 -0.05592821 0.01226335 0.03140151 -0.05474345 0.009226674 0.03438651 -0.05308413 0.006527686 0.0374683 -0.05267239 0.03413432 0.01766353 -0.05422627 0.030924 0.0188348 -0.05452273 0.0303899 0.01929809 -0.05652459 0.02348932 0.02246676 -0.0567102 0.0226704 0.02320982 -0.05586463 0.02651646 0.02108815 -0.05449171 0.030292 0.01909401 -0.05560248 0.02720054 0.02049456 -0.05583733 0.02640782 0.02088903 -0.05695361 0.0163462 0.02721434 -0.05686111 0.01533326 0.02829125 -0.05704435 0.01892036 0.02562522 -0.05668525 0.0225511 0.02301658 -0.05697744 0.0198513 0.02471902 -0.05702032 0.01879068 0.02543867 -0.05548528 0.00996187 0.03276702 -0.05496473 0.008899874 0.03418128 -0.05616376 0.01197311 0.03116034 -0.05683658 0.01519363 0.02811209 -0.05645349 0.01303158 0.02991178 -0.05613729 0.01182417 0.03098913 -0.05221564 0.00475393 0.03876157 -0.05115582 0.003827398 0.04046137 -0.05328543 0.006168388 0.03730018 -0.05493494 0.008742412 0.03401845 -0.05406489 0.007187467 0.03573318 -0.05325099 0.006003357 0.03714599 -0.05111548 0.003655879 0.04031594 -0.0499679 0.002701216 0.04180245 -0.04861391 0.001918682 0.04360844 -0.04856652 0.001741872 0.04347173 -0.04735857 0.001063032 0.0448059 -0.04570505 0.0004762972 0.04668523 -0.0456496 0.0002954887 0.04655706 -0.04443049 -0.0001337235 0.04772259 -0.04248115 -0.0004740147 0.04963684 -0.04241677 -0.0006574558 0.04951685 -0.04123176 -0.0008693992 0.05050464 -0.03899975 -0.0009152959 0.0524106 -0.03892572 -0.00109996 0.05229829 -0.03781488 -0.001131916 0.05310637 -0.03532298 -0.0008396727 0.054957 -0.03523875 -0.001024127 0.05485175 -0.03423596 -0.0009169622 0.05548505 -0.03151643 -0.0002484919 0.05723061 -0.03142165 -0.0004313085 0.05713166 -0.03055378 -0.0002280688 0.05760162 -0.02764804 0.0008476937 0.05919085 -0.02754254 0.0006679159 0.05909733 -0.02682878 0.0009234538 0.05942134 -0.02378685 0.002429324 0.06080274 -0.02367065 0.002253929 0.06071369 -0.02312215 0.002518695 0.06091433 -0.02000175 0.004468174 0.06203753 -0.004298432 0.01987506 0.0619519 -0.006927863 0.01636029 0.06287317 -0.006764937 0.01622351 0.06278986 -0.009764495 0.01292745 0.06329475 -0.009609431 0.01278115 0.0632126 -0.01292745 0.009764495 0.06329475 -0.01278115 0.009609431 0.0632126 -0.01636029 0.006927863 0.06287317 -0.01622351 0.006764937 0.06278986 -0.01987506 0.004298432 0.0619519 -0.002518695 0.02312215 0.06091433 -0.002429324 0.02378685 0.06080274 -0.004468174 0.02000175 0.06203753 0.0002280688 0.03055378 0.05760162 0.0002484919 0.03151643 0.05723061 -0.0008476937 0.02764804 0.05919085 -0.002253929 0.02367065 0.06071369 -0.0009234538 0.02682878 0.05942134 -0.0006679159 0.02754254 0.05909733 0.001131916 0.03781488 0.05310637 0.0009152959 0.03899975 0.0524106 0.0008396727 0.03532298 0.054957 0.0004313085 0.03142165 0.05713166 0.0009169622 0.03423596 0.05548505 0.001024127 0.03523875 0.05485175 0.0001337235 0.04443049 0.04772259 -0.0004762972 0.04570505 0.04668523 0.0004740147 0.04248115 0.04963684 0.00109996 0.03892572 0.05229829 0.0008693992 0.04123176 0.05050464 0.0006574558 0.04241677 0.04951685 -0.002701216 0.0499679 0.04180245 -0.003827398 0.05115582 0.04046137 -0.001918682 0.04861391 0.04360844 -0.0002954887 0.0456496 0.04655706 -0.001063032 0.04735857 0.0448059 -0.001741872 0.04856652 0.04347173 -0.003655879 0.05111548 0.04031594 -0.00475393 0.05221564 0.03876157 -0.006168388 0.05328543 0.03730018 -0.006003357 0.05325099 0.03714599 -0.007187467 0.05406489 0.03573318 -0.008899874 0.05496473 0.03418128 -0.008742412 0.05493494 0.03401845 -0.00996187 0.05548528 0.03276702 -0.01197311 0.05616376 0.03116034 -0.01182417 0.05613729 0.03098913 -0.01303158 0.05645349 0.02991178 -0.01533326 0.05686111 0.02829125 -0.01519363 0.05683658 0.02811209 -0.0163462 0.05695361 0.02721434 -0.01892036 0.05704435 0.02562522 -0.01879068 0.05702032 0.02543867 -0.0198513 0.05697744 0.02471902 -0.0226704 0.0567102 0.02320982 -0.0225511 0.05668525 0.02301658 -0.02348932 0.05652459 0.02246676 -0.02651646 0.05586463 0.02108815 -0.02640782 0.05583733 0.02088903 -0.02720054 0.05560248 0.02049456 -0.0303899 0.05452273 0.01929809 -0.030292 0.05449171 0.01909401 -0.030924 0.05422627 0.0188348 -0.0342216 0.05270843 0.01787156 -0.03413432 0.05267239 0.01766353 -0.03786622 0.05041184 0.01662312 -0.03794319 0.05045413 0.01683403 -0.03816394 0.050209 0.01655603 -0.04148826 0.04780004 0.01620402 -0.05270843 0.0342216 0.01787156 -0.05045413 0.03794319 0.01683403 -0.05041184 0.03786622 0.01662312 -0.04780004 0.04148826 0.01620402 -0.04775039 0.04142112 0.01599136 -0.04479353 0.04479353 0.01599276 -0.04473555 0.04473555 0.01577951 -0.04142112 0.04775039 0.01599136 -0.04149048 0.04776909 0.01643036 -0.03796404 0.05040923 0.01705707 -0.03426201 0.05265168 0.01808914 -0.03045045 0.05445644 0.01950817 -0.02659736 0.0557913 0.02128883 -0.02277152 0.05663242 0.02339934 -0.01904119 0.05696481 0.02580204 -0.01547295 0.05678254 0.02845406 -0.01213045 0.05608885 0.03130807 -0.009073366 0.05489613 0.03431315 -0.006356237 0.05322565 0.03741565 -0.004027551 0.05110724 0.04056023 -0.002128865 0.04857868 0.04369076 -0.0006940607 0.04568511 0.04675138 0.0002512563 0.04247816 0.04968748 0.0006902178 0.03901505 0.05244666 0.0006149925 0.0353576 0.05497967 2.692022e-05 0.03157106 0.05724133 -0.001063505 0.02772301 0.05919127 -0.002636824 0.0238821 0.0607947 -0.00466496 0.0201169 0.06202299 -0.00711172 0.01649457 0.06285424 -0.009933445 0.01307978 0.0632736 -0.01307978 0.009933445 0.0632736 -0.01649457 0.00711172 0.06285424 -0.0201169 0.00466496 0.06202299 -0.0238821 0.002636824 0.0607947 -0.02772301 0.001063505 0.05919127 -0.03157106 -2.692022e-05 0.05724133 -0.0353576 -0.0006149925 0.05497967 -0.03901505 -0.0006902178 0.05244666 -0.04247816 -0.0002512563 0.04968748 -0.04568511 0.0006940607 0.04675138 -0.04857868 0.002128865 0.04369076 -0.05110724 0.004027551 0.04056023 -0.05322565 0.006356237 0.03741565 -0.05489613 0.009073366 0.03431315 -0.05608885 0.01213045 0.03130807 -0.05678254 0.01547295 0.02845406 -0.05696481 0.01904119 0.02580204 -0.05663242 0.02277152 0.02339934 -0.0557913 0.02659736 0.02128883 -0.05445644 0.03045045 0.01950817 -0.05265168 0.03426201 0.01808914 -0.05040923 0.03796404 0.01705707 -0.04776909 0.04149048 0.01643036 -0.04477838 0.04477838 0.01622021 -0.01086583 0.0534086 0.01965921 -0.007393236 0.05288464 0.0224852 -0.004177216 0.05187029 0.02547652 0.005145743 0.04335625 0.03808918 0.006399534 0.04028863 0.04114488 0.007170273 0.03693744 0.04405953 0.007445301 0.03335771 0.04678525 0.007220104 0.02960822 0.0492773 0.006498377 0.02575054 0.05149475 -0.02184802 -0.005291973 0.0534012 -0.02575054 -0.006498377 0.05149475 -0.02960822 -0.007220104 0.0492773 -0.03335771 -0.007445301 0.04678525 -0.03693744 -0.007170273 0.04405953 -0.04028863 -0.006399534 0.04114488 -0.04335625 -0.005145743 0.03808918 -0.05187029 0.004177216 0.02547652 -0.05288464 0.007393236 0.0224852 -0.0534086 0.01086583 0.01965921 -0.05343356 0.01453798 0.01704495 -0.05295913 0.01834939 0.01468535 -0.01453798 0.05343356 0.01704495 -0.009316828 0.04939488 0.009554268 -0.01324411 0.04890602 0.007122935 0.005291973 0.02184802 0.0534012 0.01111598 0.0168491 0.04701579 0.01235906 0.02087026 0.04505138 -0.05199308 0.02223749 0.01261915 -0.0479106 0.01725041 0.004993925 -0.04890602 0.01324411 0.007122935 0.01333477 0.02870869 0.04019871 0.01878336 0.02388122 0.0333657 0.01849579 0.02762427 0.03051561 0.009428701 0.03440741 -0.008911095 0.01402254 0.02852023 -0.01553827 0.01035039 0.02854519 -0.01815252 0.009795856 -0.01959498 0.02953398 0.01437886 -0.02388887 0.02177252 0.01782836 -0.02101581 0.02218012 -0.03282234 -0.01632066 -0.002916931 -0.02698192 -0.02071116 -0.009720955 -0.02549383 -0.02361779 -0.006613421 -0.03146323 0.006308185 -0.0179569 -0.0256629 0.001250041 -0.02431718 -0.02710471 -0.002650885 -0.02257832 -0.01249275 0.04421891 -0.001041737 -0.01289352 0.0436814 -0.00188362 -0.01725041 0.0479106 0.004993925 0.02330106 0.02794293 0.006670365 0.02350396 0.02768328 0.007784761 0.02415861 0.02686627 0.006836914 0.01699043 0.02007945 0.03849857 0.01713795 0.02102036 0.03791545 0.01310273 0.02484522 0.04276652 -0.04096894 -0.0108889 0.01870224 -0.04063187 -0.01125954 0.01967063 -0.04425447 -0.00698094 0.02471335 -0.02898277 -0.02231016 0.00443346 -0.02965435 -0.02162613 0.003761418 -0.02929273 -0.02194268 0.00355425 0.01383578 -0.01575117 0.03035935 0.01290466 -0.01629273 0.03059832 0.01335022 -0.01663457 0.02995397 0.009945465 -0.0170612 0.03197185 0.009083756 -0.01700445 0.03258229 0.01093482 -0.01696045 0.03140259 0.01188549 -0.01671503 0.03096361 0.008251979 -0.01678781 0.0333096 0.007584397 -0.01644765 0.03404214 0.005001431 -0.01494532 0.03695529 0.01475678 -0.01504157 0.03022232 0.01663457 -0.01335022 0.02995397 0.01554087 -0.01425975 0.03020391 0.01959498 -0.009795856 0.02953398 0.01761629 -0.009411539 0.03177957 0.01749816 -0.01041689 0.03124072 0.01723744 -0.0113826 0.03083196 0.01680114 -0.01241198 0.03050302 0.01625655 -0.01333716 0.03030238 0.01757141 -0.001179774 0.0361099 0.0151399 -0.004742722 0.03691028 0.01673961 -0.006548972 0.03436018 0.02218283 -0.006029836 0.02870089 0.01704767 -0.006964978 0.03381844 0.01737672 -0.007664176 0.03308535 0.01757532 -0.008515593 0.03237785 0.01033267 -0.0006010836 0.04340158 0.0111255 -0.0007808731 0.04262195 0.01257937 0.003812263 0.0431697 0.01178178 -0.001111145 0.0418772 0.01237451 -0.001628204 0.04108916 0.01363406 -0.003045584 0.03922048 0.001672834 0.001611518 0.05111307 0.005899131 -0.002161032 0.04607157 0.004633241 0.005165885 0.05069308 0.006787036 -0.001565757 0.0457565 0.009533457 -0.0005972081 0.04408364 0.009953286 -9.39413e-06 0.0440151 0.008615762 -0.0007667054 0.04475529 0.007737001 -0.001078332 0.04529284 0.002918486 -0.005486044 0.04591494 0.00349931 -0.004598051 0.04616571 -0.001611518 -0.001672834 0.05111307 0.004229624 -0.003695349 0.04628665 0.005012848 -0.002899914 0.0462559 0.002383302 -0.01064926 0.04222021 0.002068055 -0.0099575 0.04296987 9.39413e-06 -0.009953286 0.0440151 0.007010032 -0.01594918 0.03486106 0.005824755 -0.01460586 0.03681226 0.002706981 -0.01108615 0.04167473 0.001909038 -0.00913739 0.04372977 0.001922664 -0.008299495 0.04439322 -0.005165885 -0.004633241 0.05069308 0.002107542 -0.007355789 0.04502183 0.002427099 -0.006457767 0.04550965 -0.01305989 -0.02735349 0.02178476 -0.01413513 -0.0270073 0.02197726 -0.01374695 -0.02829651 0.01903961 -0.01506236 -0.02662168 0.02230881 -0.01595142 -0.02615766 0.0228207 -0.009803223 -0.02781194 0.02217231 -0.01087017 -0.02776054 0.02189595 -0.01201265 -0.02759719 0.02175992 -0.01666203 -0.02569268 0.02343455 -0.01727183 -0.0251792 0.0242178 -0.01888918 -0.0237754 0.02630589 -0.007765131 -0.02758668 0.02314764 -0.008719057 -0.0277519 0.02260996 -0.009883478 -0.02806447 0.02160742 -0.005500434 -0.02647108 0.02542302 -0.006129845 -0.02694201 0.02456264 -0.005908522 -0.0273208 0.02389229 -0.006857934 -0.02730162 0.02383233 -0.006854378 -0.02152383 0.03322368 -0.005438796 -0.02329594 0.03051957 -0.001887354 -0.02607772 0.02585669 -0.005128317 -0.02366172 0.02994402 -0.004834854 -0.02421267 0.02908095 -0.004719836 -0.02481402 0.02813751 -0.004796759 -0.02538707 0.02722755 -0.005071688 -0.02596915 0.02627853 -0.0120328 -0.01724237 0.03935398 -0.01113448 -0.01764222 0.03880454 -0.01184641 -0.0165318 0.04028349 -0.01042289 -0.01808995 0.03818195 -0.009820809 -0.01863619 0.03742116 -0.008588661 -0.01999704 0.03549313 -0.01737864 -0.01658573 0.0398115 -0.01628771 -0.01655142 0.04003666 -0.0168491 -0.01111598 0.04701579 -0.01512646 -0.0165997 0.0401012 -0.01406202 -0.01672586 0.04000451 -0.01296656 -0.01695173 0.03973811 -0.01943453 -0.01687977 0.03887636 -0.01846983 -0.01670035 0.03940953 -0.02087026 -0.01235906 0.04505138 -0.02166486 -0.01780787 0.03649981 -0.02105196 -0.0174326 0.03741276 -0.02484522 -0.01310273 0.04276652 -0.02033438 -0.01713531 0.03817792 -0.01851534 -0.02393934 0.02620098 -0.02166878 -0.02062124 0.0311808 -0.02388122 -0.01878336 0.0333657 -0.02198424 -0.02023115 0.03176518 -0.02227768 -0.01969806 0.03264245 -0.02207448 -0.01820349 0.03559304 -0.02870869 -0.01333477 0.04019871 -0.02233416 -0.01867677 0.0345789 -0.02239912 -0.01915693 0.03362619 -0.03529374 -0.01580193 0.004843645 -0.03824637 -0.01162262 0.004024977 -0.03467901 -0.01635635 0.00409283 -0.03404235 -0.01697306 0.003533982 -0.03128901 -0.01931565 0.0002850751 -0.03331263 -0.0177168 0.00310722 -0.03109828 -0.02008896 0.002955226 -0.03182282 -0.01930471 0.002826016 -0.03260211 -0.01846634 0.002879763 -0.03033866 -0.02090534 0.003282292 -0.02841366 -0.02286248 0.005206401 -0.02686627 -0.02415861 0.006836914 -0.02789707 -0.02333123 0.006147925 -0.02778766 -0.02301028 0.01346081 -0.02404947 -0.02592704 0.01007917 -0.02813692 -0.02269077 0.01404165 -0.0293439 -0.02137093 0.01721307 -0.02739928 -0.02339266 0.01254566 -0.02713492 -0.02369198 0.01149426 -0.02702356 -0.02386757 0.01043638 -0.02705271 -0.02392693 0.009291529 -0.02721043 -0.02385896 0.00822469 -0.02750927 -0.02365055 0.007117689 -0.03473716 -0.01639575 0.02270092 -0.03395567 -0.01708535 0.02227375 -0.03433594 -0.01637889 0.02427288 -0.03330689 -0.01768698 0.02171558 -0.03272242 -0.01826815 0.02096703 -0.03146042 -0.01955436 0.01900733 -0.03807458 -0.01358824 0.02253573 -0.03721852 -0.0143077 0.02285906 -0.03901121 -0.0109653 0.03123826 -0.03639756 -0.01499214 0.02298497 -0.03551736 -0.01572974 0.02292821 -0.03955424 -0.01229683 0.02138683 -0.03883759 -0.01293338 0.02205514 -0.04182801 -0.009196866 0.02799601 -0.04013989 -0.01175056 0.02060856 -0.04120507 -0.01041631 0.01539412 -0.04126403 -0.01044938 0.016541 -0.04625076 -0.004353912 0.02144417 -0.04119003 -0.01060217 0.01759822 -0.04030923 -0.0111264 0.01236942 -0.0407117 -0.01076152 0.01328854 -0.04168243 -0.009669829 0.01433409 -0.04102519 -0.01051558 0.0143452 -0.03664148 -0.01461741 0.006792269 -0.03996242 -0.01146553 0.01177118 -0.04323841 -0.006630586 0.01108478 -0.03542338 0.005385788 -0.01325265 -0.03591245 0.006092263 -0.0126529 -0.03686718 0.01134052 -0.01123718 -0.03419128 0.001411428 -0.01443493 -0.03436289 0.002471033 -0.01436786 -0.03294886 0.002288666 -0.01616517 -0.03463777 0.003558504 -0.01413358 -0.0349763 0.004493819 -0.01377445 -0.03394428 -0.001717628 -0.01403616 -0.03408908 -0.0008173109 -0.01408847 -0.03409643 0.0002571895 -0.01433902 -0.03481336 -0.004465701 -0.01161282 -0.0345364 -0.003751793 -0.01239155 -0.03443314 -0.005644912 -0.01160483 -0.03430909 -0.002854505 -0.01311007 -0.03416415 -0.001904057 -0.01365962 -0.03440741 -0.009428701 -0.008911095 -0.03985487 -0.004628853 -0.00205774 -0.03805851 -0.005087964 -0.005421037 -0.03765683 -0.005392283 -0.005975551 -0.03709863 -0.005684502 -0.006834377 -0.03653948 -0.00580676 -0.007802536 -0.03604396 -0.005743139 -0.008757911 -0.03556872 -0.005486541 -0.009769524 -0.03517513 -0.005076382 -0.01068849 -0.04448052 0.001442823 0.003197546 -0.04396975 0.0005635354 0.002713086 -0.0448469 0.0003631835 0.005002066 -0.0434651 -0.0001382881 0.002123846 -0.04291489 -0.0007396854 0.001365373 -0.04158323 -0.001976843 -0.0005797577 -0.04581112 0.005587989 0.003505531 -0.04559796 0.004455027 0.003666653 -0.04936915 0.005533039 0.012248 -0.045307 0.003418867 0.003666501 -0.04490899 0.002352939 0.003500943 -0.04575754 0.008687663 0.002184274 -0.04588943 0.007731117 0.00274528 -0.04939488 0.009316828 0.009554268 -0.04590735 0.006656518 0.003203903 -0.04243561 0.01161723 -0.003754613 -0.04305829 0.01172467 -0.002818643 -0.0433668 0.01225366 -0.002359179 -0.04363575 0.01164302 -0.001922932 -0.04422012 0.01136428 -0.0009738664 -0.04471084 0.01093834 -0.0001228122 -0.04516534 0.01031185 0.0007437342 -0.04550316 0.00958732 0.001485158 -0.03649873 0.006689566 -0.01191229 -0.03793561 0.00789928 -0.01004452 -0.04185922 0.01633256 -0.004177375 -0.04145778 0.0110177 -0.005184247 -0.04185713 0.01133157 -0.004605298 0.02553358 0.005545678 0.02700884 0.02498125 0.005501233 0.02790959 0.02607772 0.001887354 0.02585669 0.02438983 0.005647762 0.02885644 0.02385704 0.005963139 0.02970182 0.02152383 0.006854378 0.03322368 0.02741524 0.007491144 0.02352669 0.02705884 0.006780401 0.02429168 0.0273208 0.005908522 0.02389229 0.02659696 0.00618289 0.02517491 0.02610554 0.005786317 0.02604552 0.02769292 0.00837529 0.02281133 0.02806447 0.009883478 0.02160742 0.02785201 0.009311579 0.02224175 0.02829651 0.01374695 0.01903961 0.02708633 0.01470077 0.02142592 0.02743573 0.01361954 0.02127131 0.02768365 0.01256785 0.02128302 0.02785103 0.01142803 0.02145904 0.02790624 0.01038195 0.02176801 0.02721895 0.02088858 0.01322777 0.02348783 0.02263223 0.02345581 0.02801312 0.01743551 0.01623102 0.02540649 0.01773999 0.0233137 0.02574991 0.01729921 0.02281448 0.0262242 0.01655893 0.02221314 0.02669035 0.0156559 0.02173132 0.01925784 0.02377986 0.03247271 0.01978466 0.02362155 0.03148979 0.02029991 0.02330348 0.03063668 0.02086182 0.02279275 0.02982237 0.02218999 0.02137009 0.02800595 0.02376033 0.01963241 0.02577002 0.01735992 0.02189092 0.03716827 0.01763278 0.02259035 0.03634466 0.01797875 0.02316418 0.03539281 0.01835146 0.02353667 0.03445439 0.01880249 0.02375357 0.03341923 0.01690775 0.01900808 0.03895485 0.01690084 0.01795264 0.0392283 0.01851922 0.01200634 0.03761009 0.0180641 0.01275428 0.03822113 0.0165318 0.01184641 0.04028349 0.02332785 0.006481317 0.03053874 0.02212071 0.007915615 0.03241016 0.01888586 0.01155423 0.03710577 0.01765989 0.01367373 0.03873741 0.01735608 0.01463665 0.039088 0.01711654 0.01573929 0.03930411 0.01697309 0.01679941 0.03934992 0.02331758 0.02771186 0.01102792 0.0230088 0.02800661 0.01206981 0.02592704 0.02404947 0.01007917 0.02349792 0.02757052 0.009995495 0.02356547 0.02756206 0.008851641 0.02262361 0.02841175 0.01295608 0.02212286 0.02897281 0.0137828 0.02137093 0.0293439 0.01721307 0.02194268 0.02929273 0.00355425 0.02251154 0.0287814 0.004718245 0.02298052 0.02829996 0.005676807 0.01931565 0.03128901 0.0002850751 0.01891972 0.03205992 0.002210261 0.01971896 0.03135043 0.002369849 0.02054694 0.03061288 0.00272853 0.02126691 0.02996139 0.003228534 0.02195659 0.02931955 0.003925281 0.01588074 0.03491721 0.003378118 0.01632066 0.03282234 -0.002916931 0.0154849 0.03534279 0.003851011 0.01162262 0.03824637 0.004024977 0.01372965 0.03723976 0.006226978 0.01652485 0.03426709 0.002833111 0.01728579 0.03354112 0.002434527 0.01806593 0.0328252 0.002231626 0.009514483 0.04161843 0.01296934 0.009770594 0.04127043 0.01192912 0.006630586 0.04323841 0.01108478 0.0101417 0.04085217 0.01104495 0.01066936 0.04032121 0.01022072 0.01206717 0.0389476 0.008418855 0.001358915 0.04778408 0.01824217 0.00944202 0.04194768 0.01513592 0.009410855 0.04183625 0.01399196 0.01080276 0.04104831 0.0192739 0.01029015 0.04148082 0.01831704 0.004353912 0.04625076 0.02144417 0.009896241 0.04176658 0.01731445 0.009599312 0.04192691 0.0162004 0.01203646 0.03985494 0.02076937 0.01137277 0.04051768 0.02007429 0.00698094 0.04425447 0.02471335 0.01416046 0.03755296 0.02178925 0.01345228 0.03833992 0.02162889 0.009196866 0.04182801 0.02799601 0.01270444 0.0391534 0.0212698 0.01739049 0.03403746 0.02015034 0.01697131 0.03446431 0.02063538 0.01637889 0.03433594 0.02427288 0.02082658 0.0304323 0.01557337 0.0163402 0.03513302 0.02117798 0.01562679 0.03591398 0.02157356 0.01492541 0.03669598 0.02177095 0.00506731 0.03661674 -0.008173673 0.004917875 0.03719121 -0.007216899 0.00460663 0.03774809 -0.006385635 0.004628853 0.03985487 -0.00205774 0.003832577 0.03479813 -0.01194329 0.004418334 0.03519151 -0.01101993 0.005644912 0.03443314 -0.01160483 0.00480254 0.03561084 -0.0101071 0.005030944 0.03611148 -0.009102003 0.001717628 0.03394428 -0.01403616 0.002247824 0.03422313 -0.01345825 0.003129391 0.03448577 -0.01273408 -0.001991037 0.03396255 -0.01482848 -0.0008324829 0.03390434 -0.01471642 -0.002288666 0.03294886 -0.01616517 0.0002277763 0.03393178 -0.01445587 0.001308056 0.03404376 -0.01401595 -0.006778605 0.03556864 -0.01310509 -0.006039577 0.0350871 -0.01370218 -0.006308185 0.03146323 -0.0179569 -0.007213227 0.03594796 -0.01262691 -0.01134052 0.03686718 -0.01123718 -0.009076294 0.0377652 -0.0102708 -0.0051293 0.03466315 -0.01420873 -0.004160874 0.0343447 -0.01455955 -0.003061306 0.03410214 -0.01477674 -0.0130506 0.0418273 -0.004601669 -0.01633256 0.04185922 -0.004177375 -0.01318988 0.04246505 -0.003683722 -0.01313995 0.04305824 -0.002817939 -0.0127423 0.04125514 -0.005421429 -0.01223226 0.04068925 -0.006233414 -0.01080458 0.03939029 -0.008066944 -0.01028166 0.04545183 0.001251209 -0.0111688 0.04513317 0.0005606687 -0.01189063 0.04472976 -0.0001864714 -0.003945508 0.04495644 0.002586168 -0.005029091 0.04530707 0.002737204 -0.006072895 0.04554562 0.0027273 -0.007212535 0.0456971 0.002559273 -0.008261022 0.04573071 0.002262085 -0.009332591 0.04564689 0.001806484 -0.001353677 0.04356907 0.001239617 -0.002093827 0.04406957 0.001824066 -0.0003631835 0.0448469 0.005002066 0.004100943 0.03835009 -0.00559136 0.002700447 0.03975423 -0.003835345 -0.0009031503 0.04319317 0.0007407173 -0.0445125 0.03698381 0.008606319 -0.04460065 0.03600067 0.007974219 -0.04634254 0.0337234 0.008492915 -0.04460031 0.0356998 0.007756421 -0.04451302 0.03478964 0.007016213 -0.04429731 0.03394885 0.00619882 -0.04420384 0.03370262 0.00592837 -0.04383282 0.03299307 0.005042064 -0.0433502 0.03239419 0.004113338 -0.04208829 0.02908551 0.0007422446 -0.04161634 0.04222899 0.01016546 -0.04239507 0.04142974 0.01015242 -0.04327048 0.04024664 0.009955821 -0.04379491 0.03928767 0.009674303 -0.04307664 0.04054372 0.01002204 -0.04419458 0.03828924 0.009278757 -0.04428935 0.03798368 0.00913736 -0.0391837 0.04384318 0.009637884 -0.03949828 0.04369218 0.009744623 -0.04044691 0.04314156 0.01000162 -0.04134066 0.04247135 0.01014428 -0.0337234 0.04634254 0.008492915 -0.03588207 0.0446021 0.007889824 -0.03685904 0.044531 0.008532424 -0.0371816 0.04447889 0.008719907 -0.03818326 0.04422887 0.009230797 -0.03310715 0.04390447 0.005197279 -0.03383428 0.04425576 0.006075 -0.0242636 0.03745847 -0.00667367 -0.02936793 0.04033653 -0.001000524 -0.02908551 0.04208829 0.0007422446 -0.03239419 0.0433502 0.004113338 -0.03289241 0.04376499 0.004900186 -0.03466248 0.04448953 0.0069018 -0.03495949 0.04453983 0.007164514 -0.01412376 0.02712654 -0.02041685 -0.01958591 0.03056137 -0.01530052 -0.01927156 0.03246643 -0.01373348 -0.02296191 0.03394002 -0.01070831 -0.02622317 0.03719903 -0.00594127 -0.01121513 0.02011564 -0.02687013 -0.0113271 0.02105048 -0.02616483 -0.008835032 0.02145417 -0.02670456 -0.01159254 0.021941 -0.02541777 -0.0117074 0.02220862 -0.02517757 -0.01216485 0.02300459 -0.02441349 -0.01276342 0.02371944 -0.02364876 -0.0160967 0.02706452 -0.01971626 -0.01426826 0.01365562 -0.02937699 -0.01348849 0.01445382 -0.02936247 -0.01259826 0.01562209 -0.0291449 -0.01205561 0.01656286 -0.02883764 -0.01279689 0.01532981 -0.02921791 -0.01163626 0.0175416 -0.02841425 -0.01153607 0.01784175 -0.0282652 -0.01130007 0.01882876 -0.02771597 -0.01121139 0.01981136 -0.02708312 -0.01666473 0.01200525 -0.02879825 -0.01635646 0.01216257 -0.02891392 -0.01542511 0.01273046 -0.02919536 -0.01454225 0.01341156 -0.02935342 -0.02145417 0.008835032 -0.02670456 -0.01993107 0.01121103 -0.02700029 -0.01895264 0.01128069 -0.02764084 -0.01863274 0.01133545 -0.02783207 -0.01764565 0.01160003 -0.02836356 -0.02287363 0.01207631 -0.02454482 -0.02206506 0.01164359 -0.02530738 -0.03246643 0.01927156 -0.01373348 -0.02734177 0.01637318 -0.01937788 -0.02712654 0.01412376 -0.02041685 -0.02371944 0.01276342 -0.02364876 -0.02312133 0.01224876 -0.02429435 -0.02118322 0.01135616 -0.02605831 -0.02087409 0.01129375 -0.02630389 -0.0405754 0.02960759 -0.0006089735 -0.03745683 0.02648137 -0.005548872 -0.03745847 0.0242636 -0.00667367 -0.03421098 0.02323286 -0.01032512 -0.03083904 0.01986318 -0.01493565 -0.02807076 -0.006538977 -0.02051212 -0.02854519 -0.01035039 -0.01815252 -0.02852023 -0.01402254 -0.01553827 -0.02120158 -0.02831786 -0.0002548883 -0.02355645 -0.02616731 -0.0034407 -0.01846788 -0.03003412 0.002891704 0.02101581 -0.01782836 0.02218012 0.02388887 -0.01437886 0.02177252 0.02640037 -0.01072396 0.02096401 0.03003412 0.01846788 0.002891704 0.0312879 0.01540026 0.005947409 0.03205865 0.01204906 0.008862054 0.03233367 0.008469337 0.01158778 0.03210847 0.004719849 0.01407983 0.03138675 0.0008621705 0.01629728 0.03018034 -0.003040356 0.01820373 0.02831786 0.02120158 -0.0002548883 0.02616731 0.02355645 -0.0034407 0.02361779 0.02549383 -0.006613421 0.02071116 0.02698192 -0.009720955 0.006538977 0.02807076 -0.02051212 0.002650885 0.02710471 -0.02257832 -0.001250041 0.0256629 -0.02431718 -0.008469337 -0.03233367 0.01158778 -0.004719849 -0.03210847 0.01407983 -0.0008621705 -0.03138675 0.01629728 0.003040356 -0.03018034 0.01820373 -0.02799626 -0.01749514 -0.01271228 -0.03386752 -0.01300687 -0.005999191 -0.039307 -0.00825988 0.0008971817 -0.04429904 -0.003267844 0.007956988 0.02268193 0.02613632 0.02040819 0.006923654 -0.02850907 0.01976787 0.01072396 -0.02640037 0.02096401 0.002113998 -0.02435564 0.02746838 0.006029836 -0.02218283 0.02870089 -0.002793912 -0.01977631 0.03485918 0.001179774 -0.01757141 0.0361099 -0.007785949 -0.01478427 0.04191899 -0.003812263 -0.01257937 0.0431697 -0.01284774 -0.009393897 0.04862748 -0.008931905 -0.007221093 0.04985999 -0.01796472 -0.003620702 0.05496534 0.007221093 0.008931905 0.04985999 0.02850907 -0.006923654 0.01976787 0.02435564 -0.002113998 0.02746838 0.01977631 0.002793912 0.03485918 0.01478427 0.007785949 0.04191899 0.009393897 0.01284774 0.04862748 -0.02376903 0.005099752 -0.02570017 -0.02951177 0.01027493 -0.01938193 -0.0348869 0.01536587 -0.01268326 -0.03987894 0.0203579 -0.005623455 -0.04447351 0.02523667 0.001777171 -0.0486574 0.02998812 0.009497306 -0.04642497 0.02126993 0.003202196 -0.05055128 0.02613841 0.01088029 -0.04844482 -0.001278936 0.03175677 -0.0503822 0.001270585 0.02858405 -0.04608995 -0.003429483 0.03494259 -0.01416442 -0.001512003 0.05616148 -0.01050951 0.0009994977 0.05696999 -0.00706001 0.00387256 0.0573776 -0.00387256 0.00706001 0.0573776 -0.0009994977 0.01050951 0.05696999 0.001512003 0.01416442 0.05616148 0.003620702 0.01796472 0.05496534 0.001278936 0.04844482 0.03175677 0.003429483 0.04608995 0.03494259 -0.001270585 0.0503822 0.02858405 -0.02126993 0.04642497 0.003202196 -0.02613841 0.05055128 0.01088029 -0.02223749 0.05199308 0.01261915 -0.005099752 0.02376903 -0.02570017 -0.01027493 0.02951177 -0.01938193 -0.01536587 0.0348869 -0.01268326 -0.0203579 0.03987894 -0.005623455 -0.02523667 0.04447351 0.001777171 -0.02998812 0.0486574 0.009497306 -0.04882926 0.001954873 0.01515991 -0.04778408 -0.001358915 0.01824217 -0.03585032 -0.01225721 0.03438687 -0.03112835 -0.01768989 0.02746799 -0.02613632 -0.02268193 0.02040819 -0.02088858 -0.02721895 0.01322777 -0.01540026 -0.0312879 0.005947409 -0.03239725 -0.01305138 0.03739012 -0.02762427 -0.01849579 0.03051561 -0.02263223 -0.02348783 0.02345581 -0.01743551 -0.02801312 0.01623102 -0.01204906 -0.03205865 0.008862054 0.01768989 0.03112835 0.02746799 0.01305138 0.03239725 0.03739012 0.01225721 0.03585032 0.03438687 0.0109653 0.03901121 0.03123826 -0.001954873 0.04882926 0.01515991 0.003267844 0.04429904 0.007956988 0.00825988 0.039307 0.0008971817 0.01300687 0.03386752 -0.005999191 0.01749514 0.02799626 -0.01271228 -0.005533039 0.04936915 0.012248 -0.002999282 0.04455533 0.002292574 -0.01834939 0.05295913 0.01468535 0.007679685 -0.0133057 0.03347321 0.0080626 -0.01363891 0.03290669 0.008508874 -0.01387199 0.03240423 0.009065524 -0.01402843 0.03190961 0.009119916 -0.01403769 0.03186698 0.009642038 -0.01408146 0.03149791 0.01222544 -0.01328506 0.03042394 0.01282786 -0.01282804 0.0303319 0.01030286 -0.01403358 0.03111682 0.01093597 -0.01388925 0.03082472 0.01110217 -0.01383556 0.03075866 0.01161171 -0.01362824 0.03058251 0.01413565 -0.01109899 0.03050636 0.0130063 -0.01266426 0.03031907 0.01333573 -0.01231853 0.03031711 0.0137934 -0.01171177 0.03037817 0.01427127 -0.01078699 0.03059439 0.01440262 -0.01041345 0.03071933 0.01455407 -0.009767732 0.03098686 0.01461051 -0.00909373 0.03134333 0.01459619 -0.008744977 0.03156447 0.01456512 -0.00849231 0.03174344 0.01441844 -0.007920879 0.03222181 0.01419102 -0.007452433 0.03272283 0.01398358 -0.007174534 0.0330963 0.01090497 -0.003717422 0.0379059 0.009656058 -0.002319176 0.03975521 0.009254148 -0.001966547 0.04029133 0.008816763 -0.001741238 0.04080369 0.008294853 -0.001618065 0.04134553 0.008241246 -0.001612646 0.04139749 0.007773398 -0.001613853 0.04182392 0.00717834 -0.001725772 0.0422989 0.004855838 -0.003132508 0.04337873 0.005426864 -0.002647054 0.04324299 0.006610823 -0.00193226 0.04268195 0.006451013 -0.002006658 0.04277713 0.00599865 -0.002254614 0.0430148 0.003502801 -0.004822113 0.04314833 0.004676018 -0.003307001 0.04339934 0.004350559 -0.003653453 0.04340485 0.003878641 -0.004243098 0.04332294 0.002861793 -0.00665776 0.04208402 0.003342964 -0.00511644 0.04302789 0.003184807 -0.005455314 0.04286458 0.002978771 -0.006040908 0.042523 0.002846969 -0.006987351 0.04181582 0.002858137 -0.007207834 0.04162277 0.003408255 -0.008506442 0.04021145 0.003187009 -0.008211543 0.04058323 0.002970226 -0.007749863 0.04109761 0.006502714 -0.01198028 0.03540276 0.01456704 -0.007487606 0.03367269 0.01531806 -0.007475834 0.03412711 0.01477577 -0.007771102 0.03329618 0.01609196 -0.007141483 0.034372 0.01554731 -0.007788524 0.03371644 0.01635669 -0.007501336 0.03390251 0.01500375 -0.008245783 0.03278766 0.01514983 -0.008824049 0.03229634 0.01519295 -0.009434965 0.03187916 0.01513097 -0.01012435 0.0315012 0.01468705 -0.01150294 0.03097928 0.01496999 -0.01079022 0.03121269 0.01432428 -0.01214468 0.03083648 0.01330217 -0.01332265 0.03078065 0.01383932 -0.01278378 0.03076663 0.01266733 -0.01380712 0.03087986 0.01132057 -0.01444854 0.03131263 0.01202406 -0.01417129 0.03105166 0.01066638 -0.01460269 0.03162418 0.009400514 -0.01460571 0.03245327 0.009988487 -0.01465643 0.03202547 0.008834329 -0.0144495 0.03296095 0.008379425 -0.01421492 0.03347174 0.007985438 -0.01387765 0.03404424 0.01579494 -0.008310924 0.03315929 0.01594939 -0.008946653 0.03261772 0.01598858 -0.009618456 0.03215498 0.01590984 -0.01037747 0.03173317 0.01572172 -0.01111196 0.03140933 0.01539803 -0.01189997 0.03114591 0.01498739 -0.01261144 0.03098378 0.01444218 -0.01332224 0.03090354 0.01384133 -0.01392382 0.03091798 0.01313406 -0.01446724 0.03102843 0.01241977 -0.01487834 0.03122056 0.01164082 -0.01519444 0.03151226 0.01091816 -0.01537382 0.03185958 0.01017068 -0.01544223 0.03230523 0.009523096 -0.01539341 0.0327781 0.008899651 -0.01522674 0.03333646 0.00839825 -0.01497092 0.03389549 0.007962854 -0.01459913 0.03451926 0.01664004 -0.008103793 0.03326531 0.01681237 -0.008836906 0.03264672 0.01684966 -0.009610133 0.0321196 0.0167496 -0.01048125 0.03164076 0.01652487 -0.01132178 0.03127447 0.01614578 -0.0122215 0.03097745 0.01567013 -0.01303278 0.03079506 0.01504302 -0.01384342 0.03070483 0.01435492 -0.01453073 0.03072084 0.01354678 -0.01515392 0.03084458 0.01273107 -0.01562829 0.0310603 0.01184077 -0.01599666 0.03138873 0.01101329 -0.01620941 0.03178105 0.01015541 -0.01629566 0.0322862 0.009410561 -0.01624562 0.03282394 0.008692604 -0.0160581 0.03346042 0.008115537 -0.01576488 0.03409832 0.007616145 -0.01533546 0.03480959 0.01298682 -0.00364245 0.03923481 0.01172741 -0.002226973 0.04110473 0.01221771 -0.003987705 0.03898055 0.01096014 -0.002576786 0.04084696 0.01147582 -0.004014422 0.03850698 0.01022186 -0.00260965 0.04036595 0.006428962 -0.01399237 0.03675899 0.006776503 -0.01325997 0.03646391 0.006802711 -0.01254492 0.03598194 0.00330699 -0.01047347 0.04161703 0.003657329 -0.00975108 0.04131021 0.003693298 -0.009052394 0.04081095 0.003467329 -0.008751581 0.04118854 0.003409693 -0.009420122 0.04172365 0.00302472 -0.01009405 0.04209004 0.003242565 -0.008278497 0.04171002 0.003121141 -0.007719013 0.04224294 0.003117126 -0.007146452 0.04271263 0.003229895 -0.006499046 0.04316182 0.003766856 -0.005207821 0.0438063 0.003438095 -0.00588016 0.04351312 0.004161347 -0.004591897 0.04398734 0.005201134 -0.003415274 0.04404536 0.004661832 -0.003965647 0.04407247 0.005812163 -0.00290717 0.04390455 0.007074684 -0.002176034 0.04332599 0.006423333 -0.002502121 0.04366856 0.007674051 -0.001973534 0.04293407 0.008836198 -0.001886566 0.0419677 0.008296491 -0.001871351 0.04245119 0.009370955 -0.002020631 0.04142229 0.009815447 -0.002253125 0.04090703 0.003163088 -0.008897081 0.04229286 0.003029646 -0.008275743 0.04287284 0.003025381 -0.007637804 0.04338295 0.003150373 -0.006914896 0.04387018 0.003381657 -0.006223011 0.04425104 0.003747824 -0.005471151 0.044569 0.004188278 -0.004782717 0.04476573 0.004748294 -0.004083593 0.04485903 0.005352825 -0.003470323 0.04483119 0.006038653 -0.002905577 0.04468074 0.006725106 -0.00245681 0.04442745 0.007456645 -0.002097012 0.04405897 0.00812916 -0.001874853 0.04363671 0.008826176 -0.001764085 0.04311551 0.009428671 -0.001782451 0.04259249 0.01002306 -0.001930971 0.04200072 0.0105143 -0.002186451 0.04143942 0.002746274 -0.009492929 0.04273996 0.002600009 -0.008778495 0.04339985 0.002602594 -0.008045931 0.04397781 0.002753745 -0.00721766 0.04452749 0.00302488 -0.006426848 0.04495561 0.003448801 -0.005569214 0.04531222 0.003955103 -0.004784884 0.04553296 0.004596106 -0.003988417 0.04563868 0.005286508 -0.003288802 0.0456098 0.006069311 -0.002642532 0.0454447 0.006853499 -0.00212626 0.04516452 0.007690874 -0.001708809 0.04475455 0.00846282 -0.001447258 0.04428199 0.009265338 -0.001311723 0.04369508 0.009960856 -0.001325301 0.04310242 0.01064789 -0.001489467 0.04242795 0.01121507 -0.001779463 0.04178518 -0.003124726 0.04112083 0.0005001573 0.0004294492 0.03771881 -0.004034248 0.001810267 0.03632976 -0.005774667 -0.01049633 0.03940716 -0.003999658 -0.0108445 0.03979201 -0.003448317 -0.01105879 0.04018721 -0.002898332 -0.0111621 0.04063306 -0.002288664 -0.01116508 0.04067734 -0.002228392 -0.01113942 0.04105156 -0.001718466 -0.01098762 0.04149397 -0.001107351 -0.009302786 0.04275178 0.0009219851 -0.009878832 0.04252758 0.0004769371 -0.01073293 0.04187692 -0.0005597009 -0.01064297 0.04197717 -0.0004114075 -0.01034578 0.04224103 -5.630504e-06 -0.007300002 0.04290583 0.001760844 -0.009095811 0.04280725 0.001053487 -0.00868487 0.04288581 0.00127918 -0.00798563 0.04293815 0.001571449 -0.005152994 0.04235482 0.001759581 -0.00695231 0.04286136 0.001822605 -0.006553084 0.04278847 0.001865345 -0.005867218 0.04261062 0.001866121 -0.004776333 0.04218943 0.001652094 -0.004526861 0.04206729 0.001558012 -0.003428955 0.04137779 0.0008400826 -0.003924655 0.04172482 0.001238317 -0.005544903 0.03471186 -0.01033058 -0.009088245 0.0381206 -0.005815381 0.00215336 0.03590899 -0.006307422 0.002369884 0.03552609 -0.006866409 0.002482484 0.03513731 -0.00751073 0.002486473 0.03510308 -0.007571344 0.002472942 0.03480034 -0.008136064 0.00127914 0.03373835 -0.01056683 0.0007097201 0.03356625 -0.01104264 0.002338586 0.03447057 -0.008812382 0.002100373 0.03419689 -0.009425025 0.002020536 0.03413078 -0.00958035 0.001729599 0.03394138 -0.010042 -0.001302954 0.03334429 -0.01183652 0.0005111191 0.03352113 -0.01117436 9.883955e-05 0.03344646 -0.01140351 -0.000607051 0.03336832 -0.01168092 -0.001652131 0.03335101 -0.01187544 -0.002066377 0.03337549 -0.01188947 -0.002774153 0.03346162 -0.01183381 -0.003503741 0.03361799 -0.01166712 -0.003878226 0.03373083 -0.01153385 -0.004148426 0.03382902 -0.01141474 -0.004756487 0.03411594 -0.01106143 -0.005252138 0.0344475 -0.01065328 0.01488247 0.03375395 0.01844234 0.0182767 0.03019551 0.01390544 0.01955694 0.02875518 0.01213016 0.01045573 0.03776725 0.01197528 0.01009626 0.0381293 0.01253475 0.009846305 0.03842302 0.01313127 0.009677288 0.03867774 0.01382963 0.009666308 0.03869893 0.01390057 0.00961295 0.03884875 0.01451329 0.009640863 0.03895419 0.01527509 0.01056477 0.03846258 0.01800339 0.01022302 0.03872909 0.01737703 0.009752712 0.03897011 0.01598126 0.009797904 0.0389597 0.01617615 0.00995694 0.0388938 0.01671741 0.0118099 0.03722503 0.01929052 0.01068984 0.03835434 0.01819274 0.01094088 0.03812366 0.01852403 0.01137526 0.03769062 0.01897223 0.0132507 0.03556466 0.01957432 0.01203401 0.03697558 0.01940983 0.01229489 0.03667918 0.0195128 0.01275384 0.03614704 0.01960363 0.01352317 0.03524657 0.01950114 0.01370871 0.03503177 0.01942738 0.01459935 0.03404387 0.01877388 0.01417861 0.03449925 0.0191485 0.01520953 0.03284782 0.0056631 0.0118354 0.03641009 0.01018938 0.01988862 0.02836336 0.01156886 0.02014968 0.02808021 0.01097084 0.02036615 0.02787336 0.01027131 0.02038236 0.02785952 0.01020493 0.02050073 0.02777222 0.009581143 0.02022706 0.02823553 0.006722459 0.01992678 0.02854659 0.006095306 0.0205643 0.02776098 0.008819538 0.02054166 0.02783713 0.008111962 0.02052215 0.02787014 0.007929205 0.02042532 0.02800454 0.007375851 0.01862438 0.02972556 0.004813058 0.01981275 0.02865815 0.005912602 0.01956392 0.0288935 0.005579806 0.01910655 0.02930651 0.005130829 0.01837257 0.02994069 0.004695619 0.01806618 0.03020076 0.004591275 0.0175252 0.03065977 0.004501205 0.01694642 0.03115834 0.004532566 0.01664143 0.03142773 0.004604283 0.01641805 0.03162946 0.004683281 0.01590451 0.03211358 0.004963983 0.01547268 0.03255439 0.005340005 0.01758852 0.01319766 0.03489129 0.02079233 0.009609476 0.03024079 0.02198813 0.008195502 0.02838716 0.01880312 0.02048363 0.03009914 0.01842139 0.02083234 0.03065231 0.01807903 0.02105569 0.03123324 0.01773662 0.02117675 0.03190351 0.01770467 0.02118185 0.031971 0.01744689 0.02117616 0.03254914 0.01716545 0.02105199 0.03325455 0.01642947 0.01945668 0.03558956 0.01656285 0.02001715 0.03509131 0.01693673 0.02082375 0.03389253 0.01687847 0.020741 0.03406543 0.01672702 0.0204631 0.03453706 0.01628457 0.01745547 0.03643378 0.01639432 0.01925319 0.03573296 0.01634033 0.01884647 0.03597305 0.0162896 0.01814751 0.03626626 0.01657053 0.01526299 0.03627725 0.01629845 0.01710253 0.03647762 0.01632846 0.01669594 0.03649524 0.01641797 0.01599492 0.03644427 0.01668084 0.01487688 0.0361375 0.01676768 0.01462135 0.03602274 0.01733977 0.0135033 0.03523603 0.01703456 0.01400617 0.03565876 0.0232985 0.01549791 0.0236511 0.02011686 0.01908021 0.02829933 0.0223363 0.007839952 0.02781188 0.02269253 0.007618853 0.02723727 0.02309293 0.007508246 0.02659976 0.02313002 0.007504747 0.02654081 0.02347027 0.007524715 0.02599807 0.02476117 0.008757791 0.02370139 0.02494627 0.009329442 0.0232332 0.02386321 0.007669908 0.02535876 0.02420149 0.007919204 0.02478395 0.02428389 0.008001836 0.02463817 0.02451862 0.008300552 0.02420308 0.02501926 0.01131656 0.02235205 0.02498843 0.009527533 0.02309974 0.02504682 0.009937021 0.02286106 0.02507141 0.01063372 0.02255228 0.02496826 0.01165813 0.0222872 0.02488787 0.01206279 0.02224042 0.02470279 0.01275359 0.02223811 0.02444959 0.01346656 0.02234808 0.02429379 0.01383368 0.02245619 0.02416945 0.01409939 0.02255998 0.02384702 0.01470136 0.02289249 0.0235263 0.01519887 0.02330698 -0.04006496 0.009278784 -0.003104806 -0.03658437 0.006182561 -0.007907473 -0.03516457 0.004980939 -0.009752863 -0.04092668 0.001639927 0.0011883 -0.04130132 0.002047586 0.001704797 -0.04165259 0.002517873 0.00210482 -0.04201587 0.003102498 0.002432539 -0.04205017 0.003163651 0.002458735 -0.04232724 0.003704186 0.002636991 -0.04262324 0.004405793 0.002748196 -0.04310869 0.007222542 0.002140564 -0.0431033 0.006523305 0.002442559 -0.04284588 0.005085402 0.002748542 -0.04289763 0.00527816 0.002731226 -0.04301645 0.005826327 0.002641803 -0.04263259 0.008892552 0.0008279498 -0.04309078 0.007443262 0.002021528 -0.04303019 0.007843388 0.001772108 -0.04286267 0.008425568 0.001313739 -0.04156865 0.009735133 -0.0009245744 -0.04249406 0.009093083 0.0005685686 -0.04231823 0.00929383 0.0002598531 -0.04197643 0.009563544 -0.0002991366 -0.04133193 0.009774215 -0.001275597 -0.04116644 0.009777411 -0.001517688 -0.04033717 0.009494103 -0.002712799 -0.04073492 0.009694187 -0.002141397 -0.03612206 -0.002674347 -0.005515851 -0.03960919 0.0004121129 -0.0007330203 -0.03475409 0.00457784 -0.01025047 -0.03441535 0.004103966 -0.0106587 -0.03410945 0.003508279 -0.01102004 -0.03408457 0.003449806 -0.01104874 -0.03388091 0.00288592 -0.01127521 -0.0335189 -6.326743e-08 -0.0113161 -0.03356621 -0.0007095042 -0.01104277 -0.03369791 0.002164787 -0.0114504 -0.03358525 0.001464556 -0.01151331 -0.03356468 0.001278956 -0.01151315 -0.03352375 0.0007045715 -0.01146791 -0.0339732 -0.00236262 -0.009689278 -0.03359196 -0.0009239949 -0.0109325 -0.03365713 -0.001326713 -0.01068424 -0.03379944 -0.0019057 -0.01020899 -0.03407263 -0.002553768 -0.009411679 -0.03420168 -0.002748976 -0.009068699 -0.03445291 -0.003003469 -0.00844936 -0.03476055 -0.003155598 -0.007766173 -0.03494266 -0.003184808 -0.007396415 -0.03508674 -0.003182106 -0.00712061 -0.03546163 -0.003086759 -0.006466963 -0.03584311 -0.00288206 -0.005888382 -0.03735891 -0.01127751 0.01334415 -0.03406874 -0.01440348 0.008427872 -0.03273338 -0.01557874 0.006504142 -0.03257929 -0.01564369 0.01931216 -0.03297619 -0.01524937 0.01982235 -0.03341987 -0.01484946 0.02020679 -0.03395654 -0.01439849 0.02050642 -0.03401181 -0.01435344 0.02052917 -0.0344933 -0.01396841 0.02067284 -0.03509865 -0.01349641 0.02072765 -0.037244 -0.01178335 0.01972673 -0.03676347 -0.01218864 0.02015684 -0.03566187 -0.01306096 0.02065982 -0.03581706 -0.01294054 0.0206205 -0.03624636 -0.01260437 0.02046145 -0.03815793 -0.01087701 0.01797121 -0.0373863 -0.01165789 0.01956175 -0.03763074 -0.01143381 0.01922113 -0.03794833 -0.01111755 0.01860777 -0.03824881 -0.01056654 0.01577836 -0.03822962 -0.01077997 0.01763636 -0.03828467 -0.0106894 0.01724229 -0.0383123 -0.01058858 0.0165415 -0.03817426 -0.01059548 0.01536076 -0.03810747 -0.01063301 0.01507768 -0.03759675 -0.01104647 0.01374935 -0.03787896 -0.0107989 0.01436886 -0.02803309 -0.02002426 0.01247215 -0.03132773 -0.01691776 0.01737693 -0.03230641 -0.01594557 0.00599255 -0.0318725 -0.01635739 0.005607727 -0.03138267 -0.01685684 0.005308405 -0.03133691 -0.01690497 0.005287151 -0.03091137 -0.01736159 0.005141717 -0.02898479 -0.0194778 0.005662838 -0.02854671 -0.01992665 0.006095127 -0.030399 -0.01792629 0.005088822 -0.02992542 -0.01845337 0.005158678 -0.02980294 -0.01858935 0.005195817 -0.02943044 -0.01899941 0.005359317 -0.02757832 -0.02077163 0.00784972 -0.02841629 -0.02005461 0.006254638 -0.02817423 -0.02028319 0.006597008 -0.02783457 -0.02057848 0.007212461 -0.02747693 -0.02083633 0.0081799 -0.02738 -0.02088695 0.008580443 -0.02727532 -0.02090965 0.009287545 -0.02725739 -0.02084737 0.01004934 -0.0272903 -0.02077886 0.01045549 -0.02733533 -0.02071217 0.01075609 -0.02751911 -0.02049898 0.01146154 -0.02778949 -0.02023758 0.01207859 -0.01498671 -0.02315332 0.02440897 -0.01457115 -0.02349119 0.02386883 -0.0140927 -0.02380327 0.02344498 -0.01349901 -0.02412078 0.02309045 -0.01344103 -0.02414852 0.02306342 -0.01288358 -0.02438971 0.02285892 -0.01003687 -0.02498062 0.02295213 -0.009329658 -0.02494631 0.02323307 -0.01217328 -0.02463587 0.02272074 -0.01148413 -0.02481313 0.02269567 -0.01130133 -0.02484999 0.02270537 -0.01073472 -0.02493626 0.02277717 -0.007650982 -0.02439035 0.0244993 -0.009114658 -0.02491759 0.0233416 -0.008709148 -0.02483615 0.02358033 -0.008120974 -0.02464029 0.02402421 -0.007452236 -0.02424664 0.02475096 -0.007247435 -0.02406168 0.02506119 -0.006975966 -0.0237115 0.02562256 -0.006807224 -0.02330703 0.02624903 -0.006770642 -0.02308196 0.02659362 -0.006768859 -0.02291173 0.02685411 -0.006858113 -0.02250134 0.02748695 -0.007064671 -0.02213069 0.02807188 -0.007278656 -0.0218883 0.02846583 -0.01040408 -0.01862827 0.03338169 -0.01162723 -0.0172836 0.03528709 -0.01203543 -0.01691208 0.03580542 -0.01251478 -0.01661364 0.03623639 -0.01311715 -0.01635381 0.03662471 -0.01318042 -0.01633184 0.03665813 -0.01374093 -0.01617121 0.03690459 -0.01447016 -0.01603619 0.03711009 -0.01737644 -0.01607255 0.03680814 -0.01666162 -0.01598713 0.03705693 -0.01517623 -0.01596776 0.03720078 -0.01537619 -0.01595801 0.03720806 -0.01594365 -0.01595161 0.03718449 -0.01904802 -0.01655781 0.03550088 -0.01760065 -0.01611079 0.036701 -0.01800499 -0.01619595 0.03646598 -0.01858744 -0.01636508 0.03600855 -0.01984512 -0.0173567 0.0335931 -0.0192433 -0.01666575 0.03522358 -0.01943669 -0.0167987 0.03488975 -0.01969125 -0.01705215 0.03427901 -0.01987476 -0.01753834 0.03320981 -0.0198719 -0.01766853 0.03294704 -0.01935172 -0.01864439 0.03128633 -0.01956845 -0.01838039 0.03168315 -0.0197757 -0.01802446 0.03227905 -0.01622149 -0.02192677 0.02636756 -0.007220454 -0.02261114 0.02896057 -0.006837103 -0.02314607 0.02954158 -0.007006458 -0.02285788 0.02856178 -0.006202457 -0.02339 0.03009691 -0.006603946 -0.02341881 0.02910542 -0.005934842 -0.02370518 0.02959786 -0.006798693 -0.02323185 0.02796775 -0.006706907 -0.02364399 0.02732057 -0.00674329 -0.02404113 0.02669601 -0.006913097 -0.02444905 0.02604279 -0.007609277 -0.02513988 0.02485616 -0.007191008 -0.02480425 0.02545192 -0.008100963 -0.02539699 0.02435023 -0.00937576 -0.02571634 0.0235086 -0.008720218 -0.02560025 0.02387724 -0.01012324 -0.02575528 0.02321311 -0.01164574 -0.025592 0.02295262 -0.01085916 -0.02571367 0.02303247 -0.01236442 -0.02541518 0.02298453 -0.01373248 -0.02489918 0.02337435 -0.01309977 -0.02516886 0.02313302 -0.01433969 -0.02457966 0.02373754 -0.01482804 -0.02426355 0.02416704 -0.01525323 -0.02391765 0.02471136 -0.006378975 -0.02382912 0.02845298 -0.006282215 -0.02427834 0.02773874 -0.006326826 -0.02470934 0.02704648 -0.006519386 -0.02515103 0.0263198 -0.006831612 -0.02553538 0.02566062 -0.007300088 -0.02589889 0.02499465 -0.007850053 -0.02617815 0.02442838 -0.008542169 -0.02640022 0.02389868 -0.009274375 -0.02652885 0.0234858 -0.01010868 -0.02657508 0.02315487 -0.01092934 -0.02653445 0.02295237 -0.01180542 -0.02640754 0.02286212 -0.01260465 -0.02622009 0.02289592 -0.01342084 -0.02595641 0.02305816 -0.01412148 -0.02566533 0.02332219 -0.01479208 -0.02531749 0.02371912 -0.01532969 -0.0249702 0.02418786 -0.0157959 -0.02458645 0.02478138 -0.00567958 -0.02417842 0.02884943 -0.005575221 -0.02469463 0.0280294 -0.00563517 -0.02518759 0.02723535 -0.005866141 -0.02569029 0.02640343 -0.006232794 -0.02612579 0.02565038 -0.006776817 -0.0265363 0.02489083 -0.007410846 -0.02685112 0.02424539 -0.008204916 -0.02710165 0.02364105 -0.009042508 -0.02724755 0.02316852 -0.009995646 -0.02730153 0.02278723 -0.01093323 -0.02725805 0.0225506 -0.01193529 -0.02711726 0.02243997 -0.01285113 -0.02690703 0.02247072 -0.01378828 -0.02660886 0.02264799 -0.01459395 -0.02627729 0.02294364 -0.01536511 -0.02587853 0.02339314 -0.01598186 -0.0254784 0.02392739 -0.01651341 -0.02503487 0.02460594 -0.009355008 -0.02009536 0.03507072 -0.01058842 -0.01873638 0.03699897 -0.00998629 -0.01986034 0.0345036 -0.01121861 -0.01850509 0.03642723 -0.01036014 -0.01933753 0.0339017 -0.01158887 -0.01798728 0.03581707 -0.01775769 -0.02379365 0.02658699 -0.01703904 -0.02334758 0.0267568 -0.01649311 -0.02268414 0.02667882 -0.02091271 -0.02047266 0.03156161 -0.02019079 -0.02003308 0.03171752 -0.01963632 -0.01938368 0.03161974 -0.01985687 -0.01911381 0.03202304 -0.02043177 -0.01973623 0.03215979 -0.02118727 -0.02013304 0.03206821 -0.02006873 -0.01874618 0.03262822 -0.02016831 -0.01837322 0.03330848 -0.02014179 -0.01804156 0.0339701 -0.01998282 -0.0177133 0.03467763 -0.01930734 -0.01717464 0.0359522 -0.01971681 -0.01743754 0.03531244 -0.0188194 -0.01696541 0.0364869 -0.01753239 -0.01665779 0.0373342 -0.0182005 -0.0167849 0.03697094 -0.01677437 -0.01657636 0.03759903 -0.0152127 -0.0165849 0.03775504 -0.01601673 -0.01655162 0.03773555 -0.01447942 -0.01667247 0.03766292 -0.01309371 -0.01702918 0.03716836 -0.01372937 -0.01682881 0.03745307 -0.01248433 -0.01730398 0.03677524 -0.01200118 -0.01761138 0.03634028 -0.02066117 -0.01932903 0.03282307 -0.02076524 -0.01891268 0.03356877 -0.02072948 -0.01853997 0.03429472 -0.02054614 -0.01816931 0.03507229 -0.02024448 -0.01785721 0.03577146 -0.01978321 -0.01755989 0.03647807 -0.01923563 -0.01732435 0.0370708 -0.01854291 -0.01712314 0.03761001 -0.01779672 -0.01698416 0.03801772 -0.01695176 -0.01689899 0.0383189 -0.01610879 -0.01687897 0.03847945 -0.01521597 -0.01692543 0.03851229 -0.01440335 -0.017032 0.03842154 -0.01357393 -0.01721482 0.03820156 -0.01287255 -0.01744376 0.03789736 -0.01220162 -0.01775242 0.03747296 -0.01167074 -0.01809305 0.03699989 -0.02144508 -0.01966684 0.03282813 -0.02155596 -0.01919047 0.03368139 -0.02150549 -0.0187648 0.0345102 -0.02128531 -0.01834254 0.03539578 -0.02093194 -0.0179879 0.03619048 -0.02039813 -0.01765081 0.03699287 -0.01976922 -0.01738419 0.03766639 -0.01897743 -0.01715655 0.03828094 -0.01812691 -0.01699915 0.03874869 -0.01716479 -0.01690229 0.03909888 -0.01620446 -0.0168789 0.03929178 -0.01518547 -0.01693066 0.039342 -0.01425546 -0.01705092 0.0392512 -0.01330311 -0.01725846 0.03901282 -0.01249526 -0.01751957 0.03867463 -0.01172091 -0.01787288 0.03819564 -0.01110826 -0.0182636 0.03765624 -0.02852232 -0.02074536 0.01257857 -0.02871705 -0.02152778 0.01292581 -0.02827835 -0.02096087 0.0121789 -0.02857977 -0.02222075 0.01344698 -0.02845215 -0.02176522 0.01248715 -0.02827734 -0.02249534 0.01294385 -0.02800428 -0.02122328 0.01155286 -0.02781272 -0.0214357 0.01083501 -0.02772511 -0.02156861 0.01011129 -0.02773312 -0.02162628 0.009324805 -0.02802878 -0.02146963 0.007822135 -0.02783148 -0.02159643 0.008588625 -0.02829092 -0.02126193 0.007149846 -0.02903726 -0.02056998 0.005966793 -0.02864468 -0.02094732 0.006498396 -0.0295021 -0.02009802 0.005509906 -0.03050139 -0.01903276 0.004981574 -0.02997603 -0.01959854 0.005190759 -0.03100132 -0.01849079 0.004909966 -0.03202683 -0.01740139 0.005136551 -0.03153788 -0.01791418 0.004965469 -0.03253031 -0.01689479 0.005440808 -0.0329728 -0.01647556 0.005829817 -0.03340578 -0.01609799 0.006346242 -0.02815347 -0.02205124 0.01179894 -0.0279432 -0.02227869 0.01100815 -0.02784551 -0.02241638 0.0102091 -0.0278521 -0.02246899 0.009338799 -0.02795846 -0.02242514 0.008522407 -0.02817474 -0.02227376 0.007670682 -0.02846423 -0.02203486 0.006922204 -0.02885696 -0.02167899 0.006195536 -0.02929449 -0.02125642 0.005601279 -0.02981398 -0.02073152 0.005089096 -0.03034446 -0.02017878 0.004729661 -0.03093267 -0.01955498 0.004491619 -0.03149179 -0.01895902 0.004406345 -0.03209032 -0.01832597 0.004461308 -0.03263352 -0.01776321 0.004644572 -0.03318978 -0.01720661 0.004974716 -0.03367535 -0.01674463 0.005399162 -0.03414667 -0.01632631 0.005964624 -0.027938 -0.02282384 0.01215251 -0.02770204 -0.02308147 0.0112427 -0.02759624 -0.02323326 0.01032461 -0.02761073 -0.02328516 0.009326995 -0.02773847 -0.02322655 0.008393498 -0.02799099 -0.02304515 0.007421522 -0.02832507 -0.02276601 0.00656819 -0.02877538 -0.02235525 0.005739318 -0.02927525 -0.02187084 0.005059897 -0.02986776 -0.02127128 0.004471492 -0.03047266 -0.02064074 0.004054992 -0.03114394 -0.01992882 0.003774405 -0.03178293 -0.01924748 0.003667785 -0.032468 -0.01852193 0.003721109 -0.03309033 -0.01787527 0.003923608 -0.03372737 -0.01723444 0.00429677 -0.03428208 -0.01670224 0.004781487 -0.03481775 -0.01622107 0.005430525 -0.03190729 -0.01908619 0.01841026 -0.0331712 -0.01780077 0.02036896 -0.03204037 -0.01839915 0.0178758 -0.03330289 -0.01711612 0.01982913 -0.03183383 -0.01762641 0.01750756 -0.03309192 -0.01634728 0.01945246 -0.03616453 -0.01503452 0.007377756 -0.03549099 -0.01514085 0.007906261 -0.0347462 -0.01491658 0.008279446 -0.0394831 -0.01187818 0.01235315 -0.03880342 -0.01198796 0.01286764 -0.03804891 -0.0117746 0.01321965 -0.03829019 -0.01153842 0.01363211 -0.03906694 -0.01172876 0.01332059 -0.03978397 -0.01158244 0.01287217 -0.03857525 -0.0112814 0.01426374 -0.03880474 -0.01110335 0.01498996 -0.03894492 -0.01102516 0.01571293 -0.0390042 -0.01103702 0.01650663 -0.03882983 -0.01132252 0.01800964 -0.03896911 -0.01113301 0.01724103 -0.0386042 -0.01157263 0.01868366 -0.03785593 -0.01228215 0.01986925 -0.03826547 -0.01190755 0.01933405 -0.03735072 -0.01271933 0.02032202 -0.03620706 -0.01366018 0.0208417 -0.03681136 -0.01316846 0.02063926 -0.03563013 -0.01412582 0.02090636 -0.03447498 -0.01507485 0.0206676 -0.03501564 -0.0146253 0.02084329 -0.03393704 -0.01554032 0.02035877 -0.03349239 -0.01594841 0.01996779 -0.03937536 -0.01144533 0.01401552 -0.03961974 -0.01124721 0.01481631 -0.03976461 -0.01115835 0.01561526 -0.03981879 -0.01116861 0.01649422 -0.03976979 -0.01127278 0.01730908 -0.03960596 -0.01148183 0.01816344 -0.03934908 -0.0117601 0.01891392 -0.03896914 -0.01213498 0.01963932 -0.03851392 -0.01255618 0.02023739 -0.03795589 -0.01304937 0.02074464 -0.03736294 -0.0135571 0.02110157 -0.03670108 -0.01411335 0.02133157 -0.03607098 -0.01463964 0.02140855 -0.03540122 -0.01520273 0.02134458 -0.03481257 -0.01570738 0.02115563 -0.03422676 -0.01622674 0.02082002 -0.03374163 -0.01667858 0.02039324 -0.04013355 -0.01126083 0.01366944 -0.0404068 -0.01103887 0.01458778 -0.04056461 -0.01094284 0.01550241 -0.04061739 -0.01096094 0.01650636 -0.04055355 -0.01108544 0.01743513 -0.04035993 -0.011329 0.01840755 -0.04006324 -0.01164983 0.01926154 -0.03962915 -0.0120797 0.0200881 -0.03911211 -0.01256135 0.02077192 -0.03848007 -0.01312483 0.02135564 -0.03780888 -0.01370529 0.02177106 -0.03705879 -0.01434234 0.02204502 -0.03634289 -0.01494658 0.02214503 -0.03557935 -0.01559484 0.02208479 -0.03490581 -0.01617713 0.02187873 -0.03423339 -0.01677696 0.02150198 -0.03367551 -0.01729818 0.02101613 -0.03686021 -0.002983218 -0.005876947 -0.03750481 -0.003568943 -0.005986887 -0.03657911 -0.003191319 -0.006255604 -0.03793166 -0.004318676 -0.005824488 -0.03719892 -0.003796412 -0.006403617 -0.03758286 -0.004580524 -0.006303845 -0.03619108 -0.00339667 -0.00684139 -0.03580412 -0.003492776 -0.007503324 -0.03546166 -0.003465774 -0.008159911 -0.03513301 -0.003309569 -0.00885958 -0.03460999 -0.002642179 -0.0101445 -0.03486051 -0.003045847 -0.009498894 -0.0344186 -0.00216177 -0.01068893 -0.03416489 -0.000898235 -0.01156901 -0.0342626 -0.001550622 -0.01118961 -0.03411736 -0.0001492772 -0.01185947 -0.034201 0.001386877 -0.01207331 -0.03412813 0.000591934 -0.01202204 -0.03432708 0.002114269 -0.01201168 -0.03476596 0.003495558 -0.01157668 -0.03452506 0.00285791 -0.01183487 -0.03508171 0.004103418 -0.01121128 -0.0354259 0.004586949 -0.01079823 -0.0358387 0.005000664 -0.01029309 -0.03677333 -0.004018761 -0.007047112 -0.03634484 -0.004119078 -0.007773497 -0.03596213 -0.004082753 -0.008494047 -0.03559191 -0.003902455 -0.009262593 -0.035283 -0.003603173 -0.009965968 -0.03499785 -0.00314814 -0.01067784 -0.03477965 -0.002608653 -0.01127987 -0.03460206 -0.001924168 -0.01183563 -0.0344915 -0.001195061 -0.01225909 -0.03443873 -0.000359632 -0.0125862 -0.03445249 0.0004656305 -0.01277295 -0.03453646 0.001349083 -0.01283805 -0.03467943 0.002155945 -0.0127782 -0.03490143 0.002979283 -0.01259154 -0.0351689 0.003683977 -0.01231368 -0.03551635 0.004354642 -0.01191652 -0.0358921 0.004887368 -0.01146445 -0.03633984 0.005342602 -0.01090841 -0.03709655 -0.004833541 -0.007044615 -0.03660648 -0.004942387 -0.007879955 -0.03616904 -0.004891964 -0.008706533 -0.03574648 -0.004674742 -0.009585396 -0.03539444 -0.004322408 -0.01038733 -0.03506977 -0.003793114 -0.01119718 -0.03482128 -0.003170464 -0.01188147 -0.03461847 -0.002384584 -0.01251377 -0.03449123 -0.001550193 -0.01299723 -0.03442875 -0.0005955958 -0.01337353 -0.03444128 0.0003472948 -0.01359204 -0.03453302 0.001357774 -0.01367393 -0.03469213 0.002282384 -0.01361324 -0.03494143 0.003227917 -0.01340734 -0.03524363 0.004038631 -0.01309448 -0.03563782 0.004810569 -0.0126423 -0.03606512 0.005422658 -0.01212397 -0.03657445 0.005942922 -0.01148396 -0.04145922 -0.001206089 -0.0009871123 -0.04279223 3.178232e-05 0.0009563466 -0.04102553 -0.0004600744 -0.001162516 -0.04235604 0.0007764872 0.0007756031 -0.04036626 0.0001165871 -0.001071969 -0.04169111 0.001349673 0.0008582779 -0.03800907 0.007154018 -0.009616205 -0.03777045 0.006552842 -0.009045313 -0.03726415 0.00620761 -0.008438075 -0.04152589 0.01027544 -0.004756301 -0.04127755 0.009671547 -0.004197417 -0.04075863 0.009317534 -0.003610806 -0.04103464 0.009537026 -0.003211107 -0.0415796 0.009911632 -0.003758198 -0.0418717 0.01054894 -0.004253322 -0.04143611 0.009743085 -0.002625755 -0.04187117 0.009832007 -0.001981869 -0.04227766 0.009792644 -0.00136408 -0.04269179 0.009618942 -0.0007068517 -0.0433646 0.008920448 0.0004891281 -0.04304107 0.00934032 -0.0001151148 -0.04360337 0.008427444 0.001006525 -0.04386422 0.007148454 0.001881229 -0.04377929 0.007809329 0.001493257 -0.04386353 0.006404525 0.002194159 -0.04361019 0.004884854 0.002493577 -0.04377935 0.005665566 0.002394483 -0.04338827 0.004174627 0.002480154 -0.04278276 0.002831604 0.002131332 -0.0430931 0.003448398 0.002351628 -0.04242048 0.002237234 0.001789455 -0.04206895 0.00176165 0.001380353 -0.04201697 0.01013586 -0.003112582 -0.04248916 0.01023034 -0.002399598 -0.04292949 0.01018299 -0.001713253 -0.04337792 0.009986306 -0.0009812483 -0.04375662 0.009673217 -0.0003210865 -0.04410853 0.009202583 0.0003535472 -0.04436989 0.008650574 0.0009311491 -0.04456498 0.007958904 0.001473945 -0.04466291 0.007219759 0.001905699 -0.04466981 0.006388223 0.002252732 -0.04458696 0.005562908 0.002473543 -0.04441301 0.004691954 0.002581062 -0.04418112 0.003900839 0.002563723 -0.04386956 0.003093509 0.002419159 -0.04353922 0.002409524 0.002174362 -0.04315034 0.001752356 0.001796954 -0.04276953 0.001228379 0.001347422 -0.04237167 0.01080096 -0.003513193 -0.04290995 0.01090121 -0.002696198 -0.04341019 0.01083795 -0.001911063 -0.04391802 0.01060309 -0.001075609 -0.04434588 0.01023715 -0.000323803 -0.04474323 0.009693005 0.0004432887 -0.04503901 0.009059089 0.001099726 -0.04526156 0.008268178 0.001717263 -0.04537623 0.007424988 0.002210039 -0.04539033 0.006477059 0.002608708 -0.0453042 0.005535522 0.002865758 -0.04511599 0.004539945 0.002995922 -0.04486095 0.003633064 0.002984062 -0.04451426 0.002704587 0.002827202 -0.04414299 0.001915638 0.002553535 -0.04370206 0.001156316 0.002125879 -0.04326709 0.0005512639 0.001612394 0.02407734 0.01576609 0.02395465 0.02477025 0.01630351 0.02399628 0.0243086 0.01546184 0.02360874 0.0252437 0.01700663 0.02376797 0.0250257 0.01596962 0.02361914 0.02553919 0.0166242 0.02333618 0.02463147 0.01495628 0.02318915 0.0249541 0.0143428 0.02284757 0.02523364 0.01369379 0.02262451 0.02548596 0.01295662 0.02250257 0.02579933 0.01145284 0.02260466 0.02566991 0.01223645 0.02249637 0.0258484 0.01073197 0.02280902 0.02571209 0.009351037 0.02352308 0.02581886 0.009994364 0.02313086 0.02551923 0.008747407 0.02401906 0.02494418 0.007869941 0.02516443 0.02526896 0.008267228 0.02455079 0.02459994 0.007612866 0.02576792 0.02382115 0.007449253 0.02705498 0.02420209 0.007465059 0.02643375 0.02341672 0.007561576 0.02770807 0.02305497 0.007783974 0.02829336 0.02269733 0.008140701 0.02887779 0.02537911 0.01541298 0.02316098 0.02572865 0.01473527 0.02278706 0.02602864 0.01401624 0.02254212 0.02629682 0.01319754 0.02240783 0.02649009 0.01239608 0.02240102 0.02662336 0.01152262 0.02252114 0.02667023 0.01071808 0.02274833 0.02663217 0.00989406 0.02310676 0.02651176 0.009174797 0.02354413 0.02629897 0.008499398 0.02409756 0.02602527 0.007961588 0.02469084 0.02567156 0.007515816 0.02537491 0.02529729 0.007226195 0.02604655 0.02486464 0.00705751 0.02678571 0.02444955 0.007035381 0.02747314 0.0240071 0.007154599 0.02819305 0.02360895 0.007395777 0.02883544 0.02321203 0.007785205 0.02947393 0.02594634 0.01598375 0.02281339 0.0263464 0.01520246 0.0223899 0.02668695 0.01437405 0.02211623 0.02698851 0.01343271 0.02197103 0.02720338 0.01251347 0.02197125 0.02734905 0.01151385 0.02211594 0.02739733 0.0105944 0.0223805 0.0273501 0.00965296 0.0227928 0.02721114 0.008830286 0.02329283 0.02696868 0.008055658 0.02392365 0.02665802 0.007435973 0.02459924 0.02625655 0.006918693 0.02537862 0.02583088 0.006578859 0.02614493 0.02533717 0.00637634 0.0269898 0.0248617 0.006343305 0.02777676 0.02435308 0.006474171 0.02860133 0.02389417 0.006748287 0.02933629 0.02343615 0.007195377 0.03006432 0.02203065 0.02063466 0.02846326 0.02070398 0.02205646 0.03028115 0.02156483 0.01992078 0.02868411 0.02024134 0.02133821 0.0304993 0.02088283 0.01936684 0.0286257 0.01956382 0.02077761 0.03043443 0.02222721 0.008627844 0.03193513 0.02200481 0.009212802 0.0313413 0.02149489 0.009561649 0.03073918 0.01898844 0.01226201 0.03662907 0.01877102 0.01283498 0.03602645 0.01827377 0.01316732 0.03540919 0.0180194 0.01347821 0.03575957 0.01849143 0.01317654 0.0364098 0.01866893 0.01265383 0.03706698 0.0177032 0.01398982 0.03618916 0.01742097 0.01461819 0.03655967 0.01720706 0.01527796 0.03681926 0.01703624 0.0160366 0.03698927 0.01687621 0.01756794 0.03697111 0.01693177 0.01676898 0.03703924 0.01687624 0.01829968 0.03679134 0.01702766 0.01968811 0.03607141 0.01692909 0.01904087 0.03647866 0.017178 0.02028101 0.03554489 0.01759944 0.02112589 0.03429117 0.01736373 0.02075004 0.03496283 0.01785309 0.02136055 0.03363205 0.0184685 0.02148266 0.03225423 0.0181595 0.0214852 0.03290981 0.01882629 0.02135696 0.03157777 0.01917759 0.02112971 0.03099291 0.01814148 0.01373963 0.03687762 0.01782618 0.01443264 0.03727832 0.0175847 0.0151618 0.03755619 0.01738966 0.01600196 0.03773421 0.01726875 0.01681466 0.0377806 0.01720298 0.01770297 0.03769665 0.01720124 0.01851808 0.03749113 0.0172608 0.01934528 0.03714 0.01737404 0.02006911 0.03668658 0.01754787 0.02073371 0.03610348 0.01776297 0.02126108 0.03546131 0.01803544 0.02168562 0.03472245 0.01832731 0.02195297 0.03399908 0.01867742 0.02209863 0.0332079 0.01902734 0.02210236 0.03249067 0.01942835 0.02196963 0.031751 0.0198178 0.02172334 0.03111122 0.01826956 0.01330115 0.03759873 0.01791087 0.01409787 0.03805023 0.01763745 0.0149348 0.03835922 0.01741803 0.01589689 0.03855225 0.01728333 0.0168254 0.03859603 0.01721166 0.01783857 0.03849223 0.01721234 0.01876758 0.03825313 0.0172824 0.01971098 0.03785124 0.01741289 0.02053835 0.0373361 0.017612 0.02130127 0.03667579 0.01785794 0.02191074 0.03594911 0.01816959 0.02240646 0.03511205 0.01850389 0.02272399 0.03429044 0.0189057 0.02290397 0.03338877 0.01930805 0.0229193 0.03256837 0.01976965 0.0227761 0.03171966 0.02021778 0.02249805 0.03098426 0.01573945 0.03352823 0.005499137 0.01598249 0.03426235 0.005083583 0.01600783 0.03323139 0.005174234 0.01589181 0.03490871 0.004496504 0.01627894 0.03393843 0.00472837 0.01623366 0.03453902 0.004088489 0.01644467 0.03278289 0.004794896 0.0169627 0.03228573 0.004509234 0.0174971 0.03179662 0.004353307 0.01808607 0.03127334 0.004318187 0.01921812 0.03028029 0.004638022 0.01864088 0.03078703 0.004408847 0.01972072 0.02983213 0.004970249 0.02058446 0.02902278 0.005987274 0.02020094 0.02939106 0.005442858 0.02090397 0.02869615 0.006649686 0.02124457 0.02828958 0.008109545 0.02111686 0.0284577 0.007337988 0.02127419 0.02821793 0.008846282 0.02108202 0.02834621 0.01034175 0.02121491 0.02823715 0.009633414 0.02086532 0.02855978 0.01105598 0.02060187 0.02884648 0.01166531 0.02026442 0.02923936 0.01223846 0.01675924 0.03344547 0.004314924 0.01732701 0.03289488 0.00400541 0.01791202 0.03234987 0.003838977 0.01855702 0.03176408 0.003806435 0.01916555 0.03121805 0.003912647 0.01980026 0.03064825 0.004172622 0.02035481 0.03014429 0.004546253 0.02088707 0.02964888 0.005075592 0.02131475 0.02923616 0.005683772 0.02167421 0.02887128 0.006422272 0.02191724 0.028606 0.007188225 0.02206777 0.02841988 0.008045242 0.02210965 0.02834116 0.008862006 0.02205352 0.02836277 0.009732861 0.02191416 0.02848257 0.01051489 0.02168054 0.02871585 0.01130181 0.02139221 0.02902777 0.01197183 0.02101887 0.02945412 0.0126009 0.0167878 0.03397404 0.003616261 0.01744196 0.03334154 0.003267236 0.01811415 0.03271535 0.003085085 0.01885276 0.03204313 0.003058644 0.01954741 0.03141761 0.003190414 0.02027026 0.03076588 0.00349724 0.02090113 0.03018995 0.003930846 0.021507 0.02962363 0.004539718 0.02199516 0.02915093 0.005235709 0.0224077 0.02873134 0.006078629 0.02268939 0.02842401 0.006952212 0.02286747 0.02820529 0.007930287 0.02292169 0.02810872 0.008863905 0.02286374 0.02812619 0.00986136 0.02270839 0.02825721 0.01075867 0.02244263 0.02851918 0.01166226 0.02211114 0.02887318 0.01243083 0.02167945 0.02935937 0.01314984 0.01247872 0.03851476 0.00906589 0.01108295 0.03988902 0.01086853 0.01257966 0.03785985 0.009645797 0.01118819 0.03923082 0.01144577 0.0123504 0.03710984 0.01004617 0.01096463 0.03847456 0.01184025 0.02038266 0.03081639 0.01494117 0.01972535 0.03090649 0.01438973 0.01897694 0.03068584 0.01402166 0.01694565 0.03441564 0.01951963 0.0162969 0.03449449 0.01896139 0.01556406 0.03425946 0.01857874 0.01527495 0.03455366 0.01891636 0.01597877 0.03481693 0.01933102 0.01658121 0.0347852 0.0199415 0.01484234 0.03501431 0.01929967 0.01435454 0.03555355 0.01958784 0.01387432 0.03609576 0.01974226 0.01334866 0.03669256 0.01977578 0.01234144 0.03781091 0.0194506 0.01285981 0.03724231 0.01968309 0.01187707 0.03829975 0.01911421 0.01101936 0.03911872 0.01808339 0.01141527 0.03875775 0.01863787 0.01066518 0.03940486 0.01741703 0.01019631 0.03967093 0.01594305 0.01039574 0.03958407 0.01671805 0.01009495 0.039661 0.01520584 0.01016072 0.03938911 0.01371796 0.01008204 0.0395589 0.01441815 0.01034285 0.03913451 0.01300845 0.01060104 0.03883976 0.01240547 0.01549987 0.03532081 0.01974951 0.01495676 0.03591019 0.02006241 0.01441982 0.03650314 0.02022768 0.01383053 0.03715687 0.02025874 0.01328192 0.03776065 0.02015044 0.01270041 0.03838739 0.01988676 0.01218043 0.03892875 0.01950836 0.01166496 0.03943916 0.01897462 0.01122505 0.03984505 0.01835489 0.01083395 0.04017131 0.01761157 0.01053896 0.04038109 0.01683328 0.01032351 0.04049091 0.01597194 0.01021717 0.04049344 0.01515425 0.01020908 0.04039487 0.01428249 0.01030069 0.04021926 0.01350941 0.01050477 0.03994872 0.01272793 0.0107899 0.0396303 0.0120654 0.01603144 0.03536294 0.0204161 0.01540772 0.03603795 0.02076626 0.01479186 0.03671559 0.02094575 0.01411741 0.03746093 0.02097028 0.013491 0.038148 0.0208371 0.01282835 0.03886057 0.02052797 0.01223657 0.0394765 0.02009132 0.01165 0.04005885 0.01948041 0.01114876 0.0405247 0.01877422 0.01070174 0.04090317 0.01792886 0.01036262 0.04115155 0.01704382 0.01011238 0.04128874 0.01606295 0.009985832 0.04130364 0.01512947 0.00997079 0.0412034 0.01413118 0.01007087 0.04101207 0.01324317 0.01030098 0.04070937 0.01234356 0.0106262 0.0403475 0.01158052 -0.005562414 0.03539401 -0.01088286 -0.005897463 0.03588063 -0.01153218 -0.00526406 0.0351284 -0.01120865 -0.006485499 0.03607795 -0.01215343 -0.005569266 0.03559202 -0.0118899 -0.006108836 0.03574886 -0.01256553 -0.004760919 0.03479146 -0.01161999 -0.004143115 0.03449401 -0.01197633 -0.003484723 0.03426914 -0.01223142 -0.002733954 0.03409611 -0.01239979 -0.001201384 0.03395054 -0.01239601 -0.001999593 0.03399485 -0.01245444 -0.0004692384 0.03396719 -0.01223014 0.0009229585 0.03416914 -0.01155453 0.0002764766 0.03404399 -0.01193598 0.001525114 0.03435341 -0.01105352 0.002388916 0.03484882 -0.009861502 0.002000001 0.03457283 -0.01050372 0.002637285 0.03514232 -0.009228282 0.002787669 0.03584399 -0.007896054 0.002776798 0.03549183 -0.008534135 0.002674698 0.03624466 -0.007240753 0.002457115 0.03663447 -0.006671911 0.002111867 0.03705901 -0.006126668 -0.005015249 0.03522334 -0.01233911 -0.004333974 0.03489453 -0.01272518 -0.003606664 0.03464283 -0.0129984 -0.002775698 0.03444612 -0.01317456 -0.001961299 0.03432829 -0.01322556 -0.001074393 0.03427337 -0.01315134 -0.0002593714 0.03428758 -0.01295992 0.0005722772 0.03437011 -0.01262755 0.001294639 0.03450858 -0.01220075 0.001968917 0.03471484 -0.0116435 0.002502118 0.03496167 -0.01103449 0.00294052 0.03527244 -0.01032526 0.003222511 0.03560223 -0.009627569 0.003384046 0.03599321 -0.00886399 0.003402123 0.03638469 -0.008162733 0.003282837 0.03682673 -0.00744259 0.003046542 0.03725334 -0.006816871 0.002668093 0.03771425 -0.006215855 -0.005470626 0.03532863 -0.01308066 -0.004684857 0.03495471 -0.01351946 -0.003846919 0.03466968 -0.01382565 -0.002891828 0.03444826 -0.01401779 -0.001958268 0.03431685 -0.01406647 -0.0009439135 0.03425703 -0.01397206 -1.309339e-05 0.03427506 -0.01374635 0.0009365397 0.03437003 -0.01336201 0.001762416 0.03452764 -0.01287291 0.002535584 0.0347616 -0.01223711 0.003149959 0.03504132 -0.01154339 0.003658822 0.03539373 -0.01073528 0.003989886 0.03576828 -0.009939025 0.004184022 0.03621312 -0.009065523 0.004212016 0.03665922 -0.008261363 0.004080365 0.03716327 -0.00743411 0.003810912 0.03764934 -0.006715071 0.00337511 0.03817317 -0.006025581 -0.01007356 0.03952393 -0.007594579 -0.01149982 0.04082462 -0.005761475 -0.009474417 0.03932105 -0.006982007 -0.01089609 0.04061979 -0.005152323 -0.00912329 0.03882096 -0.006347973 -0.01053842 0.04011457 -0.004524365 0.001975826 0.03957551 -0.004268066 0.001273394 0.03911322 -0.004460811 0.0007238511 0.0384534 -0.004377719 -0.00162474 0.04301012 0.0003111644 -0.002315738 0.04253961 0.0001115164 -0.002848533 0.04186853 0.0001786472 -0.00315837 0.04212905 0.0005254231 -0.002656404 0.04282441 0.0004918161 -0.002015498 0.0433358 0.00074545 -0.003664176 0.04247909 0.0009351871 -0.004281884 0.04282342 0.001269318 -0.004928817 0.04311216 0.001485084 -0.005672727 0.04336885 0.001604787 -0.00718105 0.04366304 0.001508044 -0.006392488 0.04354684 0.001611685 -0.007907724 0.04369254 0.00131097 -0.009304179 0.04349436 0.0006184339 -0.008649699 0.0436351 0.001000979 -0.009911164 0.04326189 0.0001400175 -0.01079805 0.04259564 -0.0009702918 -0.01039889 0.04296724 -0.000378232 -0.01105576 0.04220765 -0.001550721 -0.01122055 0.04134345 -0.0027828 -0.01120423 0.04176241 -0.002191633 -0.01110986 0.04089817 -0.003408009 -0.01089018 0.04050274 -0.003967016 -0.003214318 0.04320452 0.0009419637 -0.003897746 0.04357567 0.001309953 -0.004615305 0.04388475 0.001548221 -0.005442124 0.04415758 0.001680671 -0.006243398 0.04434509 0.001688055 -0.007122342 0.04446544 0.001572125 -0.007933022 0.044493 0.001351481 -0.008761268 0.04442732 0.001003931 -0.009492141 0.04427303 0.0005745683 -0.01017018 0.04402092 3.731351e-05 -0.0107152 0.04370296 -0.0005445985 -0.0111616 0.04330299 -0.001208771 -0.01145045 0.04288581 -0.001858739 -0.01161821 0.04240695 -0.002574494 -0.01163933 0.04195564 -0.003232333 -0.01152037 0.04147441 -0.003925014 -0.01128098 0.04104477 -0.004541254 -0.002657028 0.04376895 0.001257411 -0.00344312 0.04418955 0.001672651 -0.004267255 0.04453754 0.001937958 -0.00521467 0.04484253 0.002080855 -0.006130615 0.04505045 0.002081752 -0.007133441 0.04518238 0.001942647 -0.008057456 0.04521086 0.001686469 -0.009001724 0.0451357 0.001287561 -0.009836432 0.04496249 0.0007974477 -0.01061355 0.04468063 0.0001856092 -0.0112418 0.04432516 -0.000476904 -0.01176094 0.04387706 -0.001234038 -0.0121016 0.04340798 -0.00197669 -0.01230545 0.04286701 -0.002796852 -0.01233967 0.04235451 -0.003552724 -0.01221151 0.04180529 -0.004350102 -0.01194105 0.04131291 -0.005059589 -0.04503618 0.04304197 5.525951e-05 -0.04467063 0.04364788 0.0002252246 -0.04373518 0.0426922 -0.001112005 -0.0433125 0.0433125 -0.0009722714 -0.0442 0.0442 0.0002828433 -0.04364788 0.04467063 0.0002252246 -0.0426922 0.04373518 -0.001112005 -0.02011382 0.02210803 -0.03237004 -0.02047937 0.02150212 -0.03254 -0.02141481 0.0224578 -0.03120277 -0.0218375 0.0218375 -0.03134251 -0.0226922 0.02373518 -0.02939628 -0.0402769 0.0448731 -0.002015254 -0.0220405 0.023847 -0.02977803 -0.0202769 0.0248731 -0.03029953 -0.02153202 0.02361798 -0.03029953 -0.01997292 0.02445388 -0.0308109 -0.021303 0.0231095 -0.03082102 -0.0233125 0.0233125 -0.02925654 -0.03361798 0.03153202 -0.01615739 -0.0331095 0.031303 -0.01667888 -0.04527832 0.04241263 -0.0002185291 -0.043847 0.0420405 -0.001493762 -0.0453849 0.04179145 -0.0005824144 -0.02095 0.02095 -0.03259762 -0.02150212 0.02047937 -0.03254 -0.0224578 0.02141481 -0.03120277 -0.01979942 0.02394045 -0.03129663 -0.01976511 0.02335855 -0.03173237 -0.01987168 0.02273736 -0.03209625 -0.0324578 0.03141481 -0.01706064 -0.0318375 0.0318375 -0.01720037 -0.03141481 0.0324578 -0.01706064 -0.04141482 0.0424578 -0.002918503 -0.041303 0.0431095 -0.002536745 -0.04153202 0.04361798 -0.002015254 -0.04069612 0.04517708 -0.001503879 -0.0420405 0.043847 -0.001493762 -0.04120955 0.04535057 -0.001018147 -0.033847 0.0320405 -0.0156359 -0.0424578 0.04141482 -0.002918503 -0.0248731 0.0202769 -0.03029953 -0.0431095 0.041303 -0.002536745 -0.0448731 0.0402769 -0.002015254 -0.04361798 0.04153202 -0.002015254 -0.04517708 0.04069612 -0.001503879 -0.04535057 0.04120955 -0.001018147 -0.02335855 0.01976511 -0.03173237 -0.0231095 0.021303 -0.03082102 -0.02273736 0.01987168 -0.03209625 -0.02210803 0.02011382 -0.03237004 -0.031303 0.0331095 -0.01667888 -0.03153202 0.03361798 -0.01615739 -0.0320405 0.033847 -0.0156359 -0.0326922 0.03373519 -0.01525414 -0.0418375 0.0418375 -0.003058236 -0.0333125 0.0333125 -0.01511441 -0.03373519 0.0326922 -0.01525414 -0.04304197 0.04503618 5.525951e-05 -0.04241263 0.04527832 -0.0002185291 -0.04179145 0.0453849 -0.0005824144 -0.02394045 0.01979942 -0.03129663 -0.02445388 0.01997292 -0.0308109 -0.02361798 0.02153202 -0.03029953 -0.023847 0.0220405 -0.02977803 -0.02373518 0.0226922 -0.02939628 -0.01962323 0.02669429 -0.02230748 -0.01622031 0.02329137 -0.02631263 -0.01816447 0.02523553 -0.02906209 -0.03816447 0.04523553 -0.0007778177 -0.0362203 0.04329138 0.00197164 -0.03314453 0.0402156 -0.003239817 -0.02994489 0.03701596 -0.008274297 -0.02662361 0.03369468 -0.01313125 -0.02318256 0.03025363 -0.01780954 -0.02329137 0.01622031 -0.02631263 -0.02523553 0.01816447 -0.02906209 -0.02291114 0.01589237 -0.02667034 -0.02459059 0.01769681 -0.02984882 -0.02275471 0.01578392 -0.0268112 -0.0222473 0.01551731 -0.0272469 -0.0238007 0.01742988 -0.0305961 -0.02169783 0.01534994 -0.02768555 -0.02150587 0.01531676 -0.02783097 -0.02290547 0.01737708 -0.03126646 -0.02092143 0.01528657 -0.02824839 -0.02031562 0.01535676 -0.02863864 -0.02194979 0.01754105 -0.03182628 -0.02011741 0.01540036 -0.02875628 -0.02004941 0.01847595 -0.03250898 -0.01811244 0.0163696 -0.02960906 -0.02098159 0.01791357 -0.03224749 -0.01869941 0.01598721 -0.02943104 -0.01889261 0.01587946 -0.02935817 -0.0195046 0.01559578 -0.02908584 -0.01987544 0.01546673 -0.02889275 -0.0192 0.0192 -0.03259762 -0.01847595 0.02004941 -0.03250898 -0.01641379 0.01805205 -0.02962336 -0.01686917 0.01749357 -0.02971523 -0.01737437 0.01697809 -0.02972446 -0.01755026 0.0168189 -0.02970947 -0.01546673 0.01987543 -0.02889275 -0.01554975 0.01962653 -0.02902456 -0.01754105 0.02194979 -0.03182628 -0.01562165 0.01943985 -0.02911747 -0.01791357 0.02098159 -0.03224749 -0.01591407 0.01882882 -0.02938296 -0.01628133 0.01823705 -0.02957707 -0.01537247 0.02023888 -0.0286848 -0.01737708 0.02290547 -0.03126646 -0.01528985 0.02084731 -0.02829852 -0.01528454 0.02103572 -0.02816982 -0.01742988 0.0238007 -0.0305961 -0.01533419 0.02161537 -0.02774851 -0.01548668 0.02216979 -0.0273108 -0.01769681 0.02459059 -0.02984882 -0.01555592 0.02233708 -0.02717202 -0.01583949 0.02283735 -0.0267372 -0.04045931 0.03338824 -0.002840814 -0.04329138 0.0362203 0.00197164 -0.04523553 0.03816447 -0.0007778177 -0.02697643 0.01990536 -0.02196283 -0.03053635 0.02346528 -0.01743785 -0.03397073 0.02689966 -0.01274085 -0.03727878 0.03020771 -0.007874475 -0.0364994 0.04351816 0.002472394 -0.03880941 0.04570319 8.912463e-06 -0.03662298 0.04359378 0.002659688 -0.03705147 0.04378146 0.003207005 -0.0395993 0.04597012 0.0007561932 -0.03755269 0.04390058 0.003713892 -0.03773491 0.04392402 0.00387309 -0.04049453 0.04602292 0.001426552 -0.0383072 0.04394205 0.004307698 -0.03892115 0.04388001 0.004686434 -0.04145021 0.04585895 0.001986374 -0.03912523 0.04384229 0.004795765 -0.04335059 0.04492405 0.002669073 -0.04121534 0.04295819 0.005528133 -0.04241841 0.04548643 0.002407588 -0.04060479 0.04331699 0.005383468 -0.04040278 0.04341593 0.005323054 -0.03976239 0.0436712 0.0050909 -0.0393759 0.04378461 0.004919932 -0.0442 0.0442 0.002757717 -0.04492405 0.04335059 0.002669073 -0.04291601 0.04127775 0.005539581 -0.04247404 0.04184964 0.005612489 -0.04197023 0.04236651 0.005619763 -0.04179209 0.04252344 0.005607949 -0.04378461 0.03937591 0.004919933 -0.04371186 0.03963507 0.005037233 -0.04585895 0.04145021 0.001986374 -0.04364825 0.03983006 0.005118392 -0.04548643 0.04241841 0.002407588 -0.04338427 0.04046952 0.005343688 -0.043042 0.04108629 0.005502438 -0.04386642 0.03900002 0.00472959 -0.04602292 0.04049453 0.001426552 -0.0439388 0.03838135 0.004357785 -0.04394466 0.03819348 0.004228318 -0.04597012 0.0395993 0.0007561932 -0.04391175 0.03763057 0.003783334 -0.0438032 0.0371201 0.003283468 -0.04570319 0.03880941 8.912463e-06 -0.0437541 0.03697294 0.003116215 -0.04355499 0.03655713 0.00256196 -0.0284625 0.0284625 -0.008255471 -0.0278422 0.02888518 -0.008395204 -0.0271905 0.028997 -0.008776963 -0.02668202 0.02876798 -0.009298454 -0.026453 0.0282595 -0.009819945 -0.02656481 0.0276078 -0.0102017 -0.0269875 0.0269875 -0.01034144 -0.0276078 0.02656481 -0.0102017 -0.0282595 0.026453 -0.009819945 -0.02876798 0.02668202 -0.009298454 -0.028997 0.0271905 -0.008776963 -0.02888518 0.0278422 -0.008395204 -0.027725 0.027725 -0.009298454 -0.0384625 0.0384625 0.005886665 -0.0378422 0.03888518 0.005746931 -0.0371905 0.038997 0.005365174 -0.03668202 0.03876798 0.004843682 -0.036453 0.0382595 0.004322191 -0.03656482 0.0376078 0.003940432 -0.0369875 0.0369875 0.0038007 -0.0376078 0.03656482 0.003940432 -0.0382595 0.036453 0.004322191 -0.03876798 0.03668202 0.004843682 -0.038997 0.0371905 0.005365174 -0.03888518 0.0378422 0.005746931 -0.037725 0.037725 0.004843682 -0.0184625 0.0184625 -0.02239761 -0.0178422 0.01888518 -0.02253734 -0.0171905 0.018997 -0.0229191 -0.01668202 0.01876798 -0.02344059 -0.016453 0.0182595 -0.02396208 -0.01656481 0.0176078 -0.02434384 -0.0169875 0.0169875 -0.02448357 -0.0176078 0.01656481 -0.02434384 -0.0182595 0.016453 -0.02396208 -0.01876798 0.01668202 -0.02344059 -0.018997 0.0171905 -0.0229191 -0.01888518 0.0178422 -0.02253734 -0.017725 0.017725 -0.02344059 -0.03876775 0.04550725 -0.001396536 -0.03938245 0.04595298 -0.0006466963 -0.03954096 0.04537459 -0.00184947 -0.04007304 0.04576041 -0.001200418 -0.0407247 0.04598062 -0.0005839106 -0.04146326 0.04602418 -3.086494e-05 -0.04225169 0.0458889 0.0004309881 -0.04305046 0.04558158 0.0007784902 -0.04381951 0.04511761 0.0009942149 -0.04452027 0.04452027 0.001067346 -0.04511761 0.04381951 0.0009942149 -0.04558158 0.04305046 0.0007784902 -0.0458889 0.04225169 0.0004309881 -0.04602418 0.04146326 -3.086494e-05 -0.04598062 0.0407247 -0.0005839106 -0.04576041 0.04007304 -0.001200418 -0.04537459 0.03954096 -0.00184947 -0.04013531 0.04620738 6.554334e-05 -0.04098856 0.04625771 0.0007044685 -0.04189942 0.04610143 0.00123804 -0.04282222 0.04574638 0.001639503 -0.04371069 0.04521037 0.001888726 -0.04452027 0.04452027 0.001973212 -0.04521037 0.04371069 0.001888726 -0.04574638 0.04282222 0.001639503 -0.04610143 0.04189942 0.00123804 -0.04625771 0.04098856 0.0007044685 -0.04620738 0.04013531 6.554334e-05 -0.04595298 0.03938245 -0.0006466963 -0.04550725 0.03876775 -0.001396536 -0.01876775 0.02550725 -0.02968081 -0.01954096 0.02537459 -0.03013374 -0.02550725 0.01876775 -0.02968081 -0.02537459 0.01954096 -0.03013374 -0.02489255 0.01832202 -0.03043065 -0.02484251 0.01915514 -0.03078279 -0.02419085 0.01893493 -0.0313993 -0.02345228 0.01889137 -0.03195234 -0.02266385 0.01902664 -0.0324142 -0.02186508 0.01933397 -0.0327617 -0.02109604 0.01979793 -0.03297742 -0.02039527 0.02039527 -0.03305056 -0.01979793 0.02109604 -0.03297742 -0.01933397 0.02186508 -0.0327617 -0.01902664 0.02266385 -0.0324142 -0.01889137 0.02345228 -0.03195234 -0.01893493 0.02419085 -0.0313993 -0.01915514 0.02484251 -0.03078279 -0.02413969 0.01806762 -0.03114289 -0.02328644 0.01801729 -0.03178181 -0.02237558 0.01817357 -0.03231538 -0.02145278 0.01852862 -0.03271684 -0.02056431 0.01906463 -0.03296607 -0.01975473 0.01975473 -0.03305056 -0.01906463 0.02056431 -0.03296607 -0.01852862 0.02145278 -0.03271684 -0.01817357 0.02237558 -0.03231538 -0.01801729 0.02328644 -0.03178181 -0.01806762 0.02413969 -0.03114289 -0.01832202 0.02489255 -0.03043065 -0.04269792 0.03513123 0.002928159 -0.04271893 0.03376463 0.003693121 -0.04311647 0.03424126 0.004460941 -0.03513123 0.04269792 0.002928159 -0.03376463 0.04271893 0.003693121 -0.03544747 0.04297279 0.003477387 -0.03558682 0.04306429 0.003684322 -0.03606725 0.04329056 0.004293253 -0.03662431 0.043433 0.004862065 -0.03682559 0.04346084 0.005041514 -0.03745352 0.04348244 0.005532908 -0.0381203 0.04341153 0.005962335 -0.03834045 0.04336875 0.006086388 -0.03902326 0.04317702 0.006421201 -0.0397035 0.04289586 0.006684207 -0.03991704 0.04278805 0.006752556 -0.04056032 0.04240109 0.006915994 -0.04116666 0.04193807 0.007006003 -0.04135409 0.04177198 0.007019314 -0.04188574 0.04122719 0.007011119 -0.04235593 0.04062595 0.006928911 -0.042491 0.04042455 0.00688699 -0.0428613 0.03977409 0.006707557 -0.04315154 0.03909541 0.006452371 -0.04322229 0.03888734 0.006360344 -0.04339609 0.03820546 0.006011301 -0.04347871 0.03753442 0.005589652 -0.0434854 0.03732924 0.005443019 -0.04344628 0.03671042 0.004940301 -0.04331665 0.03614382 0.004378784 -0.04325768 0.03597949 0.004191836 -0.04301737 0.03551261 0.003576252 -0.04341802 0.03481355 0.00519443 -0.04349281 0.03501322 0.00541815 -0.04366072 0.03569722 0.006093283 -0.04371944 0.03643908 0.006702445 -0.04371506 0.03668427 0.006881101 -0.04362714 0.03748444 0.007397678 -0.04342914 0.03829584 0.007828931 -0.04334731 0.03854325 0.007943254 -0.04300868 0.03934994 0.008261783 -0.0425731 0.04012285 0.008487208 -0.04241367 0.04036212 0.008540064 -0.04185734 0.04107617 0.008643933 -0.0412268 0.04172252 0.008654303 -0.04100431 0.04191934 0.008637459 -0.04028415 0.04246699 0.008523771 -0.03951981 0.04292275 0.008318198 -0.03926605 0.04304918 0.008232541 -0.03845747 0.04337683 0.007904504 -0.03764516 0.04359648 0.007490154 -0.03738301 0.04364429 0.007337457 -0.03658762 0.04371811 0.006811909 -0.03583562 0.04368049 0.006215538 -0.03559363 0.04364303 0.005998909 -0.03492027 0.04345965 0.005315737 -0.03433285 0.0431751 0.004589389 -0.03416061 0.04306085 0.004343547 -0.03072917 0.03969022 -0.001438456 -0.01406142 0.02301572 -0.02417143 -0.01529613 0.02286282 -0.0251229 -0.0186689 0.02623735 -0.02114888 -0.03207845 0.03964701 -0.002238493 -0.02890387 0.03647352 -0.007230325 -0.02560962 0.0331796 -0.01204681 -0.02219748 0.02976707 -0.01668686 -0.02757399 0.03653893 -0.006396667 -0.02430112 0.03326727 -0.01118098 -0.02091231 0.02987703 -0.01579032 -0.01740899 0.02636962 -0.02022312 -0.02286282 0.01529613 -0.0251229 -0.02301572 0.01406142 -0.02417143 -0.02664766 0.01768662 -0.01988341 -0.03988874 0.03232029 -0.001842899 -0.02651714 0.01894857 -0.02080694 -0.03004744 0.02247779 -0.01631818 -0.03345337 0.02588339 -0.01165964 -0.03673419 0.0291646 -0.006833867 -0.0301556 0.02119066 -0.01542407 -0.03353922 0.02457307 -0.01079639 -0.03679781 0.02783308 -0.006002869 -0.03993021 0.03096959 -0.001045537 -0.01355803 0.02243324 -0.02478956 -0.02245378 0.01492846 -0.02554088 -0.02228352 0.01480606 -0.02570412 -0.02172587 0.01450256 -0.02620382 -0.02111635 0.01430766 -0.02669845 -0.02090273 0.01426749 -0.02686046 -0.0202521 0.01422318 -0.02731975 -0.0195796 0.01428838 -0.02774109 -0.01936042 0.01433213 -0.02786651 -0.0186864 0.01453265 -0.02821376 -0.01801973 0.01482737 -0.02849595 -0.01781073 0.01493971 -0.02857072 -0.01718004 0.01533927 -0.02875196 -0.01658171 0.0158103 -0.02885331 -0.01639554 0.01597765 -0.02886839 -0.01586311 0.01652167 -0.0288591 -0.01538553 0.01711551 -0.02876644 -0.01524694 0.01731339 -0.02871954 -0.01486344 0.01795064 -0.02852143 -0.01455942 0.01861555 -0.02824675 -0.01448508 0.01882003 -0.02814966 -0.01430406 0.01949468 -0.0277904 -0.01422537 0.02016967 -0.02737432 -0.01422313 0.02037928 -0.02723396 -0.01428875 0.02102461 -0.02676872 -0.01446732 0.02164015 -0.02627642 -0.01454683 0.02182502 -0.02611852 -0.01486883 0.02237359 -0.02561846 -0.01317475 0.02177922 -0.02540746 -0.013079 0.02155858 -0.02560153 -0.01285965 0.02082315 -0.02620392 -0.01277047 0.02005084 -0.02677001 -0.01276893 0.01979972 -0.02694029 -0.0128477 0.0189904 -0.02744393 -0.01304746 0.01818076 -0.02787767 -0.01313124 0.0179353 -0.02799476 -0.01347867 0.01713741 -0.02832572 -0.01392351 0.01637377 -0.02856425 -0.01408549 0.01613704 -0.02862071 -0.01464723 0.0154284 -0.02873223 -0.01527834 0.01478262 -0.02874341 -0.01549991 0.01458488 -0.02872526 -0.01621421 0.01403136 -0.02860328 -0.01696962 0.01356668 -0.02838507 -0.01722028 0.01343715 -0.02829504 -0.01802035 0.01310099 -0.02795497 -0.01882932 0.01287801 -0.0275359 -0.01909228 0.01283099 -0.02738433 -0.01989849 0.01276801 -0.02687411 -0.02067739 0.01283252 -0.02631577 -0.02093283 0.01288343 -0.02611816 -0.0216609 0.01312152 -0.02551235 -0.02232594 0.01348369 -0.02489578 -0.02252877 0.01362853 -0.02469321 -0.03826652 0.03657098 0.02392673 -0.03833664 0.03616229 0.02368732 -0.03841014 0.03688986 0.02425376 -0.03872902 0.03703348 0.0245808 -0.03913771 0.03696336 0.02482021 -0.03952672 0.03669829 0.02490784 -0.03979179 0.03630929 0.02482021 -0.03986191 0.03590059 0.0245808 -0.03971829 0.03558171 0.02425376 -0.03860172 0.03577328 0.02359969 -0.03899071 0.03550822 0.02368732 -0.03939941 0.03543809 0.02392673 -0.03906421 0.03623579 0.02425376 -0.03798519 0.03685231 0.02392673 -0.0375765 0.03692243 0.02368732 -0.03692243 0.0375765 0.02368732 -0.0371875 0.0371875 0.02359969 -0.03685231 0.03798519 0.02392673 -0.03699593 0.03830408 0.02425376 -0.03731481 0.03844769 0.0245808 -0.0377235 0.03837758 0.02482021 -0.0381125 0.0381125 0.02490784 -0.03837758 0.0377235 0.02482021 -0.03844769 0.03731481 0.0245808 -0.03830408 0.03699593 0.02425376 -0.03765 0.03765 0.02425376 -0.03550822 0.03899071 0.02368732 -0.03577328 0.03860172 0.02359969 -0.03616229 0.03833664 0.02368732 -0.03657098 0.03826652 0.02392673 -0.03543809 0.03939941 0.02392673 -0.03630929 0.03979179 0.02482021 -0.03590059 0.03986191 0.0245808 -0.03558171 0.03971829 0.02425376 -0.03669829 0.03952672 0.02490784 -0.03696336 0.03913771 0.02482021 -0.03703348 0.03872902 0.0245808 -0.03688986 0.03841014 0.02425376 -0.03623579 0.03906421 0.02425376</float_array>
          <technique_common>
            <accessor count="4374" source="#verts-array-array" stride="3">
              <param type="float" name="X"/>
              <param type="float" name="Y"/>
              <param type="float" name="Z"/>
            </accessor>
          </technique_common>
        </source>
        <source id="normals-array">
          <float_array count="13122" id="normals-array-array">-0.1145144 -0.08630931 -0.9896652 -0.0830766 -0.178666 -0.9803962 -0.190357 -0.203573 -0.9603761 -0.129302 -0.256931 -0.9577408 -0.2457088 -0.3261888 -0.9128133 0.08630931 0.1145144 -0.9896652 0.1041352 0.02802215 -0.9941683 -0.02109549 0.02109549 -0.9995549 0.03478897 -0.03478902 -0.998789 -0.02802209 -0.1041352 -0.9941683 0.1170919 -0.9729972 -0.1989118 0.2030728 -0.9513597 -0.2316813 0.2362516 -0.9641392 -0.1209168 0.282204 -0.9418445 -0.1824551 0.3595076 -0.9314053 -0.05690788 0.3630542 -0.921209 -0.1398771 0.4440497 -0.8898551 -0.1047751 0.4821235 -0.8760534 -0.009345226 0.523614 -0.8483929 -0.07783276 0.5993871 -0.8002108 0.01994411 0.6001985 -0.7976294 -0.05957474 0.706792 -0.706792 0.02983356 0.9729972 -0.1170919 -0.1989118 0.9495696 -0.1272005 -0.2865966 0.957639 -0.006608058 -0.2878957 0.9365089 -0.05606467 -0.3461327 0.9186547 0.09095448 -0.3844487 0.6790884 0.2719425 -0.6818256 0.650088 0.2033978 -0.7321304 0.5686046 0.2873007 -0.7708094 0.5764044 0.2108411 -0.789496 0.4494449 0.2784427 -0.8488044 -0.1657989 -0.337407 -0.926643 -0.1918571 -0.4185274 -0.8877081 -0.2784427 -0.4494449 -0.8488044 -0.2069693 -0.4987134 -0.8416939 -0.2873007 -0.5686046 -0.7708094 -0.2108411 -0.5764044 -0.789496 -0.2719425 -0.6790884 -0.6818256 -0.2033978 -0.650088 -0.7321304 -0.1847836 -0.71833 -0.6707138 -0.2329583 -0.7766509 -0.5852724 -0.1553608 -0.7798024 -0.6064415 -0.1718459 -0.8575425 -0.4848607 0.8760534 -0.4821235 -0.009345226 0.8898551 -0.4440497 -0.1047752 0.9314053 -0.3595076 -0.05690788 0.921209 -0.3630542 -0.139877 0.9641392 -0.2362516 -0.1209168 0.9418445 -0.2822039 -0.1824552 0.9513597 -0.2030728 -0.2316813 0.6723126 -0.7385527 -0.0503558 0.7385527 -0.6723126 -0.0503558 0.8002108 -0.5993871 0.01994411 0.7976294 -0.6001985 -0.05957471 0.8483929 -0.5236139 -0.07783275 0.9124318 0.008950958 -0.4091309 0.8778071 0.06658085 -0.4743645 0.8575425 0.1718459 -0.4848607 0.8333086 0.1157026 -0.5405642 0.7766509 0.2329583 -0.5852724 0.7798024 0.1553608 -0.6064415 0.7183301 0.1847836 -0.6707138 0.4987134 0.2069693 -0.8416939 0.4185274 0.1918571 -0.8877081 0.3261888 0.2457088 -0.9128133 0.337407 0.1657989 -0.926643 0.203573 0.190357 -0.9603761 0.2569309 0.129302 -0.9577408 0.178666 0.08307653 -0.9803962 -0.1157026 -0.8333086 -0.5405642 -0.06658084 -0.8778071 -0.4743645 -0.09095448 -0.9186547 -0.3844487 -0.008950981 -0.9124318 -0.4091309 0.006608058 -0.957639 -0.2878957 0.05606464 -0.9365089 -0.3461327 0.1272006 -0.9495696 -0.2865966 -0.2856373 0.2856278 -0.9147831 -0.242414 0.2136147 -0.9463637 -0.2955773 0.1570772 -0.9423167 -0.3729165 0.1897084 -0.9082643 -0.3398912 0.1048973 -0.9345964 -0.4496474 0.08578454 -0.8890772 -0.3891269 0.03354249 -0.9205733 -0.4499319 -0.07062362 -0.890266 -0.5134529 -0.0229058 -0.857812 -0.4873502 -0.1549397 -0.8593506 -0.5644336 -0.1340904 -0.8145149 -0.5136834 -0.2165821 -0.8301937 -0.6007996 -0.247387 -0.7601576 -0.5337445 -0.2908286 -0.7940627 -0.5536071 -0.392632 -0.7344109 -0.6213089 -0.3586672 -0.6966585 -0.5565691 -0.478673 -0.6790457 -0.6271986 -0.4659853 -0.624083 -0.5564067 -0.5385272 -0.6327717 -0.6167769 -0.5689991 -0.5438991 -0.5455082 -0.6026374 -0.5824509 -0.5240244 -0.6853092 -0.505717 -0.5904996 -0.6636471 -0.4592198 -0.488685 -0.7569135 -0.4338997 -0.5503188 -0.7485688 -0.3698567 -0.4604229 -0.8033684 -0.3776374 -0.4948495 -0.8234037 -0.2777235 -0.295992 -0.9407565 -0.1654267 -0.4263523 -0.8851115 -0.1865511 -0.3662672 -0.8980692 -0.2435572 -0.4222891 -0.8469329 -0.3230738 -0.2447012 -0.9633445 -0.109949 -0.2560828 -0.9666183 -0.008410419 -0.3463225 -0.9331945 -0.09596167 -0.01161604 -0.9970723 0.07557691 -0.1572497 -0.9847674 0.07420054 -0.1075579 -0.9941753 0.006841479 -0.1857757 -0.9806524 -0.06171089 0.05598783 -0.9909879 0.1216895 0.05796959 -0.9740271 0.2188854 -0.05188682 -0.9872534 0.1504612 0.1223397 -0.9802317 0.1554955 0.1882709 -0.9633849 0.1909019 0.1697624 -0.9453869 0.2782522 0.2490492 -0.9425839 0.2225087 0.2828291 -0.9016295 0.3272184 0.3238161 -0.912009 0.2517594 0.4263614 -0.8578024 0.2870382 0.3932462 -0.8442642 0.3641091 0.5097472 -0.8043886 0.3051506 0.4990656 -0.7738579 0.3899712 0.5678582 -0.7591345 0.3182011 0.5998575 -0.6913009 0.4028325 0.6311763 -0.7054344 0.3224574 0.7126459 -0.6222482 0.323949 0.6917298 -0.599743 0.4022663 0.7804535 -0.5421 0.3114803 0.773348 -0.4997186 0.3901464 0.8243174 -0.4791358 0.3015455 0.8443425 -0.3926197 0.3646034 0.9525946 -0.2213436 0.2087357 0.9018424 -0.2827558 0.3266947 0.9143538 -0.3174117 0.25141 0.8659928 -0.4133381 0.2814393 0.9721765 -0.1527979 0.1775547 0.9740276 -0.05795311 0.2188875 0.9453833 -0.1702783 0.277949 0.9950947 0.09806742 0.01300954 0.9872534 0.05188681 0.1504612 0.9966282 0.004133284 0.08194573 0.9868756 -0.08724816 0.1358832 0.9861284 0.1620831 -0.03577439 0.9666164 0.2560893 -0.008422968 0.9847674 0.1572497 0.07420052 0.9725242 0.2152911 -0.08858043 0.9527684 0.2696252 -0.1397664 0.9332056 0.3464368 -0.09544006 0.9299666 0.3168115 -0.1865276 0.8849102 0.4268081 -0.1864641 0.8961803 0.3677452 -0.2482424 0.8374096 0.4320099 -0.3348322 0.8233166 0.4945678 -0.2784824 0.7819826 0.4731133 -0.4057918 0.7491012 0.5499426 -0.369338 0.7352765 0.5021137 -0.4552475 0.663228 0.5910264 -0.4591476 0.6789957 0.5247531 -0.513419 0.5922483 0.5490756 -0.5897101 0.5688795 0.6163491 -0.5445089 0.5116393 0.5558986 -0.6551351 0.4666701 0.6271968 -0.6235729 0.4483043 0.5584161 -0.6979934 0.3580428 0.6217707 -0.6965677 0.1880583 0.5026196 -0.8438054 0.2473133 0.6003227 -0.7605582 0.2829347 0.5336905 -0.7969456 0.3809523 0.5504598 -0.742879 0.1204754 0.4776153 -0.8702697 0.02285525 0.5135111 -0.8577785 0.134662 0.5641359 -0.8146268 0.05462154 0.4402821 -0.8961965 -0.03719977 0.3884936 -0.9207002 -0.08578039 0.4492599 -0.8892735 -0.1281644 0.3204685 -0.9385488 -0.1892807 0.3728067 -0.9083986 -0.1901194 0.2702654 -0.943828 -0.2187757 0.4055505 -0.8875055 -0.1134432 0.4833571 -0.8680418 -0.002833152 0.5486864 -0.8360234 0.1109015 0.6002667 -0.7920737 0.225547 0.6370941 -0.737048 0.338872 0.6584517 -0.6720172 0.4486705 0.6639239 -0.5982473 0.5528056 0.6534041 -0.5171741 0.6492506 0.6270971 -0.4303753 0.736128 0.5855149 -0.3395407 0.8117467 0.5294671 -0.2464383 0.8746354 0.4600442 -0.1528799 0.9235697 0.3785975 -0.06068668 0.9575972 0.2867126 0.02834683 0.9760555 0.1861778 0.1124877 0.9785855 0.07894959 0.1900984 0.9651378 -0.03288456 0.2596682 0.9359743 -0.1471482 0.319843 0.8916626 -0.2616169 0.3694515 0.8330651 -0.3740631 0.4075283 0.7613222 -0.4822983 0.4333323 0.6778306 -0.5842152 0.4463611 0.5842152 -0.6778306 0.446361 0.4822983 -0.7613222 0.4333323 0.3740631 -0.8330651 0.4075283 0.2616169 -0.8916626 0.3694515 0.1471482 -0.9359743 0.319843 0.03288458 -0.9651378 0.2596682 -0.07894962 -0.9785855 0.1900984 -0.1861778 -0.9760555 0.1124877 -0.2867126 -0.9575972 0.02834685 -0.3785975 -0.9235697 -0.06068669 -0.4600442 -0.8746354 -0.1528799 -0.5294671 -0.8117467 -0.2464383 -0.585515 -0.7361279 -0.3395407 -0.6270971 -0.6492506 -0.4303753 -0.6534041 -0.5528056 -0.5171741 -0.6639239 -0.4486705 -0.5982473 -0.6584517 -0.338872 -0.6720172 -0.6370941 -0.225547 -0.7370479 -0.6002668 -0.1109015 -0.7920737 -0.5486864 0.002833131 -0.8360234 -0.4833571 0.1134432 -0.8680418 -0.4055505 0.2187757 -0.8875055 -0.3167807 0.3167807 -0.8940358 -0.2477502 0.4373292 -0.8645016 -0.1408359 0.5163042 -0.8447456 -0.02856485 0.5826146 -0.8122465 0.08687741 0.6349693 -0.7676368 0.2032444 0.6723496 -0.7117849 0.318271 0.6940279 -0.6457777 0.4297184 0.6995822 -0.5709 0.535417 0.6889045 -0.4886095 0.63331 0.6622025 -0.4005075 0.7214919 0.619996 -0.308309 0.7982462 0.5631065 -0.2138085 0.8620791 0.4926412 -0.1188453 0.9117482 0.4099717 -0.02526782 0.9462866 0.316707 0.06510264 0.9650221 0.2146626 0.1505069 0.96759 0.1058244 0.229283 0.9539405 -0.007688997 0.2998974 0.9243391 -0.1236682 0.3609757 0.8793619 -0.239856 0.4113292 0.8198845 -0.3539907 0.4499777 0.7470644 -0.463851 0.4761691 0.6623192 -0.5672983 0.4893934 0.5672982 -0.6623192 0.4893934 0.463851 -0.7470644 0.4761691 0.3539907 -0.8198845 0.4499778 0.239856 -0.8793619 0.4113292 0.1236682 -0.9243391 0.3609757 0.007688983 -0.9539405 0.2998974 -0.1058244 -0.9675901 0.229283 -0.2146626 -0.9650221 0.1505069 -0.316707 -0.9462866 0.06510263 -0.4099717 -0.9117482 -0.02526782 -0.4926412 -0.8620791 -0.1188453 -0.5631064 -0.7982462 -0.2138085 -0.619996 -0.7214919 -0.308309 -0.6622025 -0.63331 -0.4005075 -0.6889045 -0.535417 -0.4886095 -0.6995823 -0.4297183 -0.5709 -0.6940279 -0.318271 -0.6457776 -0.6723496 -0.2032443 -0.7117849 -0.6349693 -0.08687743 -0.7676368 -0.5826146 0.02856487 -0.8122465 -0.5163042 0.1408359 -0.8447456 -0.4373292 0.2477501 -0.8645016 -0.3472266 0.3472266 -0.8711299 -0.2761348 0.4680674 -0.8394417 -0.1678933 0.5480229 -0.8194405 -0.05422846 0.6151564 -0.7865379 0.06264699 0.6681611 -0.7413745 0.1804586 0.7060055 -0.6848291 0.2969131 0.727953 -0.6180025 0.409744 0.7335763 -0.5421952 0.5167551 0.7227659 -0.458883 0.6158632 0.6957326 -0.3696874 0.7051399 0.653002 -0.2763443 0.7828473 0.5954061 -0.1806704 0.8474726 0.524066 -0.08452833 0.8977582 0.4403703 0.0102108 0.9327254 0.3459478 0.1017031 0.9516935 0.2426364 0.1881678 0.9542933 0.1324471 0.2679218 0.9404743 0.01752448 0.3394128 0.9105054 -0.0998945 0.4012494 0.8649699 -0.2175247 0.452228 0.8047541 -0.3330763 0.4913563 0.7310301 -0.4443003 0.5178728 0.6452328 -0.5490319 0.5312613 0.5490319 -0.6452328 0.5312613 0.4443003 -0.7310301 0.5178728 0.3330764 -0.8047541 0.4913563 0.2175247 -0.8649699 0.4522279 0.09989452 -0.9105054 0.4012494 -0.01752452 -0.9404743 0.3394128 -0.1324471 -0.9542933 0.2679218 -0.2426364 -0.9516935 0.1881678 -0.3459478 -0.9327254 0.1017031 -0.4403703 -0.8977582 0.01021082 -0.524066 -0.8474726 -0.08452831 -0.5954061 -0.7828472 -0.1806704 -0.653002 -0.7051399 -0.2763442 -0.6957325 -0.6158632 -0.3696874 -0.722766 -0.5167551 -0.458883 -0.7335763 -0.409744 -0.5421953 -0.727953 -0.2969131 -0.6180025 -0.7060055 -0.1804586 -0.6848291 -0.6681611 -0.062647 -0.7413744 -0.6151564 0.0542285 -0.7865379 -0.548023 0.1678933 -0.8194405 -0.4680674 0.2761348 -0.8394418 -0.3768462 0.3768462 -0.8461524 -0.3038622 0.497692 -0.8123857 -0.1945509 0.5784377 -0.7921867 -0.07976282 0.6462346 -0.7589589 0.03826791 0.6997633 -0.7133491 0.157244 0.7379817 -0.6562448 0.2748497 0.7601461 -0.5887577 0.3887955 0.7658249 -0.5122013 0.4968643 0.7549078 -0.4280656 0.5969521 0.7276071 -0.3379883 0.6871109 0.6844544 -0.2437227 0.7655863 0.6262893 -0.1471033 0.8308505 0.5542439 -0.05001085 0.8816331 0.4697211 0.04566458 0.9169458 0.3743654 0.1380611 0.9361015 0.2700328 0.2253804 0.938727 0.1587544 0.3059226 0.9247714 0.042696 0.3781202 0.8945063 -0.07588363 0.440568 0.8485207 -0.1946764 0.4920505 0.7877098 -0.3113701 0.5315656 0.7132571 -0.4236934 0.5583442 0.6266117 -0.5294602 0.5718651 0.5294602 -0.6266116 0.5718651 0.4236934 -0.7132571 0.5583442 0.3113701 -0.7877098 0.5315656 0.1946764 -0.8485207 0.4920505 0.07588363 -0.8945063 0.440568 -0.04269602 -0.9247714 0.3781202 -0.1587544 -0.938727 0.3059226 -0.2700328 -0.9361015 0.2253804 -0.3743654 -0.9169459 0.1380611 -0.469721 -0.8816331 0.04566456 -0.554244 -0.8308505 -0.05001086 -0.6262892 -0.7655863 -0.1471033 -0.6844544 -0.6871109 -0.2437227 -0.7276071 -0.5969521 -0.3379883 -0.7549078 -0.4968642 -0.4280656 -0.765825 -0.3887955 -0.5122013 -0.7601461 -0.2748496 -0.5887576 -0.7379817 -0.157244 -0.6562448 -0.6997633 -0.03826792 -0.7133491 -0.6462346 0.0797628 -0.758959 -0.5784377 0.1945509 -0.7921867 -0.497692 0.3038622 -0.8123857 -0.4055691 0.4055691 -0.8191626 -0.3308668 0.5261325 -0.7833976 -0.2207455 0.6074764 -0.763049 -0.105107 0.6757757 -0.7295751 0.01379798 0.7297008 -0.6836273 0.1336555 0.7682024 -0.6261 0.2521324 0.790531 -0.5581129 0.3669224 0.7962519 -0.4809894 0.4757919 0.7852538 -0.3962303 0.5766213 0.7577509 -0.3054857 0.6674481 0.7142784 -0.2105217 0.7465046 0.6556825 -0.1131866 0.8122524 0.5831035 -0.01537488 0.8634113 0.4979542 0.08100955 0.8989856 0.4018923 0.1740905 0.9182831 0.2967868 0.2620567 0.9209281 0.1846839 0.3431956 0.9068691 0.06776575 0.4159281 0.8763798 -0.05169238 0.4788386 0.8300536 -0.1713652 0.5307024 0.768792 -0.2889236 0.5705103 0.6937877 -0.4020791 0.5974872 0.6065005 -0.5086294 0.6111083 0.5086294 -0.6065005 0.6111083 0.4020791 -0.6937877 0.5974873 0.2889235 -0.768792 0.5705103 0.1713652 -0.8300535 0.5307025 0.05169241 -0.8763798 0.4788386 -0.06776573 -0.9068691 0.4159281 -0.184684 -0.9209281 0.3431956 -0.2967868 -0.9182831 0.2620567 -0.4018922 -0.8989856 0.1740905 -0.4979542 -0.8634113 0.08100958 -0.5831035 -0.8122524 -0.01537489 -0.6556825 -0.7465047 -0.1131866 -0.7142785 -0.6674481 -0.2105217 -0.7577509 -0.5766212 -0.3054856 -0.7852539 -0.4757919 -0.3962303 -0.7962519 -0.3669224 -0.4809895 -0.790531 -0.2521324 -0.5581129 -0.7682024 -0.1336555 -0.6261 -0.7297008 -0.01379799 -0.6836273 -0.6757757 0.105107 -0.7295751 -0.6074764 0.2207456 -0.763049 -0.5261325 0.3308668 -0.7833976 -0.4333272 0.4333272 -0.7902247 -0.3570843 0.5533214 -0.7525465 -0.2464153 0.6350701 -0.7320967 -0.1302012 0.7037092 -0.6984562 -0.01070431 0.7579027 -0.6522798 0.1097492 0.7965958 -0.5944663 0.2288156 0.8190355 -0.526141 0.344177 0.8247849 -0.4486336 0.453588 0.8137321 -0.3634528 0.554919 0.7860924 -0.2722567 0.6461978 0.7424036 -0.1768203 0.7256478 0.683516 -0.07900077 0.7917225 0.610576 0.01929749 0.843136 0.525003 0.1161615 0.8788874 0.4284629 0.2097057 0.8982808 0.3228348 0.2981094 0.900939 0.2101741 0.3796521 0.8868101 0.09267391 0.4527466 0.856169 -0.02737857 0.51597 0.8096124 -0.1476465 0.5680919 0.7480461 -0.2657897 0.6080978 0.6726686 -0.3795084 0.6352089 0.584947 -0.4865888 0.6488977 0.4865888 -0.5849471 0.6488977 0.3795084 -0.6726686 0.6352089 0.2657898 -0.7480461 0.6080977 0.1476465 -0.8096124 0.5680918 0.02737851 -0.856169 0.51597 -0.0926739 -0.88681 0.4527467 -0.2101741 -0.900939 0.3796521 -0.3228347 -0.8982809 0.2981094 -0.4284629 -0.8788874 0.2097057 -0.5250031 -0.843136 0.1161614 -0.610576 -0.7917225 0.01929753 -0.683516 -0.7256478 -0.07900078 -0.7424036 -0.6461978 -0.1768203 -0.7860924 -0.554919 -0.2722567 -0.8137321 -0.453588 -0.3634528 -0.8247849 -0.344177 -0.4486336 -0.8190355 -0.2288156 -0.526141 -0.7965958 -0.1097493 -0.5944663 -0.7579027 0.01070441 -0.6522798 -0.7037092 0.1302012 -0.6984561 -0.63507 0.2464152 -0.7320967 -0.5533214 0.3570843 -0.7525465 -0.4600544 0.4600544 -0.7594076 0.9839399 0.06466589 -0.1663749 0.9954551 -0.07585596 -0.05757567 0.9736315 -0.2259576 0.03138225 0.9198648 -0.3784902 0.1029264 0.8362918 -0.5279697 0.1478646 0.727865 -0.6644587 0.1694317 0.5972725 -0.7855975 0.1615615 0.4547694 -0.8811161 0.129689 0.1511195 -0.9884615 -0.01033128 0.003148685 -0.9939228 -0.110034 -0.1275865 -0.9662659 -0.223723 -0.2421454 -0.9067553 -0.3451962 -0.3292176 -0.8184166 -0.4709671 -0.3897608 -0.7056017 -0.5917877 -0.416548 -0.5722434 -0.7064171 -0.4125225 -0.4274743 -0.8044196 -0.3734149 -0.2731406 -0.8865413 -0.3062022 -0.1235322 -0.9439174 -0.08818636 0.1496683 -0.9847957 0.04934571 0.2602656 -0.9642753 0.1985342 0.3421349 -0.9184378 0.3506665 0.3972426 -0.8480751 0.5017899 0.4178769 -0.7573544 0.6404661 0.4079823 -0.6506563 0.7655634 0.3628872 -0.531249 0.8653861 0.2904796 -0.4083241 0.7650503 0.1990606 -0.612432 0.8516203 0.1355705 -0.5063236 0.7380926 0.02051223 -0.6743876 0.8062097 -0.02944454 -0.5908968 0.6841663 -0.1589675 -0.7117906 0.7313253 -0.1935534 -0.653988 0.6051485 -0.3328384 -0.723197 0.6295999 -0.3507711 -0.693227 0.5 -0.5 -0.7071068 0.6594483 0.2365019 -0.7135789 0.6550003 0.04997265 -0.7539744 0.6266397 -0.1385711 -0.7668903 0.5753215 -0.3222634 -0.7517656 0.539752 0.2461437 -0.8050348 0.560818 0.05755936 -0.8259359 0.5614352 -0.1333189 -0.8167108 0.5415137 -0.3195399 -0.777597 0.4115584 0.2275353 -0.8825233 0.4599496 0.04291738 -0.8869072 0.4916017 -0.1434557 -0.8589227 0.5053059 -0.324796 -0.7994833 0.2808616 0.1815469 -0.9424211 0.3571117 0.006731691 -0.9340374 0.4204047 -0.1685079 -0.891552 0.468391 -0.3377851 -0.8164013 0.0362348 0.01721064 -0.9991951 0.153773 0.1103286 -0.9819274 0.1646285 -0.1225753 -0.9787097 0.2571127 -0.04930596 -0.9651228 0.2871444 -0.25803 -0.9224796 0.3511732 -0.207304 -0.9130731 0.3992969 -0.3842015 -0.8324369 0.4324951 -0.3579004 -0.8275598 -0.2075717 0.02197148 -0.977973 -0.06625688 -0.09345296 -0.9934166 0.08398363 -0.2096503 -0.974163 0.2313121 -0.318314 -0.9193318 0.3703485 -0.415458 -0.8308048 -0.1489095 -0.2164876 -0.9648622 0.018949 -0.3064594 -0.9516951 0.1862872 -0.385337 -0.9037768 0.3470036 -0.4502088 -0.8227397 -0.2078584 -0.3461403 -0.9148671 -0.02743487 -0.4084757 -0.9123568 0.1541747 -0.4559653 -0.8765419 0.3303535 -0.4868287 -0.8086188 -0.2403473 -0.4763488 -0.8457689 -0.05299827 -0.5109296 -0.8579872 0.1364764 -0.5268963 -0.8389008 0.3211771 -0.5236057 -0.7891022 -0.2448569 -0.6010246 -0.7607986 -0.05654688 -0.60903 -0.7911289 0.1340199 -0.5948134 -0.7926132 0.3199036 -0.5588199 -0.7651026 -0.2211766 -0.714338 -0.6639293 -0.03791399 -0.6981899 -0.7149079 0.1469196 -0.6565408 -0.7398437 0.3265919 -0.590825 -0.7377422 -0.1704132 -0.8109906 -0.5596907 0.002028719 -0.7742405 -0.6328883 0.1745729 -0.7091923 -0.6830597 0.3409297 -0.6181243 -0.7083003 -0.09494088 -0.8864629 -0.4529566 0.06141371 -0.8336255 -0.5489052 0.2156865 -0.7503058 -0.6249164 0.362247 -0.639441 -0.6781536 0.001711802 -0.9372262 -0.3487178 0.1374643 -0.8735682 -0.4668856 0.268338 -0.7779591 -0.5681324 0.3895459 -0.6537791 -0.6487117 0.1150251 -0.9609066 -0.2518485 0.2266242 -0.892201 -0.3906646 0.3300653 -0.7908591 -0.5153628 0.421551 -0.6604675 -0.6213513 0.2397009 -0.9563969 -0.1668782 0.3247246 -0.8886526 -0.3238063 0.3979825 -0.7884023 -0.4690755 0.4567653 -0.6591938 -0.5973517 0.3012081 -0.9510064 0.06971653 0.3699094 -0.9239081 -0.0977801 0.4271784 -0.863089 -0.2694367 0.4689135 -0.770704 -0.4314342 0.4935422 -0.6500173 -0.5778352 0.4995621 -0.8649591 -0.04778493 0.5291949 -0.8167053 -0.2300985 0.5395418 -0.7385917 -0.4041992 0.5301622 -0.6333675 -0.5637142 0.6225967 -0.7823066 -0.01923057 0.6260039 -0.7516706 -0.2076304 0.6065648 -0.6935667 -0.3886443 0.564913 -0.6100224 -0.5556491 0.7332604 -0.6798149 -0.01345205 0.7130789 -0.6710257 -0.2030839 0.6668488 -0.6377344 -0.3854964 0.5961695 -0.581074 -0.554017 0.8263783 -0.5622768 -0.0307198 0.7863482 -0.5785415 -0.2166708 0.7175747 -0.5737055 -0.3949032 0.6224705 -0.5478758 -0.558894 0.8975966 -0.4351881 -0.07022607 0.8423859 -0.4785425 -0.247756 0.7563709 -0.5044741 -0.4164241 0.6425857 -0.51198 -0.5700527 0.9435851 -0.3044914 -0.130124 0.8785716 -0.3757046 -0.2948863 0.7814231 -0.433277 -0.4490534 0.6555751 -0.4750651 -0.5869705 0.9621935 -0.1762976 -0.2076124 0.8932135 -0.2748362 -0.3558576 0.79156 -0.3634436 -0.4912653 0.660831 -0.4388572 -0.6088569 0.9525515 -0.05660144 -0.2990683 0.8856268 -0.1806539 -0.4278192 0.7863076 -0.2982391 -0.5410858 0.6581077 -0.4050494 -0.6346883 0.9406969 0.1872126 -0.2829148 0.9151103 0.04900062 -0.4002151 0.8561664 -0.09756155 -0.507406 0.7659114 -0.2407125 -0.5961855 0.6475325 -0.3752224 -0.663257 -0.706792 0.706792 -0.02983356 -0.8002108 0.5993871 -0.01994408 -0.5 0.5 0.7071068 -0.5993871 0.8002108 -0.01994408 -0.2362515 0.9641392 0.1209168 -0.3595077 0.9314052 0.05690794 -0.4821235 0.8760534 0.009345163 0.09095449 0.9186547 0.3844487 -0.006608027 0.957639 0.2878956 -0.1170919 0.9729972 0.1989118 0.2719425 0.6790885 0.6818256 0.2329583 0.7766509 0.5852724 0.171846 0.8575425 0.4848606 0.2457088 0.3261888 0.9128133 0.2784427 0.4494449 0.8488044 0.2873008 0.5686046 0.7708094 0.02109554 -0.02109554 0.9995549 0.1145144 0.08630934 0.9896652 0.190357 0.203573 0.9603761 -0.3261888 -0.2457088 0.9128133 -0.203573 -0.190357 0.9603761 -0.08630934 -0.1145144 0.9896652 -0.6790885 -0.2719425 0.6818256 -0.5686046 -0.2873008 0.7708094 -0.4494449 -0.2784427 0.8488044 -0.9186547 -0.09095449 0.3844487 -0.8575425 -0.171846 0.4848606 -0.7766509 -0.2329583 0.5852724 -0.9641392 0.2362515 0.1209168 -0.9729972 0.1170919 0.1989118 -0.957639 0.006608027 0.2878956 -0.8760534 0.4821235 0.009345163 -0.9314052 0.3595077 0.05690794 -0.3690741 -0.1751501 -0.9127468 -0.1674103 -0.07908408 -0.9827103 -0.03116602 0.01802014 -0.9993518 -0.03334571 0.03119819 -0.9989568 0.09010352 0.1731646 -0.9807627 0.173206 0.3674088 -0.9137891 0.2388905 0.546144 -0.802906 0.01133467 0.1280833 -0.9916986 0.106524 0.1355291 -0.9850302 -0.2735691 -0.07873403 -0.9586245 -0.5049052 -0.19143 -0.84168 0.1966981 0.3955355 -0.8971407 0.2868235 0.5794811 -0.762846 -0.38699 0.6736415 -0.6296395 -0.6759378 0.3846413 -0.6286169 -0.5729535 -0.2931393 -0.7653716 -0.3971269 -0.2019738 -0.8952635 -0.1296977 -0.01179532 -0.9914834 -0.1460322 -0.1216954 -0.9817662 -0.5391013 -0.2445334 -0.8059611 0.194073 0.5056806 -0.8406086 0.07819553 0.2734859 -0.9586923 -0.2902242 -0.5791491 -0.7618111 0.4420278 -0.470709 -0.7635735 -0.2715809 -0.4201439 -0.8658654 -0.5441693 -0.1490051 -0.8256375 -0.6685962 0.02534126 -0.7431938 -0.7326009 0.1228686 -0.6694769 -0.9234935 -0.2751557 -0.2672997 -0.7916489 0.1542028 -0.5911967 -0.8207566 -0.4360936 -0.3690271 -0.8953579 0.17991 -0.4073901 -0.9662397 0.2080851 -0.1519254 -0.9615721 0.2120004 0.1744561 -0.9227856 0.1458263 0.356653 -0.6019905 0.7524919 -0.2671393 0.006796057 0.7325807 -0.6806462 -0.5440384 0.8369047 0.06010659 -0.4026903 0.9019358 0.1560521 -0.5106398 0.4173797 -0.7516922 -0.3552333 0.349525 -0.8669726 0.2543995 0.2198389 -0.9417811 -0.5687672 0.4865526 -0.6631519 -0.1169878 0.23393 -0.9651894 0.1998439 0.03180825 -0.9793113 0.4550889 -0.4809395 -0.749394 -0.5986829 0.6216658 -0.5050845 -0.1749523 0.8310154 -0.52802 -0.2687192 0.76389 -0.5867385 -0.3650967 0.7387948 -0.5664686 -0.2314525 -0.2750555 -0.9331528 -0.7745432 0.2492338 -0.5813478 -0.7357258 0.360241 -0.5735276 -0.9064182 -0.102085 -0.4098594 -0.8821855 -0.02246302 -0.470366 -0.2808422 -0.4316078 -0.8572295 -0.8535915 0.07071528 -0.5161211 -0.8307035 0.1922515 -0.5224663 -0.9095228 -0.1967045 -0.3661634 -0.03579129 -0.9436705 -0.3289453 0.4872986 -0.5712226 -0.6604883 -0.1573168 -0.8745778 -0.4586558 -0.1676411 -0.9853195 0.03227897 -0.6520824 -0.5071325 0.5635648 -0.7253628 -0.6862949 -0.0533673 -0.7856886 -0.2283867 0.5749199 -0.8555908 -0.01713255 0.5173692 -0.3454597 -0.8386192 0.4211596 -0.2774019 -0.8877612 0.3673257 -0.2338282 -0.9402235 0.2475967 0.6823152 -0.7303255 0.03272092 0.4838212 -0.5718198 -0.6625248 0.5330493 -0.8460734 0.004272026 0.5836691 -0.5646044 0.5835685 0.3937771 -0.4744257 0.7873118 -0.005195248 -0.7744881 0.6325671 0.2954964 -0.9059173 0.3033078 0.1308801 -0.877824 0.4607553 0.03540771 -0.8341939 0.5503333 -0.0452081 -0.6293995 0.7757657 -0.07504048 -0.4185792 0.9050748 0.5431639 -0.3322189 0.7711055 0.02402023 -0.171317 0.9849231 0.002036554 0.1278549 0.9917908 -0.5009908 -0.709569 0.4954998 -0.7755557 -0.6229766 0.1020472 -0.6848513 -0.7116502 0.1566291 -0.05188999 -0.9406408 -0.3354137 0.08311495 -0.9724079 -0.2179788 -0.4776005 -0.7990233 0.3653211 -0.5895569 -0.7642768 0.2613497 0.2340886 -0.9652762 -0.1159497 -0.3022631 -0.8102805 0.5020782 -0.4107011 -0.7843689 0.4648548 0.04842502 -0.7159267 0.6964941 -0.0320101 -0.7582636 0.6511618 0.3905556 -0.9198246 -0.0372692 -0.1252184 -0.7863242 0.6049914 -0.2480355 -0.7766412 0.5790568 0.1434051 -0.6793587 0.7196573 0.5450191 -0.8383104 0.0137768 0.2097915 -0.5977881 0.7737163 0.321284 -0.5589557 0.7644247 -0.4003643 0.7939727 0.4575104 -0.4874473 0.6356905 0.5985755 -0.5867705 0.7156283 0.378915 -0.69748 -0.2932702 -0.6538458 -0.8142254 0.5805267 0.005079399 -0.9658158 0.1883437 0.1781194 -0.974093 -0.08612892 -0.2091045 -0.7160769 0.5798485 0.3885995 -0.6848587 0.4924396 0.5370957 -0.8012959 0.3927468 0.4513036 -0.543085 0.5431066 0.6403857 -0.6171744 0.4494736 0.645809 -0.543725 0.541852 0.6409053 -0.6603305 0.4527513 0.5991492 0.2063815 0.6476641 -0.7334425 -0.6542856 0.5918741 0.4707393 -0.562767 0.528988 0.6351889 -0.5670204 0.5301922 0.6303841 -0.5169438 0.6117445 0.5987803 -0.4622165 0.739168 0.4898843 -0.7745508 0.4237305 0.4695993 -0.3408288 0.8789666 0.3335466 -0.8973501 0.3044752 0.3194645 -0.2423128 0.9553479 0.1691003 -0.9646693 0.2092736 0.1600556 -0.1420463 0.9895681 -0.02403651 -0.9953844 0.09073361 -0.03126138 -0.00311944 0.9555248 -0.2948941 -0.9591114 -0.0417503 -0.2799325 0.1255481 0.8161956 -0.5639703 -0.8256409 -0.1708945 -0.5376915 -0.6767012 -0.2461872 -0.6938785 -0.5348825 0.5531682 0.638675 -0.5289904 0.5627671 0.6351868 -0.6010534 0.5170188 0.6094476 -0.664338 0.481374 0.5717815 -0.493328 0.6155865 0.6145574 -0.4379018 0.7586976 0.4823069 -0.7555801 0.4490561 0.4769143 -0.3033717 0.8961053 0.3239768 -0.8801477 0.3412523 0.32998 -0.9520282 0.2556294 0.1682137 -0.6513321 -0.2012012 -0.7316315 0.2515419 0.6730131 -0.695543 -0.8128991 -0.1226742 -0.5693383 0.173878 0.8282817 -0.5326499 -0.9561278 0.01103487 -0.2927421 0.04978409 0.9583286 -0.2812967 -0.9893867 0.1426843 -0.02748195 -0.08952524 0.995616 -0.02709258 -0.1960472 0.9673011 0.1609163 -0.1956772 0.9574883 0.2119589 0.2983146 0.6941602 -0.6550954 0.2436096 0.8411265 -0.482867 -0.4968863 0.7928234 -0.3528951 0.06525385 0.9744075 -0.2151092 -0.9317 0.2345404 -0.2773552 -0.8621717 0.3799115 -0.3351524 -0.7823177 0.5166797 -0.347881 -0.9719396 0.1009161 -0.2124838 -0.9914235 -0.0428135 -0.1234767 -0.9811275 -0.1928904 -0.01349549 -0.9482037 -0.3014669 0.1001373 -0.9002066 0.04593866 0.4330333 -0.8811858 -0.4199633 0.2171229 -0.7949112 -0.502386 0.3401829 -0.6921651 -0.5667568 0.4468716 -0.5792766 -0.594954 0.5571968 -0.4283171 -0.6071045 0.6693046 -0.2842624 -0.5847704 0.7597621 -0.1499376 -0.5450565 0.8248831 -0.005767683 -0.475731 0.8795719 0.1482289 -0.3763336 0.9145497 0.2735912 -0.2614892 0.9256194 0.3777625 -0.1456961 0.9143676 0.4763815 0.007220388 0.879209 0.0592638 0.2688547 0.9613558 0.7644927 -0.1792774 0.6192015 0.7448215 -0.006453143 0.6672326 0.5486235 0.1404172 0.8241937 0.787531 0.1310911 0.6021711 0.5850583 0.2826881 0.7601278 0.7793629 0.2480927 0.5753638 0.6076749 0.4409156 0.6605487 0.8107917 0.3212113 0.4893262 0.5944634 0.5785774 0.5584456 0.7802613 0.4148499 0.4680724 0.7981676 0.482405 0.3608517 0.7644406 0.5891951 0.2616864 0.5667568 0.6921652 0.4468715 0.7087645 0.6888265 0.1522201 0.5035337 0.7941998 0.3401479 0.6306874 0.7689932 0.1043209 0.4106642 0.8882928 0.2056474 0.5963773 0.8026962 -0.003602058 0.301524 0.9492699 0.08927436 0.51963 0.8534741 -0.03958134 0.4675458 0.871457 -0.1482013 0.3576427 0.8994772 -0.2510626 0.190219 0.9814498 -0.02393702 0.2918636 0.8768327 -0.3820733 0.05803959 0.991757 -0.1142346 -0.2228982 0.9286467 0.2965327 -0.09828122 0.9737153 -0.2054735 -0.310279 0.9222816 0.2304857 -0.235 0.9317426 -0.2768225 -0.3925807 0.8547246 -0.3395972 -0.6005695 0.7990896 0.02778434 -0.5009564 0.8650813 0.02602062 -0.3883887 0.9190218 0.06747686 -0.2745376 0.9536093 0.1235247 -0.1632804 0.9676658 0.192256 -0.05840563 0.9607126 0.2713301 0.03651511 0.9329865 0.3580543 0.1182483 0.8854315 0.4494756 0.1840125 0.8196672 0.5424804 0.2315683 0.7379333 0.6339011 0.2592941 0.6430129 0.7206254 0.2662473 0.5381382 0.7996997 0.2521908 0.4268811 0.868431 0.2176032 0.3130299 0.9244788 0.163663 0.2004615 0.9659346 0.09220516 0.09301082 0.9913865 0.005665135 -0.00566515 0.9999679 -0.09301076 -0.09220507 0.9913865 -0.2004617 -0.163663 0.9659345 -0.3130298 -0.2176032 0.9244789 -0.4268811 -0.2521907 0.868431 -0.5381382 -0.2662472 0.7996998 -0.6430129 -0.2592941 0.7206254 -0.7379334 -0.2315683 0.633901 -0.8196672 -0.1840126 0.5424805 -0.8854315 -0.1182483 0.4494757 -0.9329865 -0.036515 0.3580542 -0.9607126 0.0584056 0.2713301 -0.9676658 0.1632804 0.192256 -0.9536093 0.2745375 0.1235247 -0.9190218 0.3883886 0.06747691 -0.8650812 0.5009565 0.02602053 -0.8451747 -0.2511599 -0.4718034 -0.5426152 0.7430784 0.3916672 -0.4806425 0.7727747 0.4144901 -0.4179634 0.7918164 0.4453464 -0.3567127 0.7995546 0.4831857 -0.2989758 0.7957265 0.5267189 -0.2467186 0.7804625 0.5744634 -0.2017214 0.7542817 0.624794 -0.1655159 0.7180763 0.6759962 -0.139335 0.673079 0.7263267 -0.1240711 0.6208219 0.7740714 -0.120243 0.5630849 0.8176044 -0.1279811 0.5018339 0.8554435 -0.1470226 0.4391549 0.8862998 -0.1767189 0.3771823 0.9091226 -0.2160583 0.3180261 0.923135 -0.2637018 0.2637019 0.9278592 -0.3180262 0.2160582 0.923135 -0.3771822 0.176719 0.9091226 -0.4391549 0.1470226 0.8862998 -0.5018339 0.127981 0.8554435 -0.5630849 0.120243 0.8176044 -0.6208219 0.1240711 0.7740714 -0.673079 0.1393351 0.7263267 -0.7180763 0.1655159 0.6759962 -0.7542817 0.2017214 0.624794 -0.7804625 0.2467186 0.5744634 -0.7957265 0.2989757 0.5267189 -0.7995546 0.3567127 0.4831858 -0.7918163 0.4179635 0.4453464 -0.7727747 0.4806425 0.4144901 -0.7430784 0.5426152 0.3916672 -0.519168 0.5721575 0.6349019 -0.5027864 0.5800074 0.6409347 -0.4862181 0.5850408 0.6490911 -0.4700272 0.5870864 0.6590933 -0.4547653 0.5860745 0.6706006 -0.4409518 0.5820397 0.6832213 -0.4290575 0.5751191 0.6965255 -0.4194871 0.5655487 0.7100601 -0.4125664 0.5536543 0.7233642 -0.4085317 0.5398409 0.7359848 -0.4075198 0.5245789 0.7474922 -0.4095653 0.5083881 0.7574944 -0.4145988 0.4918198 0.7656508 -0.4224486 0.4754382 0.7716837 -0.4328474 0.4598012 0.7753876 -0.4454412 0.4454412 0.7766366 -0.4598012 0.4328474 0.7753876 -0.4754382 0.4224486 0.7716837 -0.4918198 0.4145989 0.7656508 -0.5083881 0.4095653 0.7574944 -0.5245789 0.4075198 0.7474922 -0.5398409 0.4085316 0.7359849 -0.5536543 0.4125665 0.7233642 -0.5655487 0.4194871 0.7100601 -0.575119 0.4290575 0.6965255 -0.5820397 0.4409518 0.6832213 -0.5860745 0.4547653 0.6706006 -0.5870864 0.4700273 0.6590933 -0.5850408 0.4862181 0.6490911 -0.5800074 0.5027864 0.6409347 -0.5721575 0.519168 0.6349019 0.9682397 -0.2074239 -0.139597 0.5673744 -0.449203 -0.6901471 0.9277568 -0.3700498 -0.04827521 0.9906907 0.1144683 0.07368123 0.7026816 0.4812876 0.5240237 0.5533302 0.4436223 0.705 0.3306298 0.3493655 0.8767141 0.8199686 0.4447793 0.3603095 0.8754784 0.3989844 0.2726703 0.9334842 0.3005431 0.1956557 0.6326748 0.2856455 -0.7198119 0.5685962 -0.4519167 -0.6873643 0.7683416 0.2364052 -0.5947805 0.8280247 0.4755713 -0.2969967 0.8055404 0.58466 -0.09631903 0.7655606 0.6429538 0.02296218 0.5424316 0.8281777 0.141031 0.7103029 0.7001646 0.072383 0.3194567 0.9194611 0.2292133 0.03421793 0.9606302 0.2757149 0.9677887 -0.2180891 -0.1257861 0.9709548 -0.06805214 -0.2293813 0.9353744 0.06415461 -0.3477914 0.8628499 0.1714627 -0.4754899 0.7578573 0.2480286 -0.6034353 -0.1318482 -0.04269591 -0.99035 -0.2095551 -0.1691925 -0.9630475 0.9581029 0.03173355 -0.284661 0.9173527 0.1284281 -0.3767895 0.1951795 -0.9715023 -0.1344924 0.2473392 -0.9584792 -0.1419186 0.28085 -0.9572056 -0.06986166 -0.5 0.5 0.7071068 0.4613939 -0.5811104 0.6703927 0.3931511 -0.5320784 0.7498832 -0.4787216 -0.298664 0.8256061 -0.4567722 -0.2566141 0.8517678 -0.4065622 -0.2821232 0.8689728 -0.622522 -0.7825077 0.01216596 -0.6867576 -0.7173617 0.1172873 0.3361508 0.9394833 -0.06613368 0.3897162 0.8854465 -0.2531913 0.8451868 0.4649608 0.2635729 0.342619 -0.7393835 0.5795897 0.2426133 -0.7434703 0.6232101 0.1908169 -0.7328718 0.6530603 -0.3868284 -0.7441451 0.5446208 -0.2772646 -0.7870096 0.5511263 -0.2514918 -0.3214124 0.9129326 0.4948726 -0.6599044 0.5653559 -0.3307672 -0.8660824 0.3748257 0.01322702 -0.3917053 0.9199957 0.2343566 -0.4704268 0.85075 -0.3918867 -0.7922906 0.4676541 -0.2952321 -0.9234237 -0.2452072 -0.4761407 -0.8427769 -0.251032 0.3942442 -0.9094542 0.1321538 0.4985829 -0.7775642 0.3831566 0.509637 -0.4188481 0.751556 0.5568903 -0.4571504 0.6934599 0.05816626 -0.7951626 0.6036001 0.5892154 -0.5344286 0.6059796 -0.02575195 -0.7949867 0.60608 0.6164745 -0.6339728 0.466945 -0.09769993 -0.9685094 -0.2290072 0.1086926 -0.9783294 -0.1762317 0.2859282 -0.9542283 -0.08771262 0.4373853 -0.8986141 0.03445119 0.01065658 -0.9873964 -0.1579076 0.5631654 -0.8080272 0.1730224 -0.2416789 -0.9569566 -0.1607025 0.7873406 -0.578014 0.2144635 -0.4707958 -0.8789816 -0.07577982 -0.7245934 -0.6194892 0.3019893 -0.1300931 -0.7536458 0.6442777 -0.716825 -0.4838949 0.5020035 -0.6005287 -0.3821066 0.7023958 -0.1382052 -0.851939 0.5050735 0.2781737 0.6240241 -0.7302146 0.2788208 0.7361944 -0.6166658 -0.3289682 0.6441047 -0.6905861 -0.8928784 -0.1669617 -0.4182008 -0.8533236 -0.2145902 -0.4751734 -0.6526832 0.3218478 -0.6858707 -0.7843431 -0.2447377 -0.5700081 -0.6683558 -0.2763635 -0.6905966 -0.6498146 0.4253904 -0.6299079 -0.532502 -0.2651252 -0.8038347 0.2473995 0.4697356 -0.8474326 -0.4256881 0.6451099 -0.6345257 0.1808923 0.3044705 -0.9351875 -0.4989777 0.6194219 -0.606084 0.06743792 0.1295303 -0.9892795 -0.4966838 0.4968282 -0.7116649 -0.06621321 -0.01982694 -0.9976085 -0.6183424 0.5004637 -0.605961 -0.2221231 -0.141641 -0.9646757 -0.3884458 -0.2258616 -0.8933624 -0.9671175 0.06152057 -0.2467773 -0.932994 -0.06731662 -0.3535403 -0.5583967 0.3390133 -0.7571414 -0.9636993 0.2165335 -0.1561952 0.2313138 0.8239333 -0.5173276 0.1891048 0.8687037 -0.4578136 -0.3341649 0.5567564 -0.7604973 0.09359176 0.9167313 -0.3883868 -0.03527742 0.9593517 -0.2799998 -0.1827701 0.9654956 -0.1855081 -0.3489003 0.9312835 -0.1047841 -0.5044401 0.8617241 -0.05451353 -0.3684596 0.4871011 -0.7918144 -0.6314824 0.7750386 -0.02334604 -0.5031507 0.5032251 -0.7025695 -0.7189332 0.6947977 -0.01977726 -0.4888594 0.3682809 -0.7908133 -0.8274004 0.5600202 -0.0422596 -0.9175459 0.388644 -0.0840554 0.2758026 -0.324317 0.9048488 0.4124432 -0.387906 0.8242691 0.01963158 -0.8373023 0.5463877 0.1084168 -0.2807418 0.9536403 -0.13439 -0.853112 0.5041223 -0.4372324 -0.2660007 0.8591109 0.0005428784 -0.8948644 0.4463378 -0.2767986 -0.2578168 0.925696 -0.08199139 -0.2565564 0.9630453 -0.606204 -0.7762178 -0.1732127 -0.6990773 -0.7092075 -0.09119022 -0.7436582 -0.6678483 -0.03083981 -0.7787553 -0.6218432 0.08277259 -0.2745379 -0.91924 0.2821822 -0.8092161 -0.5394918 0.2326325 -0.7971781 -0.4615734 0.3891748 -0.1421793 -0.9203501 0.3643361 -0.6437121 -0.3310336 0.6899649 -0.5348943 -0.286244 0.7949544 -0.7390732 -0.3868885 0.5514418 -0.2102193 -0.9261009 0.313281 -0.6346179 -0.340113 -0.693962 -0.7251341 -0.2149128 -0.6542117 -0.8003418 -0.5783075 -0.1581562 -0.124611 -0.8068647 0.5774439 -0.07753056 -0.8493156 0.5221608 -0.5703222 -0.804498 0.1658783 -0.04529701 -0.9062778 0.4202484 -0.5976569 -0.7766205 0.1991652 -0.003685641 -0.9640622 0.265651 0.002921567 -0.9958005 0.09150277 -0.01182672 -0.9965541 -0.08209824 -0.06066404 -0.9596694 -0.2745077 -0.6876478 -0.6990959 0.1959732 -0.1408909 -0.8873798 -0.4389838 -0.5118828 -0.4927606 -0.7036782 -0.7899327 -0.6013587 -0.1198922 -0.3826015 -0.6396963 -0.6666368 -0.8140163 -0.5804233 0.02205414 -0.2517651 -0.7806536 -0.572009 -0.7344608 -0.6786339 0.00482858 -0.734868 -0.664529 0.1355366 -0.3368063 -0.6373829 0.6930401 -0.2204862 -0.7451842 0.6293539 -0.5414877 -0.8333263 0.1111684 -0.7488585 -0.2746491 0.6031408 -0.6136868 -0.3939612 0.6842391 -0.4711293 -0.5196284 0.7127577 -0.8065012 -0.1298912 -0.5767878 -0.8512239 -0.0871506 -0.5175159 -0.7800213 -0.6113755 -0.1333674 -0.910909 -0.05953194 -0.4082899 -0.9680361 -0.0152779 -0.2503453 -0.9969453 -0.0005127957 -0.07810102 -0.9939038 -0.01610777 0.1090677 -0.9585942 -0.06142299 0.2780725 -0.6813501 -0.7128715 -0.1660611 -0.9033453 -0.1136098 0.4135942 -0.7031518 -0.7099436 -0.03946637 -0.8478203 -0.1719483 0.5016318 -0.6041354 -0.7953341 -0.04964 -0.5531203 -0.8330654 0.007741945 -0.8142561 0.05252776 -0.5781244 -0.2673519 -0.1123906 -0.9570221 -0.2880799 0.08482711 -0.9538419 -0.7055422 -0.7025519 0.09290336 -0.661649 -0.748846 0.0380824 -0.8641991 -0.3423972 -0.3686788 -0.6142231 -0.7862928 -0.06688497 -0.8633243 -0.3096266 -0.3985002 -0.5357458 -0.8165875 -0.214852 -0.4645314 -0.8016034 -0.3763543 -0.8856601 0.03547233 -0.4629773 -0.9036068 -0.03925822 -0.4265601 -0.2693803 -0.3226135 -0.907389 -0.8905017 -0.1448961 -0.431291 -0.2890788 -0.5004232 -0.8160944 -0.9221862 -0.1711488 -0.3468151 -0.3327242 -0.6459069 -0.6870946 -0.3970069 -0.7503378 -0.5285628 -0.8516337 -0.4775638 0.2159926 -0.7777612 -0.6124402 0.1414372 -0.8678603 -0.3045532 -0.3925122 -0.9152076 -0.3136093 0.2530696 -0.8167904 -0.2144256 -0.5356073 -0.9641052 0.2257875 0.1397185 -0.7903535 -0.3049233 -0.5313785 -0.9770185 0.06609365 0.2026489 -0.9597821 -0.1266993 0.2505306 -0.3231483 0.2718684 -0.9064562 -0.3585196 0.4115136 -0.8379262 -0.799024 0.04613685 -0.5995265 -0.4211169 0.5051444 -0.7533191 -0.4648693 0.5493145 -0.6943703 -0.5495881 0.5777697 -0.6034361 -0.6474738 0.605565 -0.4626757 -0.7894769 0.026932 -0.6131891 -0.7424644 0.5905978 -0.3161342 -0.7729966 -0.1698942 -0.6112382 -0.9011706 0.4322936 -0.03183969 -0.9431041 0.3239707 0.07481776 -0.8323028 0.5298928 -0.1627441 -0.7514386 -0.09779203 -0.6525157 0.6666056 -0.6152918 0.4207766 0.5659593 -0.6189492 0.5446026 0.8001131 -0.04805207 0.5979214 0.6383543 0.7697398 0.002114376 0.67829 0.732204 -0.06164336 0.8639906 0.3426409 0.368941 0.7475127 0.6530167 -0.1216301 0.7974439 0.3977071 0.4537757 0.8280986 0.5242404 -0.1985566 0.8992186 0.3668744 -0.2383465 0.9473979 0.1999778 -0.2498923 0.9749491 0.001320494 -0.222424 0.7915088 0.3440822 0.5050953 0.9715882 -0.1813386 -0.1520945 0.776126 -0.5728224 0.2636339 0.795181 0.02238391 0.6059588 0.8667113 -0.486762 0.1089694 0.7628554 0.1316684 0.6330206 0.9372703 -0.3465422 -0.03785321 0.8501452 0.1373019 0.5083319 0.7889297 0.2735388 0.5502421 0.5118689 0.8173287 0.2645073 0.5950897 0.7951117 0.1168998 0.9193467 0.2741752 0.2821871 0.3135819 0.5993863 0.7364797 0.3660889 0.7203925 0.5890785 0.4354612 0.7933557 0.4253943 0.4906245 -0.5746822 0.6550022 0.4487715 -0.5332165 0.7171362 0.8375326 -0.01956907 0.5460369 0.4126028 -0.4407847 0.7971623 0.3481156 -0.3062067 0.8860321 0.2994741 -0.1476073 0.9426173 0.2662818 0.03612744 0.9632179 0.256455 0.212703 0.9428617 0.8950328 -0.001004494 0.4459992 0.255677 0.3618933 0.8964723 0.8531829 0.1342832 0.5040308 0.2715273 0.4663558 0.8418938 0.920209 0.1421255 0.3647133 0.9256971 0.2106463 0.3141863 0.7676294 0.6087468 0.2004304 0.9826853 0.04001895 -0.1809093 0.9998973 0.004745908 0.0135214 0.05742338 0.8740523 -0.4824262 0.09419974 0.8326466 -0.5457344 0.5699361 0.8046567 -0.1664342 0.1786266 0.7729478 -0.6088056 0.6013905 0.7898003 -0.1206029 0.2960306 0.6717177 -0.6790885 0.4317372 0.5611418 -0.7062032 0.6988078 0.687622 0.1970878 0.6645655 0.7348697 0.1353487 0.9203702 0.1131992 -0.3743056 0.6788876 0.7342267 0.004771878 0.8256928 0.2042922 -0.5258289 0.5811415 0.8135181 0.02151413 0.7034526 0.3179812 -0.6356434 0.5622425 0.446138 -0.6963075 -0.002958525 0.9771479 -0.2125398 0.03781472 0.9278556 -0.3710176 0.611023 0.7803067 -0.1333132 -0.008617128 0.9993746 -0.03429405 0.7099438 0.7031596 -0.03932353 0.1537581 0.8649605 0.4777046 0.7127372 0.6816326 -0.165477 0.08497047 0.9378269 0.3365424 0.01999358 0.9876541 0.1553696 0.9780707 -0.003340055 0.2082464 0.932621 0.007425982 0.360781 0.7989317 0.5806622 0.1566511 0.8760468 0.06034581 0.4784354 0.8351263 0.1032482 0.5402814 0.7739251 0.196516 0.6020144 0.828296 0.5463022 0.1244168 0.6686778 0.314636 0.6737019 0.5539548 0.4435032 0.7045843 0.7955301 0.6038693 -0.04973649 0.3147567 0.7060366 0.634382 0.2164933 0.8019317 0.5568089 0.4278832 0.5821283 0.6914063 0.8335183 0.5524449 0.007193502 -0.5768249 0.4860358 -0.6565381 -0.5402201 0.4404804 -0.7170351 -0.05774562 0.7955745 -0.6030975 -0.4558859 0.4010987 -0.7945363 -0.05262796 0.8137309 -0.5788543 -0.3238164 0.3400835 -0.8828851 -0.1613127 0.2993213 -0.9404174 0.008920225 0.2697996 -0.9628752 0.2089072 0.257015 -0.9435577 -0.0344996 0.8854821 -0.463391 0.3950252 0.270154 -0.87805 0.7809101 0.4366168 -0.4467048 0.3089361 0.8636522 -0.3983257 0.6983717 0.3669114 -0.6145348 0.1717578 0.9232579 -0.3436482 0.5614193 0.3087864 -0.7677626 0.1369098 0.8944088 -0.4257799 0.03913518 0.9036662 -0.4264456 -0.6155674 0.664082 -0.4243487 -0.5951149 0.5705777 -0.5659324 -0.0274484 0.7895888 -0.6130221 -0.5881631 0.760488 -0.2751766 -0.1506954 0.9723369 0.178471 -0.2587245 0.9582433 0.1217841 0.1697663 0.7726203 -0.6117493 0.09828654 0.7517708 -0.6520586 -0.3867255 0.9220465 0.01654285 -0.5117018 0.8502498 -0.1234362 0.8171945 0.510002 -0.2684979 0.8136905 0.5687313 -0.1202183 0.3331809 0.8640771 -0.3773078 0.7686238 0.639661 -0.007162945 0.7275602 0.6839463 0.0536056 0.6417703 0.7588281 0.1109539 0.5098578 0.8388501 0.1907237 0.3044974 0.8676763 -0.3929621 0.3541876 0.904564 0.2373083 0.1730527 0.9529091 0.249032 -0.002581823 0.9750771 0.2218513 0.3030705 0.7906624 -0.5319786 0.2131105 0.8224901 -0.5273461 0.352609 -0.6282172 0.6935489 0.3455585 -0.6343793 0.6914855 0.3435315 -0.5097181 0.7887798 0.5 -0.5 0.7071068 0.4746584 -0.6408447 0.6033386 0.3445437 -0.6333645 0.6929206 0.2114496 -0.608214 0.7650914 0.138309 -0.8480378 0.5115687 0.2091167 -0.8159477 0.5389802 0.006877046 -0.7165234 0.6975292 0.07760393 -0.6845053 0.7248656 0.1902475 -0.6911045 0.6972664 -0.3328916 -0.9152773 0.2268272 -0.4618371 -0.84465 0.2706896 -0.4642427 -0.7842046 0.411706 -0.464508 -0.8453872 0.2637287 -0.4546902 -0.8828929 0.11729 -0.4684632 -0.841432 0.2693222 -0.5869173 -0.75206 0.2998896 -0.741123 -0.6106725 -0.2789549 -0.7626253 -0.554021 -0.3338613 -0.8447899 -0.4620935 -0.2698141 -0.872671 -0.4794754 -0.09245873 -0.8942234 -0.4222928 -0.1484361 -0.8994776 -0.3783553 -0.2186031 -0.7882554 -0.4380874 -0.432126 -0.7951761 -0.4820347 -0.3678824 -0.9190889 -0.3064307 -0.2477415 -0.7334471 0.1681919 -0.6586097 -0.7341062 0.1920858 -0.6512995 -0.7015908 0.04203927 -0.7113389 -0.5831884 0.2475775 -0.7736903 -0.6272499 0.1804186 -0.7576323 -0.7617489 -0.3759421 -0.5276421 -0.6112099 -0.3795996 -0.6944974 -0.8410324 -0.344081 -0.4174599 -0.3954285 -0.2784001 -0.8752883 -0.08780412 0.1860862 -0.9786022 -0.04460904 0.4624649 -0.8855147 -0.07499409 0.6431466 -0.7620619 -0.1144157 0.7353909 -0.6679141 -0.8327683 0.1732169 -0.5258259 -0.7483213 0.1866207 -0.6365437 -0.1833945 0.7871148 -0.5889115 -0.3335341 0.8274146 -0.4518187 -0.7649603 0.3045653 -0.5675172 -0.508861 0.8171151 -0.2708937 -0.9875728 0.1139844 -0.1082011 -0.9652045 -0.1123875 -0.236113 -0.898267 -0.2754165 -0.3424357 -0.692286 0.7090617 -0.1340582 -0.8008995 0.5966647 -0.05050957 -0.7090921 0.382498 -0.5923544 -0.8570322 0.5149068 -0.01915023 -0.9331747 0.3562557 -0.04761178 -0.2482457 0.5833 -0.773392 -0.1803975 0.6278373 -0.7571506 -0.1917409 0.7319962 -0.6537713 -0.3792762 0.7148871 -0.5874402 -0.3123113 0.7591425 -0.571108 -0.1830798 0.748335 -0.6375551 -0.04203927 0.7015908 -0.7113389 -0.1681919 0.7334471 -0.6586097 -0.1732169 0.8327683 -0.5258259 0.4843407 0.7934922 -0.3684891 0.4626543 0.8442291 -0.2706072 0.4375802 0.7879395 -0.4332146 0.307612 0.9187306 -0.2476063 0.610695 0.7414514 -0.2780312 0.5532979 0.7632183 -0.3337054 0.4786468 0.8731486 -0.09224242 0.4222476 0.8943987 -0.1475055 0.3784733 0.8987375 -0.2214244 0.8815426 0.4574348 0.1167735 0.8436438 0.4615686 0.2742619 0.5237308 0.7461949 -0.4109735 0.6605573 0.5836376 -0.4722617 0.4383598 0.8303991 -0.3439157 0.8289038 0.3433681 -0.4416072 0.9974584 -0.03941873 -0.05935423 0.9671143 -0.1089256 0.2298373 0.8927182 -0.09227312 0.4410668 0.8269234 -0.05793772 0.5593218 0.7717453 0.01111247 0.6358347 0.670831 0.1683095 0.7222587 0.515288 0.3718368 0.7721501 0.3781353 0.5812409 0.7205364 0.2830747 0.7093985 0.645463 0.7538794 0.5818148 0.305217 0.2468176 0.7807226 0.5740673 0.2532827 0.8660705 0.4310101 0.2730379 0.9451055 0.1795155 0.9153437 0.3331036 0.2262473 0.841432 0.4684632 0.2693222 0.7844755 0.4636934 0.411809 0.8480508 -0.1384044 0.5115213 0.8160081 -0.2091067 0.5388925 0.7328108 -0.1907559 0.6531466 0.7165981 -0.006869318 0.6974525 0.6845321 -0.07770111 0.7248299 0.7434703 -0.2426133 0.6232101 0.7393835 -0.342619 0.5795897 0.6282172 -0.352609 0.6935489 0.608214 -0.2114496 0.7650914 0.6911045 -0.1902475 0.6972664 0.6333645 -0.3445437 0.6929206 0.6408448 -0.4746583 0.6033385 0.5613151 -0.5613153 0.6081534 0.4300294 -0.4300293 0.7938196 0.509718 -0.3435316 0.7887798 0.6343793 -0.3455585 0.6914855 0.5649255 -0.4000944 -0.7216534 0.7416211 -0.1048094 -0.6625807 0.5747001 -0.4061024 -0.7104932 0.7732602 -0.1335935 -0.619856 0.5830762 -0.4137234 -0.6991817 0.799058 -0.1679478 -0.5773213 0.5899056 -0.4228195 -0.6879208 0.8185529 -0.2072621 -0.5357365 0.5950669 -0.4332279 -0.6769113 0.831397 -0.2508347 -0.4958438 0.598468 -0.4447634 -0.6663495 0.8373605 -0.2978882 -0.4583557 0.6000468 -0.4572208 -0.6564244 0.8363388 -0.3475814 -0.4239393 0.5997762 -0.4703772 -0.6473127 0.8283496 -0.3990284 -0.393209 0.5976602 -0.4839982 -0.6391776 0.8135331 -0.4513123 -0.3667167 0.5937385 -0.49784 -0.6321629 0.792157 -0.5034981 -0.3449303 0.588079 -0.5116564 -0.6263951 0.7645994 -0.554656 -0.3282447 0.5807843 -0.5252006 -0.6219758 0.7313573 -0.6038723 -0.3169459 0.5719819 -0.5382304 -0.6189868 0.6930171 -0.6502686 -0.3112524 0.5618318 -0.550514 -0.6174782 0.6502685 -0.6930172 -0.3112524 0.550514 -0.5618318 -0.6174782 0.6038725 -0.7313572 -0.3169459 0.5382304 -0.5719819 -0.6189868 0.5546558 -0.7645995 -0.3282448 0.5252007 -0.5807843 -0.6219758 0.5034982 -0.792157 -0.3449302 0.5116564 -0.588079 -0.6263951 0.4513122 -0.8135331 -0.3667168 0.4978401 -0.5937384 -0.6321629 0.3990285 -0.8283495 -0.393209 0.4839981 -0.5976602 -0.6391777 0.3475814 -0.8363388 -0.4239394 0.4703772 -0.5997762 -0.6473127 0.2978882 -0.8373605 -0.4583558 0.4572208 -0.6000468 -0.6564244 0.2508347 -0.831397 -0.4958438 0.4447634 -0.598468 -0.6663495 0.2072621 -0.8185529 -0.5357365 0.4332279 -0.5950669 -0.6769113 0.1679478 -0.7990579 -0.5773213 0.4228195 -0.5899056 -0.6879208 0.1335936 -0.7732601 -0.6198561 0.4137234 -0.5830762 -0.6991817 0.1048094 -0.7416211 -0.6625807 0.4061024 -0.5747001 -0.7104932 0.08211209 -0.7047039 -0.704734 0.4000944 -0.5649255 -0.7216534 0.06590748 -0.6631672 -0.7455639 0.395804 -0.5539288 -0.7324631 0.056484 -0.6177528 -0.7843412 0.3933081 -0.5419055 -0.7427295 0.05400422 -0.5692715 -0.820374 0.3926529 -0.5290698 -0.7522691 0.05852053 -0.5185877 -0.8530194 0.3938481 -0.5156513 -0.7609122 0.06995011 -0.4666062 -0.8816948 0.3968742 -0.5018892 -0.7685038 0.08808531 -0.4142542 -0.9058888 0.4016759 -0.488029 -0.7749091 0.1126081 -0.3624672 -0.9251686 0.4081683 -0.4743184 -0.7800133 0.1430777 -0.3121689 -0.9391908 0.4162344 -0.4610015 -0.7837261 0.1789482 -0.2642551 -0.9477061 0.4257305 -0.4483158 -0.7859812 0.2195812 -0.2195813 -0.950562 0.4364889 -0.4364889 -0.7867368 0.2642552 -0.1789482 -0.947706 0.4483158 -0.4257305 -0.7859812 0.3121689 -0.1430776 -0.9391908 0.4610016 -0.4162344 -0.783726 0.3624672 -0.112608 -0.9251686 0.4743184 -0.4081683 -0.7800132 0.4142541 -0.08808536 -0.9058888 0.488029 -0.4016759 -0.7749091 0.4666062 -0.06995012 -0.8816947 0.5018892 -0.3968742 -0.7685038 0.5185877 -0.05852051 -0.8530194 0.5156513 -0.3938481 -0.7609122 0.5692714 -0.05400427 -0.820374 0.5290699 -0.3926529 -0.7522691 0.6177529 -0.05648403 -0.7843411 0.5419055 -0.3933081 -0.7427295 0.6631672 -0.06590742 -0.7455639 0.5539288 -0.395804 -0.7324631 0.7047039 -0.08211211 -0.704734 0.8782373 0.2443937 -0.4110608 0.9240846 0.2925435 -0.2459389 0.9614253 0.215914 -0.1704185 0.9864295 0.130187 -0.1000408 0.9986498 0.03714701 -0.03631293 0.9979326 -0.06127235 0.01939904 0.9844155 -0.1630465 0.06589401 0.9585099 -0.2661066 0.1022056 0.9208476 -0.368437 0.1276471 0.8721327 -0.4682277 0.1419412 0.8126787 -0.5642265 0.145608 0.7409912 -0.6562751 0.1422499 0.6548686 -0.7419772 0.1435859 0.559854 -0.8145956 0.1516491 0.4580101 -0.8750794 0.1564059 0.3690567 -0.9205563 0.1279583 0.2661065 -0.95851 0.1022055 0.1630466 -0.9844155 0.06589406 0.0612723 -0.9979326 0.01939906 -0.03714704 -0.9986498 -0.03631296 -0.130187 -0.9864295 -0.1000408 -0.215914 -0.9614253 -0.1704185 -0.2925435 -0.9240846 -0.2459389 -0.2443938 -0.8782373 -0.4110608 -0.2943981 -0.8233246 -0.4852488 -0.4530412 -0.7466844 -0.4870483 -0.4796925 -0.6698911 -0.5666931 -0.491753 -0.5868656 -0.6432478 -0.4889804 -0.4994109 -0.7151831 -0.4714589 -0.4094255 -0.7810872 -0.4395836 -0.3188481 -0.8397036 -0.3940596 -0.2295615 -0.8899542 -0.3358409 -0.1432458 -0.9309627 -0.2660498 -0.06098188 -0.9620284 -0.1859585 0.01809715 -0.9823909 -0.09961846 0.100531 -0.9899342 -0.01842448 0.1902336 -0.9815659 0.05874555 0.2776404 -0.9588873 0.1379351 0.3589196 -0.92312 0.2288788 0.3938526 -0.8902217 0.3188481 0.4395836 -0.8397036 0.4094255 0.4714589 -0.7810872 0.4994108 0.4889805 -0.7151831 0.5868657 0.491753 -0.6432477 0.669891 0.4796925 -0.5666931 0.7466844 0.4530412 -0.4870484 0.8233246 0.2943981 -0.4852488 -0.4661593 -0.8326676 -0.2989317 0.2159218 -0.9233141 0.3175984 0.1162512 -0.9593807 0.2570494 0.01737023 -0.981657 0.1898626 -0.07902756 -0.9899886 0.1169495 -0.1713573 -0.9844241 0.039317 -0.2581372 -0.965197 -0.04195232 -0.3380019 -0.932713 -0.125703 -0.4009713 -0.892208 -0.2078144 -0.5231722 -0.8334084 -0.1781046 0.8354374 0.5196468 -0.1789178 0.892208 0.4009713 -0.2078144 0.932713 0.3380019 -0.1257029 0.965197 0.2581372 -0.04195234 0.9844241 0.1713573 0.03931702 0.9899886 0.0790276 0.1169495 0.981657 -0.01737028 0.1898626 0.9593807 -0.1162511 0.2570494 0.9233142 -0.2159218 0.3175984 0.8738698 -0.314573 0.3706689 0.811866 -0.4102111 0.415452 0.7390912 -0.5005344 0.4507877 0.6602339 -0.5831529 0.4733116 0.5826424 -0.6609767 0.4729034 0.5022902 -0.739556 0.4480641 0.4160372 -0.8127125 0.4079355 0.3268104 -0.8751998 0.3566795 0.8304462 0.4681195 -0.3020317 0.1846835 0.5922713 -0.7842874 0.2942717 0.6113823 -0.7345855 0.4004669 0.6183405 -0.6762257 0.5017447 0.612985 -0.6103291 0.596673 0.5953535 -0.538085 0.6839065 0.5656871 -0.4607277 0.757612 0.5239296 -0.3892579 0.7700768 0.5808067 -0.2639038 -0.5794363 -0.7698391 -0.2675843 -0.5239296 -0.757612 -0.389258 -0.5656872 -0.6839064 -0.4607277 -0.5953535 -0.5966731 -0.538085 -0.612985 -0.5017447 -0.6103292 -0.6183405 -0.400467 -0.6762257 -0.6113823 -0.2942717 -0.7345855 -0.5922713 -0.1846835 -0.7842874 -0.5614028 -0.07332935 -0.8242874 -0.5194369 0.0379786 -0.8536644 -0.4670737 0.1453187 -0.8721953 -0.4041987 0.2450552 -0.8812329 -0.3315967 0.3332752 -0.8825935 -0.2447876 0.404028 -0.8813855 -0.1439143 0.4622009 -0.8750194 -0.03398677 0.5082499 -0.8605387 0.07924147 0.5418249 -0.8367476 0.4100676 -0.5864688 -0.6984976 0.4017966 -0.5773378 -0.7108027 0.3953603 -0.5666259 -0.7229283 0.3908845 -0.554541 -0.7346384 0.3884572 -0.5413182 -0.7457048 0.3881241 -0.5272153 -0.7559125 0.3898927 -0.5125063 -0.7650627 0.3937284 -0.497478 -0.7729771 0.3995572 -0.4824227 -0.7795014 0.4072635 -0.4676332 -0.7845098 0.4166992 -0.4533976 -0.7879038 0.4276803 -0.439993 -0.7896175 0.439993 -0.4276803 -0.7896175 0.4533976 -0.4166992 -0.7879038 0.4676332 -0.4072634 -0.7845099 0.4824227 -0.3995571 -0.7795014 0.497478 -0.3937284 -0.7729771 0.5125063 -0.3898927 -0.7650627 0.5272153 -0.3881241 -0.7559125 0.5413182 -0.3884572 -0.7457048 0.554541 -0.3908845 -0.7346384 0.5666259 -0.3953603 -0.7229283 0.5773378 -0.4017966 -0.7108027 0.5864688 -0.4100676 -0.6984976 0.5938403 -0.4200135 -0.6862524 0.5993099 -0.4314393 -0.6743054 0.6027696 -0.4441244 -0.6628894 0.6041527 -0.4578209 -0.6522266 0.6034336 -0.4722617 -0.6425238 0.6006244 -0.4871667 -0.6339708 0.5957806 -0.5022453 -0.6267338 0.5889966 -0.5172041 -0.6209533 0.5804045 -0.5317519 -0.6167418 0.5701707 -0.5456055 -0.6141825 0.5584955 -0.5584955 -0.6133234 0.5456055 -0.5701707 -0.6141825 0.531752 -0.5804045 -0.6167418 0.517204 -0.5889966 -0.6209533 0.5022453 -0.5957806 -0.6267338 0.4871667 -0.6006244 -0.6339708 0.4722617 -0.6034336 -0.6425238 0.4578209 -0.6041527 -0.6522267 0.4441244 -0.6027696 -0.6628894 0.4314394 -0.5993099 -0.6743053 0.4200134 -0.5938403 -0.6862525 0.8993561 -0.3861048 0.2051385 0.8368269 -0.494464 0.2350024 0.9957464 -0.07611527 0.05191843 0.9747805 -0.1899136 0.1171997 0.9378838 -0.3012664 0.1720831 0.9999008 0.01150597 -0.008120752 0.9913275 0.1046845 -0.07944124 0.964427 0.2026306 -0.1697689 0.924207 0.2863655 -0.2526584 0.7326837 0.4530384 -0.5078688 0.8145302 0.4041485 -0.4161785 0.8820699 0.3428128 -0.3231595 0.6610826 0.4802136 -0.5765108 0.5693956 0.4967406 -0.6550094 0.460061 0.4981603 -0.7349696 0.3541566 0.4876537 -0.7979768 0.04311229 0.3624339 -0.9310118 0.1552878 0.4205103 -0.8938997 0.2680246 0.4647144 -0.8439214 -0.04010109 0.308774 -0.9502897 -0.1349341 0.2293298 -0.9639505 -0.2296221 0.1331374 -0.9641307 -0.3083784 0.04044303 -0.9504037 -0.4647145 -0.2680245 -0.8439214 -0.4205103 -0.1552879 -0.8938997 -0.3624339 -0.04311232 -0.9310118 -0.4876522 -0.3536643 -0.798196 -0.4994288 -0.4613227 -0.7333159 -0.4960672 -0.5703594 -0.6546812 -0.4801872 -0.6607643 -0.5768975 -0.3428128 -0.8820699 -0.3231596 -0.4041485 -0.8145302 -0.4161785 -0.4530384 -0.7326837 -0.5078688 -0.2867494 -0.9240044 -0.2529639 -0.20206 -0.9650563 -0.1668476 -0.1040806 -0.991396 -0.07938058 -0.01170065 -0.9998959 -0.008447421 0.3012665 -0.9378837 0.1720831 0.1899136 -0.9747805 0.1171997 0.07611524 -0.9957464 0.05191843 0.6004695 -0.7581408 0.2542813 0.4944639 -0.8368269 0.2350024 0.3861048 -0.899356 0.2051385 0.6840682 -0.6840683 0.2531822 0.7581408 -0.6004694 0.2542814 0.6304027 -0.7270958 -0.2718899 0.5758722 -0.7673765 -0.2819655 0.5186094 -0.8011979 -0.2985403 0.4597291 -0.8279005 -0.3212942 0.4003773 -0.8469657 -0.3497815 0.341709 -0.8580228 -0.3834473 0.2848662 -0.8608559 -0.4216378 0.2309554 -0.8554098 -0.4636094 0.1810271 -0.8417898 -0.5085461 0.1360493 -0.8202638 -0.5555699 0.09690342 -0.7912468 -0.60377 0.06434528 -0.755307 -0.6522047 0.03901236 -0.7131422 -0.6999331 0.02139562 -0.6655737 -0.7460254 0.01183821 -0.613527 -0.789585 0.01053168 -0.5580149 -0.8297641 0.01749246 -0.5001187 -0.8657802 0.0325881 -0.4409639 -0.896933 0.05552949 -0.3817037 -0.9226152 0.0858658 -0.3234907 -0.9423274 0.1230079 -0.267458 -0.9556858 0.16623 -0.2146948 -0.9624311 0.2146947 -0.1662301 -0.9624312 0.2674581 -0.1230079 -0.9556857 0.3234907 -0.08586588 -0.9423273 0.3817038 -0.05552952 -0.9226151 0.4409638 -0.03258808 -0.8969331 0.5001187 -0.0174924 -0.8657802 0.558015 -0.01053174 -0.829764 0.6135269 -0.01183824 -0.7895851 0.6655737 -0.02139558 -0.7460254 0.7131422 -0.03901239 -0.6999331 0.755307 -0.06434526 -0.6522048 0.7912469 -0.09690349 -0.6037699 0.8202637 -0.1360492 -0.55557 0.8417899 -0.1810271 -0.508546 0.8554098 -0.2309554 -0.4636094 0.8608559 -0.2848662 -0.4216378 0.8580228 -0.3417089 -0.3834473 0.8469657 -0.4003773 -0.3497815 0.8279005 -0.4597291 -0.3212942 0.8011979 -0.5186093 -0.2985403 0.7673765 -0.5758722 -0.2819654 0.7270958 -0.6304027 -0.2718899 0.6811399 -0.6811399 -0.2685084 -0.3095606 -0.4753062 0.8235631 -0.9199817 0.3441835 -0.1875406 0.3150568 0.9036219 0.2901839 0.3373535 0.005009775 0.9413647 -0.2951317 0.1036275 0.9498203 -0.4604286 0.411776 0.7864134 -0.4465752 0.42201 0.7889729 -0.6400486 0.01559424 0.7681762 -0.5480562 0.389411 0.7402658 -0.5343598 0.388028 0.7509287 -0.6899777 0.02921491 0.7232408 -0.5607412 0.3928706 0.7288498 -0.8066593 0.1156975 0.5795816 -0.590384 0.4148428 0.6923526 -0.5821129 0.4057118 0.7046577 -0.7047739 0.6563093 0.2693545 -0.5645002 0.5521875 0.6135377 -0.5754813 0.5387829 0.6152513 -0.6563092 0.704774 0.2693545 -0.5521875 0.5645002 0.6135377 -0.4893003 0.8154746 0.3091705 -0.509758 0.5926235 0.6236539 -0.5245474 0.5849171 0.6186453 -0.02921497 0.6899778 0.7232407 -0.3928706 0.5607411 0.7288498 -0.3983404 0.5721672 0.7169028 -0.01559417 0.6400485 0.7681762 -0.389411 0.5480562 0.7402658 -0.02403876 0.4706271 0.8820047 -0.3915561 0.5050139 0.7691845 -0.388747 0.5199188 0.7606314 -0.42201 0.4465752 0.7889729 -0.1439087 0.2406018 0.9598964 -0.1898641 0.1898641 0.9632774 -0.3964001 0.4899354 0.7764215 -0.04310359 0.4112749 0.9104917 0.4399898 0.1966277 0.8762115 -0.388028 0.5343598 0.7509287 -0.01014816 0.5861378 0.8101479 0.4998251 0.5117714 0.6987595 -0.4947025 0.5984522 0.6301781 -0.4300396 0.8384153 0.3348519 -0.2303729 0.9631121 -0.1390809 -0.5387829 0.5754814 0.6152513 -0.6035468 0.7479969 0.2761012 -0.5380693 0.8060045 -0.2466541 -0.5968203 0.4255547 0.680227 -0.8319923 0.1578626 0.5318535 -0.9519785 -0.2337437 0.1977392 -0.5721671 0.3983404 0.7169029 -0.7349546 0.05074003 0.6762154 -0.7839428 -0.4266296 0.451022 -0.4749766 0.403184 0.782202 -0.3523941 0.06980564 0.9332446 -0.111571 -0.4016804 0.908958 -0.4336851 0.4336851 0.7898319 -0.2406018 0.1439088 0.9598964 -0.01298115 0.5292951 0.8483385 0.4965274 0.4231038 0.7579207 0.4753062 0.3095607 0.8235631 -0.05074 0.7349545 0.6762155 0.4265043 0.7842494 0.4506073 0.4655792 0.7015373 0.5395197 -0.4057118 0.5821129 0.7046577 -0.07975828 0.7741016 0.628017 0.3839331 0.8409496 0.3813123 -0.4376395 0.6012961 0.6685168 -0.4508624 0.6037234 0.6574505 -0.2054306 0.8496087 0.4857606 -0.2574766 0.8591653 0.4422 0.1625476 0.9784039 0.1276872 0.07028392 0.9961428 0.05253266 -0.4649653 0.6040565 0.6472427 -0.3129902 0.8604735 0.402023 -0.03815682 0.9989084 -0.02694496 -0.5475137 0.7851385 0.2894588 -0.4555517 0.8610979 -0.2257944 -0.3441834 0.9199817 -0.1875405 -0.747997 0.6035467 0.2761012 -0.8062927 0.5376199 -0.246692 -0.7288138 0.6344182 -0.2575734 -0.5849171 0.5245474 0.6186453 -0.7851384 0.5475137 0.2894589 -0.8610979 0.4555517 -0.2257944 -0.6022879 0.4796742 0.6380925 -0.6040565 0.4649653 0.6472426 -0.8535121 0.370886 0.3660063 -0.8604735 0.3129901 0.4020231 -0.98516 0.1433496 -0.09439663 -0.9988126 0.04059123 -0.02694025 -0.6037234 0.4508624 0.6574505 -0.8591653 0.2574768 0.4421999 -0.9962297 -0.06990664 0.05137498 -0.7741015 0.07975824 0.6280171 -0.8409496 -0.3839332 0.3813123 -0.9036219 -0.3150567 0.2901838 -0.5861378 0.01014815 0.8101479 -0.5114456 -0.4999612 0.6989007 -0.6041795 -0.4918326 0.6269512 -0.5199188 0.388747 0.7606314 -0.5292951 0.0129811 0.8483385 -0.4231038 -0.4965274 0.7579207 -0.005009754 -0.3373534 0.9413647 0.1009682 -0.2586397 0.9606825 0.179027 -0.1790269 0.9674186 0.2586396 -0.1009683 0.9606826 -0.4117761 0.4604286 0.7864134 -0.1036275 0.2951318 0.9498203 0.4016804 0.111571 0.9089581 -0.06980569 0.3523941 0.9332447 -0.403184 0.4749766 0.782202 0.4916077 0.6038689 0.6274267 -0.4148428 0.5903841 0.6923526 -0.1156975 0.8066593 0.5795817 0.2337437 0.9519785 0.1977391 -0.1578626 0.8319923 0.5318535 -0.4255547 0.5968203 0.680227 -0.1437515 0.9850681 -0.09474366 -0.3708861 0.8535121 0.3660063 -0.4796742 0.6022879 0.6380925 -0.633501 0.7299858 -0.2565097 -0.5926235 0.5097579 0.623654 -0.8154746 0.4893003 0.3091705 -0.9631121 0.2303729 -0.1390808 -0.8384153 0.4300397 0.3348518 -0.5984522 0.4947025 0.6301781 -0.9783028 -0.1629933 0.1278936 -0.8496087 0.2054305 0.4857606 -0.6012961 0.4376395 0.6685168 -0.7035736 -0.4634841 0.5386712 -0.5050139 0.3915561 0.7691845 -0.4706271 0.02403878 0.8820047 -0.1966277 -0.4399898 0.8762114 -0.4112749 0.04310363 0.9104917 -0.4899354 0.3964 0.7764215 -0.5790725 0.4097197 0.7048438 -0.5699766 0.4028904 0.7161048 -0.5595681 0.3977291 0.7271142 -0.5480326 0.3943279 0.737676 -0.5355752 0.3927491 0.7476011 -0.5224187 0.3930197 0.7567127 -0.5087978 0.3951358 0.764848 -0.4949559 0.3990575 0.7718626 -0.4811395 0.4047169 0.7776304 -0.4675952 0.4120115 0.7820494 -0.4545655 0.420814 0.7850387 -0.442282 0.4309642 0.7865472 -0.4309642 0.442282 0.7865472 -0.420814 0.4545656 0.7850387 -0.4120115 0.4675951 0.7820495 -0.4047169 0.4811395 0.7776304 -0.3990575 0.4949559 0.7718626 -0.3951358 0.5087979 0.764848 -0.3930197 0.5224187 0.7567128 -0.3927491 0.5355752 0.7476011 -0.3943279 0.5480325 0.737676 -0.3977292 0.5595681 0.7271142 -0.4028904 0.5699766 0.7161047 -0.4097197 0.5790725 0.7048438 -0.4180957 0.5866934 0.6935322 -0.4278705 0.5927016 0.6823721 -0.4388672 0.596992 0.6715625 -0.4508904 0.5994878 0.6612959 -0.4637261 0.6001431 0.6517564 -0.4771445 0.5989478 0.6431132 -0.4909068 0.5959218 0.6355216 -0.5047669 0.5911201 0.6291164 -0.5184776 0.5846277 0.6240124 -0.5317945 0.5765616 0.6202994 -0.54448 0.5670653 0.6180441 -0.556307 0.556307 0.6172885 -0.5670653 0.54448 0.6180441 -0.5765616 0.5317945 0.6202995 -0.5846277 0.5184776 0.6240124 -0.5911201 0.504767 0.6291163 -0.5959218 0.4909068 0.6355216 -0.5989478 0.4771446 0.6431132 -0.6001431 0.4637261 0.6517564 -0.5994878 0.4508904 0.6612959 -0.596992 0.4388672 0.6715625 -0.5927016 0.4278704 0.6823721 -0.5866934 0.4180957 0.6935321 -0.8470378 0.3211905 -0.4235135 -0.8974266 0.2905812 -0.3319458 -0.934272 0.3528731 -0.05115103 -0.9716122 0.08025776 -0.2225497 -0.9843835 0.1708832 0.04228618 -0.965235 0.2612573 -0.008126966 -0.9071475 0.1906256 -0.3751605 -0.940955 0.1809679 -0.2861018 -0.9426579 0.08161487 -0.323628 -0.9903941 -0.114702 -0.0772204 -0.9867427 -0.001114531 0.1622888 -0.991584 0.08292576 0.09942089 -0.9644095 -0.02639073 -0.2630927 -0.9881083 -0.01885253 -0.1525991 -0.9720247 -0.1315361 -0.1945926 -0.953068 -0.2904308 0.08550663 -0.9415416 -0.1517473 0.3007861 -0.969961 -0.07979032 0.2298025 -0.9653656 -0.232021 -0.1193122 -0.9786083 -0.2057169 0.002530227 -0.9445442 -0.326115 -0.03853768 -0.8628516 -0.4357142 0.2562037 -0.8519794 -0.2706517 0.4481951 -0.901984 -0.2157388 0.3740075 -0.9099093 -0.4122117 0.04633149 -0.9142631 -0.3675007 0.1704881 -0.86205 -0.4888336 0.1338341 -0.8040561 -0.551028 0.2232977 -0.7988908 -0.49296 0.3446214 -0.7923973 -0.3155329 0.522059 -0.7329317 -0.6047523 0.3115859 -0.7246974 -0.540029 0.427998 -0.7242729 -0.3495971 0.5943153 -0.6516936 -0.6456788 0.3979878 -0.6408092 -0.5755022 0.5080953 -0.6487852 -0.3722562 0.663704 -0.5617309 -0.6731129 0.4810171 -0.5484615 -0.5988415 0.5835914 -0.5672398 -0.3831026 0.7290208 -0.4645871 -0.6865783 0.5592576 -0.4489942 -0.6097029 0.6531972 -0.4810387 -0.3819409 0.789128 -0.3619246 -0.6858456 0.6313687 -0.3438373 -0.6079445 0.7156671 -0.3916558 -0.3687708 0.8429792 -0.2555042 -0.6709256 0.6961152 -0.2345035 -0.5936257 0.769816 -0.3005964 -0.3437892 0.8896352 -0.1471459 -0.6420773 0.7523861 -0.122572 -0.5670255 0.8145295 -0.2093431 -0.3073728 0.9282766 -0.03871021 -0.5997888 0.7992214 -0.009709829 -0.5286434 0.8487885 -0.1062992 -0.2615742 0.959312 0.5316704 -0.08998794 0.8421572 0.2050504 0.02038724 0.9785391 0.4632456 -0.192772 0.8650101 0.1372539 -0.06165833 0.988615 0.3816886 -0.2908289 0.8773439 0.06165842 -0.137254 0.988615 0.2908308 -0.3811475 0.8775785 -0.02038728 -0.2050503 0.9785391 0.1922907 -0.4621178 0.8657202 0.09146566 -0.5307208 0.8425968 0.5197444 0.01159886 0.8542431 0.3072389 0.2089627 0.9284066 0.2638376 0.1074194 0.9585671 0.5942016 0.2333209 0.769731 0.3687708 0.3916557 0.8429792 0.3437892 0.3005965 0.8896351 0.6006533 0.03883899 0.7985657 0.5673876 0.12162 0.81442 0.6431365 0.1473421 0.7514424 0.610842 0.4474667 0.6531812 0.3831026 0.5672398 0.7290208 0.3819409 0.4810387 0.7891279 0.6721454 0.2557675 0.6948407 0.6087809 0.3424604 0.7156163 0.6871874 0.362246 0.6297232 0.5773466 0.6391329 0.5081143 0.3495971 0.7242728 0.5943154 0.3722562 0.6487852 0.6637041 0.6880008 0.4649488 0.557205 0.6003192 0.5468328 0.5836016 0.6745732 0.5621063 0.4785264 0.4955856 0.7972855 0.3445733 0.2706517 0.8519794 0.448195 0.315533 0.7923972 0.522059 0.6471341 0.6520474 0.3950338 0.5422594 0.7230287 0.4280002 0.6061608 0.7332205 0.3081507 0.5523513 0.8042293 0.2193701 0.4380369 0.8607901 0.2591605 0.2157387 0.901984 0.3740076 0.485427 0.8638484 0.134635 0.3670959 0.9138843 0.1733669 0.1517473 0.9415415 0.3007861 0.4090721 0.9112848 0.04711614 0.2902629 0.9528798 0.08813372 0.07979037 0.969961 0.2298025 0.3232756 0.945551 -0.03776437 0.2057298 0.9785967 0.004876023 0.001114417 0.9867427 0.1622887 0.2295077 0.9660598 -0.1185525 0.1148412 0.9905351 -0.07517759 -0.08292571 0.991584 0.09942099 0.1293657 0.9724632 -0.193855 0.01906686 0.9883692 -0.1508731 -0.1708832 0.9843835 0.04228617 0.02457187 0.9646486 -0.2623915 -0.08001414 0.9719528 -0.2211459 -0.2612574 0.965235 -0.008126978 -0.08308264 0.9427513 -0.3229819 -0.1807338 0.9413292 -0.2850169 -0.3525262 0.9344129 -0.05096799 -0.1917511 0.9071451 -0.3745921 -0.2813297 0.8967449 -0.341617 -0.4498996 0.8878813 -0.09621458 -0.3229751 0.8461567 -0.4239174 -0.4021205 0.799417 -0.4463536 -0.5301651 0.8404391 -0.1121921 -0.4743095 0.7688877 -0.4287683 -0.6220666 0.7710254 -0.136209 -0.8891182 0.4472782 -0.09701016 -0.8352395 0.536226 -0.1218055 -0.7841079 0.424595 -0.4526521 -0.7718064 0.6209538 -0.136862 -0.7100488 0.5268471 -0.4671862 -0.6999499 0.6999501 -0.1419155 -0.6244814 0.6235348 -0.4703481 -0.5292532 0.7088418 -0.4662987 -0.6274758 0.7127829 0.3133921 -0.5795624 0.748654 0.3219079 -0.5292634 0.7791226 0.335929 -0.4774756 0.8036445 0.3552077 -0.4251243 0.8217804 0.3794026 -0.3731422 0.8332094 0.4080772 -0.3224584 0.8377257 0.4407225 -0.2739786 0.8352474 0.4767573 -0.2285634 0.8258231 0.5155336 -0.1870262 0.8096181 0.556363 -0.1501095 0.7869211 0.5985167 -0.1184712 0.7581377 0.6412424 -0.09267278 0.7237829 0.6837764 -0.07317749 0.6844683 0.7253608 -0.06033329 0.6408957 0.7652533 -0.0543703 0.5938426 0.8027421 -0.05539173 0.5441492 0.837158 -0.0633802 0.4927014 0.8678873 -0.07819741 0.4404184 0.8943807 -0.09957312 0.3882318 0.9161666 -0.1271323 0.3370759 0.9328543 -0.1603723 0.2878569 0.9441499 -0.1987143 0.2414631 0.9498464 -0.2414631 0.1987144 0.9498464 -0.2878571 0.1603721 0.9441499 -0.3370757 0.1271324 0.9328544 -0.3882319 0.09957314 0.9161666 -0.4404184 0.07819746 0.8943807 -0.4927014 0.06338019 0.8678872 -0.5441491 0.05539167 0.837158 -0.5938425 0.05437031 0.8027421 -0.6408957 0.06033333 0.7652533 -0.6844683 0.07317751 0.7253608 -0.7237829 0.09267274 0.6837764 -0.7581377 0.1184711 0.6412424 -0.7869211 0.1501095 0.5985167 -0.8096181 0.1870262 0.556363 -0.8258232 0.2285634 0.5155336 -0.8352473 0.2739786 0.4767574 -0.8377256 0.3224585 0.4407225 -0.8332094 0.3731422 0.4080772 -0.8217804 0.4251242 0.3794026 -0.8036445 0.4774757 0.3552077 -0.7791226 0.5292634 0.3359289 -0.748654 0.5795623 0.3219079 -0.7127829 0.6274758 0.3133921 -0.6721488 0.6721489 0.3105347 0.2768869 0.921969 -0.2707524 0.3748541 0.9071494 -0.1912183 0.4655703 0.8785202 -0.1069882 0.7269387 0.6395071 0.2501817 0.7622471 0.5530825 0.3362723 0.7839429 0.458674 0.4183917 0.7916699 0.3578326 0.4951915 0.7853013 0.2522141 0.5654112 0.7649419 0.1435536 0.6278983 -0.03285429 -0.7317346 0.6807973 -0.1426863 -0.7659299 0.6268908 -0.2512862 -0.7864415 0.5642384 -0.3568658 -0.7929329 0.4938666 -0.4576867 -0.7852979 0.4169293 -0.5520892 -0.7636627 0.3346892 -0.6385196 -0.7283832 0.2484965 -0.8794564 -0.4641918 -0.1052732 -0.9080291 -0.3735771 -0.1895345 -0.9227889 -0.275733 -0.2691318 -0.9234942 -0.1722659 -0.3427579 -0.9101339 -0.06487452 -0.4092037 0.1732779 0.9227376 -0.3442819 0.199695 0.9037303 -0.3786733 0.08853599 0.8913434 -0.444599 0.730926 0.03363563 0.6816273 0.7608671 0.006736112 0.6488727 0.7928089 0.1189702 0.5977459 -0.8829279 0.04467778 -0.467378 -0.8617846 0.02118698 -0.5068317 -0.891233 -0.08879977 -0.4447678 0.821864 0.334946 0.4608152 0.8438829 0.3371752 0.4173422 0.8415361 0.4148879 0.3459553 0.3906464 0.8175921 -0.4230113 0.4091863 0.789326 -0.4577456 0.3057346 0.7900294 -0.5313943 0.3928471 -0.6723069 0.627435 0.4192245 -0.6871398 0.5933714 0.5164035 -0.6062002 0.6048543 -0.776615 -0.5736109 -0.2604604 -0.7459889 -0.5976172 -0.2938609 -0.7053512 -0.6782539 -0.2060372 -0.7371918 0.04889398 -0.6739122 -0.7088298 0.02107203 -0.7050648 -0.749448 -0.08882452 -0.6560776 0.09242623 0.8205726 -0.5640195 0.06552152 0.8195796 -0.5692067 -0.02142796 0.862521 -0.5055673 0.7184008 0.69531 0.02107888 0.7342052 0.6777234 0.04042 0.8017103 0.5976909 0.005108831 0.8756011 0.1374698 0.4630602 0.8771646 0.1598091 0.4528172 0.8140487 0.2308525 0.5329464 -0.6994419 -0.7134622 -0.04186665 -0.6859569 -0.7269625 -0.03144348 -0.7637686 -0.6443732 0.03795662 -0.6907926 -0.7229846 -0.009940585 -0.7227656 -0.6908228 -0.01933213 -0.6700373 -0.7354237 -0.1010047 0.4933681 -0.5077991 0.7062067 0.4673684 -0.5277408 0.7092648 0.4948611 -0.5986717 0.6298449 0.4571988 -0.5522641 0.6971181 0.4542512 -0.561163 0.691919 0.4624544 -0.5468374 0.6979289 0.4725711 -0.5471836 0.6908448 0.4490821 -0.5748701 0.6839954 0.4328898 -0.5981543 0.6744018 0.344988 -0.6516311 0.6755443 0.5521656 -0.544362 0.6314928 0.5976349 -0.501168 0.62583 0.5425359 -0.5268359 0.6542925 0.6742975 -0.3952857 0.6237564 0.5615129 -0.4408606 0.7002465 0.5545794 -0.4458307 0.7026213 0.5541749 -0.4556275 0.6966303 0.5491539 -0.4574824 0.6993853 0.5148347 -0.4693286 0.7174092 0.7140937 -0.260134 0.6499235 0.5833938 -0.4348021 0.6860021 0.6036945 -0.426692 0.6734143 0.7369347 -0.2905175 0.6103498 0.604492 -0.4238188 0.6745124 0.5953759 -0.4254388 0.6815639 0.5729876 -0.4372788 0.6931612 0.5937411 -0.420344 0.6861359 0.5900016 -0.4070338 0.6972959 0.6836972 -0.2340837 0.691204 0.5899207 -0.4014957 0.7005675 0.5892748 -0.3998249 0.702065 0.5874746 -0.4100508 0.6976617 0.4999188 -0.4078247 0.764042 0.5569874 -0.4787021 0.678682 0.5834059 -0.3119053 0.7499018 0.5629429 -0.4664937 0.6822601 0.578903 -0.4429824 0.6845713 0.6250723 -0.3140608 0.7145981 0.5797032 -0.444082 0.6831803 0.573143 -0.4554306 0.6812415 0.5066718 -0.5325365 0.6780034 0.5191729 -0.5209134 0.6775756 0.4079035 -0.499834 0.7640554 0.5303171 -0.5097046 0.6774695 0.5438006 -0.4978895 0.6755642 0.4499775 -0.5519298 0.702064 0.4590274 -0.5517594 0.6963156 0.3228969 -0.6215554 0.7137272 0.4490293 -0.5895374 0.67143 0.4651541 -0.559441 0.6860448 0.4337463 -0.5715656 0.6965464 0.4645628 -0.5520084 0.6924364 0.4673911 -0.5523887 0.6902262 0.3121395 -0.583596 0.7496563 0.4769571 -0.5490184 0.6863605 0.4915217 -0.5419016 0.6817251 -0.1911019 -0.8641559 0.4655261 -0.1970231 -0.8661782 0.4592572 -0.254383 -0.9074361 0.3344384 -0.2014188 -0.8710031 0.4480893 -0.2115823 -0.8778381 0.4296897 -0.1688549 -0.85171 0.4960626 -0.1601229 -0.8798505 0.4474637 -0.1808347 -0.8672355 0.463898 -0.2966423 -0.8849091 0.3590811 -0.364363 -0.8817901 0.2994759 -0.3048912 -0.8760099 0.373695 -0.07995571 -0.8993655 0.4298241 -0.1048768 -0.8840145 0.4555428 -0.1615325 -0.8993393 0.4063202 -0.07844337 -0.8446153 0.5295958 -0.108934 -0.8382599 0.5342787 -0.01981015 -0.8863046 0.4626789 -0.1202375 -0.8476643 0.5167283 0.02793734 -0.8237765 0.5662259 0.01715791 -0.8358588 0.5486763 0.08504596 -0.8436933 0.530046 -0.00575996 -0.8421882 0.5391529 -0.03868309 -0.8451976 0.5330523 -0.05656117 -0.8431861 0.5346382 -0.06771665 -0.8415617 0.5358996 -0.07439061 -0.8428454 0.5329893 -0.04751895 -0.8457435 0.5314696 -0.04374896 -0.8385601 0.5430497 0.04029483 -0.7784621 0.6263969 0.005884229 -0.8151533 0.5792153 0.4402551 -0.5551037 0.7057162 0.01528896 -0.8169245 0.5765419 -0.07925363 -0.8618083 0.5010043 -0.07235028 -0.8557684 0.5122753 -0.007049362 -0.7608258 0.6489179 -0.05872433 -0.8533074 0.5180906 -0.04836343 -0.848828 0.5264523 -0.04837197 -0.84594 0.5310797 -0.1122671 -0.8709019 0.4784621 -0.09791059 -0.8685955 0.4857524 -0.1181193 -0.7930078 0.5976508 -0.1616278 -0.8744019 0.4574908 -0.1423891 -0.8754649 0.4618296 -0.2308422 -0.8130862 0.5344181 -0.12643 -0.8740793 0.4690424 -0.1849701 -0.8764599 0.4445268 -0.2373477 -0.8683275 0.4355151 -0.3300925 -0.8486341 0.4133511 -0.2069777 -0.8643528 0.458317 -0.1931937 -0.8681424 0.4571706 -0.174658 -0.8733262 0.4547483 -0.3355042 -0.8217837 0.4605524 -0.183362 -0.871768 0.4543115 -0.185023 -0.871066 0.4549841 -0.7315065 -0.6743738 -0.1005892 -0.8089328 -0.5447436 -0.221093 -0.7357697 -0.6694457 -0.1023986 -0.7370654 -0.6696483 -0.09113597 -0.7293619 -0.6588231 -0.184346 -0.7344409 -0.675251 -0.06806334 -0.7248659 -0.6877723 -0.03922686 -0.7313795 -0.6807102 -0.04144463 -0.7336116 -0.6776007 -0.05168573 -0.7085779 -0.7038078 -0.050714 -0.6384821 -0.767314 -0.05974792 -0.5961958 -0.8028369 -0.001859277 -0.6818521 -0.7313847 0.01241084 -0.6200453 -0.7819455 0.06407038 -0.5270345 -0.844046 0.09910062 -0.6203648 -0.7819532 0.06079986 -0.5536663 -0.8192065 0.1495135 -0.635837 -0.7696625 0.05771378 -0.6472231 -0.7601775 0.05685495 -0.6544384 -0.7540608 0.05570234 -0.6575381 -0.7517477 0.05019038 -0.6650321 -0.7449606 0.0525927 -0.6893135 -0.7231871 0.04297987 -0.6404543 -0.7657389 0.0588401 -0.6412932 -0.76426 0.06818892 -0.5792808 -0.7909625 0.1970078 -0.6374227 -0.7656607 0.08634768 -0.6222671 -0.7750792 0.1097083 -0.6369095 -0.7665257 0.08236897 -0.6509232 -0.7586826 0.02645171 -0.6473149 -0.7611938 0.03959009 -0.6164406 -0.757305 0.2156159 -0.6399544 -0.7666668 0.05177226 -0.6409449 -0.7652368 0.06001788 -0.6703441 -0.7420285 -0.005706797 -0.659694 -0.7515114 0.005879967 -0.6954366 -0.7068583 0.1293027 -0.6774595 -0.7353693 -0.01675253 -0.7209309 -0.6908137 -0.05509264 -0.7159487 -0.6959789 -0.05505282 -0.8171141 -0.5738273 -0.05519749 -0.7082102 -0.7044278 -0.04711399 -0.7475831 -0.6609452 -0.06535274 -0.7305586 -0.6805576 -0.05590641 -0.8056438 -0.5832644 -0.1036373 -0.7212497 -0.69044 -0.05560129 -0.7368026 -0.6710885 -0.08223175 -0.7471965 -0.6606775 -0.07212863 -0.8343583 -0.5201562 -0.1824384 -0.8195634 -0.08010557 -0.5673613 -0.8138546 -0.07739036 -0.5758918 -0.7673693 0.08372861 -0.6357153 -0.8445881 -0.1109331 -0.5237985 -0.8439146 -0.1014827 -0.5267916 -0.7699851 -0.0625934 -0.6349843 -0.83226 -0.08344789 -0.5480692 -0.8239066 -0.08382938 -0.5604913 -0.7927893 -0.1823149 -0.5815896 -0.8373667 -0.1316809 -0.5305441 -0.835873 -0.1284294 -0.5336874 -0.8629034 -0.1834707 -0.4708887 -0.8399999 -0.1949571 -0.5063516 -0.8084103 -0.2969964 -0.5081988 -0.8077914 -0.2168969 -0.5481139 -0.8589339 -0.1488796 -0.4899668 -0.8164833 -0.3928223 -0.4231378 -0.8485193 -0.3745706 -0.3737806 -0.8456165 -0.2631019 -0.464446 -0.8468096 -0.2665815 -0.4602693 -0.8508267 -0.2509895 -0.4616255 -0.8548462 -0.2387798 -0.4606757 -0.8567432 -0.2308778 -0.4611795 -0.8594941 -0.223081 -0.4598965 -0.8659366 -0.1953146 -0.4604411 -0.8549012 -0.2469822 -0.4562276 -0.8583622 -0.2468869 -0.4497346 -0.8787156 -0.343874 -0.3310735 -0.8635074 -0.249824 -0.4381129 -0.86609 -0.2576668 -0.4283642 -0.8612727 -0.2471775 -0.4439737 -0.8443973 -0.2263379 -0.4855558 -0.8493846 -0.2326735 -0.473718 -0.9016467 -0.3040628 -0.3075372 -0.8511742 -0.2457662 -0.4637903 -0.8562135 -0.2465063 -0.4540189 -0.8352046 -0.1820684 -0.5189262 -0.8385555 -0.1918225 -0.5099301 -0.9036761 -0.1998059 -0.3787441 -0.8387492 -0.2090694 -0.502782 -0.8336983 -0.07991831 -0.5464067 -0.8312262 -0.1127774 -0.5443751 -0.835633 0.02125516 -0.5488767 -0.8324043 -0.1146795 -0.5421731 -0.8301954 -0.1195974 -0.5444924 -0.8309251 -0.1334639 -0.5401397 -0.8311286 -0.1468087 -0.5363511 -0.8311458 -0.1657101 -0.5307888 -0.8133736 -0.08484323 -0.5755215 -0.824589 -0.08425195 -0.5594235 -0.795826 0.106112 -0.5961553 -0.8324454 -0.07180146 -0.5494353 -0.8370928 -0.07272295 -0.5422056 0.8482732 0.0795347 0.5235521 0.8493351 0.07047009 0.5231289 0.843491 -0.08275147 0.5307307 0.8512306 0.05677121 0.5217121 0.8528183 0.03928206 0.5207282 0.8077748 -0.0646885 0.5859312 0.8601383 0.1272012 0.4939453 0.844474 0.1294193 0.5197252 0.8847986 0.01925373 0.4655757 0.8459137 0.09616224 0.5245788 0.8501701 0.08498702 0.5196037 0.8988111 0.09454068 0.4280194 0.9080764 0.1350542 0.3964312 0.8650023 0.1469287 0.4797738 0.9101083 0.2499931 0.3304638 0.8653582 0.2159134 0.4522572 0.8620589 0.209936 0.4612823 0.8643591 0.2000089 0.4613889 0.8707874 0.1877808 0.4543871 0.8530765 0.1859702 0.4875199 0.8737366 0.4491705 0.1866285 0.870354 0.3898619 0.3008184 0.8965066 0.3547559 0.2653756 0.8839321 0.2299098 0.4071923 0.8829148 0.2336004 0.4072988 0.8790005 0.2309557 0.4171541 0.8718726 0.2225012 0.4362698 0.871363 0.2442076 0.4255457 0.8686025 0.2489352 0.4284402 0.8657984 0.2554377 0.4302844 0.8644883 0.2580322 0.4313692 0.8676053 0.247146 0.4314857 0.8756729 0.2200112 0.4298744 0.8747409 0.1742726 0.4521697 0.8783198 0.1863253 0.4402695 0.8791546 0.1996346 0.4327046 0.8778075 0.2133198 0.4288924 0.8786434 0.2082541 0.4296696 0.872571 0.1249569 0.4722347 0.8699652 0.1110433 0.4804477 0.8424865 0.08128222 0.5325502 0.8472242 0.08166531 0.524921 0.7829622 -0.0315723 0.6212675 0.8581242 0.04777173 0.511215 0.8538927 0.07236849 0.5153931 0.841942 0.06444064 0.5357062 0.8499673 0.08188762 0.5204324 0.8526809 0.08189705 0.515973 0.8580429 0.08771506 0.506032 0.8652308 0.09895504 0.4915115 0.7548072 0.6546517 0.04119704 0.7626574 0.6454265 0.0421701 0.842695 0.5291918 0.09910223 0.7497919 0.6604997 0.03939762 0.7481539 0.6627039 0.0330032 0.7717036 0.6345642 0.04244777 0.7695887 0.6377383 0.03198434 0.8182304 0.553582 0.1550677 0.7387029 0.6666068 -0.09976727 0.7502525 0.6591025 -0.0520109 0.7315384 0.6816642 -0.01361572 0.6602664 0.7274327 -0.1867883 0.6669876 0.7433814 -0.05011593 0.6736611 0.7376593 -0.04516154 0.6892432 0.7224268 -0.05516675 0.6951337 0.71656 -0.05771437 0.6929272 0.7210064 -0.001318559 0.6580089 0.7445813 -0.1123523 0.5733837 0.7761031 -0.2624788 0.661416 0.7415895 -0.112133 0.5390169 0.8101113 -0.2306088 0.6668603 0.7402692 -0.08543342 0.6595935 0.7447257 -0.1015878 0.6592571 0.7465445 -0.08972915 0.6638019 0.7450703 -0.06509426 0.6477431 0.7561805 -0.0928434 0.6451581 0.7585052 -0.09187419 0.5141961 0.8380203 -0.1825494 0.6390088 0.7638673 -0.09041222 0.6359229 0.7664945 -0.0899346 0.6447322 0.7593486 -0.08780707 0.4937677 0.8576295 -0.1437539 0.6591656 0.7457798 -0.09650525 0.6440522 0.7596911 -0.08981154 0.7070992 0.7050222 -0.05435508 0.6975697 0.714039 -0.05953846 0.5736096 0.8172793 -0.05501404 0.689812 0.7202667 -0.07331638 0.6801872 0.728337 -0.08288897 0.727939 0.6851462 -0.02606543 0.7206169 0.6921292 -0.04084698 0.6443502 0.7637951 0.03781311 0.7493614 0.661704 0.02460448 0.7411583 0.6713291 -0.001290276 0.7075556 0.6947796 0.1290212 0.7348267 0.678098 -0.01459002 0.7528494 0.6558875 0.05504022 0.7448191 0.6652816 0.05142929 0.78746 0.5869809 0.1880432 0.7553419 0.6544119 0.0346958 0.7463804 0.6640679 0.04393284 0.7469964 0.6636265 0.03995206 0.7443889 0.666155 0.04607247 0.2270852 0.8511624 -0.4732387 0.2375128 0.8481401 -0.4735462 0.2491771 0.8438838 -0.4751536 0.3698173 0.85093 -0.3730326 0.1733468 0.8549049 -0.4889668 0.1780918 0.8614504 -0.4755906 0.2964607 0.8108198 -0.5046605 0.2078766 0.8582385 -0.4692697 0.2203408 0.8522247 -0.4745135 0.185543 0.7935381 -0.5795438 0.1839375 0.8298516 -0.5267953 0.1883347 0.8285843 -0.5272363 0.09059003 0.8454979 -0.5262383 0.107523 0.8386274 -0.5339878 0.06605742 0.7674695 -0.6376731 0.1318271 0.8202507 -0.5566062 0.1211162 0.8531603 -0.5073937 0.05983776 0.8111337 -0.5817917 0.06419299 0.817413 -0.5724642 -0.04952018 0.7355432 -0.6756656 0.06494256 0.8101345 -0.5826358 -0.09132827 0.7613804 -0.6418403 0.07804787 0.8241926 -0.5609056 0.06744373 0.8228297 -0.5642718 0.06771771 0.8292525 -0.5547563 0.08086375 0.8422373 -0.5330079 0.04957555 0.8254387 -0.5623105 -0.1146114 0.7945776 -0.5962471 0.05351794 0.8238542 -0.5642695 0.05002289 0.8258926 -0.5616041 0.04100178 0.8279238 -0.5593398 0.0356455 0.8287067 -0.5585469 0.04771819 0.8283212 -0.5582177 0.1353971 0.8269191 -0.5457769 0.1218052 0.8262285 -0.5500091 0.1079866 0.8222115 -0.5588445 0.2155481 0.8516124 -0.4778026 0.2031783 0.8444405 -0.4956197 0.1928725 0.8397494 -0.5075639 0.1804754 0.8369628 -0.5166449 0.1697824 0.83373 -0.5254219 0.1552619 0.8284779 -0.5380688 0.2150274 0.8611245 -0.4606819 0.2151466 0.8579108 -0.4665844 0.3363055 0.8785961 -0.3390687 0.2443174 0.840973 -0.4827768 0.2262622 0.849327 -0.4769163 0.2252804 0.858517 -0.4606488 -0.7603251 0.4112612 -0.5027624 -0.7703575 0.3845174 -0.5086214 -0.7356614 0.3590324 -0.5743676 -0.7690533 0.3676101 -0.5228957 -0.768354 0.3466564 -0.5380163 -0.7691032 0.3247513 -0.5504697 -0.7684914 0.3102219 -0.5596279 -0.7687499 0.287169 -0.5714521 -0.7646385 0.2689717 -0.5856468 -0.7138463 0.3252385 -0.6201963 -0.6087703 0.6252453 -0.4883309 -0.6418404 0.5929634 -0.4862462 -0.686763 0.5387279 -0.4879844 -0.7075024 0.5048719 -0.4945146 -0.6689158 0.565271 -0.4827219 -0.7278497 0.4710696 -0.4983255 -0.7457031 0.4427934 -0.4978563 -0.4935986 0.7137726 -0.4968793 -0.5201149 0.698197 -0.4919364 -0.5519654 0.6748334 -0.4898306 -0.5842469 0.6483557 -0.48815 -0.3578982 0.7349491 -0.5759849 -0.3793427 0.7655489 -0.5196479 -0.4038259 0.7601224 -0.5090565 -0.4268384 0.7514012 -0.503195 -0.4608599 0.731478 -0.5025417 -0.2981868 0.7681831 -0.5665504 -0.3197765 0.7672245 -0.5559763 -0.2990668 0.6877639 -0.661468 -0.2598273 0.7411929 -0.6189691 -0.3268354 0.7130276 -0.6202986 -0.2687568 0.7643084 -0.5861761 -0.2807716 0.7683866 -0.5751081 -0.3391408 0.7677143 -0.5436895 -0.3556968 0.768064 -0.5325011 -0.2442411 0.6328489 -0.7347439 -0.2104864 0.6892612 -0.6932636 -0.274108 0.6614809 -0.6980744 -0.2251296 0.7126426 -0.6644224 -0.2519868 0.7262687 -0.6395596 -0.1690216 0.5704647 -0.8037423 -0.1695861 0.5912838 -0.7884314 -0.2186022 0.5948172 -0.7735668 -0.167065 0.6114168 -0.7734719 -0.1665819 0.6248514 -0.7627655 -0.1632871 0.6448681 -0.7466475 -0.1662814 0.6619482 -0.7308728 -0.1979572 0.6758088 -0.7099968 -0.3535396 0.3370646 -0.8725808 -0.3199256 0.3682409 -0.8729526 -0.2715446 0.4194047 -0.8662351 -0.2485623 0.4511787 -0.8571199 -0.2901991 0.3936849 -0.8722366 -0.2238913 0.4808088 -0.8477592 -0.201827 0.5031269 -0.8403149 -0.1818098 0.5304703 -0.8279773 -0.1667295 0.5525697 -0.8166198 -0.4615481 0.2414031 -0.8536381 -0.4371179 0.2591718 -0.8612537 -0.4078237 0.2853847 -0.867315 -0.3772285 0.3131197 -0.8715817 -0.5956876 0.2182087 -0.7730079 -0.5605497 0.1743435 -0.8095606 -0.5381056 0.181809 -0.8230358 -0.5179914 0.1934557 -0.8332225 -0.4907194 0.2197602 -0.8431488 -0.6356097 0.1656135 -0.7540374 -0.6168586 0.1694106 -0.7686258 -0.6620771 0.27338 -0.6977946 -0.6783601 0.1969945 -0.7078282 -0.6317134 0.2455213 -0.7352942 -0.6622649 0.1667132 -0.7304874 -0.6504704 0.1628553 -0.7418669 -0.5987332 0.1701597 -0.7826648 -0.5827188 0.1703516 -0.7946189 -0.7409694 0.2631177 -0.6178459 -0.7295988 0.250824 -0.6362177 -0.6872996 0.2999267 -0.6615613 -0.7135741 0.2260611 -0.6631051 -0.6893779 0.215096 -0.691731 -0.7766636 -0.1983596 -0.5978689 -0.7900294 -0.3057346 -0.5313943 -0.789326 -0.4091863 -0.4577455 -0.5833422 -0.8117835 -0.02682227 -0.649843 -0.7512903 -0.1151824 -0.5061319 -0.8602633 0.06146251 0.6062001 -0.5164035 0.6048544 0.6871399 -0.4192244 0.5933714 0.7578936 -0.3162589 0.5705941 0.8602633 0.5061318 0.06146239 0.895585 0.419711 0.1475474 0.9172981 0.3253016 0.2296586 0.9250462 0.2244537 0.3064476 0.9187019 0.1188233 0.3766534 0.8983695 0.01014493 0.4391233 0.8643828 -0.09979656 0.4928316 0.8117832 0.5834064 -0.02539571 0.7501862 0.6508546 -0.1166577 0.6792767 0.704352 -0.2060863 0.5976172 0.7459889 -0.2938609 0.1983597 0.7766636 -0.5978689 0.08882444 0.749448 -0.6560776 -0.02107191 0.7088298 -0.7050648 -0.2244536 -0.9250462 0.3064476 -0.1188233 -0.9187019 0.3766534 -0.01014494 -0.8983695 0.4391234 0.09979654 -0.8643829 0.4928315 -0.7745651 -0.5070158 -0.3781322 -0.806078 -0.4829188 -0.3420931 -0.8352752 -0.4574351 -0.3050712 -0.8620731 -0.4306373 -0.2671733 0.8493785 0.4773397 0.2251733 0.2091967 -0.8172998 0.5368964 0.3162587 -0.7578936 0.5705942 0.1833764 -0.7949984 0.5782305 0.2910578 -0.7352487 0.6121231 0.1570296 -0.7704136 0.6179034 0.2650212 -0.7104915 0.6518938 0.1302317 -0.7436157 0.6558014 0.2382234 -0.6836937 0.6897917 0.1030597 -0.7146818 0.6918155 0.2107411 -0.6549319 0.7257082 0.07640179 -0.6844168 0.7250768 0.6549319 -0.210741 0.7257083 0.8172998 -0.2091966 0.5368964 0.7949985 -0.1833763 0.5782305 0.7704136 -0.1570296 0.6179034 0.7436157 -0.1302317 0.6558014 0.7146817 -0.1030597 0.6918155 -0.6554757 0.1295258 -0.744026 -0.6862993 0.1573064 -0.7101042 -0.7151515 0.1846345 -0.6741427 -0.7419494 0.2114323 -0.6362448 -0.7666159 0.237623 -0.5965194 -0.7891035 0.2640571 -0.5546075 -0.8202789 0.1285416 -0.5573325 -0.842324 0.1545922 -0.5163251 -0.7830098 -0.618031 0.07023808 -0.8375393 -0.5460893 -0.01773091 -0.7155559 -0.6800399 0.1597672 0.1832021 -0.6246334 0.7591246 0.2859768 -0.5536483 0.7821067 0.3829282 -0.4724679 0.7938136 0.4724607 -0.3824251 0.7940604 0.5531007 -0.284998 0.782851 0.6236313 -0.1827443 0.7600582 0.683812 -0.07573543 0.725717 0.6191204 0.7820129 0.07173406 0.6785966 0.716529 0.1615325 0.5475444 0.8365506 -0.01944847 -0.1293967 0.8203679 -0.5570036 -0.1540805 0.841794 -0.5173414 -0.04399007 0.8823141 -0.4686007 -0.1295258 0.6554756 -0.7440261 -0.1573064 0.6862993 -0.7101042 -0.1846344 0.7151515 -0.6741427 -0.2114323 0.7419494 -0.6362448 -0.2376231 0.766616 -0.5965193 -0.2628561 0.7886314 -0.5558481 -0.8863947 -0.4026022 -0.228508 -0.8576531 -0.493728 -0.143749 -0.5294873 -0.7934198 0.3002136 -0.5041375 -0.8225807 0.2630712 -0.4773397 -0.8493785 0.2251733 -0.4491705 -0.8737366 0.1866284 -0.419711 -0.895585 0.1475474 -0.4345314 -0.8152587 0.3828 -0.408908 -0.8444824 0.3458955 -0.3821101 -0.8712803 0.3079976 -0.3542146 -0.8955754 0.2692149 -0.3253016 -0.9172981 0.2296585 0.8225807 0.5041375 0.2630712 0.8152587 0.4345313 0.3828 0.7934198 0.5294874 0.3002136 0.7577006 0.6163472 0.2144898 0.4026021 0.8863948 -0.228508 0.4306373 0.862073 -0.2671734 0.4574351 0.8352752 -0.3050712 0.4829189 0.806078 -0.342093 0.5070158 0.7745651 -0.3781322 0.3042678 0.9014313 -0.3079655 0.2146716 0.8565834 -0.4692344 0.06573012 0.9094454 -0.4105955 0.7588158 0.6464391 0.07946795 0.692592 0.7023851 0.1642297 0.5804372 0.7636552 0.2827072 0.4861802 0.7917127 0.3698915 0.4150176 0.802169 0.4292846 0.3256865 0.8050036 0.4958805 -0.245396 0.6110324 0.7526089 -0.3540336 0.5290589 0.7712048 0.180528 0.7908573 0.5847687 0.06740001 0.7621925 0.6438321 -0.02235924 0.7339441 0.6788418 -0.1094871 0.6906632 0.7148405 -0.6671937 0.152681 0.7290686 -0.4322125 0.4663563 0.7718187 -0.5005186 0.3903727 0.7727162 -0.5947322 0.2686798 0.757697 -0.7208006 0.06478794 0.690108 -0.7511697 -0.02264609 0.6597206 -0.7867772 -0.1545518 0.5975745 -0.8047362 -0.2833522 0.5216427 -0.8070509 -0.3726475 0.4580423 -0.7967741 -0.4553626 0.3972354 -0.7660868 -0.5671122 0.302481 -0.7175637 -0.6671263 0.2001118 -0.6776484 -0.7246929 0.1249516 -0.6658505 -0.7384299 0.1066039 -0.6429931 -0.7619759 0.07715272 -0.5760828 -0.8173286 -0.01013307 -0.4662807 -0.8746224 -0.1327328 -0.3706835 -0.9022944 -0.2201332 -0.2995298 -0.9123286 -0.2791745 -0.1981328 -0.9188956 -0.3411366 -0.06637697 -0.9046438 -0.4209675 0.4611274 -0.6303906 -0.6244751 0.3547206 -0.7120686 -0.6059139 0.04597222 -0.8676185 -0.4951007 0.1294453 -0.8322304 -0.5391071 0.2179998 -0.7942165 -0.5671828 0.7730306 -0.2562507 -0.5803096 0.5304388 -0.5575065 -0.6386088 0.6018958 -0.4874862 -0.6325177 0.7008564 -0.3687649 -0.610584 0.9114031 0.174379 -0.3727416 0.8150066 -0.1563139 -0.5579697 0.8519512 -0.0781888 -0.5177506 0.891622 0.04785596 -0.4502443 0.9125354 0.2649967 -0.311538 0.9063287 0.3427157 -0.2472128 0.7908737 0.6114009 0.02660302 0.8318082 0.5532424 -0.04492226 0.8801842 0.4490406 -0.1537474 0.7784635 0.6259451 0.04676959 -0.4469994 -0.8268543 0.3413261 -0.06902052 -0.8213359 0.566254 -0.4861727 -0.7735385 0.4065394 0.3216195 -0.6589985 0.6799131 -0.09526827 -0.7825079 0.6153092 0.3131829 -0.638391 0.7031169 -0.5335592 -0.6753145 0.5091806 -0.5661141 -0.5557654 0.6088019 -0.5728837 -0.4205054 0.7035478 -0.5536854 -0.2895126 0.7807785 -0.4599571 -0.02225661 0.8876621 -0.5168905 -0.1556086 0.8417899 -0.3835898 0.09862394 0.9182223 -0.1889316 0.3168874 0.9294553 -0.2931403 0.2126303 0.932125 -0.07247239 0.403614 0.9120546 0.1830524 0.5307374 0.8275322 0.05318246 0.4757428 0.8779752 0.3169272 0.5634958 0.7629086 0.5762601 0.5651391 0.5903745 0.4496391 0.5753346 0.6832384 0.6932921 0.5310756 0.4871394 0.7956033 0.4751278 0.3758576 0.8594568 0.4202225 0.2911134 -0.1326735 -0.7070402 0.6946163 -0.1587076 -0.6146925 0.7726351 -0.1673604 -0.5161037 0.8400163 -0.1595185 -0.4158465 0.8953354 -0.1361308 -0.3177314 0.9383577 -0.09887064 -0.2241264 0.9695318 -0.04912208 -0.1372365 0.9893195 0.01197792 -0.05833113 0.9982254 0.08324536 0.01147643 0.996463 0.1635285 0.07075536 0.983998 0.251534 0.118505 0.9605661 0.3453251 0.1530819 0.9259139 0.4426919 0.1734243 0.8797431 0.5409212 0.1779837 0.8220256 0.6364108 0.166258 0.7532195 0.724956 0.1375325 0.6749249 0.8026169 0.09286036 0.5892224 0.850782 0.05357783 0.5227805 0.2927008 -0.6007273 0.7439442 0.2752602 -0.5565561 0.7838859 0.2655146 -0.5107038 0.8177307 0.2625667 -0.4654001 0.8452583 0.2667755 -0.4227699 0.8660811 0.2768197 -0.3834503 0.8810997 0.2926547 -0.3487123 0.8903668 0.31375 -0.3184721 0.8945035 0.3398197 -0.2931731 0.8936286 0.3707821 -0.273074 0.8876662 0.4061927 -0.2582339 0.8765402 0.4455823 -0.2494874 0.8597747 0.4880222 -0.2466773 0.8372483 0.532249 -0.2511295 0.8084831 0.5765991 -0.2622189 0.7738053 0.6186774 -0.2808586 0.733728 0.6565507 -0.3058614 0.6894852 0.6822436 -0.3227283 0.6560412 0.3149045 -0.6513197 0.6903752 0.323767 -0.6481732 0.6892361 -0.06714644 -0.8236497 0.5631097 -0.05344672 -0.8329838 0.55071 -0.4387569 -0.8365085 0.3282469 -0.4206215 -0.8547479 0.3041112 0.6869756 -0.3172001 0.6537955 0.8612782 0.0478127 0.5058793 0.8757873 0.4041153 0.2639837 0.6830106 -0.3111546 0.6608172 0.8637112 0.04551245 0.5019278 0.8844535 0.3941622 0.2497562 0.9221809 0.3397904 0.1847292 0.8900298 0.004079419 0.4558841 0.692005 -0.3314785 0.6412885 0.9666783 0.2423492 0.08246158 0.9911711 0.1305537 -0.02314397 0.9925927 0.001994447 -0.1214731 0.9721381 -0.1248897 -0.1983683 0.8702226 -0.3761401 -0.3181687 0.9309147 -0.2510618 -0.2652656 0.7954054 -0.4951454 -0.3495158 0.602024 -0.7094647 -0.3663701 0.7050863 -0.6074723 -0.3658288 0.4895661 -0.8001403 -0.3465553 0.2429772 -0.935484 -0.2565769 0.3681803 -0.8772252 -0.3080898 0.1145121 -0.9759169 -0.1856694 -0.134948 -0.9908478 -0.003109554 -0.01329072 -0.994994 -0.09904676 -0.2511743 -0.9622578 0.1047441 -0.3539145 -0.9093461 0.2187102 0.9236857 -0.06956705 0.3767826 0.9428031 -0.1550964 0.295072 0.9439947 -0.2443753 0.2217086 0.9290108 -0.3343136 0.1586614 0.8998893 -0.4226184 0.1076706 0.8586059 -0.5079723 0.06899327 0.8069363 -0.5890526 0.04325355 0.746118 -0.6651129 0.03054102 0.6772233 -0.7351179 0.03114948 0.6014155 -0.7976537 0.04525456 0.5195852 -0.8512827 0.07313694 0.4332029 -0.8940121 0.1143574 0.34387 -0.9237442 0.1686715 0.2530674 -0.9384489 0.2350968 0.1635284 -0.9359355 0.3119024 0.0780712 -0.914594 0.3967653 0.0001026584 -0.8737991 0.486287 0.7101381 -0.367604 0.6004758 0.7231254 -0.4071699 0.5579447 0.7278972 -0.4469225 0.520025 0.7259466 -0.4854739 0.4871515 0.7177491 -0.521839 0.4609993 0.7047194 -0.5558583 0.4408992 0.6873934 -0.5869902 0.4277064 0.6662612 -0.6154701 0.4210612 0.6416371 -0.6410126 0.4211943 0.6136 -0.6633808 0.4282768 0.5822333 -0.6821526 0.4423486 0.5478171 -0.6964488 0.4635251 0.5106352 -0.7055067 0.4914387 0.4713981 -0.7078328 0.5260766 0.4309343 -0.7027613 0.5660584 0.3909671 -0.6888144 0.6104748 0.3528824 -0.6661031 0.6571002 -0.7949883 -0.08802221 -0.6002047 -0.8100305 -0.07370622 -0.5817371 -0.8316914 -0.049587 -0.5530196 0.8671478 0.2403707 0.4362071 0.9215049 0.1772577 0.3455553 0.9744752 0.08399981 0.2081879 0.9951734 0.01510066 0.09696333 0.9992854 -0.03338834 0.01771935 0.9924368 -0.08343011 -0.09004759 0.962252 -0.1541721 -0.224281 0.6110823 -0.3872063 -0.6903982 0.7119716 -0.3543321 -0.6062551 0.9149766 -0.2272783 -0.3334103 0.8697718 -0.2731917 -0.4109299 0.8167533 -0.3042085 -0.4902767 0.1658606 -0.4269798 -0.8889199 0.5276384 -0.4160904 -0.7405853 0.4411906 -0.4246572 -0.7905802 0.2979376 -0.4296991 -0.8524036 -0.3239227 -0.3389043 -0.8832995 0.05589038 -0.4305398 -0.9008395 -0.03692772 -0.4112371 -0.9107801 -0.1817341 -0.37906 -0.9073512 -0.4235195 -0.3056433 -0.8527681 -0.5098848 -0.2663296 -0.8179768 -0.734678 -0.1371741 -0.6644031 -0.6244754 -0.2085825 -0.7526777 0.8303567 0.273125 0.4857062 0.8443666 0.2602795 0.4682944 -0.8861619 0.01100542 -0.4632451 -0.941129 0.0990065 -0.3232243 -0.9625042 0.167686 -0.21323 -0.9670937 0.2163931 -0.1338049 -0.9613262 0.2727984 -0.03785476 -0.6856517 0.5310669 0.497845 -0.5838741 0.56389 0.584054 -0.9297499 0.3511982 0.1105666 -0.8862352 0.4074829 0.2203289 -0.8436431 0.4423437 0.3042997 -0.7881079 0.4825522 0.3821378 -0.1367323 0.6061382 0.7835182 -0.504 0.5763318 0.6432928 -0.414655 0.5934913 0.6898038 -0.2717125 0.6063288 0.7473538 -0.03050976 0.589566 0.8071437 0.06662726 0.5827624 0.8099066 0.2144091 0.5576544 0.8019042 0.3577808 0.5197831 0.7757696 0.4570922 0.4837646 0.7463501 0.546081 0.4495151 0.7069171 0.6647146 0.3924068 0.6357448 0.769404 0.3260011 0.5493094 -0.3835616 0.537071 -0.751289 -0.3976312 0.5522476 -0.7327429 -0.4173675 0.5763054 -0.7026211 0.579853 -0.418553 0.6989877 0.6367726 -0.4762975 0.6063509 0.7010974 -0.5450913 0.459715 0.7386837 -0.5829107 0.3384695 0.757422 -0.6032954 0.249693 0.7799835 -0.6114793 0.1331119 0.7875972 -0.6158207 -0.02134538 0.6271808 -0.479836 -0.6135159 0.6814755 -0.5330509 -0.5014457 0.7693912 -0.6184847 -0.1597304 0.7499556 -0.6090212 -0.2581856 0.7316169 -0.5829959 -0.3533447 0.3535326 -0.2060303 -0.9124507 0.5726809 -0.4419961 -0.6904173 0.5244201 -0.3866286 -0.7586184 0.4387436 -0.292991 -0.8495059 0.006359632 0.1420474 -0.9898394 0.2716478 -0.1427905 -0.9517449 0.2120015 -0.07203734 -0.9746107 0.1111699 0.03521991 -0.9931771 -0.07112021 0.2174608 -0.9734746 -0.1376394 0.2889481 -0.9473987 -0.3281306 0.4801948 -0.813476 -0.2322609 0.3833698 -0.8939141 0.5424952 -0.3842779 0.7470137 0.5559054 -0.3979802 0.7297815 -0.4750491 0.6323675 -0.6119148 -0.5443894 0.6975406 -0.4659155 -0.5820398 0.7358862 -0.3459787 -0.6011357 0.7566717 -0.2570675 -0.6164246 0.7733908 -0.1479441 -0.5359557 0.6829777 0.4962791 -0.4819337 0.6286982 0.6103101 -0.6261695 0.7793631 0.02247129 -0.6183657 0.7708991 0.1527692 -0.6086351 0.752695 0.2510251 -0.58372 0.7327776 0.3497256 -0.2061619 0.3554865 0.9116615 -0.4413758 0.5778102 0.6865295 -0.3855936 0.5283582 0.7564094 -0.2948791 0.44205 0.8471352 -0.1411451 0.2757583 0.9508078 -0.06951335 0.2140778 0.9743401 0.03874753 0.1117741 0.9929779 0.1464092 0.00657168 0.9892023 0.2219796 -0.07110665 0.9724551 0.294829 -0.1389851 0.9453883 0.395564 -0.2337602 0.8881921 0.4884258 -0.3239788 0.8102333 0.273324 0.8267811 -0.4916574 0.2603444 0.8420525 -0.4724069 0.2414423 0.8646085 -0.4406333 -0.04566411 -0.8337415 0.5502636 0.01645221 -0.8882695 0.4590279 0.1043159 -0.9421653 0.3185008 0.1729332 -0.9629118 0.2071109 0.2194344 -0.967365 0.1267027 0.2868332 -0.9575384 0.02910315 0.3615256 -0.9266758 -0.102816 0.5650678 -0.5805661 -0.5862093 0.5334964 -0.6812319 -0.5013031 0.4094371 -0.8837231 -0.2267041 0.4433158 -0.8405831 -0.3112735 0.4836099 -0.7859729 -0.3851857 0.6050305 -0.135312 -0.7846202 0.5738408 -0.5005727 -0.6481772 0.5909863 -0.4126531 -0.6931469 0.6056381 -0.2677513 -0.7493409 0.518047 0.3546588 -0.7783601 0.5860846 -0.0292031 -0.8097234 0.5801881 0.06591519 -0.8118109 0.5557685 0.2120525 -0.8038378 0.4822913 0.4538276 -0.7492901 0.448975 0.5412217 -0.7109856 0.3207311 0.7661714 -0.5568779 0.390987 0.6557711 -0.6458276 -0.08213983 -0.7975888 0.5975828 -0.06964706 -0.8116592 0.5799643 0.1788946 0.9187436 -0.3520041 0.08586339 0.9728476 -0.2149301 0.01802707 0.9943676 -0.1044419 -0.02864838 0.9993055 -0.0238266 -0.08332263 0.9938351 0.07313754 -0.353596 0.7161009 0.6018051 -0.3867315 0.6142697 0.687831 -0.1662767 0.9614774 0.218891 -0.2233581 0.917826 0.3281868 -0.2684485 0.8734788 0.4061651 -0.3026241 0.8189787 0.4875372 -0.4258879 0.1676584 0.8891064 -0.41164 0.5322566 0.7397671 -0.421159 0.4442226 0.7907537 -0.4286775 0.3021926 0.8514195 -0.427073 0.05838918 0.9023299 -0.4082571 -0.03668692 0.9121295 -0.3759582 -0.1832349 0.9083394 -0.335119 -0.3260974 0.8839433 -0.3016448 -0.4258454 0.8530335 -0.2613946 -0.5138046 0.8171155 -0.1970917 -0.6312039 0.7501577 -0.1274964 -0.735346 0.6655907 -0.2023983 -0.8977069 0.3913532 -0.2171563 -0.8852406 0.4113298 -0.2414506 -0.8646002 0.4406451 0.0506122 0.8288043 -0.5572449 0.1113442 0.7604894 -0.639733 0.1937097 0.6441381 -0.7399748 0.2485393 0.5414387 -0.803164 0.2843684 0.4635491 -0.8392001 0.3147616 0.3559351 -0.8799064 0.355277 0.2098732 -0.910896 0.422262 -0.4067634 -0.8100854 0.4283452 -0.2806111 -0.8589399 0.3974473 0.0768391 -0.9144022 0.4187566 -0.02144432 -0.9078453 0.4235872 -0.1211901 -0.897712 0.3199511 -0.7896695 -0.5235011 0.4216963 -0.4949646 -0.7597251 0.4009622 -0.5792955 -0.7096803 0.3609207 -0.6988074 -0.6175795 0.1140282 -0.9867363 -0.1155376 0.2941201 -0.8510017 -0.4350741 0.2509901 -0.8970873 -0.3636459 0.1844874 -0.9523111 -0.2430389 0.06176879 -0.9978875 -0.02012683 0.00763294 -0.9978412 0.06522863 -0.1496748 -0.9372216 0.3149812 -0.06670938 -0.9800506 0.1872183 0.01730944 0.8624191 -0.5058989 0.03055648 0.8507498 -0.5246818 -0.2999145 -0.7977236 0.5231523 -0.3773772 -0.6813341 0.6271924 -0.4323452 -0.5800488 0.6903774 -0.4684811 -0.5021766 0.7268729 -0.5069723 -0.4035402 0.7616655 -0.6067929 0.244288 0.7563899 -0.600139 0.3726009 0.7078148 -0.5523796 -0.242821 0.7974426 -0.5792975 -0.1151709 0.8069387 -0.5897168 -0.01531297 0.8074649 -0.6029183 0.08656356 0.7930928 -0.4995783 0.7578079 0.4197006 -0.5834027 0.462786 0.6674357 -0.5706793 0.5476155 0.611917 -0.5388019 0.665287 0.5168034 -0.4537018 0.8223855 0.3432735 -0.4225009 0.867445 0.2627399 -0.3626965 0.9218894 0.1362758 -0.2944338 0.9556506 0.006379416 -0.2394409 0.9669308 -0.08782323 -0.1901881 0.9653876 -0.1784807 -0.1162939 0.9445893 -0.3069638 -0.0392224 0.9020649 -0.4298145 0.4544868 -0.6079964 0.6509855 0.4408193 -0.5954356 0.6716657 0.4173592 -0.5762971 0.7026329 -0.5749089 0.413609 -0.7059797 -0.5089923 0.3485173 -0.7870594 -0.4030708 0.2470645 -0.8811884 -0.3172204 0.1614477 -0.9345084 -0.253623 0.09949606 -0.9621725 -0.1783764 0.009872257 -0.9839128 -0.07079479 -0.1009817 -0.9923663 0.360149 -0.5074934 -0.7827791 0.2803635 -0.428788 -0.8587998 0.03749332 -0.1883995 -0.9813765 0.1120974 -0.2530322 -0.9609417 0.175542 -0.3241629 -0.9295716 0.5714489 -0.7189512 -0.3956707 0.4228562 -0.5535413 -0.717485 0.4675284 -0.6053201 -0.6442087 0.5278153 -0.6735676 -0.5174145 0.6257188 -0.7741256 0.09594576 0.6085564 -0.7374141 -0.2930522 0.619172 -0.7591358 -0.2008457 0.6290874 -0.7754772 -0.05370477 0.6151799 -0.761521 0.2040575 0.5942578 -0.7455663 0.301643 0.4991824 -0.6512465 0.5715724 0.5565383 -0.7076471 0.4353167 -0.607327 0.4491098 -0.6553276 -0.594996 0.4370708 -0.6744989 0.3540297 -0.5113484 0.7830618 0.2528766 -0.4060276 0.8781771 0.1677202 -0.3215675 0.9319143 0.1040067 -0.2595417 0.9601149 0.02612913 -0.1830954 0.9827479 -0.4244334 0.2774112 0.8619161 -0.5049364 0.3581726 0.7853354 -0.09248644 -0.06070717 0.9938616 -0.1842906 0.03175759 0.9823586 -0.2495317 0.1054714 0.9626057 -0.321822 0.1727646 0.9309044 -0.7193043 0.5699797 0.3971453 -0.5536671 0.4172322 0.7206733 -0.6062445 0.4634799 0.6462615 -0.6726005 0.5254296 0.5210877 -0.7396292 0.6050161 0.2947952 -0.7612448 0.6166802 0.2005293 -0.7774022 0.6268807 0.05163756 -0.7759621 0.6229812 -0.09887999 -0.763066 0.6121932 -0.2072432 -0.7464124 0.5905686 -0.3067528 -0.7089487 0.5471447 -0.4449993 -0.655145 0.4906979 -0.5744568 0.831683 0.04959527 0.5530313 0.765142 0.1100147 0.634393 0.6496154 0.192507 0.7354869 0.5481855 0.2466328 0.7991651 0.4699647 0.2807358 0.8368516 0.3710313 0.3174967 0.8726578 -0.2747372 0.4293221 0.86035 -0.4029966 0.4229802 0.811592 0.2110934 0.3674581 0.9057671 0.08358003 0.3951721 0.9147969 -0.01452265 0.4158222 0.9093299 -0.1174343 0.42299 0.8984924 -0.788734 0.3193281 0.5252887 -0.4910426 0.4187112 0.7639097 -0.5771831 0.3983466 0.7128672 -0.6957671 0.3611508 0.6208689 -0.850265 0.2912085 0.4384599 -0.8973853 0.2479958 0.3649625 -0.9530636 0.1810001 0.2427111 -0.9873339 0.1097699 0.114553 -0.9981776 0.05732092 0.01886018 -0.9976639 0.002067774 -0.06828236 -0.9781001 -0.07902119 -0.1925508 -0.9361229 -0.1592822 -0.3135331 -0.895187 -0.2082947 -0.3940223 -0.8834572 -0.2211889 -0.4130119 -0.8622042 -0.2453142 -0.4431984 -0.7937258 -0.3050369 -0.5262622 -0.6764486 -0.3820263 -0.6296612 -0.5737004 -0.4365743 -0.6930157 -0.495478 -0.4704184 -0.730211 -0.3908301 -0.5181767 -0.7607527 -0.2454494 -0.5626305 -0.7894311 0.3762472 -0.6001233 -0.7058966 0.2498674 -0.6075068 -0.7539906 -0.1080925 -0.579606 -0.8076961 -0.007718722 -0.5888611 -0.8081974 0.09040556 -0.6029505 -0.7926396 0.7591208 -0.4980017 -0.4192014 0.4678989 -0.5794468 -0.667317 0.5507579 -0.5672914 -0.6122469 0.6686211 -0.5368595 -0.5145169 0.9560006 -0.2931735 -0.01059361 0.8243144 -0.4496651 -0.343958 0.8681012 -0.4199363 -0.2646767 0.9219912 -0.3611972 -0.1395305 0.9675795 -0.2384165 0.083351 0.9665041 -0.19029 0.1722197 0.8659141 0.01709656 0.4999004 0.9057299 -0.03387818 0.4224992 0.9487526 -0.1156943 0.2940806 0.8532186 0.03051815 0.5206599 -0.8577113 -0.4743208 -0.1983711 -0.6632235 -0.7429132 0.0906337 -0.8953353 -0.4265644 -0.1281304 -0.340836 -0.8677392 0.361745 -0.6895586 -0.7098322 0.1436913 -0.3494642 -0.8534588 0.3866301 -0.9373106 -0.3484152 -0.00746736 -0.9572311 -0.261371 0.1240721 -0.948097 -0.1756292 0.2650782 -0.912514 -0.1037238 0.3956761 -0.7741733 0.02437417 0.6325042 -0.854543 -0.03557898 0.5181606 -0.6769622 0.06728638 0.7329357 -0.4370492 0.1232125 0.8909583 -0.5640813 0.1009252 0.8195281 -0.3012055 0.1284812 0.9448639 -0.00892336 0.1023378 0.9947097 -0.1567929 0.1212567 0.9801596 0.1390646 0.06731633 0.9879927 0.4209972 -0.03692439 0.9063101 0.2840936 0.02039738 0.9585796 0.5449719 -0.104782 0.8318812 0.6517993 -0.1792666 0.7368997 0.7169313 -0.2375272 0.6554314 -0.7227913 -0.6493269 0.2365319 -0.739358 -0.5818461 0.3388287 -0.7348347 -0.5168004 0.439244 -0.7112145 -0.456892 0.5342505 -0.6707571 -0.404491 0.6216687 -0.6159829 -0.3606019 0.7003795 -0.5491256 -0.3262617 0.7694247 -0.4718438 -0.3019394 0.8283695 -0.3856334 -0.2878781 0.8765917 -0.2919892 -0.2845248 0.9131199 -0.1922261 -0.2918527 0.9369478 -0.08844206 -0.3099726 0.946623 0.01732252 -0.3383686 0.9408542 0.1223031 -0.3766888 0.9182306 0.2232642 -0.423374 0.8780134 0.3158872 -0.4769719 0.8201909 0.3965996 -0.5349222 0.7460341 0.4477896 -0.5765754 0.6834071 -0.3680361 -0.8225338 0.4335753 -0.3810491 -0.7880553 0.4834981 -0.3845567 -0.7551502 0.5309089 -0.3801058 -0.7249895 0.5743777 -0.3681472 -0.699342 0.6126895 -0.3503938 -0.6781721 0.6459928 -0.3274471 -0.6624592 0.6737405 -0.2999719 -0.6519876 0.6963685 -0.268432 -0.646971 0.7137036 -0.2329675 -0.6475459 0.7255415 -0.1939166 -0.6534828 0.7316806 -0.1517825 -0.6650443 0.7312169 -0.1071693 -0.6815473 0.723884 -0.0614092 -0.7031822 0.7083528 -0.01568217 -0.7285884 0.6847722 0.02751566 -0.7572341 0.6525637 0.06662371 -0.7873939 0.6128394 0.09476133 -0.8069227 0.5830061 -0.34548 -0.8625825 0.3695876 -0.339035 -0.8636886 0.3729574 -0.6613122 -0.7450061 0.08736169 -0.6489368 -0.7570433 0.0759375 -0.8494213 -0.4833089 -0.2118867 -0.8320213 -0.5019036 -0.2362908 0.1018402 -0.8047599 0.5847991 0.4612453 -0.5828651 0.6689701 0.7352008 -0.2526752 0.6289953 0.09811613 -0.7995253 0.5925643 0.4639686 -0.585067 0.6651539 0.7442201 -0.2618515 0.6144674 0.78018 -0.3096481 0.5435414 0.4878699 -0.6209737 0.6134938 0.1053871 -0.8156585 0.5688539 0.8200635 -0.3856255 0.4228343 0.8397371 -0.4605016 0.2877149 0.8309274 -0.5370526 0.1453763 0.7959648 -0.6051145 0.01662826 0.6639697 -0.7128038 -0.2259536 0.7405284 -0.6632161 -0.1084533 0.569128 -0.754943 -0.3258134 0.3344648 -0.807118 -0.4865119 0.4581679 -0.786744 -0.4136618 0.1989549 -0.8183655 -0.5391613 -0.09235715 -0.8051226 -0.5858734 0.05375259 -0.818552 -0.5719119 -0.2422703 -0.7807614 -0.5759485 -0.5267537 -0.6950555 -0.4893142 -0.3897369 -0.7440433 -0.5426829 -0.6545475 -0.6330858 -0.4132432 -0.7642319 -0.5613957 -0.3174657 0.5188608 -0.6779584 0.5207263 0.5346275 -0.735231 0.4166639 0.5309891 -0.7872404 0.3135333 0.5097328 -0.8330709 0.214861 0.4726305 -0.8725367 0.123694 0.4216679 -0.9058073 0.04134364 0.358511 -0.9330236 -0.03060762 0.2844029 -0.9543352 -0.09142916 0.2004875 -0.9696224 -0.1401324 0.1081964 -0.978492 -0.1756329 0.008709207 -0.9804041 -0.1968042 -0.09577518 -0.974536 -0.2027477 -0.2030016 -0.9601074 -0.1923125 -0.3104973 -0.9361379 -0.1650371 -0.414402 -0.9020527 -0.1207144 -0.5107692 -0.8576294 -0.05988844 -0.5951216 -0.8034827 0.01567962 0.1227771 -0.8440394 0.5220376 0.1354667 -0.8717251 0.4708972 0.1395574 -0.8960009 0.4215521 0.1366084 -0.9167475 0.3753828 0.1266455 -0.9338865 0.3343902 0.1111487 -0.9479399 0.2984223 0.09037263 -0.9590023 0.2686026 0.06476552 -0.9674512 0.2446294 0.03458782 -0.9733017 0.2269086 -7.310553e-05 -0.9764551 0.2157207 -0.03899184 -0.9766408 0.2113113 -0.08163131 -0.9733629 0.2142451 -0.1272708 -0.9660959 0.2246348 -0.1747133 -0.9540788 0.2433287 -0.2224 -0.9369223 0.2696569 -0.2679381 -0.914233 0.3039526 -0.3092771 -0.8863358 0.3446107 -0.7810506 0.1711264 -0.6005628 -0.8760213 -0.2221999 -0.4280349 -0.822136 0.2123982 -0.528185 -0.8016521 -0.5721836 -0.1730892 -0.9067059 -0.1945551 -0.3742094 -0.8136649 -0.5623164 -0.1474777 -0.8766934 0.2672768 -0.3999647 -0.9152175 0.3137333 -0.2528801 -0.9359524 0.3401524 -0.09104681 -0.9371956 0.3432155 0.06218943 -0.88283 0.3046688 0.3574747 -0.918865 0.33254 0.2123778 -0.8345675 0.2573219 0.4871165 -0.6957213 0.123934 0.7075396 -0.7717088 0.1972176 0.6046244 -0.6121107 0.0367 0.78992 -0.4179761 -0.1637056 0.8935863 -0.5186378 -0.06054209 0.8528479 -0.3143737 -0.2741846 0.908841 -0.1015223 -0.496716 0.861955 -0.2077814 -0.3865769 0.8985461 0.0002817943 -0.6021255 0.7984014 0.09527024 -0.6977386 0.7099891 0.1584701 -0.7601688 0.6301036 -0.9492534 -0.1515018 -0.2756179 -0.9801423 -0.1149226 -0.1615976 -0.9947534 -0.09186173 -0.04502326 -0.9941825 -0.08240422 0.06935965 -0.9802083 -0.0865605 0.1780422 -0.9547145 -0.1033865 0.2789828 -0.9194493 -0.1321766 0.3703273 -0.8757078 -0.1722337 0.4510781 -0.8244771 -0.2227341 0.5202183 -0.76667 -0.2829287 0.5763406 -0.7028415 -0.3517902 0.6182697 -0.6340109 -0.4278395 0.6441921 -0.5609613 -0.5091828 0.6527291 -0.4850548 -0.5936062 0.6421476 -0.4078128 -0.6778551 0.6117199 -0.3319784 -0.7583176 0.5610211 -0.2598313 -0.8312646 0.4914131 -0.2090349 -0.8774542 0.4317159 -0.8364175 -0.5392756 -0.09791575 -0.8546789 -0.51739 -0.04279634 -0.8650445 -0.5015555 0.01183609 -0.8685688 -0.4914397 0.06383728 -0.8658036 -0.4878596 0.1112522 -0.8581384 -0.4898428 0.1537938 -0.8462106 -0.4976711 0.1903971 -0.8306447 -0.5109072 0.2213665 -0.8118162 -0.5294059 0.2463409 -0.7897989 -0.5531423 0.2650496 -0.7646662 -0.5816946 0.2773392 -0.7365104 -0.6147527 0.2821905 -0.7053884 -0.6513708 0.2795412 -0.6718143 -0.6906012 0.267835 -0.6361964 -0.7307428 0.247526 -0.599989 -0.769807 0.2177394 -0.5641862 -0.8058273 0.1798231 -0.5369265 -0.8297371 0.152467 -0.8066594 -0.567459 -0.1651995 -0.8036425 -0.5728592 -0.1612178 -0.8739267 -0.2241117 -0.4313075 -0.8641845 -0.2377413 -0.4434683 -0.7722392 0.1627394 -0.6141356 -0.7554416 0.1443567 -0.6391159 -0.5312998 -0.8325552 0.1567558 -0.1946198 -0.8864663 0.4198816 0.1783464 -0.7758527 0.6051819 -0.5355208 -0.8282772 0.1648462 -0.1916903 -0.8887914 0.4162988 0.1881076 -0.7845517 0.5908419 0.2281892 -0.8247311 0.5174441 -0.1647492 -0.9175964 0.3617659 -0.525894 -0.8391068 0.1390513 0.2820638 -0.8767033 0.3896554 0.3272244 -0.9126288 0.2450162 0.3527436 -0.9317293 0.08632764 0.3552645 -0.9326121 -0.06341776 0.3171934 -0.8803362 -0.3526989 0.344385 -0.9149029 -0.2105982 0.2708472 -0.833889 -0.4809064 0.138921 -0.6999139 -0.7005865 0.2108465 -0.7731364 -0.598167 0.05244571 -0.6178499 -0.7845451 -0.1478696 -0.4288511 -0.8911909 -0.04596959 -0.5265756 -0.8488845 -0.2589915 -0.326389 -0.9090619 -0.4840061 -0.1180969 -0.867059 -0.3735994 -0.2215227 -0.9007503 -0.5920529 -0.01550344 -0.80575 -0.6908276 0.07936816 -0.71865 -0.1224825 -0.9566361 0.2642827 -0.08705429 -0.9843496 0.1532234 -0.06494685 -0.997066 0.04051175 -0.05599076 -0.9959763 -0.06997338 -0.06011178 -0.9827128 -0.1751063 -0.07643577 -0.9588744 -0.2733449 -0.1044447 -0.9259217 -0.3629881 -0.1435668 -0.8848655 -0.4431723 -0.1933093 -0.8365162 -0.5127106 -0.2528863 -0.7816597 -0.5701374 -0.3216569 -0.7208297 -0.6139556 -0.3979685 -0.6548719 -0.642467 -0.4802523 -0.5847577 -0.6537707 -0.5663722 -0.5112538 -0.6464071 -0.6531657 -0.4361751 -0.6189716 -0.7372097 -0.361476 -0.5708389 -0.8144658 -0.2897632 -0.5026757 -0.5030378 -0.8595167 0.09046564 -0.4815746 -0.8756097 0.0373302 -0.4661859 -0.884562 -0.01486158 -0.4562365 -0.8875186 -0.06448969 -0.4525865 -0.884934 -0.1098059 -0.4542376 -0.8780246 -0.1508014 -0.4615392 -0.8672926 -0.1865078 -0.4741684 -0.8532137 -0.2172343 -0.4921138 -0.8360508 -0.2425757 -0.515393 -0.8158456 -0.2622328 -0.5438263 -0.792578 -0.2758133 -0.5770406 -0.7663133 -0.2824678 -0.6143023 -0.7370786 -0.2816875 -0.6547401 -0.7051787 -0.2721 -0.6966645 -0.6710377 -0.2537064 -0.7381928 -0.6358029 -0.2254465 -0.7771297 -0.600502 -0.188326 -0.2619227 0.731392 -0.6296525 -0.5827572 0.4357746 -0.6859261 -0.3094533 0.7690546 -0.5592796 -0.7906272 0.05630532 -0.6097035 -0.619507 0.46148 -0.6350175 -0.8074973 0.06448928 -0.5863355 -0.3872168 0.8110962 -0.4383904 -0.4646843 0.8326598 -0.3012412 -0.5435639 0.824703 -0.1562154 -0.6132721 0.7894969 -0.02433042 -0.7222777 0.654432 0.2236819 -0.6721768 0.7331113 0.1035669 -0.7640833 0.5574108 0.3247614 -0.8134214 0.3186281 0.4866434 -0.7943979 0.4451002 0.4133012 -0.8230636 0.182034 0.5379869 -0.8044893 -0.1115468 0.5833988 -0.8203895 0.03684066 0.570617 -0.7777675 -0.2609588 0.5718201 -0.6852131 -0.5448964 0.4832918 -0.7378518 -0.4071893 0.5383044 -0.6217086 -0.669618 0.4063129 -0.5479773 -0.7765747 0.3108901 -0.4887883 -0.8415473 0.2299656 -0.6794021 0.4948173 -0.5418197 -0.7400136 0.5125628 -0.4354988 -0.7948598 0.5097894 -0.3291088 -0.8426634 0.488246 -0.2270115 -0.8832123 0.4498221 -0.1326504 -0.9166405 0.3968428 -0.04781186 -0.9431629 0.3313267 0.02581302 -0.9630371 0.2548082 0.08736344 -0.9762172 0.168749 0.1361018 -0.9824521 0.0746103 0.170942 -0.9811993 -0.02619512 0.1912113 -0.9717943 -0.1314744 0.1957813 -0.9534092 -0.2389565 0.1841484 -0.9253701 -0.3457011 0.1555022 -0.8871424 -0.4481132 0.1103307 -0.839132 -0.541695 0.04923506 -0.7821466 -0.622573 -0.02548685 -0.7349337 -0.6728089 -0.08485726 -0.8380745 0.08312068 -0.5391865 -0.8681791 0.09688416 -0.4867017 -0.8944826 0.1015245 -0.4354235 -0.9166861 0.09843871 -0.3872936 -0.934674 0.08779448 -0.3444949 -0.9489849 0.07121765 -0.3071738 -0.9597499 0.04912013 -0.2765274 -0.9674086 0.02212744 -0.2522519 -0.972027 -0.009344148 -0.2346833 -0.9735279 -0.04516487 -0.2240617 -0.9717191 -0.08492393 -0.2203405 -0.9660745 -0.1280733 -0.2242704 -0.9562059 -0.1738248 -0.2354895 -0.9413986 -0.2207562 -0.2550205 -0.9214529 -0.2674202 -0.2817995 -0.8962559 -0.3112097 -0.3160282 -0.8663583 -0.3503628 -0.3559062 -0.8427863 -0.3778066 -0.3833711 -0.7961251 0.06089076 -0.6020608 -0.7978957 0.0539522 -0.6003762 -0.5804433 0.433901 -0.6890686 -0.5731005 0.4207202 -0.7032427 -0.2524225 0.7231897 -0.6428682 -0.2357421 0.7054613 -0.6683936 -0.8415584 -0.3843038 -0.3795919 -0.7221219 -0.6851458 -0.09547359 -0.4685804 -0.8589487 0.2064936 -0.8467247 -0.3805679 -0.3717866 -0.7191904 -0.6877438 -0.09886235 -0.4581199 -0.8677476 0.1927179 -0.4104387 -0.9037274 0.1217242 -0.6855335 -0.7120312 -0.1518402 -0.8320434 -0.3880882 -0.3963475 -0.3321679 -0.9432173 0.00236072 -0.2461441 -0.9609784 -0.1262285 -0.1618448 -0.9508393 -0.2640281 -0.09180405 -0.9155369 -0.3916173 0.03302863 -0.7806007 -0.6241567 -0.02545802 -0.8586861 -0.5118692 0.0752915 -0.6857377 -0.7239441 0.1299407 -0.4506499 -0.8831931 0.1079986 -0.5746223 -0.8112617 0.1358615 -0.316054 -0.938963 0.1089586 -0.02708563 -0.9936772 0.1274294 -0.1723304 -0.976762 0.07414335 0.1210337 -0.9898756 -0.03174736 0.402054 -0.9150654 0.02566756 0.2664832 -0.9634977 -0.1002994 0.5287186 -0.8428504 -0.1767018 0.6375943 -0.7498333 -0.624652 -0.7423532 -0.2423254 -0.5580668 -0.7565226 -0.3409325 -0.4947234 -0.7509389 -0.4374238 -0.4367642 -0.7276023 -0.5289913 -0.3862643 -0.6886065 -0.6136946 -0.3439227 -0.6360876 -0.6907313 -0.3107384 -0.5719069 -0.7591865 -0.2870925 -0.4973983 -0.8186409 -0.2734889 -0.4137716 -0.8683299 -0.270314 -0.3224577 -0.9071667 -0.2779891 -0.2246154 -0.933954 -0.296355 -0.1222753 -0.9472183 -0.325473 -0.01756905 -0.9453881 -0.3646712 0.08731378 -0.9270336 -0.4128988 0.188792 -0.890995 -0.4686027 0.2832236 -0.8367771 -0.5294411 0.3664281 -0.7651291 -0.8007089 -0.4049712 -0.4414335 -0.7665407 -0.4165486 -0.4887766 -0.7344959 -0.4193064 -0.5335709 -0.7053086 -0.4149093 -0.5747957 -0.6806444 -0.4036553 -0.6113801 -0.660242 -0.3870691 -0.6436288 -0.6450401 -0.3655827 -0.6710236 -0.6348412 -0.3396756 -0.693972 -0.6299346 -0.3096596 -0.7122453 -0.6304916 -0.2756354 -0.725607 -0.6365424 -0.2377866 -0.7336697 -0.6482084 -0.1965863 -0.7356492 -0.6651645 -0.1526093 -0.7309354 -0.6874881 -0.1069349 -0.7182792 -0.7140403 -0.06086059 -0.6974543 -0.7443263 -0.01662562 -0.6676091 -0.7766131 0.02396017 -0.6295221 0.210497 -0.6799662 0.7023795 0.5585144 -0.4115316 0.7202106 0.1656696 -0.6252712 0.7626202 0.7987014 -0.06618431 0.5980766 0.5280386 -0.3700117 0.7643733 0.7861058 -0.04309776 0.6165875 0.09804938 -0.5219285 0.8473352 0.02902204 -0.3969974 0.9173608 -0.03010864 -0.2510306 0.9675108 -0.07090828 -0.1053166 0.9919075 -0.1242439 0.1920898 0.9734809 -0.1037 0.04276564 0.9936888 -0.1263051 0.3329773 0.9344374 -0.09671231 0.5915055 0.8004798 -0.1175991 0.4668969 0.8764575 -0.05989927 0.700929 0.7107114 0.04549276 0.8705434 0.4899844 -0.01171266 0.7952616 0.6061533 0.1150253 0.923701 0.365439 0.2733163 0.9567935 0.09921908 0.1918816 0.9531593 0.2338136 0.3583565 0.93297 -0.03387734 0.4424436 0.8821084 -0.1616427 0.5025575 0.827778 -0.2494383 0.4754167 -0.290832 0.8302986 0.4216698 -0.1942186 0.8857052 0.37525 -0.09017992 0.9225264 0.3377302 0.01668742 0.941095 0.3104931 0.122897 0.9425977 0.2937069 0.2260908 0.9287729 0.2876656 0.3241706 0.9012003 0.292339 0.4158897 0.8611467 0.3074957 0.4999726 0.8096134 0.3330466 0.5747952 0.747456 0.3684905 0.6389039 0.67529 0.413196 0.6900727 0.5941959 0.4659704 0.7263954 0.5051944 0.5255789 0.7454923 0.4098879 0.5896123 0.7456433 0.3104406 0.6555989 0.725228 0.2103197 0.7203817 0.6843379 0.1128356 0.7638744 0.6438681 0.04392886 0.7587394 -0.003785505 0.6513833 0.7297975 0.04149746 0.6824028 0.7043699 0.08858804 0.7042835 0.6829818 0.1352658 0.7178015 0.6670343 0.1798451 0.7229944 0.6560883 0.221679 0.7213922 0.6508493 0.2597804 0.7133788 0.6510096 0.2942716 0.6997076 0.6566317 0.3247394 0.6807195 0.6677818 0.3509109 0.6564518 0.6841259 0.3725171 0.6270588 0.705657 0.3884909 0.5925564 0.7315316 0.398499 0.5532269 0.7614041 0.4007507 0.5095711 0.7936989 0.3951741 0.462471 0.8271985 0.3802671 0.4136901 0.8600242 0.3566968 0.364864 0.8813808 0.3392121 0.3287903 0.7916747 -0.05827538 0.6081572 0.7965018 -0.05255846 0.6023475 0.5605163 -0.4139739 0.7172497 0.5734578 -0.4210776 0.7027374 0.2191928 -0.6899601 0.689862 0.237766 -0.7074853 0.6655313 0.8813431 0.3445191 0.3233278 0.7711439 0.6361238 0.02614613 0.5177515 0.8097775 -0.2760321 0.8765392 0.3507535 0.3296226 0.7733732 0.6335609 0.02223597 0.5266615 0.799206 -0.2896507 0.5710114 0.7431549 -0.3488075 0.8061497 0.591415 -0.01873652 0.8903258 0.3298059 0.3139237 0.6360231 0.639362 -0.4320774 0.6928185 0.5143041 -0.5054639 0.7430381 0.3696459 -0.5579035 0.7805857 0.2267553 -0.5824672 0.8151316 -0.06755929 -0.5753227 0.8040181 0.08012588 -0.5891814 0.8171288 -0.2066827 -0.5381289 0.7848665 -0.4641571 -0.4105396 0.8069605 -0.3403368 -0.4826858 0.7540435 -0.5738507 -0.3195524 0.6616996 -0.7435722 -0.09619751 0.7131253 -0.6682247 -0.2119625 0.6023589 -0.7975364 0.03315618 0.4618955 -0.8322024 0.3067439 0.5352207 -0.8273709 0.1702824 0.3817756 -0.8101948 0.4447828 0.299766 -0.7606584 0.5757944 0.8548525 0.5121527 -0.08322737 0.8983703 0.4162191 -0.1403296 0.9321364 0.3135259 -0.1811718 0.9562367 0.2081299 -0.2056534 0.9713829 0.1034878 -0.2137884 0.978426 0.001584399 -0.2065917 0.9781486 -0.09550333 -0.1846741 0.971112 -0.1866209 -0.1487083 0.9576321 -0.270372 -0.09919525 0.9378496 -0.3450778 -0.03687104 0.9117074 -0.4091029 0.03774097 0.8790997 -0.4604693 0.1230929 0.8400113 -0.4969694 0.217721 0.7941903 -0.5168331 0.3196017 0.7420822 -0.517975 0.4254597 0.6843801 -0.4990014 0.5316215 0.6225346 -0.4595214 0.6334752 0.9149807 0.2906993 0.2798289 0.9371619 0.2459274 0.2474818 0.9541928 0.1996097 0.2228724 0.9665508 0.153667 0.2053437 0.9744609 0.1098388 0.1958606 0.9787698 0.06854127 0.1931625 0.9797967 0.03082604 0.1976062 0.9779707 -0.003453844 0.2087137 0.9734306 -0.03383647 0.2264685 0.9661451 -0.06001797 0.2509214 0.9559474 -0.08161821 0.2819629 0.9425799 -0.09778517 0.319345 0.9257363 -0.1079627 0.3624312 0.9051116 -0.1106884 0.4105131 0.8806251 -0.1057244 0.4618678 0.8525469 -0.09159502 0.5145622 0.8214659 -0.06881264 0.5660907 0.7296241 -0.1196999 0.6732908 0.851777 0.2464445 0.4623213 0.6783521 -0.06861436 0.7315261 0.8107079 0.5626068 0.1619455 0.8152364 0.2860243 0.5035669 0.7922731 0.5837083 0.17773 0.5875259 0.02189051 0.8089092 0.4795555 0.1219292 0.8689993 0.3622796 0.2335201 0.9023424 0.2530157 0.3409648 0.9053873 0.03630792 0.5418534 0.8396884 0.1429886 0.4433361 0.884877 -0.05582071 0.6330662 0.7720824 -0.2144124 0.7861997 0.5795838 -0.1402884 0.7147797 0.6851344 -0.2708524 0.8462631 0.4587784 -0.3410201 0.9227018 0.1797964 -0.3134647 0.8926444 0.3239226 -0.3483682 0.9369269 0.02841794 -0.3103752 0.9086133 -0.2794442 -0.338189 0.9325472 -0.1264276 -0.263633 0.865477 -0.4259662 -0.2008044 0.8032721 -0.560742 -0.144701 0.7464 -0.6495758 0.7452689 0.3554862 0.5640956 0.6617993 0.4332658 0.6118026 0.5751438 0.5114712 0.6384409 0.4892487 0.5873381 0.6447244 0.4074894 0.6592791 0.6319046 0.33178 0.7263212 0.6019797 0.263952 0.7876739 0.5566859 0.2050103 0.8429311 0.4974313 0.1557559 0.8914555 0.4254964 0.1172647 0.9323337 0.3420569 0.09013333 0.9644986 0.2482307 0.07541248 0.9864378 0.1457852 0.07352287 0.9966212 0.03661297 0.08526382 0.9933974 -0.07675747 0.1102824 0.9753852 -0.1909488 0.1484462 0.9418499 -0.3014674 0.1980666 0.8930295 -0.4040643 0.2379752 0.8485137 -0.4726439 0.7570835 0.6186097 0.2101111 0.716296 0.6557728 0.2384994 0.6749306 0.6916695 0.2570253 0.6348645 0.725144 0.2666707 0.5981644 0.7554988 0.2672467 0.5652419 0.7827392 0.2604244 0.5373098 0.8065719 0.2464546 0.5142462 0.8273057 0.2260887 0.4964218 0.8448003 0.1996942 0.4840522 0.858889 0.1673415 0.4770721 0.8692888 0.1293804 0.4760927 0.8751704 0.08609567 0.4807141 0.8760451 0.03819615 0.4918197 0.8705957 -0.01328436 0.5084424 0.8584968 -0.0668544 0.530933 0.838863 -0.1200794 0.5578525 0.8121609 -0.1708661 0.5755214 0.7911423 -0.2070483 0.8032117 0.5703871 0.1717834 0.802249 0.5742526 0.1631884 0.8539996 0.2440386 0.4594886 0.8645423 0.2373835 0.4429623 0.7390093 -0.1295096 0.6611297 0.7574657 -0.1463808 0.6362534 0.5710844 0.7927706 -0.2130197 0.243642 0.8374442 -0.4892093 -0.1291751 0.7266814 -0.6747207 0.5653353 0.7984629 -0.2070099 0.2458732 0.8346085 -0.4929249 -0.1195661 0.7160105 -0.6877739 -0.06761741 0.664159 -0.7445272 0.2853656 0.79698 -0.5323433 0.5841761 0.7808246 -0.2214752 0.0217918 0.5728479 -0.819372 0.1194495 0.4659548 -0.8767086 0.2284499 0.3505357 -0.9082596 0.3335169 0.2438305 -0.9106663 0.5309672 0.03217571 -0.8467813 0.4341745 0.1363437 -0.890451 0.6215731 -0.05853125 -0.7811664 0.775886 -0.2148929 -0.5931459 0.7041127 -0.1418233 -0.6957811 0.8374593 -0.2720547 -0.4739706 0.9185274 -0.341807 -0.198684 0.8865246 -0.3139795 -0.3398398 0.9354943 -0.3501132 -0.04765731 0.9141549 -0.3120516 0.2587367 0.9344876 -0.3393659 0.1075345 0.8735292 -0.2659736 0.4076822 0.8138923 -0.2024322 0.5446105 0.3526831 0.7264353 -0.5898359 0.4273567 0.6440473 -0.6344835 0.5023605 0.5596526 -0.6591076 0.575462 0.4765048 -0.6646703 0.6452311 0.3975934 -0.6523774 0.7109391 0.324371 -0.6239783 0.7718546 0.258512 -0.5808718 0.8275862 0.2008457 -0.5241775 0.8774539 0.1523719 -0.4548158 0.920421 0.114125 -0.3738993 0.9553754 0.08711113 -0.2822578 0.980713 0.07212741 -0.1816581 0.9947907 0.0702192 -0.07389636 0.9958918 0.08173407 0.03897459 0.9823494 0.1069915 0.1534356 0.9529868 0.1456989 0.2656838 0.9075598 0.1966691 0.3710208 0.6173086 0.7452461 -0.2520683 0.6521956 0.7049886 -0.2786253 0.6858827 0.6648653 -0.2958363 0.7174787 0.6262764 -0.3049626 0.7464047 0.5911158 -0.3057158 0.7727638 0.5594983 -0.2996627 0.7962968 0.5325351 -0.2869108 0.8172989 0.5100832 -0.2680254 0.8356093 0.4925553 -0.2432003 0.8510459 0.4801926 -0.212452 0.8632317 0.4731726 -0.175894 0.8714118 0.4719422 -0.133836 0.8748735 0.4765074 -0.08681599 0.8723633 0.4875554 -0.03566548 0.8632485 0.5044538 0.01812079 0.8464126 0.527583 0.07240058 0.8219825 0.5556492 0.1248947 0.8062856 0.5257464 0.2710982 0.6389808 0.767156 -0.05634901 0.7515518 0.570348 0.3314711 0.3506071 0.8590361 -0.3730036 0.5980902 0.8013006 -0.01433571 0.3280728 0.8748503 -0.356378 0.6481431 0.6375827 0.4164118 0.5215688 0.6970332 0.4920474 0.3744246 0.7493015 0.5462174 0.2283337 0.7879043 0.5719009 -0.07234846 0.8221475 0.5646584 0.07866611 0.8114558 0.579095 -0.2134259 0.8231017 0.5262633 -0.4730844 0.7869209 0.396165 -0.3479158 0.8110721 0.4702304 -0.5817575 0.7544819 0.3038343 -0.7500732 0.6566587 0.07867355 -0.6753093 0.7108456 0.1966107 -0.8018069 0.5954257 -0.05073357 -0.8328945 0.4488214 -0.3237994 -0.8300634 0.5255729 -0.1864616 -0.8083237 0.368134 -0.4594456 -0.7573332 0.2848003 -0.5876522 -0.7031621 0.223758 -0.6749041 0.5188058 0.8533124 0.05194717 0.4210139 0.9001901 0.1113777 0.3152252 0.9364099 0.1541736 0.2062811 0.9618254 0.1798331 0.09803789 0.9772102 0.1882785 -0.006950693 0.9835354 0.1805817 -0.1063718 0.9817591 0.1575886 -0.198854 0.9726373 0.1201406 -0.2830882 0.9565997 0.06912345 -0.3574163 0.9339303 0.00527812 -0.4204827 0.9045615 -0.07044671 -0.4701562 0.8685708 -0.1566457 -0.5047614 0.8258074 -0.2515116 -0.5220942 0.77648 -0.3528406 -0.5207944 0.7209042 -0.4572422 -0.4994202 0.6605049 -0.560636 -0.4583645 0.5966871 -0.6586854 -0.4188488 0.5476348 -0.7243355 0.2887009 0.901869 -0.3213784 0.2426675 0.926437 -0.2877969 0.1944441 0.9452628 -0.2620491 0.1464012 0.958694 -0.2438697 0.1005077 0.9669815 -0.2341901 0.05749705 0.9710689 -0.2317743 0.01854664 0.9713596 -0.2368893 -0.01642714 0.9683866 -0.2489126 -0.04696322 0.9623661 -0.2676675 -0.07277864 0.953292 -0.2931512 -0.0936766 0.9410761 -0.3249624 -0.1086351 0.9254618 -0.3629309 -0.117505 0.9062215 -0.4061466 -0.1185852 0.8831768 -0.4538021 -0.1120719 0.8563424 -0.5041008 -0.09657302 0.8262914 -0.5549019 -0.07295789 0.793728 -0.6038816 -0.05616685 0.7683282 -0.6375869 0.342757 0.8664057 -0.3631237 0.3376411 0.8650825 -0.3709861 0.6413851 0.7649332 -0.05918063 0.6492942 0.7566859 -0.07644278 0.8161916 0.5165386 0.2588805 0.8340452 0.4998798 0.2334283 -0.06205553 0.7649753 -0.6410631 -0.4122234 0.5338432 -0.7382976 -0.6860296 0.2035041 -0.6985338 -0.06830156 0.7697109 -0.6347283 -0.4097857 0.530884 -0.7417802 -0.6756783 0.1933099 -0.7114001 -0.6196078 0.1490756 -0.7706249 -0.3672537 0.5003576 -0.7840708 -0.047105 0.757376 -0.6512777 -0.5162079 0.08177024 -0.8525509 -0.393063 0.01382717 -0.9194076 -0.249734 -0.0441407 -0.9673079 -0.1071831 -0.08366746 -0.9907126 0.1841903 -0.1353567 -0.9735258 0.03803196 -0.1153437 -0.9925973 0.3232925 -0.1374769 -0.9362596 0.5803424 -0.1076886 -0.807221 0.4567911 -0.1282155 -0.8802856 0.6909501 -0.07153987 -0.7193539 0.863015 0.03446478 -0.5040013 0.7868024 -0.02200279 -0.6168126 0.918773 0.1042586 -0.3807706 0.9569019 0.2649074 -0.1190076 0.9506248 0.1831554 -0.2505326 0.9360238 0.3516093 0.01517595 0.887296 0.4383316 0.1434269 -0.2886602 0.4477578 -0.846279 -0.1943241 0.3949276 -0.8979256 -0.09357579 0.3498272 -0.932129 0.00973938 0.3135985 -0.9495057 0.1124883 0.2874182 -0.9511767 0.2128354 0.2713039 -0.9386668 0.3088991 0.2656136 -0.9132529 0.3996164 0.2703158 -0.8759202 0.483656 0.285479 -0.8273927 0.5593391 0.3109565 -0.7684048 0.625009 0.3466859 -0.6994088 0.6785198 0.3917914 -0.6213778 0.71754 0.4455691 -0.5353546 0.7400167 0.5066186 -0.4423946 0.7435851 0.5728696 -0.3448211 0.7265467 0.6418519 -0.2452674 0.6882151 0.7103892 -0.1473335 -0.008505205 0.7297675 -0.6836425 0.03515465 0.7011039 -0.712192 0.08013936 0.676304 -0.7322504 0.1246339 0.6555054 -0.744835 0.1671709 0.64007 -0.7499095 0.2073791 0.6294121 -0.7488887 0.2443841 0.6242456 -0.7420201 0.2783639 0.6243217 -0.7298877 0.3089082 0.6298058 -0.7126853 0.3357265 0.6408017 -0.6904064 0.3583968 0.6572359 -0.6630179 0.3760028 0.6789913 -0.6305495 0.3878426 0.7055242 -0.593139 0.3923369 0.7364553 -0.5510946 0.3889846 0.7703374 -0.5052437 0.3761588 0.8060125 -0.4569994 0.3541297 0.8414831 -0.4080421 -0.6008673 0.515167 -0.6111967 -0.5851582 0.5412058 -0.6038924 0.1164848 0.3344571 -0.9351844 -0.06626797 0.06626797 -0.9955989 -0.5649329 0.5649329 -0.6014164 -0.5412059 0.5851582 -0.6038924 -0.3344571 -0.1164848 -0.9351844 -0.3893312 0.4750315 -0.7891555 -0.4050404 0.4489927 -0.7964596 -0.8867461 0.4358041 -0.1541302 -0.7039948 0.7039948 -0.09371517 -0.3344571 -0.1164844 -0.9351844 -0.4038089 0.5948558 -0.6950431 -0.616226 -0.1648281 -0.7701281 -0.3959462 0.5869932 -0.7061626 -0.8360725 -0.06581066 -0.5446575 -0.3832762 0.5758434 -0.7221522 -0.9350896 0.1540366 -0.3191868 -0.06626725 0.06626725 -0.995599 0.06581164 0.8360728 -0.5446568 -0.1540363 0.9350896 -0.3191868 -0.6112733 0.4881216 -0.6229624 0.1648282 0.6162256 -0.7701283 -0.6158532 0.4614264 -0.6386005 -0.4252655 0.4252655 -0.7989359 -0.4489927 0.4050404 -0.7964596 -0.4358041 0.8867461 -0.1541302 -0.37582 0.553779 -0.7430264 -0.3743454 0.5287721 -0.7617517 -0.3789252 0.5020768 -0.7773896 -0.4358043 0.886746 -0.1541303 -0.7039948 0.7039948 -0.0937159 -0.886746 0.4358043 -0.1541303 -0.8867459 0.4358045 -0.1541305 -0.9350898 0.1540358 -0.3191864 -0.8360726 -0.0658102 -0.5446574 -0.414355 0.6069225 -0.6781999 -0.6162256 -0.1648282 -0.7701283 -0.4364196 0.6143782 -0.6573259 0.1648274 0.6162258 -0.7701283 -0.4358045 0.8867459 -0.1541305 -0.5869932 0.3959462 -0.7061626 -0.1540358 0.9350898 -0.3191864 -0.5948558 0.4038089 -0.6950431 0.0658102 0.8360726 -0.5446574 -0.6069224 0.414355 -0.6781999 -0.6143782 0.4364196 -0.6573259 -0.5287721 0.3743454 -0.7617516 -0.1540366 0.9350896 -0.3191868 -0.5020767 0.3789252 -0.7773897 -0.4750315 0.3893311 -0.7891555 -0.9350896 0.1540363 -0.3191868 -0.8360728 -0.06581164 -0.5446568 -0.6162258 -0.1648274 -0.7701283 -0.3344576 -0.116484 -0.9351843 -0.7039948 0.7039948 -0.09371526 -0.06626669 0.06626669 -0.995599 0.116484 0.3344576 -0.9351843 -0.515167 0.6008674 -0.6111967 -0.4881217 0.6112733 -0.6229624 -0.4614263 0.6158532 -0.6386005 -0.553779 0.37582 -0.7430263 -0.5758434 0.3832762 -0.7221522 0.06581066 0.8360725 -0.5446575 0.1648281 0.616226 -0.7701281 0.1164844 0.3344571 -0.9351844 0.6511998 0.7541903 -0.08447419 0.671651 0.7322794 -0.1124801 0.6613656 0.7385038 -0.1311777 0.6071339 0.7927122 -0.0547345 0.6258904 0.7786537 -0.04426872 0.6430874 0.7623049 -0.07300577 0.6449464 0.7604267 -0.07612772 0.6469321 0.7584355 -0.07908505 0.6490396 0.7563361 -0.08187368 -0.7335747 -0.6709693 -0.1080199 -0.7386262 -0.6612199 -0.1312237 -0.6939712 -0.701185 -0.1635345 -0.6393294 -0.7271929 -0.2498967 -0.6412711 -0.7344778 -0.2220668 -0.5646086 -0.7685626 -0.30088 -0.4824038 -0.7804025 -0.3978171 -0.4815733 -0.7912529 -0.3768368 -0.4096391 -0.8010819 -0.4364212 -0.305365 -0.7908556 -0.5303768 -0.3169413 -0.8032101 -0.5043825 -0.2180479 -0.7931309 -0.5686813 -0.1158652 -0.7580262 -0.6418501 -0.1573092 -0.7812816 -0.6040305 0.2611963 -0.573782 -0.7762414 0.2449922 -0.5972579 -0.7637158 0.07711662 -0.6845273 -0.7248968 0.1474587 -0.6585234 -0.7379722 0.0669127 -0.7025148 -0.7085166 -0.0240408 -0.7411019 -0.670962 -0.1035442 -0.768412 -0.6315232 0.4311385 -0.4295722 -0.7934654 0.5740457 -0.2629832 -0.7754427 0.5717069 -0.2790583 -0.7715424 0.4987605 -0.3689874 -0.7842744 0.41153 -0.4603075 -0.786613 0.3424594 -0.5211999 -0.7817111 0.7718711 0.1158143 -0.6251416 0.7548937 0.06350801 -0.6527651 0.7580593 0.1159577 -0.6417943 0.7324021 0.002362831 -0.6808683 0.6845221 -0.07720839 -0.724892 0.6845686 -0.1010901 -0.7219049 0.6274298 -0.1992113 -0.7527594 0.7893136 0.1953263 -0.5820925 0.7909052 0.3053074 -0.5303361 0.801257 0.2818985 -0.5277504 0.8030451 0.3586216 -0.4759298 0.7804398 0.482307 -0.3978614 0.7957099 0.4487459 -0.4067836 0.7768972 0.5356249 -0.3309632 0.727176 0.6394058 -0.2497505 0.7544933 0.5972405 -0.2721096 0.715617 0.6713938 -0.1926725 -0.7624273 -0.6429627 -0.07282525 -0.7815007 -0.6224297 -0.0428708 -0.7926914 -0.6071781 -0.05454493 -0.754319 -0.6510733 -0.08429949 -0.756517 -0.6488561 -0.08165692 -0.7586054 -0.6467622 -0.07884476 -0.7605813 -0.6447944 -0.07587012 0.5819419 0.8132143 0.005101038 0.5065575 0.8599648 0.06212885 0.5308494 0.8448995 0.06590694 0.4538313 0.8793399 0.1442172 0.3501041 0.9127023 0.2107169 0.3699494 0.9028769 0.2189767 0.2967641 0.913957 0.2767919 0.1730773 0.9231433 0.3432938 0.2034234 0.9167281 0.3438438 0.1034711 0.9077078 0.4066451 -0.01691091 0.8908023 0.4540763 0.04218133 0.8964094 0.4412152 -0.3925927 0.7051784 0.5904188 -0.3638958 0.7161614 0.5955608 -0.2088742 0.8162847 0.5385637 -0.2662928 0.7773575 0.5699153 -0.1831958 0.8187979 0.5440674 -0.09187036 0.8570131 0.5070389 -0.01057637 0.8825325 0.4701324 -0.5618479 0.5602816 0.6086144 -0.703852 0.3927896 0.5918687 -0.691887 0.3992384 0.6015821 -0.6194522 0.4896792 0.6135904 -0.5318307 0.5806082 0.6164821 -0.4633829 0.6421234 0.6106995 -0.8858846 -0.001800822 0.4639022 -0.8707755 0.05237378 0.4888835 -0.8908256 0.01680868 0.4540344 -0.848829 0.1140642 0.5162157 -0.8162328 0.2089193 0.5386248 -0.802203 0.2187246 0.5555446 -0.7463907 0.3181722 0.5845232 -0.9039215 -0.08071835 0.4200124 -0.9231105 -0.1731021 0.3433696 -0.9147536 -0.1684019 0.3672419 -0.9173665 -0.2443001 0.3142548 -0.9127039 -0.3500429 0.2108117 -0.9098674 -0.3345884 0.2453406 -0.8902875 -0.4222346 0.1706051 -0.8598912 -0.5066906 0.06206289 -0.8682773 -0.4834565 0.1111947 -0.8297454 -0.5572654 0.03127053 0.0519681 -0.0519681 -0.9972957 -0.2664499 -0.2689445 -0.9255665 -0.6009881 -0.3263425 -0.7295985 -0.862008 -0.2087815 -0.4619009 -0.9795694 0.05223856 -0.1942035 -0.9221716 0.386777 0.001763879 -0.7051945 0.7051945 0.07349386 -0.386777 0.9221716 0.001763879 -0.05223856 0.9795694 -0.1942035 0.2087815 0.862008 -0.4619009 0.3263425 0.6009881 -0.7295985 0.2689445 0.2664499 -0.9255665 -0.5 0.5 -0.7071068 0.05196871 -0.05196871 -0.9972956 -0.2664501 -0.2689443 -0.9255665 -0.6009879 -0.3263421 -0.7295988 -0.8620081 -0.2087817 -0.4619006 -0.9795693 0.05223875 -0.1942039 -0.9221714 0.3867774 0.001764396 -0.7051945 0.7051945 0.07349361 -0.3867774 0.9221714 0.001764396 -0.05223875 0.9795693 -0.1942039 0.2087817 0.8620081 -0.4619006 0.3263421 0.6009879 -0.7295988 0.2689443 0.2664501 -0.9255665 -0.5 0.5 -0.7071068 0.05196816 -0.05196816 -0.9972957 -0.2664498 -0.2689443 -0.9255666 -0.6009881 -0.3263425 -0.7295984 -0.8620079 -0.2087814 -0.4619012 -0.9795694 0.05223889 -0.1942035 -0.9221716 0.386777 0.00176427 -0.7051945 0.7051945 0.07349375 -0.386777 0.9221716 0.00176427 -0.05223889 0.9795694 -0.1942035 0.2087814 0.8620079 -0.4619012 0.3263425 0.6009881 -0.7295984 0.2689443 0.2664498 -0.9255666 -0.5 0.5 -0.7071068 0.3412096 0.8852346 -0.3161261 0.2571654 0.9430402 -0.2110476 -0.08704053 0.8034412 -0.5889875 -0.1320875 0.8402263 -0.5259017 -0.2132263 0.867645 -0.44914 -0.3051858 0.8730686 -0.38028 -0.403354 0.8562257 -0.3227741 -0.502809 0.8179604 -0.2795064 -0.5985635 0.7601917 -0.2526467 -0.6858165 0.6858162 -0.2435403 -0.7601915 0.5985637 -0.2526465 -0.8179604 0.502809 -0.2795065 -0.8562257 0.4033539 -0.3227741 -0.8730686 0.3051859 -0.38028 -0.867645 0.2132262 -0.4491401 -0.8402264 0.1320875 -0.5259016 -0.8034411 0.08704054 -0.5889875 0.1196452 0.9895113 -0.08094666 -0.03621383 0.9987039 0.03576297 -0.2025969 0.9701571 0.1332277 -0.3711605 0.9053024 0.206561 -0.5334525 0.8073915 0.2520859 -0.6813346 0.6813348 0.2675182 -0.8073917 0.5334525 0.2520856 -0.9053024 0.3711604 0.2065612 -0.9701571 0.202597 0.1332278 -0.9987039 0.03621381 0.03576299 -0.9895113 -0.1196452 -0.08094668 -0.9430402 -0.2571653 -0.2110476 -0.8852346 -0.3412096 -0.3161261 0.3896872 0.836757 -0.3846838 -0.0582767 0.7746774 -0.6296656 -0.836757 -0.3896872 -0.3846838 -0.7746774 0.05827668 -0.6296656 -0.749336 -0.4508696 -0.4849868 -0.7259381 0.01779936 -0.6875297 -0.6447993 -0.009619282 -0.7642914 -0.5528401 -0.01504322 -0.8331516 -0.4546716 0.001800008 -0.8906573 -0.3552167 0.04006536 -0.933925 -0.2594623 0.09783387 -0.960785 -0.1722089 0.1722092 -0.9698908 -0.09783392 0.259462 -0.9607851 -0.04006535 0.3552167 -0.933925 -0.001799972 0.4546717 -0.8906573 0.01504315 0.55284 -0.8331516 0.009619311 0.6447993 -0.7642914 -0.0177993 0.7259381 -0.6875297 -0.6118162 -0.4973405 -0.6150881 -0.4559568 -0.5065331 -0.7317975 -0.2895739 -0.4779864 -0.8292623 -0.1210101 -0.4131317 -0.9025956 0.04128228 -0.3152211 -0.94812 0.1891638 -0.189164 -0.9635528 0.315221 -0.04128196 -0.94812 0.4131318 0.1210101 -0.9025955 0.4779864 0.2895738 -0.8292624 0.5065331 0.4559568 -0.7317975 0.4973405 0.6118162 -0.6150881 0.4508695 0.749336 -0.4849868 -0.8873764 -0.3846089 -0.2542423 -0.8743569 0.00163639 -0.4852807 -0.8946594 0.04254924 -0.444718 0.385622 0.8864828 -0.2558199 -0.0007197156 0.8737209 -0.4864271 0.3462048 0.9129965 -0.2158233 0.3002086 0.939761 -0.1634752 0.2317949 0.9677017 -0.09911919 0.1606234 0.9864534 -0.03331494 0.09852012 0.9950041 0.01614673 0.01346167 0.9973718 0.07119136 -0.07317318 0.9893886 0.1255225 -0.1432854 0.9758932 0.1646263 -0.2395325 0.9488504 0.2056869 -0.3326159 0.9117077 0.241155 -0.4067824 0.8744703 0.2642533 -0.4988418 0.8187265 0.2843305 -0.5862845 0.752744 0.2994109 -0.6526911 0.6939095 0.3041117 -0.729692 0.6141583 0.300598 -0.797693 0.5278932 0.2915727 -0.8459171 0.455721 0.2770246 -0.8972405 0.3637378 0.2503085 -0.9375712 0.2698357 0.2194287 -0.961991 0.1958762 0.1902783 -0.9842651 0.1030392 0.143545 -0.9954286 0.01485576 0.09434586 -0.9973171 -0.05323671 0.05024319 -0.9910714 -0.1330335 -0.008917383 -0.9752684 -0.2097611 -0.06965558 -0.9566307 -0.2644598 -0.1221419 -0.9265059 -0.3249693 -0.1896884 -0.9107946 0.07831043 -0.4053649 -0.9201843 0.1111283 -0.3753817 -0.9254357 0.1612939 -0.34286 -0.9278068 0.2106937 -0.3078679 -0.9250827 0.2531095 -0.2831211 -0.9136079 0.3136546 -0.2587302 -0.8984898 0.3730648 -0.2313844 -0.8814004 0.4212856 -0.2136629 -0.8511872 0.4855383 -0.1993313 -0.8163693 0.5480346 -0.1822067 -0.7834412 0.5967547 -0.1735042 -0.7351934 0.6560104 -0.1707076 -0.682751 0.7115122 -0.166137 -0.6369263 0.7523039 -0.1684154 -0.5765447 0.797448 -0.1779689 -0.5140324 0.8372656 -0.1864321 -0.4630887 0.8635422 -0.1996088 -0.4003854 0.8894189 -0.2205119 -0.3373977 0.9100753 -0.2406776 -0.2894572 0.9203997 -0.2628286 -0.2333675 0.9272061 -0.2929648 -0.177924 0.9296041 -0.3227682 -0.1386839 0.9258774 -0.351451 -0.09478953 0.9163705 -0.3889473 -0.05197449 0.9031021 -0.4262689 -0.02610085 0.8886513 -0.4578402 0.01839881 0.8575622 -0.5140511 0.09321481 0.7795055 -0.6194208 0.4562163 0.8157691 -0.3555102 0.4359736 0.8375223 -0.3293682 0.4043744 0.8691505 -0.2847081 0.4114929 0.861734 -0.2967965 0.4191655 0.8539481 -0.308339 0.427379 0.8458311 -0.3192443 0.03106711 0.843781 -0.5357877 0.04493504 0.8296211 -0.5565157 0.05989782 0.815121 -0.5761857 0.0756079 0.8005202 -0.5945173 -0.8169444 -0.4551604 -0.3541621 -0.7804564 -0.09254452 -0.618323 -0.8014695 -0.07449151 -0.5933781 -0.8696465 -0.4038494 -0.2839378 -0.8380815 -0.4354434 -0.3286464 -0.8464803 -0.4267467 -0.3183685 -0.8545854 -0.4185282 -0.3074377 -0.8623448 -0.4108653 -0.2958904 -0.8162832 -0.05856497 -0.5746755 -0.8307941 -0.0437621 -0.5548568 -0.8449342 -0.03008457 -0.5340235 -0.8584513 -0.01767681 -0.5125904 0.111592 0.7405182 -0.6627066 -0.7822107 -0.476991 -0.4007819 -0.7355792 -0.5043901 -0.4522321 -0.6698362 -0.5296603 -0.5203648 -0.5970955 -0.5499815 -0.5839497 -0.5353447 -0.5581793 -0.63391 -0.455077 -0.5557565 -0.6957295 -0.36935 -0.5468654 -0.7513447 -0.2998954 -0.5327124 -0.7913787 -0.2092164 -0.5001016 -0.8403136 -0.1190236 -0.4600682 -0.8798697 -0.04698861 -0.4206993 -0.9059824 0.04110966 -0.3609943 -0.9316615 0.1284858 -0.2949453 -0.9468361 0.1944301 -0.2356484 -0.9521905 0.2703219 -0.1547881 -0.9502456 0.3410728 -0.07127297 -0.9373311 0.3909843 -0.0007881 -0.920397 0.443746 0.08975648 -0.8916464 0.4890274 0.178708 -0.8537656 0.5176043 0.2485104 -0.8187359 0.5421148 0.3391111 -0.7688402 0.5569986 0.4235741 -0.7143791 0.5608046 0.4897495 -0.6675655 0.5557468 0.568358 -0.6067245 0.543261 0.6417686 -0.5412952 0.524178 0.6969126 -0.4894387 0.4916073 0.7598676 -0.4253509 0.1296062 0.7028784 -0.6994028 0.1390929 0.6699629 -0.7292481 0.1396322 0.6245095 -0.7684339 0.140861 0.5762521 -0.8050414 0.1357899 0.5361835 -0.8331077 0.1170267 0.4829265 -0.8678057 0.09909923 0.4263259 -0.8991249 0.07897472 0.3811399 -0.9211381 0.04187592 0.3237729 -0.9452076 0.005327814 0.263007 -0.9647792 -0.02934284 0.2160292 -0.9759459 -0.08111691 0.1603 -0.9837296 -0.1318573 0.1030961 -0.9858929 -0.1767764 0.06139889 -0.9823341 -0.2362946 0.01539136 -0.9715596 -0.2934441 -0.02978902 -0.955512 -0.3413714 -0.05908229 -0.9380697 -0.4004423 -0.08859122 -0.9120294 -0.4565235 -0.1161541 -0.8820966 -0.5013192 -0.1296232 -0.8554981 -0.5540767 -0.1397619 -0.8206495 -0.6040716 -0.1476089 -0.7831405 -0.6421101 -0.145083 -0.7527586 -0.6858177 -0.1357633 -0.7149982 -0.7269815 -0.1241463 -0.6753411 -0.7550172 -0.1075333 -0.6468274 0.3233373 0.6001537 -0.7316204 0.2679566 0.2660833 -0.9259584 0.2046743 0.861668 -0.4643669 -0.05525938 0.9788588 -0.1969309 -0.3879444 0.9216821 -0.001130381 -0.7063492 0.7042174 0.07175446 -0.9221723 0.3867752 0.001765952 -0.9795685 0.05223942 -0.1942074 -0.8619989 -0.2085496 -0.4620227 0.05196878 -0.05196899 -0.9972956 -0.2661055 -0.2680068 -0.9259375 -0.6017117 -0.3255158 -0.7293712 -0.5 0.5 -0.7071068 -0.6010081 -0.3262455 -0.7296254 -0.2666122 -0.2686827 -0.9255958 0.2666147 0.269338 -0.9254046 0.04840878 -0.05197649 -0.9974743 0.3233215 0.6001538 -0.7316274 0.2046582 0.8616657 -0.4643783 -0.05527345 0.9788564 -0.1969388 -0.3879352 0.9216859 -0.001160168 -0.7063676 0.7042058 0.07168645 -0.9221407 0.3868513 0.001602158 -0.9795196 0.05243073 -0.1944026 -0.8619986 -0.2085153 -0.4620387 -0.5 0.5 -0.7071068 0.2680068 0.2661055 -0.9259375 0.05196899 -0.05196878 -0.9972956 -0.2664517 -0.2689449 -0.9255659 -0.6010073 -0.3262483 -0.7296248 0.3235117 0.6002134 -0.7314943 -0.3859856 0.9225048 -0.0001202166 -0.05223942 0.9795685 -0.1942074 0.205664 0.8629693 -0.4615044 -0.7063113 0.7042539 0.07176941 -0.922141 0.3868506 0.001603801 -0.9795201 0.05242893 -0.1944006 -0.8619985 -0.2085178 -0.4620378 -0.5 0.5 -0.7071068</float_array>
          <technique_common>
            <accessor count="4374" source="#normals-array-array" stride="3">
              <param type="float" name="X"/>
              <param type="float" name="Y"/>
              <param type="float" name="Z"/>
            </accessor>
          </technique_common>
        </source>
        <source id="colors-array">
          <float_array count="13122" id="colors-array-array">0.4 0.4 0.4 0.4 0.4 0.4 0.4 0.4 0.4 0.4 0.4 0.4 0.4 0.4 0.4 0.4 0.4 0.4 0.4 0.4 0.4 0.4 0.4 0.4 0.4 0.4 0.4 0.4 0.4 0.4 0.4 0.4 0.4 0.4 0.4 0.4 0.4 0.4 0.4 0.4 0.4 0.4 0.4 0.4 0.4 0.4 0.4 0.4 0.4 0.4 0.4 0.4 0.4 0.4 0.4 0.4 0.4 0.4 0.4 0.4 0.4 0.4 0.4 0.4 0.4 0.4 0.4 0.4 0.4 0.4 0.4 0.4 0.4 0.4 0.4 0.4 0.4 0.4 0.4 0.4 0.4 0.4 0.4 0.4 0.4 0.4 0.4 0.4 0.4 0.4 0.4 0.4 0.4 0.4 0.4 0.4 0.4 0.4 0.4 0.4 0.4 0.4 0.4 0.4 0.4 0.4 0.4 0.4 0.4 0.4 0.4 0.4 0.4 0.4 0.4 0.4 0.4 0.4 0.4 0.4 0.4 0.4 0.4 0.4 0.4 0.4 0.4 0.4 0.4 0.4 0.4 0.4 0.4 0.4 0.4 0.4 0.4 0.4 0.4 0.4 0.4 0.4 0.4 0.4 0.4 0.4 0.4 0.4 0.4 0.4 0.4 0.4 0.4 0.4 0.4 0.4 0.4 0.4 0.4 0.4 0.4 0.4 0.4 0.4 0.4 0.4 0.4 0.4 0.4 0.4 0.4 0.4 0.4 0.4 0.4 0.4 0.4 0.4 0.4 0.4 0.4 0.4 0.4 0.4 0.4 0.4 0.4 0.4 0.4 0.4 0.4 0.4 0.4 0.4 0.4 0.4 0.4 0.4 0.4 0.4 0.4 0.4 0.4 0.4 0.4 0.4 0.4 0.4 0.4 0.4 0.4 0.4 0.4 0.4 0.4 0.4 0.4 0.4 0.4 0.4 0.4 0.4 0.4 0.4 0.4 0.4 0.4 0.4 0.4 0.4 0.4 0.4 0.4 0.4 0.4 0.4 0.4 0.4 0.4 0.4 0.4 0.4 0.4 0.4 0.4 0.4 0.4 0.4 0.4 0.4 0.4 0.4 0.4 0.4 0.4 0.4 0.4 0.4 0.4 0.4 0.4 0.4 0.4 0.4 0.4 0.4 0.4 0.4 0.4 0.4 0.4 0.4 0.4 0.4 0.4 0.4 0.4 0.4 0.4 0.4 0.4 0.4 0.4 0.4 0.4 0.4 0.4 0.4 0.4 0.4 0.4 0.4 0.4 0.4 0.4 0.4 0.4 0.4 0.4 0.4 0.4 0.4 0.4 0.4 0.4 0.4 0.4 0.4 0.4 0.4 0.4 0.4 0.4 0.4 0.4 0.4 0.4 0.4 0.4 0.4 0.4 0.4 0.4 0.4 0.4 0.4 0.4 0.4 0.4 0.4 0.4 0.4 0.4 0.4 0.4 0.4 0.4 0.4 0.4 0.4 0.4 0.4 0.4 0.4 0.4 0.4 0.4 0.4 0.4 0.4 0.4 0.4 0.4 0.4 0.4 0.4 0.4 0.4 0.4 0.4 0.4 0.4 0.4 0.4 0.4 0.4 0.4 0.4 0.4 0.4 0.4 0.4 0.4 0.4 0.4 0.4 0.4 0.4 0.4 0.4 0.4 0.4 0.4 0.4 0.4 0.4 0.4 0.4 0.4 0.4 0.4 0.4 0.4 0.4 0.4 0.4 0.4 0.4 0.4 0.4 0.4 0.4 0.4 0.4 0.4 0.4 0.4 0.4 0.4 0.4 0.4 0.4 0.4 0.4 0.4 0.4 0.4 0.4 0.4 0.4 0.4 0.4 0.4 0.4 0.4 0.4 0.4 0.4 0.4 0.4 0.4 0.4 0.4 0.4 0.4 0.4 0.4 0.4 0.4 0.4 0.4 0.4 0.4 0.4 0.4 0.4 0.4 0.4 0.4 0.4 0.4 0.4 0.4 0.4 0.4 0.4 0.4 0.4 0.4 0.4 0.4 0.4 0.4 0.4 0.4 0.4 0.4 0.4 0.4 0.4 0.4 0.4 0.4 0.4 0.4 0.4 0.4 0.4 0.4 0.4 0.4 0.4 0.4 0.4 0.4 0.4 0.4 0.4 0.4 0.4 0.4 0.4 0.4 0.4 0.4 0.4 0.4 0.4 0.4 0.4 0.4 0.4 0.4 0.4 0.4 0.4 0.4 0.4 0.4 0.4 0.4 0.4 0.4 0.4 0.4 0.4 0.4 0.4 0.4 0.4 0.4 0.4 0.4 0.4 0.4 0.4 0.4 0.4 0.4 0.4 0.4 0.4 0.4 0.4 0.4 0.4 0.4 0.4 0.4 0.4 0.4 0.4 0.4 0.4 0.4 0.4 0.4 0.4 0.4 0.4 0.4 0.4 0.4 0.4 0.4 0.4 0.4 0.4 0.4 0.4 0.4 0.4 0.4 0.4 0.4 0.4 0.4 0.4 0.4 0.4 0.4 0.4 0.4 0.4 0.4 0.4 0.4 0.4 0.4 0.4 0.4 0.4 0.4 0.4 0.4 0.4 0.4 0.4 0.4 0.4 0.4 0.4 0.4 0.4 0.4 0.4 0.4 0.4 0.4 0.4 0.4 0.4 0.4 0.4 0.4 0.4 0.4 0.4 0.4 0.4 0.4 0.4 0.4 0.4 0.4 0.4 0.4 0.4 0.4 0.4 0.4 0.4 0.4 0.4 0.4 0.4 0.4 0.4 0.4 0.4 0.4 0.4 0.4 0.4 0.4 0.4 0.4 0.4 0.4 0.4 0.4 0.4 0.4 0.4 0.4 0.4 0.4 0.4 0.4 0.4 0.4 0.4 0.4 0.4 0.4 0.4 0.4 0.4 0.4 0.4 0.4 0.4 0.4 0.4 0.4 0.4 0.4 0.4 0.4 0.4 0.4 0.4 0.4 0.4 0.4 0.4 0.4 0.4 0.4 0.4 0.4 0.4 0.4 0.4 0.4 0.4 0.4 0.4 0.4 0.4 0.4 0.4 0.4 0.4 0.4 0.4 0.4 0.4 0.4 0.4 0.4 0.4 0.4 0.4 0.4 0.4 0.4 0.4 0.4 0.4 0.4 0.4 0.4 0.4 0.4 0.4 0.4 0.4 0.4 0.4 0.4 0.4 0.4 0.4 0.4 0.4 0.4 0.4 0.4 0.4 0.4 0.4 0.4 0.4 0.4 0.4 0.4 0.4 0.4 0.4 0.4 0.4 0.4 0.4 0.4 0.4 0.4 0.4 0.4 0.4 0.4 0.4 0.4 0.4 0.4 0.4 0.4 0.4 0.4 0.4 0.4 0.4 0.4 0.4 0.4 0.4 0.4 0.4 0.4 0.4 0.4 0.4 0.4 0.4 0.4 0.4 0.4 0.4 0.4 0.4 0.4 0.4 0.4 0.4 0.4 0.4 0.4 0.4 0.4 0.4 0.4 0.4 0.4 0.4 0.4 0.4 0.4 0.4 0.4 0.4 0.4 0.4 0.4 0.4 0.4 0.4 0.4 0.4 0.4 0.4 0.4 0.4 0.4 0.4 0.4 0.4 0.4 0.4 0.4 0.4 0.4 0.4 0.4 0.4 0.4 0.4 0.4 0.4 0.4 0.4 0.4 0.4 0.4 0.4 0.4 0.4 0.4 0.4 0.4 0.4 0.4 0.4 0.4 0.4 0.4 0.4 0.4 0.4 0.4 0.4 0.4 0.4 0.4 0.4 0.4 0.4 0.4 0.4 0.4 0.4 0.4 0.4 0.4 0.4 0.4 0.4 0.4 0.4 0.4 0.4 0.4 0.4 0.4 0.4 0.4 0.4 0.4 0.4 0.4 0.4 0.4 0.4 0.4 0.4 0.4 0.4 0.4 0.4 0.4 0.4 0.4 0.4 0.4 0.4 0.4 0.4 0.4 0.4 0.4 0.4 0.4 0.4 0.4 0.4 0.4 0.4 0.4 0.4 0.4 0.4 0.4 0.4 0.4 0.4 0.4 0.4 0.4 0.4 0.4 0.4 0.4 0.4 0.4 0.4 0.4 0.4 0.4 0.4 0.4 0.4 0.4 0.4 0.4 0.4 0.4 0.4 0.4 0.4 0.4 0.4 0.4 0.4 0.4 0.4 0.4 0.4 0.4 0.4 0.4 0.4 0.4 0.4 0.4 0.4 0.4 0.4 0.4 0.4 0.4 0.4 0.4 0.4 0.4 0.4 0.4 0.4 0.4 0.4 0.4 0.4 0.4 0.4 0.4 0.4 0.4 0.4 0.4 0.4 0.4 0.4 0.4 0.4 0.4 0.4 0.4 0.4 0.4 0.4 0.4 0.4 0.4 0.4 0.4 0.4 0.4 0.4 0.4 0.4 0.4 0.4 0.4 0.4 0.4 0.4 0.4 0.4 0.4 0.4 0.4 0.4 0.4 0.4 0.4 0.4 0.4 0.4 0.4 0.4 0.4 0.4 0.4 0.4 0.4 0.4 0.4 0.4 0.4 0.4 0.4 0.4 0.4 0.4 0.4 0.4 0.4 0.4 0.4 0.4 0.4 0.4 0.4 0.4 0.4 0.4 0.4 0.4 0.4 0.4 0.4 0.4 0.4 0.4 0.4 0.4 0.4 0.4 0.4 0.4 0.4 0.4 0.4 0.4 0.4 0.4 0.4 0.4 0.4 0.4 0.4 0.4 0.4 0.4 0.4 0.4 0.4 0.4 0.4 0.4 0.4 0.4 0.4 0.4 0.4 0.4 0.4 0.4 0.4 0.4 0.4 0.4 0.4 0.4 0.4 0.4 0.4 0.4 0.4 0.4 0.4 0.4 0.4 0.4 0.4 0.4 0.4 0.4 0.4 0.4 0.4 0.4 0.4 0.4 0.4 0.4 0.4 0.4 0.4 0.4 0.4 0.4 0.4 0.4 0.4 0.4 0.4 0.4 0.4 0.4 0.4 0.4 0.4 0.4 0.4 0.4 0.4 0.4 0.4 0.4 0.4 0.4 0.4 0.4 0.4 0.4 0.4 0.4 0.4 0.4 0.4 0.4 0.4 0.4 0.4 0.4 0.4 0.4 0.4 0.4 0.4 0.4 0.4 0.4 0.4 0.4 0.4 0.4 0.4 0.4 0.4 0.4 0.4 0.4 0.4 0.4 0.4 0.4 0.4 0.4 0.4 0.4 0.4 0.4 0.4 0.4 0.4 0.4 0.4 0.4 0.4 0.4 0.4 0.4 0.4 0.4 0.4 0.4 0.4 0.4 0.4 0.4 0.4 0.4 0.4 0.4 0.4 0.4 0.4 0.4 0.4 0.4 0.4 0.4 0.4 0.4 0.4 0.4 0.4 0.4 0.4 0.4 0.4 0.4 0.4 0.4 0.4 0.4 0.4 0.4 0.4 0.4 0.4 0.4 0.4 0.4 0.4 0.4 0.4 0.4 0.4 0.4 0.4 0.4 0.4 0.4 0.4 0.4 0.4 0.4 0.4 0.4 0.4 0.4 0.4 0.4 0.4 0.4 0.4 0.4 0.4 0.4 0.4 0.4 0.4 0.4 0.4 0.4 0.4 0.4 0.4 0.4 0.4 0.4 0.4 0.4 0.4 0.4 0.4 0.4 0.4 0.4 0.4 0.4 0.4 0.4 0.4 0.4 0.4 0.4 0.4 0.4 0.4 0.4 0.4 0.4 0.4 0.4 0.4 0.4 0.4 0.4 0.4 0.4 0.4 0.4 0.4 0.4 0.4 0.4 0.4 0.4 0.4 0.4 0.4 0.4 0.4 0.4 0.4 0.4 0.4 0.4 0.4 0.4 0.4 0.4 0.4 0.4 0.4 0.4 0.4 0.4 0.4 0.4 0.4 0.4 0.4 0.4 0.4 0.4 0.4 0.4 0.4 0.4 0.4 0.4 0.4 0.4 0.4 0.4 0.4 0.4 0.4 0.4 0.4 0.4 0.4 0.4 0.4 0.4 0.4 0.4 0.4 0.4 0.4 0.4 0.4 0.4 0.4 0.4 0.4 0.4 0.4 0.4 0.4 0.4 0.4 0.4 0.4 0.4 0.4 0.4 0.4 0.4 0.4 0.4 0.4 0.4 0.4 0.4 0.4 0.4 0.4 0.4 0.4 0.4 0.4 0.4 0.4 0.4 0.4 0.4 0.4 0.4 0.4 0.4 0.4 0.4 0.4 0.4 0.4 0.4 0.4 0.4 0.4 0.4 0.4 0.4 0.4 0.4 0.4 0.4 0.4 0.4 0.4 0.4 0.4 0.4 0.4 0.4 0.4 0.4 0.4 0.4 0.4 0.4 0.4 0.4 0.4 0.4 0.4 0.4 0.4 0.4 0.4 0.4 0.4 0.4 0.4 0.4 0.4 0.4 0.4 0.4 0.4 0.4 0.4 0.4 0.4 0.4 0.4 0.4 0.4 0.4 0.4 0.4 0.4 0.4 0.4 0.4 0.4 0.4 0.4 0.4 0.4 0.4 0.4 0.4 0.4 0.4 0.4 0.4 0.4 0.4 0.4 0.4 0.4 0.4 0.4 0.4 0.4 0.4 0.4 0.4 0.4 0.4 0.4 0.4 0.4 0.4 0.4 0.4 0.4 0.4 0.4 0.4 0.4 0.4 0.4 0.4 0.4 0.4 0.4 0.4 0.4 0.4 0.4 0.4 0.4 0.4 0.4 0.4 0.4 0.4 0.4 0.4 0.4 0.4 0.4 0.4 0.4 0.4 0.4 0.4 0.4 0.4 0.4 0.4 0.4 0.4 0.4 0.4 0.4 0.4 0.4 0.4 0.4 0.4 0.4 0.4 0.4 0.4 0.4 0.4 0.4 0.4 0.4 0.4 0.4 0.4 0.4 0.4 0.4 0.4 0.4 0.4 0.4 0.4 0.4 0.4 0.4 0.4 0.4 0.4 0.4 0.4 0.4 0.4 0.4 0.4 0.4 0.4 0.4 0.4 0.4 0.4 0.4 0.4 0.4 0.4 0.4 0.4 0.4 0.4 0.4 0.4 0.4 0.4 0.4 0.4 0.4 0.4 0.4 0.4 0.4 0.4 0.4 0.4 0.4 0.4 0.4 0.4 0.4 0.4 0.4 0.4 0.4 0.4 0.4 0.4 0.4 0.4 0.4 0.4 0.4 0.4 0.4 0.4 0.4 0.4 0.4 0.4 0.4 0.4 0.4 0.4 0.4 0.4 0.4 0.4 0.4 0.4 0.4 0.4 0.4 0.4 0.4 0.4 0.4 0.4 0.4 0.4 0.4 0.4 0.4 0.4 0.4 0.4 0.4 0.4 0.4 0.4 0.4 0.4 0.4 0.4 0.4 0.4 0.4 0.4 0.4 0.4 0.4 0.4 0.4 0.4 0.4 0.4 0.4 0.4 0.4 0.4 0.4 0.4 0.4 0.4 0.4 0.4 0.4 0.4 0.4 0.4 0.4 0.4 0.4 0.4 0.4 0.4 0.4 0.4 0.4 0.4 0.4 0.4 0.4 0.4 0.4 0.4 0.4 0.4 0.4 0.4 0.4 0.4 0.4 0.4 0.4 0.4 0.4 0.4 0.4 0.4 0.4 0.4 0.4 0.4 0.4 0.4 0.4 0.4 0.4 0.4 0.4 0.4 0.4 0.4 0.4 0.4 0.4 0.4 0.4 0.4 0.4 0.4 0.4 0.4 0.4 0.4 0.4 0.4 0.4 0.4 0.4 0.4 0.4 0.4 0.4 0.4 0.4 0.4 0.4 0.4 0.4 0.4 0.4 0.4 0.4 0.4 0.4 0.4 0.4 0.4 0.4 0.4 0.4 0.4 0.4 0.4 0.4 0.4 0.4 0.4 0.4 0.4 0.4 0.4 0.4 0.4 0.4 0.4 0.4 0.4 0.4 0.4 0.4 0.4 0.4 0.4 0.4 0.4 0.4 0.4 0.4 0.4 0.4 0.4 0.4 0.4 0.4 0.4 0.4 0.4 0.4 0.4 0.4 0.4 0.4 0.4 0.4 0.4 0.4 0.4 0.4 0.4 0.4 0.4 0.4 0.4 0.4 0.4 0.4 0.4 0.4 0.4 0.4 0.4 0.4 0.4 0.4 0.4 0.4 0.4 0.4 0.4 0.4 0.4 0.4 0.4 0.4 0.4 0.4 0.4 0.4 0.4 0.4 0.4 0.4 0.4 0.4 0.4 0.4 0.4 0.4 0.4 0.4 0.4 0.4 0.4 0.4 0.4 0.4 0.4 0.4 0.4 0.4 0.4 0.4 0.4 0.4 0.4 0.4 0.4 0.4 0.4 0.4 0.4 0.4 0.4 0.4 0.4 0.4 0.4 0.4 0.4 0.4 0.4 0.4 0.4 0.4 0.4 0.4 0.4 0.4 0.4 0.4 0.4 0.4 0.4 0.4 0.4 0.4 0.4 0.4 0.4 0.4 0.4 0.4 0.4 0.4 0.4 0.4 0.4 0.4 0.4 0.4 0.4 0.4 0.4 0.4 0.4 0.4 0.4 0.4 0.4 0.4 0.4 0.4 0.4 0.4 0.4 0.4 0.4 0.4 0.4 0.4 0.4 0.4 0.4 0.4 0.4 0.4 0.4 0.4 0.4 0.4 0.4 0.4 0.4 0.4 0.4 0.4 0.4 0.4 0.4 0.4 0.4 0.4 0.4 0.4 0.4 0.4 0.4 0.4 0.4 0.4 0.4 0.4 0.4 0.4 0.4 0.4 0.4 0.4 0.4 0.4 0.4 0.4 0.4 0.4 0.4 0.4 0.4 0.4 0.4 0.4 0.4 0.4 0.4 0.4 0.4 0.4 0.4 0.4 0.4 0.4 0.4 0.4 0.4 0.4 0.4 0.4 0.4 0.4 0.4 0.4 0.4 0.4 0.4 0.4 0.4 0.4 0.4 0.4 0.4 0.4 0.4 0.4 0.4 0.4 0.4 0.4 0.4 0.4 0.4 0.4 0.4 0.4 0.4 0.4 0.4 0.4 0.4 0.4 0.4 0.4 0.4 0.4 0.4 0.4 0.4 0.4 0.4 0.4 0.4 0.4 0.4 0.4 0.4 0.4 0.4 0.4 0.4 0.4 0.4 0.4 0.4 0.4 0.4 0.4 0.4 0.4 0.4 0.4 0.4 0.4 0.4 0.4 0.4 0.4 0.4 0.4 0.4 0.4 0.4 0.4 0.4 0.4 0.4 0.4 0.4 0.4 0.4 0.4 0.4 0.4 0.4 0.4 0.4 0.4 0.4 0.4 0.4 0.4 0.4 0.4 0.4 0.4 0.4 0.4 0.4 0.4 0.4 0.4 0.4 0.4 0.4 0.4 0.4 0.4 0.4 0.4 0.4 0.4 0.4 0.4 0.4 0.4 0.4 0.4 0.4 0.4 0.4 0.4 0.4 0.4 0.4 0.4 0.4 0.4 0.4 0.4 0.4 0.4 0.4 0.4 0.4 0.4 0.4 0.4 0.4 0.4 0.4 0.4 0.4 0.4 0.4 0.4 0.4 0.4 0.4 0.4 0.4 0.4 0.4 0.4 0.4 0.4 0.4 0.4 0.4 0.4 0.4 0.4 0.4 0.4 0.4 0.4 0.4 0.4 0.4 0.4 0.4 0.4 0.4 0.4 0.4 0.4 0.4 0.4 0.4 0.4 0.4 0.4 0.4 0.4 0.4 0.4 0.4 0.4 0.4 0.4 0.4 0.4 0.4 0.4 0.4 0.4 0.4 0.4 0.4 0.4 0.4 0.4 0.4 0.4 0.4 0.4 0.4 0.4 0.4 0.4 0.4 0.4 0.4 0.4 0.4 0.4 0.4 0.4 0.4 0.4 0.4 0.4 0.4 0.4 0.4 0.4 0.4 0.4 0.4 0.4 0.4 0.4 0.4 0.4 0.4 0.4 0.4 0.4 0.4 0.4 0.4 0.4 0.4 0.4 0.4 0.4 0.4 0.4 0.4 0.4 0.4 0.4 0.4 0.4 0.4 0.4 0.4 0.4 0.4 0.4 0.4 0.4 0.4 0.4 0.4 0.4 0.4 0.4 0.4 0.4 0.4 0.4 0.4 0.4 0.4 0.4 0.4 0.4 0.4 0.4 0.4 0.4 0.4 0.4 0.4 0.4 0.4 0.4 0.4 0.4 0.4 0.4 0.4 0.4 0.4 0.4 0.4 0.4 0.4 0.4 0.4 0.4 0.4 0.4 0.4 0.4 0.4 0.4 0.4 0.4 0.4 0.4 0.4 0.4 0.4 0.4 0.4 0.4 0.4 0.4 0.4 0.4 0.4 0.4 0.4 0.4 0.4 0.4 0.4 0.4 0.4 0.4 0.4 0.4 0.4 0.4 0.4 0.4 0.4 0.4 0.4 0.4 0.4 0.4 0.4 0.4 0.4 0.4 0.4 0.4 0.4 0.4 0.4 0.4 0.4 0.4 0.4 0.4 0.4 0.4 0.4 0.4 0.4 0.4 0.4 0.4 0.4 0.4 0.4 0.4 0.4 0.4 0.4 0.4 0.4 0.4 0.4 0.4 0.4 0.4 0.4 0.4 0.4 0.4 0.4 0.4 0.4 0.4 0.4 0.4 0.4 0.4 0.4 0.4 0.4 0.4 0.4 0.4 0.4 0.4 0.4 0.4 0.4 0.4 0.4 0.4 0.4 0.4 0.4 0.4 0.4 0.4 0.4 0.4 0.4 0.4 0.4 0.4 0.4 0.4 0.4 0.4 0.4 0.4 0.4 0.4 0.4 0.4 0.4 0.4 0.4 0.4 0.4 0.4 0.4 0.4 0.4 0.4 0.4 0.4 0.4 0.4 0.4 0.4 0.4 0.4 0.4 0.4 0.4 0.4 0.4 0.4 0.4 0.4 0.4 0.4 0.4 0.4 0.4 0.4 0.4 0.4 0.4 0.4 0.4 0.4 0.4 0.4 0.4 0.4 0.4 0.4 0.4 0.4 0.4 0.4 0.4 0.4 0.4 0.4 0.4 0.4 0.4 0.4 0.4 0.4 0.4 0.4 0.4 0.4 0.4 0.4 0.4 0.4 0.4 0.4 0.4 0.4 0.4 0.4 0.4 0.4 0.4 0.4 0.4 0.4 0.4 0.4 0.4 0.4 0.4 0.4 0.4 0.4 0.4 0.4 0.4 0.4 0.4 0.4 0.4 0.4 0.4 0.4 0.4 0.4 0.4 0.4 0.4 0.4 0.4 0.4 0.4 0.4 0.4 0.4 0.4 0.4 0.4 0.4 0.4 0.4 0.4 0.4 0.4 0.4 0.4 0.4 0.4 0.4 0.4 0.4 0.4 0.4 0.4 0.4 0.4 0.4 0.4 0.4 0.4 0.4 0.4 0.4 0.4 0.4 0.4 0.4 0.4 0.4 0.4 0.4 0.4 0.4 0.4 0.4 0.4 0.4 0.4 0.4 0.4 0.4 0.4 0.4 0.4 0.4 0.4 0.4 0.4 0.4 0.4 0.4 0.4 0.4 0.4 0.4 0.4 0.4 0.4 0.4 0.4 0.4 0.4 0.4 0.4 0.4 0.4 0.4 0.4 0.4 0.4 0.4 0.4 0.4 0.4 0.4 0.4 0.4 0.4 0.4 0.4 0.4 0.4 0.4 0.4 0.4 0.4 0.4 0.4 0.4 0.4 0.4 0.4 0.4 0.4 0.4 0.4 0.4 0.4 0.4 0.4 0.4 0.4 0.4 0.4 0.4 0.4 0.4 0.4 0.4 0.4 0.4 0.4 0.4 0.4 0.4 0.4 0.4 0.4 0.4 0.4 0.4 0.4 0.4 0.4 0.4 0.4 0.4 0.4 0.4 0.4 0.4 0.4 0.4 0.4 0.4 0.4 0.4 0.4 0.4 0.4 0.4 0.4 0.4 0.4 0.4 0.4 0.4 0.4 0.4 0.4 0.4 0.4 0.4 0.4 0.4 0.4 0.4 0.4 0.4 0.4 0.4 0.4 0.4 0.4 0.4 0.4 0.4 0.4 0.4 0.4 0.4 0.4 0.4 0.4 0.4 0.4 0.4 0.4 0.4 0.4 0.4 0.4 0.4 0.4 0.4 0.4 0.4 0.4 0.4 0.4 0.4 0.4 0.4 0.4 0.4 0.4 0.4 0.4 0.4 0.4 0.4 0.4 0.4 0.4 0.4 0.4 0.4 0.4 0.4 0.4 0.4 0.4 0.4 0.4 0.4 0.4 0.4 0.4 0.4 0.4 0.4 0.4 0.4 0.4 0.4 0.4 0.4 0.4 0.4 0.4 0.4 0.4 0.4 0.4 0.4 0.4 0.4 0.4 0.4 0.4 0.4 0.4 0.4 0.4 0.4 0.4 0.4 0.4 0.4 0.4 0.4 0.4 0.4 0.4 0.4 0.4 0.4 0.4 0.4 0.4 0.4 0.4 0.4 0.4 0.4 0.4 0.4 0.4 0.4 0.4 0.4 0.4 0.4 0.4 0.4 0.4 0.4 0.4 0.4 0.4 0.4 0.4 0.4 0.4 0.4 0.4 0.4 0.4 0.4 0.4 0.4 0.4 0.4 0.4 0.4 0.4 0.4 0.4 0.4 0.4 0.4 0.4 0.4 0.4 0.4 0.4 0.4 0.4 0.4 0.4 0.4 0.4 0.4 0.4 0.4 0.4 0.4 0.4 0.4 0.4 0.4 0.4 0.4 0.4 0.4 0.4 0.4 0.4 0.4 0.4 0.4 0.4 0.4 0.4 0.4 0.4 0.4 0.4 0.4 0.4 0.4 0.4 0.4 0.4 0.4 0.4 0.4 0.4 0.4 0.4 0.4 0.4 0.4 0.4 0.4 0.4 0.4 0.4 0.4 0.4 0.4 0.4 0.4 0.4 0.4 0.4 0.4 0.4 0.4 0.4 0.4 0.4 0.4 0.4 0.4 0.4 0.4 0.4 0.4 0.4 0.4 0.4 0.4 0.4 0.4 0.4 0.4 0.4 0.4 0.4 0.4 0.4 0.4 0.4 0.4 0.4 0.4 0.4 0.4 0.4 0.4 0.4 0.4 0.4 0.4 0.4 0.4 0.4 0.4 0.4 0.4 0.4 0.4 0.4 0.4 0.4 0.4 0.4 0.4 0.4 0.4 0.4 0.4 0.4 0.4 0.4 0.4 0.4 0.4 0.4 0.4 0.4 0.4 0.4 0.4 0.4 0.4 0.4 0.4 0.4 0.4 0.4 0.4 0.4 0.4 0.4 0.4 0.4 0.4 0.4 0.4 0.4 0.4 0.4 0.4 0.4 0.4 0.4 0.4 0.4 0.4 0.4 0.4 0.4 0.4 0.4 0.4 0.4 0.4 0.4 0.4 0.4 0.4 0.4 0.4 0.4 0.4 0.4 0.4 0.4 0.4 0.4 0.4 0.4 0.4 0.4 0.4 0.4 0.4 0.4 0.4 0.4 0.4 0.4 0.4 0.4 0.4 0.4 0.4 0.4 0.4 0.4 0.4 0.4 0.4 0.4 0.4 0.4 0.4 0.4 0.4 0.4 0.4 0.4 0.4 0.4 0.4 0.4 0.4 0.4 0.4 0.4 0.4 0.4 0.4 0.4 0.4 0.4 0.4 0.4 0.4 0.4 0.4 0.4 0.4 0.4 0.4 0.4 0.4 0.4 0.4 0.4 0.4 0.4 0.4 0.4 0.4 0.4 0.4 0.4 0.4 0.4 0.4 0.4 0.4 0.4 0.4 0.4 0.4 0.4 0.4 0.4 0.4 0.4 0.4 0.4 0.4 0.4 0.4 0.4 0.4 0.4 0.4 0.4 0.4 0.4 0.4 0.4 0.4 0.4 0.4 0.4 0.4 0.4 0.4 0.4 0.4 0.4 0.4 0.4 0.4 0.4 0.4 0.4 0.4 0.4 0.4 0.4 0.4 0.4 0.4 0.4 0.4 0.4 0.4 0.4 0.4 0.4 0.4 0.4 0.4 0.4 0.4 0.4 0.4 0.4 0.4 0.4 0.4 0.4 0.4 0.4 0.4 0.4 0.4 0.4 0.4 0.4 0.4 0.4 0.4 0.4 0.4 0.4 0.4 0.4 0.4 0.4 0.4 0.4 0.4 0.4 0.4 0.4 0.4 0.4 0.4 0.4 0.4 0.4 0.4 0.4 0.4 0.4 0.4 0.4 0.4 0.4 0.4 0.4 0.4 0.4 0.4 0.4 0.4 0.4 0.4 0.4 0.4 0.4 0.4 0.4 0.4 0.4 0.4 0.4 0.4 0.4 0.4 0.4 0.4 0.4 0.4 0.4 0.4 0.4 0.4 0.4 0.4 0.4 0.4 0.4 0.4 0.4 0.4 0.4 0.4 0.4 0.4 0.4 0.4 0.4 0.4 0.4 0.4 0.4 0.4 0.4 0.4 0.4 0.4 0.4 0.4 0.4 0.4 0.4 0.4 0.4 0.4 0.4 0.4 0.4 0.4 0.4 0.4 0.4 0.4 0.4 0.4 0.4 0.4 0.4 0.4 0.4 0.4 0.4 0.4 0.4 0.4 0.4 0.4 0.4 0.4 0.4 0.4 0.4 0.4 0.4 0.4 0.4 0.4 0.4 0.4 0.4 0.4 0.4 0.4 0.4 0.4 0.4 0.4 0.4 0.4 0.4 0.4 0.4 0.4 0.4 0.4 0.4 0.4 0.4 0.4 0.4 0.4 0.4 0.4 0.4 0.4 0.4 0.4 0.4 0.4 0.4 0.4 0.4 0.4 0.4 0.4 0.4 0.4 0.4 0.4 0.4 0.4 0.4 0.4 0.4 0.4 0.4 0.4 0.4 0.4 0.4 0.4 0.4 0.4 0.4 0.4 0.4 0.4 0.4 0.4 0.4 0.4 0.4 0.4 0.4 0.4 0.4 0.4 0.4 0.4 0.4 0.4 0.4 0.4 0.4 0.4 0.4 0.4 0.4 0.4 0.4 0.4 0.4 0.4 0.4 0.4 0.4 0.4 0.4 0.4 0.4 0.4 0.4 0.4 0.4 0.4 0.4 0.4 0.4 0.4 0.4 0.4 0.4 0.4 0.4 0.4 0.4 0.4 0.4 0.4 0.4 0.4 0.4 0.4 0.4 0.4 0.4 0.4 0.4 0.4 0.4 0.4 0.4 0.4 0.4 0.4 0.4 0.4 0.4 0.4 0.4 0.4 0.4 0.4 0.4 0.4 0.4 0.4 0.4 0.4 0.4 0.4 0.4 0.4 0.4 0.4 0.4 0.4 0.4 0.4 0.4 0.4 0.4 0.4 0.4 0.4 0.4 0.4 0.4 0.4 0.4 0.4 0.4 0.4 0.4 0.4 0.4 0.4 0.4 0.4 0.4 0.4 0.4 0.4 0.4 0.4 0.4 0.4 0.4 0.4 0.4 0.4 0.4 0.4 0.4 0.4 0.4 0.4 0.4 0.4 0.4 0.4 0.4 0.4 0.4 0.4 0.4 0.4 0.4 0.4 0.4 0.4 0.4 0.4 0.4 0.4 0.4 0.4 0.4 0.4 0.4 0.4 0.4 0.4 0.4 0.4 0.4 0.4 0.4 0.4 0.4 0.4 0.4 0.4 0.4 0.4 0.4 0.4 0.4 0.4 0.4 0.4 0.4 0.4 0.4 0.4 0.4 0.4 0.4 0.4 0.4 0.4 0.4 0.4 0.4 0.4 0.4 0.4 0.4 0.4 0.4 0.4 0.4 0.4 0.4 0.4 0.4 0.4 0.4 0.4 0.4 0.4 0.4 0.4 0.4 0.4 0.4 0.4 0.4 0.4 0.4 0.4 0.4 0.4 0.4 0.4 0.4 0.4 0.4 0.4 0.4 0.4 0.4 0.4 0.4 0.4 0.4 0.4 0.4 0.4 0.4 0.4 0.4 0.4 0.4 0.4 0.4 0.4 0.4 0.4 0.4 0.4 0.4 0.4 0.4 0.4 0.4 0.4 0.4 0.4 0.4 0.4 0.4 0.4 0.4 0.4 0.4 0.4 0.4 0.4 0.4 0.4 0.4 0.4 0.4 0.4 0.4 0.4 0.4 0.4 0.4 0.4 0.4 0.4 0.4 0.4 0.4 0.4 0.4 0.4 0.4 0.4 0.4 0.4 0.4 0.4 0.4 0.4 0.4 0.4 0.4 0.4 0.4 0.4 0.4 0.4 0.4 0.4 0.4 0.4 0.4 0.4 0.4 0.4 0.4 0.4 0.4 0.4 0.4 0.4 0.4 0.4 0.4 0.4 0.4 0.4 0.4 0.4 0.4 0.4 0.4 0.4 0.4 0.4 0.4 0.4 0.4 0.4 0.4 0.4 0.4 0.4 0.4 0.4 0.4 0.4 0.4 0.4 0.4 0.4 0.4 0.4 0.4 0.4 0.4 0.4 0.4 0.4 0.4 0.4 0.4 0.4 0.4 0.4 0.4 0.4 0.4 0.4 0.4 0.4 0.4 0.4 0.4 0.4 0.4 0.4 0.4 0.4 0.4 0.4 0.4 0.4 0.4 0.4 0.4 0.4 0.4 0.4 0.4 0.4 0.4 0.4 0.4 0.4 0.4 0.4 0.4 0.4 0.4 0.4 0.4 0.4 0.4 0.4 0.4 0.4 0.4 0.4 0.4 0.4 0.4 0.4 0.4 0.4 0.4 0.4 0.4 0.4 0.4 0.4 0.4 0.4 0.4 0.4 0.4 0.4 0.4 0.4 0.4 0.4 0.4 0.4 0.4 0.4 0.4 0.4 0.4 0.4 0.4 0.4 0.4 0.4 0.4 0.4 0.4 0.4 0.4 0.4 0.4 0.4 0.4 0.4 0.4 0.4 0.4 0.4 0.4 0.4 0.4 0.4 0.4 0.4 0.4 0.4 0.4 0.4 0.4 0.4 0.4 0.4 0.4 0.4 0.4 0.4 0.4 0.4 0.4 0.4 0.4 0.4 0.4 0.4 0.4 0.4 0.4 0.4 0.4 0.4 0.4 0.4 0.4 0.4 0.4 0.4 0.4 0.4 0.4 0.4 0.4 0.4 0.4 0.4 0.4 0.4 0.4 0.4 0.4 0.4 0.4 0.4 0.4 0.4 0.4 0.4 0.4 0.4 0.4 0.4 0.4 0.4 0.4 0.4 0.4 0.4 0.4 0.4 0.4 0.4 0.4 0.4 0.4 0.4 0.4 0.4 0.4 0.4 0.4 0.4 0.4 0.4 0.4 0.4 0.4 0.4 0.4 0.4 0.4 0.4 0.4 0.4 0.4 0.4 0.4 0.4 0.4 0.4 0.4 0.4 0.4 0.4 0.4 0.4 0.4 0.4 0.4 0.4 0.4 0.4 0.4 0.4 0.4 0.4 0.4 0.4 0.4 0.4 0.4 0.4 0.4 0.4 0.4 0.4 0.4 0.4 0.4 0.4 0.4 0.4 0.4 0.4 0.4 0.4 0.4 0.4 0.4 0.4 0.4 0.4 0.4 0.4 0.4 0.4 0.4 0.4 0.4 0.4 0.4 0.4 0.4 0.4 0.4 0.4 0.4 0.4 0.4 0.4 0.4 0.4 0.4 0.4 0.4 0.4 0.4 0.4 0.4 0.4 0.4 0.4 0.4 0.4 0.4 0.4 0.4 0.4 0.4 0.4 0.4 0.4 0.4 0.4 0.4 0.4 0.4 0.4 0.4 0.4 0.4 0.4 0.4 0.4 0.4 0.4 0.4 0.4 0.4 0.4 0.4 0.4 0.4 0.4 0.4 0.4 0.4 0.4 0.4 0.4 0.4 0.4 0.4 0.4 0.4 0.4 0.4 0.4 0.4 0.4 0.4 0.4 0.4 0.4 0.4 0.4 0.4 0.4 0.4 0.4 0.4 0.4 0.4 0.4 0.4 0.4 0.4 0.4 0.4 0.4 0.4 0.4 0.4 0.4 0.4 0.4 0.4 0.4 0.4 0.4 0.4 0.4 0.4 0.4 0.4 0.4 0.4 0.4 0.4 0.4 0.4 0.4 0.4 0.4 0.4 0.4 0.4 0.4 0.4 0.4 0.4 0.4 0.4 0.4 0.4 0.4 0.4 0.4 0.4 0.4 0.4 0.4 0.4 0.4 0.4 0.4 0.4 0.4 0.4 0.4 0.4 0.4 0.4 0.4 0.4 0.4 0.4 0.4 0.4 0.4 0.4 0.4 0.4 0.4 0.4 0.4 0.4 0.4 0.4 0.4 0.4 0.4 0.4 0.4 0.4 0.4 0.4 0.4 0.4 0.4 0.4 0.4 0.4 0.4 0.4 0.4 0.4 0.4 0.4 0.4 0.4 0.4 0.4 0.4 0.4 0.4 0.4 0.4 0.4 0.4 0.4 0.4 0.4 0.4 0.4 0.4 0.4 0.4 0.4 0.4 0.4 0.4 0.4 0.4 0.4 0.4 0.4 0.4 0.4 0.4 0.4 0.4 0.4 0.4 0.4 0.4 0.4 0.4 0.4 0.4 0.4 0.4 0.4 0.4 0.4 0.4 0.4 0.4 0.4 0.4 0.4 0.4 0.4 0.4 0.4 0.4 0.4 0.4 0.4 0.4 0.4 0.4 0.4 0.4 0.4 0.4 0.4 0.4 0.4 0.4 0.4 0.4 0.4 0.4 0.4 0.4 0.4 0.4 0.4 0.4 0.4 0.4 0.4 0.4 0.4 0.4 0.4 0.4 0.4 0.4 0.4 0.4 0.4 0.4 0.4 0.4 0.4 0.4 0.4 0.4 0.4 0.4 0.4 0.4 0.4 0.4 0.4 0.4 0.4 0.4 0.4 0.4 0.4 0.4 0.4 0.4 0.4 0.4 0.4 0.4 0.4 0.4 0.4 0.4 0.4 0.4 0.4 0.4 0.4 0.4 0.4 0.4 0.4 0.4 0.4 0.4 0.4 0.4 0.4 0.4 0.4 0.4 0.4 0.4 0.4 0.4 0.4 0.4 0.4 0.4 0.4 0.4 0.4 0.4 0.4 0.4 0.4 0.4 0.4 0.4 0.4 0.4 0.4 0.4 0.4 0.4 0.4 0.4 0.4 0.4 0.4 0.4 0.4 0.4 0.4 0.4 0.4 0.4 0.4 0.4 0.4 0.4 0.4 0.4 0.4 0.4 0.4 0.4 0.4 0.4 0.4 0.4 0.4 0.4 0.4 0.4 0.4 0.4 0.4 0.4 0.4 0.4 0.4 0.4 0.4 0.4 0.4 0.4 0.4 0.4 0.4 0.4 0.4 0.4 0.4 0.4 0.4 0.4 0.4 0.4 0.4 0.4 0.4 0.4 0.4 0.4 0.4 0.4 0.4 0.4 0.4 0.4 0.4 0.4 0.4 0.4 0.4 0.4 0.4 0.4 0.4 0.4 0.4 0.4 0.4 0.4 0.4 0.4 0.4 0.4 0.4 0.4 0.4 0.4 0.4 0.4 0.4 0.4 0.4 0.4 0.4 0.4 0.4 0.4 0.4 0.4 0.4 0.4 0.4 0.4 0.4 0.4 0.4 0.4 0.4 0.4 0.4 0.4 0.4 0.4 0.4 0.4 0.4 0.4 0.4 0.4 0.4 0.4 0.4 0.4 0.4 0.4 0.4 0.4 0.4 0.4 0.4 0.4 0.4 0.4 0.4 0.4 0.4 0.4 0.4 0.4 0.4 0.4 0.4 0.4 0.4 0.4 0.4 0.4 0.4 0.4 0.4 0.4 0.4 0.4 0.4 0.4 0.4 0.4 0.4 0.4 0.4 0.4 0.4 0.4 0.4 0.4 0.4 0.4 0.4 0.4 0.4 0.4 0.4 0.4 0.4 0.4 0.4 0.4 0.4 0.4 0.4 0.4 0.4 0.4 0.4 0.4 0.4 0.4 0.4 0.4 0.4 0.4 0.4 0.4 0.4 0.4 0.4 0.4 0.4 0.4 0.4 0.4 0.4 0.4 0.4 0.4 0.4 0.4 0.4 0.4 0.4 0.4 0.4 0.4 0.4 0.4 0.4 0.4 0.4 0.4 0.4 0.4 0.4 0.4 0.4 0.4 0.4 0.4 0.4 0.4 0.4 0.4 0.4 0.4 0.4 0.4 0.4 0.4 0.4 0.4 0.4 0.4 0.4 0.4 0.4 0.4 0.4 0.4 0.4 0.4 0.4 0.4 0.4 0.4 0.4 0.4 0.4 0.4 0.4 0.4 0.4 0.4 0.4 0.4 0.4 0.4 0.4 0.4 0.4 0.4 0.4 0.4 0.4 0.4 0.4 0.4 0.4 0.4 0.4 0.4 0.4 0.4 0.4 0.4 0.4 0.4 0.4 0.4 0.4 0.4 0.4 0.4 0.4 0.4 0.4 0.4 0.4 0.4 0.4 0.4 0.4 0.4 0.4 0.4 0.4 0.4 0.4 0.4 0.4 0.4 0.4 0.4 0.4 0.4 0.4 0.4 0.4 0.4 0.4 0.4 0.4 0.4 0.4 0.4 0.4 0.4 0.4 0.4 0.4 0.4 0.4 0.4 0.4 0.4 0.4 0.4 0.4 0.4 0.4 0.4 0.4 0.4 0.4 0.4 0.4 0.4 0.4 0.4 0.4 0.4 0.4 0.4 0.4 0.4 0.4 0.4 0.4 0.4 0.4 0.4 0.4 0.4 0.4 0.4 0.4 0.4 0.4 0.4 0.4 0.4 0.4 0.4 0.4 0.4 0.4 0.4 0.4 0.4 0.4 0.4 0.4 0.4 0.4 0.4 0.4 0.4 0.4 0.4 0.4 0.4 0.4 0.4 0.4 0.4 0.4 0.4 0.4 0.4 0.4 0.4 0.4 0.4 0.4 0.4 0.4 0.4 0.4 0.4 0.4 0.4 0.4 0.4 0.4 0.4 0.4 0.4 0.4 0.4 0.4 0.4 0.4 0.4 0.4 0.4 0.4 0.4 0.4 0.4 0.4 0.4 0.4 0.4 0.4 0.4 0.4 0.4 0.4 0.4 0.4 0.4 0.4 0.4 0.4 0.4 0.4 0.4 0.4 0.4 0.4 0.4 0.4 0.4 0.4 0.4 0.4 0.4 0.4 0.4 0.4 0.4 0.4 0.4 0.4 0.4 0.4 0.4 0.4 0.4 0.4 0.4 0.4 0.4 0.4 0.4 0.4 0.4 0.4 0.4 0.4 0.4 0.4 0.4 0.4 0.4 0.4 0.4 0.4 0.4 0.4 0.4 0.4 0.4 0.4 0.4 0.4 0.4 0.4 0.4 0.4 0.4 0.4 0.4 0.4 0.4 0.4 0.4 0.4 0.4 0.4 0.4 0.4 0.4 0.4 0.4 0.4 0.4 0.4 0.4 0.4 0.4 0.4 0.4 0.4 0.4 0.4 0.4 0.4 0.4 0.4 0.4 0.4 0.4 0.4 0.4 0.4 0.4 0.4 0.4 0.4 0.4 0.4 0.4 0.4 0.4 0.4 0.4 0.4 0.4 0.4 0.4 0.4 0.4 0.4 0.4 0.4 0.4 0.4 0.4 0.4 0.4 0.4 0.4 0.4 0.4 0.4 0.4 0.4 0.4 0.4 0.4 0.4 0.4 0.4 0.4 0.4 0.4 0.4 0.4 0.4 0.4 0.4 0.4 0.4 0.4 0.4 0.4 0.4 0.4 0.4 0.4 0.4 0.4 0.4 0.4 0.4 0.4 0.4 0.4 0.4 0.4 0.4 0.4 0.4 0.4 0.4 0.4 0.4 0.4 0.4 0.4 0.4 0.4 0.4 0.4 0.4 0.4 0.4 0.4 0.4 0.4 0.4 0.4 0.4 0.4 0.4 0.4 0.4 0.4 0.4 0.4 0.4 0.4 0.4 0.4 0.4 0.4 0.4 0.4 0.4 0.4 0.4 0.4 0.4 0.4 0.4 0.4 0.4 0.4 0.4 0.4 0.4 0.4 0.4 0.4 0.4 0.4 0.4 0.4 0.4 0.4 0.4 0.4 0.4 0.4 0.4 0.4 0.4 0.4 0.4 0.4 0.4 0.4 0.4 0.4 0.4 0.4 0.4 0.4 0.4 0.4 0.4 0.4 0.4 0.4 0.4 0.4 0.4 0.4 0.4 0.4 0.4 0.4 0.4 0.4 0.4 0.4 0.4 0.4 0.4 0.4 0.4 0.4 0.4 0.4 0.4 0.4 0.4 0.4 0.4 0.4 0.4 0.4 0.4 0.4 0.4 0.4 0.4 0.4 0.4 0.4 0.4 0.4 0.4 0.4 0.4 0.4 0.4 0.4 0.4 0.4 0.4 0.4 0.4 0.4 0.4 0.4 0.4 0.4 0.4 0.4 0.4 0.4 0.4 0.4 0.4 0.4 0.4 0.4 0.4 0.4 0.4 0.4 0.4 0.4 0.4 0.4 0.4 0.4 0.4 0.4 0.4 0.4 0.4 0.4 0.4 0.4 0.4 0.4 0.4 0.4 0.4 0.4 0.4 0.4 0.4 0.4 0.4 0.4 0.4 0.4 0.4 0.4 0.4 0.4 0.4 0.4 0.4 0.4 0.4 0.4 0.4 0.4 0.4 0.4 0.4 0.4 0.4 0.4 0.4 0.4 0.4 0.4 0.4 0.4 0.4 0.4 0.4 0.4 0.4 0.4 0.4 0.4 0.4 0.4 0.4 0.4 0.4 0.4 0.4 0.4 0.4 0.4 0.4 0.4 0.4 0.4 0.4 0.4 0.4 0.4 0.4 0.4 0.4 0.4 0.4 0.4 0.4 0.4 0.4 0.4 0.4 0.4 0.4 0.4 0.4 0.4 0.4 0.4 0.4 0.4 0.4 0.4 0.4 0.4 0.4 0.4 0.4 0.4 0.4 0.4 0.4 0.4 0.4 0.4 0.4 0.4 0.4 0.4 0.4 0.4 0.4 0.4 0.4 0.4 0.4 0.4 0.4 0.4 0.4 0.4 0.4 0.4 0.4 0.4 0.4 0.4 0.4 0.4 0.4 0.4 0.4 0.4 0.4 0.4 0.4 0.4 0.4 0.4 0.4 0.4 0.4 0.4 0.4 0.4 0.4 0.4 0.4 0.4 0.4 0.4 0.4 0.4 0.4 0.4 0.4 0.4 0.4 0.4 0.4 0.4 0.4 0.4 0.4 0.4 0.4 0.4 0.4 0.4 0.4 0.4 0.4 0.4 0.4 0.4 0.4 0.4 0.4 0.4 0.4 0.4 0.4 0.4 0.4 0.4 0.4 0.4 0.4 0.4 0.4 0.4 0.4 0.4 0.4 0.4 0.4 0.4 0.4 0.4 0.4 0.4 0.4 0.4 0.4 0.4 0.4 0.4 0.4 0.4 0.4 0.4 0.4 0.4 0.4 0.4 0.4 0.4 0.4 0.4 0.4 0.4 0.4 0.4 0.4 0.4 0.4 0.4 0.4 0.4 0.4 0.4 0.4 0.4 0.4 0.4 0.4 0.4 0.4 0.4 0.4 0.4 0.4 0.4 0.4 0.4 0.4 0.4 0.4 0.4 0.4 0.4 0.4 0.4 0.4 0.4 0.4 0.4 0.4 0.4 0.4 0.4 0.4 0.4 0.4 0.4 0.4 0.4 0.4 0.4 0.4 0.4 0.4 0.4 0.4 0.4 0.4 0.4 0.4 0.4 0.4 0.4 0.4 0.4 0.4 0.4 0.4 0.4 0.4 0.4 0.4 0.4 0.4 0.4 0.4 0.4 0.4 0.4 0.4 0.4 0.4 0.4 0.4 0.4 0.4 0.4 0.4 0.4 0.4 0.4 0.4 0.4 0.4 0.4 0.4 0.4 0.4 0.4 0.4 0.4 0.4 0.4 0.4 0.4 0.4 0.4 0.4 0.4 0.4 0.4 0.4 0.4 0.4 0.4 0.4 0.4 0.4 0.4 0.4 0.4 0.4 0.4 0.4 0.4 0.4 0.4 0.4 0.4 0.4 0.4 0.4 0.4 0.4 0.4 0.4 0.4 0.4 0.4 0.4 0.4 0.4 0.4 0.4 0.4 0.4 0.4 0.4 0.4 0.4 0.4 0.4 0.4 0.4 0.4 0.4 0.4 0.4 0.4 0.4 0.4 0.4 0.4 0.4 0.4 0.4 0.4 0.4 0.4 0.4 0.4 0.4 0.4 0.4 0.4 0.4 0.4 0.4 0.4 0.4 0.4 0.4 0.4 0.4 0.4 0.4 0.4 0.4 0.4 0.4 0.4 0.4 0.4 0.4 0.4 0.4 0.4 0.4 0.4 0.4 0.4 0.4 0.4 0.4 0.4 0.4 0.4 0.4 0.4 0.4 0.4 0.4 0.4 0.4 0.4 0.4 0.4 0.4 0.4 0.4 0.4 0.4 0.4 0.4 0.4 0.4 0.4 0.4 0.4 0.4 0.4 0.4 0.4 0.4 0.4 0.4 0.4 0.4 0.4 0.4 0.4 0.4 0.4 0.4 0.4 0.4 0.4 0.4 0.4 0.4 0.4 0.4 0.4 0.4 0.4 0.4 0.4 0.4 0.4 0.4 0.4 0.4 0.4 0.4 0.4 0.4 0.4 0.4 0.4 0.4 0.4 0.4 0.4 0.4 0.4 0.4 0.4 0.4 0.4 0.4 0.4 0.4 0.4 0.4 0.4 0.4 0.4 0.4 0.4 0.4 0.4 0.4 0.4 0.4 0.4 0.4 0.4 0.4 0.4 0.4 0.4 0.4 0.4 0.4 0.4 0.4 0.4 0.4 0.4 0.4 0.4 0.4 0.4 0.4 0.4 0.4 0.4 0.4 0.4 0.4 0.4 0.4 0.4 0.4 0.4 0.4 0.4 0.4 0.4 0.4 0.4 0.4 0.4 0.4 0.4 0.4 0.4 0.4 0.4 0.4 0.4 0.4 0.4 0.4 0.4 0.4 0.4 0.4 0.4 0.4 0.4 0.4 0.4 0.4 0.4 0.4 0.4 0.4 0.4 0.4 0.4 0.4 0.4 0.4 0.4 0.4 0.4 0.4 0.4 0.4 0.4 0.4 0.4 0.4 0.4 0.4 0.4 0.4 0.4 0.4 0.4 0.4 0.4 0.4 0.4 0.4 0.4 0.4 0.4 0.4 0.4 0.4 0.4 0.4 0.4 0.4 0.4 0.4 0.4 0.4 0.4 0.4 0.4 0.4 0.4 0.4 0.4 0.4 0.4 0.4 0.4 0.4 0.4 0.4 0.4 0.4 0.4 0.4 0.4 0.4 0.4 0.4 0.4 0.4 0.4 0.4 0.4 0.4 0.4 0.4 0.4 0.4 0.4 0.4 0.4 0.4 0.4 0.4 0.4 0.4 0.4 0.4 0.4 0.4 0.4 0.4 0.4 0.4 0.4 0.4 0.4 0.4 0.4 0.4 0.4 0.4 0.4 0.4 0.4 0.4 0.4 0.4 0.4 0.4 0.4 0.4 0.4 0.4 0.4 0.4 0.4 0.4 0.4 0.4 0.4 0.4 0.4 0.4 0.4 0.4 0.4 0.4 0.4 0.4 0.4 0.4 0.4 0.4 0.4 0.4 0.4 0.4 0.4 0.4 0.4 0.4 0.4 0.4 0.4 0.4 0.4 0.4 0.4 0.4 0.4 0.4 0.4 0.4 0.4 0.4 0.4 0.4 0.4 0.4 0.4 0.4 0.4 0.4 0.4 0.4 0.4 0.4 0.4 0.4 0.4 0.4 0.4 0.4 0.4 0.4 0.4 0.4 0.4 0.4 0.4 0.4 0.4 0.4 0.4 0.4 0.4 0.4 0.4 0.4 0.4 0.4 0.4 0.4 0.4 0.4 0.4 0.4 0.4 0.4 0.4 0.4 0.4 0.4 0.4 0.4 0.4 0.4 0.4 0.4 0.4 0.4 0.4 0.4 0.4 0.4 0.4 0.4 0.4 0.4 0.4 0.4 0.4 0.4 0.4 0.4 0.4 0.4 0.4 0.4 0.4 0.4 0.4 0.4 0.4 0.4 0.4 0.4 0.4 0.4 0.4 0.4 0.4 0.4 0.4 0.4 0.4 0.4 0.4 0.4 0.4 0.4 0.4 0.4 0.4 0.4 0.4 0.4 0.4 0.4 0.4 0.4 0.4 0.4 0.4 0.4 0.4 0.4 0.4 0.4 0.4 0.4 0.4 0.4 0.4 0.4 0.4 0.4 0.4 0.4 0.4 0.4 0.4 0.4 0.4 0.4 0.4 0.4 0.4 0.4 0.4 0.4 0.4 0.4 0.4 0.4 0.4 0.4 0.4 0.4 0.4 0.4 0.4 0.4 0.4 0.4 0.4 0.4 0.4 0.4 0.4 0.4 0.4 0.4 0.4 0.4 0.4 0.4 0.4 0.4 0.4 0.4 0.4 0.4 0.4 0.4 0.4 0.4 0.4 0.4 0.4 0.4 0.4 0.4 0.4 0.4 0.4 0.4 0.4 0.4 0.4 0.4 0.4 0.4 0.4 0.4 0.4 0.4 0.4 0.4 0.4 0.4 0.4 0.4 0.4 0.4 0.4 0.4 0.4 0.4 0.4 0.4 0.4 0.4 0.4 0.4 0.4 0.4 0.4 0.4 0.4 0.4 0.4 0.4 0.4 0.4 0.4 0.4 0.4 0.4 0.4 0.4 0.4 0.4 0.4 0.4 0.4 0.4 0.4 0.4 0.4 0.4 0.4 0.4 0.4 0.4 0.4 0.4 0.4 0.4 0.4 0.4 0.4 0.4 0.4 0.4 0.4 0.4 0.4 0.4 0.4 0.4 0.4 0.4 0.4 0.4 0.4 0.4 0.4 0.4 0.4 0.4 0.4 0.4 0.4 0.4 0.4 0.4 0.4 0.4 0.4 0.4 0.4 0.4 0.4 0.4 0.4 0.4 0.4 0.4 0.4 0.4 0.4 0.4 0.4 0.4 0.4 0.4 0.4 0.4 0.4 0.4 0.4 0.4 0.4 0.4 0.4 0.4 0.4 0.4 0.4 0.4 0.4 0.4 0.4 0.4 0.4 0.4 0.4 0.4 0.4 0.4 0.4 0.4 0.4 0.4 0.4 0.4 0.4 0.4 0.4 0.4 0.4 0.4 0.4 0.4 0.4 0.4 0.4 0.4 0.4 0.4 0.4 0.4 0.4 0.4 0.4 0.4 0.4 0.4 0.4 0.4 0.4 0.4 0.4 0.4 0.4 0.4 0.4 0.4 0.4 0.4 0.4 0.4 0.4 0.4 0.4 0.4 0.4 0.4 0.4 0.4 0.4 0.4 0.4 0.4 0.4 0.4 0.4 0.4 0.4 0.4 0.4 0.4 0.4 0.4 0.4 0.4 0.4 0.4 0.4 0.4 0.4 0.4 0.4 0.4 0.4 0.4 0.4 0.4 0.4 0.4 0.4 0.4 0.4 0.4 0.4 0.4 0.4 0.4 0.4 0.4 0.4 0.4 0.4 0.4 0.4 0.4 0.4 0.4 0.4 0.4 0.4 0.4 0.4 0.4 0.4 0.4 0.4 0.4 0.4 0.4 0.4 0.4 0.4 0.4 0.4 0.4 0.4 0.4 0.4 0.4 0.4 0.4 0.4 0.4 0.4 0.4 0.4 0.4 0.4 0.4 0.4 0.4 0.4 0.4 0.4 0.4 0.4 0.4 0.4 0.4 0.4 0.4 0.4 0.4 0.4 0.4 0.4 0.4 0.4 0.4 0.4 0.4 0.4 0.4 0.4 0.4 0.4 0.4 0.4 0.4 0.4 0.4 0.4 0.4 0.4 0.4 0.4 0.4 0.4 0.4 0.4 0.4 0.4 0.4 0.4 0.4 0.4 0.4 0.4 0.4 0.4 0.4 0.4 0.4 0.4 0.4 0.4 0.4 0.4 0.4 0.4 0.4 0.4 0.4 0.4 0.4 0.4 0.4 0.4 0.4 0.4 0.4 0.4 0.4 0.4 0.4 0.4 0.4 0.4 0.4 0.4 0.4 0.4 0.4 0.4 0.4 0.4 0.4 0.4 0.4 0.4 0.4 0.4 0.4 0.4 0.4 0.4 0.4 0.4 0.4 0.4 0.4 0.4 0.4 0.4 0.4 0.4 0.4 0.4 0.4 0.4 0.4 0.4 0.4 0.4 0.4 0.4 0.4 0.4 0.4 0.4 0.4 0.4 0.4 0.4 0.4 0.4 0.4 0.4 0.4 0.4 0.4 0.4 0.4 0.4 0.4 0.4 0.4 0.4 0.4 0.4 0.4 0.4 0.4 0.4 0.4 0.4 0.4 0.4 0.4 0.4 0.4 0.4 0.4 0.4 0.4 0.4 0.4 0.4 0.4 0.4 0.4 0.4 0.4 0.4 0.4 0.4 0.4 0.4 0.4 0.4 0.4 0.4 0.4 0.4 0.4 0.4 0.4 0.4 0.4 0.4 0.4 0.4 0.4 0.4 0.4 0.4 0.4 0.4 0.4 0.4 0.4 0.4 0.4 0.4 0.4 0.4 0.4 0.4 0.4 0.4 0.4 0.4 0.4 0.4 0.4 0.4 0.4 0.4 0.4 0.4 0.4 0.4 0.4 0.4 0.4 0.4 0.4 0.4 0.4 0.4 0.4 0.4 0.4 0.4 0.4 0.4 0.4 0.4 0.4 0.4 0.4 0.4 0.4 0.4 0.4 0.4 0.4 0.4 0.4 0.4 0.4 0.4 0.4 0.4 0.4 0.4 0.4 0.4 0.4 0.4 0.4 0.4 0.4 0.4 0.4 0.4 0.4 0.4 0.4 0.4 0.4 0.4 0.4 0.4 0.4 0.4 0.4 0.4 0.4 0.4 0.4 0.4 0.4 0.4 0.4 0.4 0.4 0.4 0.4 0.4 0.4 0.4 0.4 0.4 0.4 0.4 0.4 0.4 0.4 0.4 0.4 0.4 0.4 0.4 0.4 0.4 0.4 0.4 0.4 0.4 0.4 0.4 0.4 0.4 0.4 0.4 0.4 0.4 0.4 0.4 0.4 0.4 0.4 0.4 0.4 0.4 0.4 0.4 0.4 0.4 0.4 0.4 0.4 0.4 0.4 0.4 0.4 0.4 0.4 0.4 0.4 0.4 0.4 0.4 0.4 0.4 0.4 0.4 0.4 0.4 0.4 0.4 0.4 0.4 0.4 0.4 0.4 0.4 0.4 0.4 0.4 0.4 0.4 0.4 0.4 0.4 0.4 0.4 0.4 0.4 0.4 0.4 0.4 0.4 0.4 0.4 0.4 0.4 0.4 0.4 0.4 0.4 0.4 0.4 0.4 0.4 0.4 0.4 0.4 0.4 0.4 0.4 0.4 0.4 0.4 0.4 0.4 0.4 0.4 0.4 0.4 0.4 0.4 0.4 0.4 0.4 0.4 0.4 0.4 0.4 0.4 0.4 0.4 0.4 0.4 0.4 0.4 0.4 0.4 0.4 0.4 0.4 0.4 0.4 0.4 0.4 0.4 0.4 0.4 0.4 0.4 0.4 0.4 0.4 0.4 0.4 0.4 0.4 0.4 0.4 0.4 0.4 0.4 0.4 0.4 0.4 0.4 0.4 0.4 0.4 0.4 0.4 0.4 0.4 0.4 0.4 0.4 0.4 0.4 0.4 0.4 0.4 0.4 0.4 0.4 0.4 0.4 0.4 0.4 0.4 0.4 0.4 0.4 0.4 0.4 0.4 0.4 0.4 0.4 0.4 0.4 0.4 0.4 0.4 0.4 0.4 0.4 0.4 0.4 0.4 0.4 0.4 0.4 0.4 0.4 0.4 0.4 0.4 0.4 0.4 0.4 0.4 0.4 0.4 0.4 0.4 0.4 0.4 0.4 0.4 0.4 0.4 0.4 0.4 0.4 0.4 0.4 0.4 0.4 0.4 0.4 0.4 0.4 0.4 0.4 0.4 0.4 0.4 0.4 0.4 0.4 0.4 0.4 0.4 0.4 0.4 0.4 0.4 0.4 0.4 0.4 0.4 0.4 0.4 0.4 0.4 0.4 0.4 0.4 0.4 0.4 0.4 0.4 0.4 0.4 0.4 0.4 0.4 0.4 0.4 0.4 0.4 0.4 0.4 0.4 0.4 0.4 0.4 0.4 0.4 0.4 0.4 0.4 0.4 0.4 0.4 0.4 0.4 0.4 0.4 0.4 0.4 0.4 0.4 0.4 0.4 0.4 0.4 0.4 0.4 0.4 0.4 0.4 0.4 0.4 0.4 0.4 0.4 0.4 0.4 0.4 0.4 0.4 0.4 0.4 0.4 0.4 0.4 0.4 0.4 0.4 0.4 0.4 0.4 0.4 0.4 0.4 0.4 0.4 0.4 0.4 0.4 0.4 0.4 0.4 0.4 0.4 0.4 0.4 0.4 0.4 0.4 0.4 0.4 0.4 0.4 0.4 0.4 0.4 0.4 0.4 0.4 0.4 0.4 0.4 0.4 0.4 0.4 0.4 0.4 0.4 0.4 0.4 0.4 0.4 0.4 0.4 0.4 0.4 0.4 0.4 0.4 0.4 0.4 0.4 0.4 0.4 0.4 0.4 0.4 0.4 0.4 0.4 0.4 0.4 0.4 0.4 0.4 0.4 0.4 0.4 0.4 0.4 0.4 0.4 0.4 0.4 0.4 0.4 0.4 0.4 0.4 0.4 0.4 0.4 0.4 0.4 0.4 0.4 0.4 0.4 0.4 0.4 0.4 0.4 0.4 0.4 0.4 0.4 0.4 0.4 0.4 0.4 0.4 0.4 0.4 0.4 0.4 0.4 0.4 0.4 0.4 0.4 0.4 0.4 0.4 0.4 0.4 0.4 0.4 0.4 0.4 0.4 0.4 0.4 0.4 0.4 0.4 0.4 0.4 0.4 0.4 0.4 0.4 0.4 0.4 0.4 0.4 0.4 0.4 0.4 0.4 0.4 0.4 0.4 0.4 0.4 0.4 0.4 0.4 0.4 0.4 0.4 0.4 0.4 0.4 0.4 0.4 0.4 0.4 0.4 0.4 0.4 0.4 0.4 0.4 0.4 0.4 0.4 0.4 0.4 0.4 0.4 0.4 0.4 0.4 0.4 0.4 0.4 0.4 0.4 0.4 0.4 0.4 0.4 0.4 0.4 0.4 0.4 0.4 0.4 0.4 0.4 0.4 0.4 0.4 0.4 0.4 0.4 0.4 0.4 0.4 0.4 0.4 0.4 0.4 0.4 0.4 0.4 0.4 0.4 0.4 0.4 0.4 0.4 0.4 0.4 0.4 0.4 0.4 0.4 0.4 0.4 0.4 0.4 0.4 0.4 0.4 0.4 0.4 0.4 0.4 0.4 0.4 0.4 0.4 0.4 0.4 0.4 0.4 0.4 0.4 0.4 0.4 0.4 0.4 0.4 0.4 0.4 0.4 0.4 0.4 0.4 0.4 0.4 0.4 0.4 0.4 0.4 0.4 0.4 0.4 0.4 0.4 0.4 0.4 0.4 0.4 0.4 0.4 0.4 0.4 0.4 0.4 0.4 0.4 0.4 0.4 0.4 0.4 0.4 0.4 0.4 0.4 0.4 0.4 0.4 0.4 0.4 0.4 0.4 0.4 0.4 0.4 0.4 0.4 0.4 0.4 0.4 0.4 0.4 0.4 0.4 0.4 0.4 0.4 0.4 0.4 0.4 0.4 0.4 0.4 0.4 0.4 0.4 0.4 0.4 0.4 0.4 0.4 0.4 0.4 0.4 0.4 0.4 0.4 0.4 0.4 0.4 0.4 0.4 0.4 0.4 0.4 0.4 0.4 0.4 0.4 0.4 0.4 0.4 0.4 0.4 0.4 0.4 0.4 0.4 0.4 0.4 0.4 0.4 0.4 0.4 0.4 0.4 0.4 0.4 0.4 0.4 0.4 0.4 0.4 0.4 0.4 0.4 0.4 0.4 0.4 0.4 0.4 0.4 0.4 0.4 0.4 0.4 0.4 0.4 0.4 0.4 0.4 0.4 0.4 0.4 0.4 0.4 0.4 0.4 0.4 0.4 0.4 0.4 0.4 0.4 0.4 0.4 0.4 0.4 0.4 0.4 0.4 0.4 0.4 0.4 0.4 0.4 0.4 0.4 0.4 0.4 0.4 0.4 0.4 0.4 0.4 0.4 0.4 0.4 0.4 0.4 0.4 0.4 0.4 0.4 0.4 0.4 0.4 0.4 0.4 0.4 0.4 0.4 0.4 0.4 0.4 0.4 0.4 0.4 0.4 0.4 0.4 0.4 0.4 0.4 0.4 0.4 0.4 0.4 0.4 0.4 0.4 0.4 0.4 0.4 0.4 0.4 0.4 0.4 0.4 0.4 0.4 0.4 0.4 0.4 0.4 0.4 0.4 0.4 0.4 0.4 0.4 0.4 0.4 0.4 0.4 0.4 0.4 0.4 0.4 0.4 0.4 0.4 0.4 0.4 0.4 0.4 0.4 0.4 0.4 0.4 0.4 0.4 0.4 0.4 0.4 0.4 0.4 0.4 0.4 0.4 0.4 0.4 0.4 0.4 0.4 0.4 0.4 0.4 0.4 0.4 0.4 0.4 0.4 0.4 0.4 0.4 0.4 0.4 0.4 0.4 0.4 0.4 0.4 0.4 0.4 0.4 0.4 0.4 0.4 0.4 0.4 0.4 0.4 0.4 0.4 0.4 0.4 0.4 0.4 0.4 0.4 0.4 0.4 0.4 0.4 0.4 0.4 0.4 0.4 0.4 0.4 0.4 0.4 0.4 0.4 0.4 0.4 0.4 0.4 0.4 0.4 0.4 0.4 0.4 0.4 0.4 0.4 0.4 0.4 0.4 0.4 0.4 0.4 0.4 0.4 0.4 0.4 0.4 0.4 0.4 0.4 0.4 0.4 0.4 0.4 0.4 0.4 0.4 0.4 0.4 0.4 0.4 0.4 0.4 0.4 0.4 0.4 0.4 0.4 0.4 0.4 0.4 0.4 0.4 0.4 0.4 0.4 0.4 0.4 0.4 0.4 0.4 0.4 0.4 0.4 0.4 0.4 0.4 0.4 0.4 0.4 0.4 0.4 0.4 0.4 0.4 0.4 0.4 0.4 0.4 0.4 0.4 0.4 0.4 0.4 0.4 0.4 0.4 0.4 0.4 0.4 0.4 0.4 0.4 0.4 0.4 0.4 0.4 0.4 0.4 0.4 0.4 0.4 0.4 0.4 0.4 0.4 0.4 0.4 0.4 0.4 0.4 0.4 0.4 0.4 0.4 0.4 0.4 0.4 0.4 0.4 0.4 0.4 0.4 0.4 0.4 0.4 0.4 0.4 0.4 0.4 0.4 0.4 0.4 0.4 0.4 0.4 0.4 0.4 0.4 0.4 0.4 0.4 0.4 0.4 0.4 0.4 0.4 0.4 0.4 0.4 0.4 0.4 0.4 0.4 0.4 0.4 0.4 0.4 0.4 0.4 0.4 0.4 0.4 0.4 0.4 0.4 0.4 0.4 0.4 0.4 0.4 0.4 0.4 0.4 0.4 0.4 0.4 0.4 0.4 0.4 0.4 0.4 0.4 0.4 0.4 0.4 0.4 0.4 0.4 0.4 0.4 0.4 0.4 0.4 0.4 0.4 0.4 0.4 0.4 0.4 0.4 0.4 0.4 0.4 0.4 0.4 0.4 0.4 0.4 0.4 0.4 0.4 0.4 0.4 0.4 0.4 0.4 0.4 0.4 0.4 0.4 0.4 0.4 0.4 0.4 0.4 0.4 0.4 0.4 0.4 0.4 0.4 0.4 0.4 0.4 0.4 0.4 0.4 0.4 0.4 0.4 0.4 0.4 0.4 0.4 0.4 0.4 0.4 0.4 0.4 0.4 0.4 0.4 0.4 0.4 0.4 0.4 0.4 0.4 0.4 0.4 0.4 0.4 0.4 0.4 0.4 0.4 0.4 0.4 0.4 0.4 0.4 0.4 0.4 0.4 0.4 0.4 0.4 0.4 0.4 0.4 0.4 0.4 0.4 0.4 0.4 0.4 0.4 0.4 0.4 0.4 0.4 0.4 0.4 0.4 0.4 0.4 0.4 0.4 0.4 0.4 0.4 0.4 0.4 0.4 0.4 0.4 0.4 0.4 0.4 0.4 0.4 0.4 0.4 0.4 0.4 0.4 0.4 0.4 0.4 0.4 0.4 0.4 0.4 0.4 0.4 0.4 0.4 0.4 0.4 0.4 0.4 0.4 0.4 0.4 0.4 0.4 0.4 0.4 0.4 0.4 0.4 0.4 0.4 0.4 0.4 0.4 0.4 0.4 0.4 0.4 0.4 0.4 0.4 0.4 0.4 0.4 0.4 0.4 0.4 0.4 0.4 0.4 0.4 0.4 0.4 0.4 0.4 0.4 0.4 0.4 0.4 0.4 0.4 0.4 0.4 0.4 0.4 0.4 0.4 0.4 0.4 0.4 0.4 0.4 0.4 0.4 0.4 0.4 0.4 0.4 0.4 0.4 0.4 0.4 0.4 0.4 0.4 0.4 0.4 0.4 0.4 0.4 0.4 0.4 0.4 0.4 0.4 0.4 0.4 0.4 0.4 0.4 0.4 0.4 0.4 0.4 0.4 0.4 0.4 0.4 0.4 0.4 0.4 0.4 0.4 0.4 0.4 0.4 0.4 0.4 0.4 0.4 0.4 0.4 0.4 0.4 0.4 0.4 0.4 0.4 0.4 0.4 0.4 0.4 0.4 0.4 0.4 0.4 0.4 0.4 0.4 0.4 0.4 0.4 0.4 0.4 0.4 0.4 0.4 0.4 0.4 0.4 0.4 0.4 0.4 0.4 0.4 0.4 0.4 0.4 0.4 0.4 0.4 0.4 0.4 0.4 0.4 0.4 0.4 0.4 0.4 0.4 0.4 0.4 0.4 0.4 0.4 0.4 0.4 0.4 0.4 0.4 0.4 0.4 0.4 0.4 0.4 0.4 0.4 0.4 0.4 0.4 0.4 0.4 0.4 0.4 0.4 0.4 0.4 0.4 0.4 0.4 0.4 0.4 0.4 0.4 0.4 0.4 0.4 0.4 0.4 0.4 0.4 0.4 0.4 0.4 0.4 0.4 0.4 0.4 0.4 0.4 0.4 0.4 0.4 0.4 0.4 0.4 0.4 0.4 0.4 0.4 0.4 0.4 0.4 0.4 0.4 0.4 0.4 0.4 0.4 0.4 0.4 0.4 0.4 0.4 0.4 0.4 0.4 0.4 0.4 0.4 0.4 0.4 0.4 0.4 0.4 0.4 0.4 0.4 0.4 0.4 0.4 0.4 0.4 0.4 0.4 0.4 0.4 0.4 0.4 0.4 0.4 0.4 0.4 0.4 0.4 0.4 0.4 0.4 0.4 0.4 0.4 0.4 0.4 0.4 0.4 0.4 0.4 0.4 0.4 0.4 0.4 0.4 0.4 0.4 0.4 0.4 0.4 0.4 0.4 0.4 0.4 0.4 0.4 0.4 0.4 0.4 0.4 0.4 0.4 0.4 0.4 0.4 0.4 0.4 0.4 0.4 0.4 0.4 0.4 0.4 0.4 0.4 0.4 0.4 0.4 0.4 0.4 0.4 0.4 0.4 0.4 0.4 0.4 0.4 0.4 0.4 0.4 0.4 0.4 0.4 0.4 0.4 0.4 0.4 0.4 0.4 0.4 0.4 0.4 0.4 0.4 0.4 0.4 0.4 0.4 0.4 0.4 0.4 0.4 0.4 0.4 0.4 0.4 0.4 0.4 0.4 0.4 0.4 0.4 0.4 0.4 0.4 0.4 0.4 0.4 0.4 0.4 0.4 0.4 0.4 0.4 0.4 0.4 0.4 0.4 0.4 0.4 0.4 0.4 0.4 0.4 0.4 0.4 0.4 0.4 0.4 0.4 0.4 0.4 0.4 0.4 0.4 0.4 0.4 0.4 0.4 0.4 0.4 0.4 0.4 0.4 0.4 0.4 0.4 0.4 0.4 0.4 0.4 0.4 0.4 0.4 0.4 0.4 0.4 0.4 0.4 0.4 0.4 0.4 0.4 0.4 0.4 0.4 0.4 0.4 0.4 0.4 0.4 0.4 0.4 0.4 0.4 0.4 0.4 0.4 0.4 0.4 0.4 0.4 0.4 0.4 0.4 0.4 0.4 0.4 0.4 0.4 0.4 0.4 0.4 0.4 0.4 0.4 0.4 0.4 0.4 0.4 0.4 0.4 0.4 0.4 0.4 0.4 0.4 0.4 0.4 0.4 0.4 0.4 0.4 0.4 0.4 0.4 0.4 0.4 0.4 0.4 0.4 0.4 0.4 0.4 0.4 0.4 0.4 0.4 0.4 0.4 0.4 0.4 0.4 0.4 0.4 0.4 0.4 0.4 0.4 0.4 0.4 0.4 0.4 0.4 0.4 0.4 0.4 0.4 0.4 0.4 0.4 0.4 0.4 0.4 0.4 0.4 0.4 0.4 0.4 0.4 0.4 0.4 0.4 0.4 0.4 0.4 0.4 0.4 0.4 0.4 0.4 0.4 0.4 0.4 0.4 0.4 0.4 0.4 0.4 0.4 0.4 0.4 0.4 0.4 0.4 0.4 0.4 0.4 0.4 0.4 0.4 0.4 0.4 0.4 0.4 0.4 0.4 0.4 0.4 0.4 0.4 0.4 0.4 0.4 0.4 0.4 0.4 0.4 0.4 0.4 0.4 0.4 0.4 0.4 0.4 0.4 0.4 0.4 0.4 0.4 0.4 0.4 0.4 0.4 0.4 0.4 0.4 0.4 0.4 0.4 0.4 0.4 0.4 0.4 0.4 0.4 0.4 0.4 0.4 0.4 0.4 0.4 0.4 0.4 0.4 0.4 0.4 0.4 0.4 0.4 0.4 0.4 0.4 0.4 0.4 0.4 0.4 0.4 0.4 0.4 0.4 0.4 0.4 0.4 0.4 0.4 0.4 0.4 0.4 0.4 0.4 0.4 0.4 0.4 0.4 0.4 0.4 0.4 0.4 0.4 0.4 0.4 0.4 0.4 0.4 0.4 0.4 0.4 0.4 0.4 0.4 0.4 0.4 0.4 0.4 0.4 0.4 0.4 0.4 0.4 0.4 0.4 0.4 0.4 0.4 0.4 0.4 0.4 0.4 0.4 0.4 0.4 0.4 0.4 0.4 0.4 0.4 0.4 0.4 0.4 0.4 0.4 0.4 0.4 0.4 0.4 0.4 0.4 0.4 0.4 0.4 0.4 0.4 0.4 0.4 0.4 0.4 0.4 0.4 0.4 0.4 0.4 0.4 0.4 0.4 0.4 0.4 0.4 0.4 0.4 0.4 0.4 0.4 0.4 0.4 0.4 0.4 0.4 0.4 0.4 0.4 0.4 0.4 0.4 0.4 0.4 0.4 0.4 0.4 0.4 0.4 0.4 0.4 0.4 0.4 0.4 0.4 0.4 0.4 0.4 0.4 0.4 0.4 0.4 0.4 0.4 0.4 0.4 0.4 0.4 0.4 0.4 0.4 0.4 0.4 0.4 0.4 0.4 0.4 0.4 0.4 0.4 0.4 0.4 0.4 0.4 0.4 0.4 0.4 0.4 0.4 0.4 0.4 0.4 0.4 0.4 0.4 0.4 0.4 0.4 0.4 0.4 0.4 0.4 0.4 0.4 0.4 0.4 0.4 0.4 0.4 0.4 0.4 0.4 0.4 0.4 0.4 0.4 0.4 0.4 0.4 0.4 0.4 0.4 0.4 0.4 0.4 0.4 0.4 0.4 0.4 0.4 0.4 0.4 0.4 0.4 0.4 0.4 0.4 0.4 0.4 0.4 0.4 0.4 0.4 0.4 0.4 0.4 0.4 0.4 0.4 0.4 0.4 0.4 0.4 0.4 0.4 0.4 0.4 0.4 0.4 0.4 0.4 0.4 0.4 0.4 0.4 0.4 0.4 0.4 0.4 0.4 0.4 0.4 0.4 0.4 0.4 0.4 0.4 0.4 0.4 0.4 0.4 0.4 0.4 0.4 0.4 0.4 0.4 0.4 0.4 0.4 0.4 0.4 0.4 0.4 0.4 0.4 0.4 0.4 0.4 0.4 0.4 0.4 0.4 0.4 0.4 0.4 0.4 0.4 0.4 0.4 0.4 0.4 0.4 0.4 0.4 0.4 0.4 0.4 0.4 0.4 0.4 0.4 0.4 0.4 0.4 0.4 0.4 0.4 0.4 0.4 0.4 0.4 0.4 0.4 0.4 0.4 0.4 0.4 0.4 0.4 0.4 0.4 0.4 0.4 0.4 0.4 0.4 0.4 0.4 0.4 0.4 0.4 0.4 0.4 0.4 0.4 0.4 0.4 0.4 0.4 0.4 0.4 0.4 0.4 0.4 0.4 0.4 0.4 0.4 0.4 0.4 0.4 0.4 0.4 0.4 0.4 0.4 0.4 0.4 0.4 0.4 0.4 0.4 0.4 0.4 0.4 0.4 0.4 0.4 0.4 0.4 0.4 0.4 0.4 0.4 0.4 0.4 0.4 0.4 0.4 0.4 0.4 0.4 0.4 0.4 0.4 0.4 0.4 0.4 0.4 0.4 0.4 0.4 0.4 0.4 0.4 0.4 0.4 0.4 0.4 0.4 0.4 0.4 0.4 0.4 0.4 0.4 0.4 0.4 0.4 0.4 0.4 0.4 0.4 0.4 0.4 0.4 0.4 0.4 0.4 0.4 0.4 0.4 0.4 0.4 0.4 0.4 0.4 0.4 0.4 0.4 0.4 0.4 0.4 0.4 0.4 0.4 0.4 0.4 0.4 0.4 0.4 0.4 0.4 0.4 0.4 0.4 0.4 0.4 0.4 0.4 0.4 0.4 0.4 0.4 0.4 0.4 0.4 0.4 0.4 0.4 0.4 0.4 0.4 0.4 0.4 0.4 0.4 0.4 0.4 0.4 0.4 0.4 0.4 0.4 0.4 0.4 0.4 0.4 0.4 0.4 0.4 0.4 0.4 0.4 0.4 0.4 0.4 0.4 0.4 0.4 0.4 0.4 0.4 0.4 0.4 0.4 0.4 0.4 0.4 0.4 0.4 0.4 0.4 0.4 0.4 0.4 0.4 0.4 0.4 0.4 0.4 0.4 0.4 0.4 0.4 0.4 0.4 0.4 0.4 0.4 0.4 0.4 0.4 0.4 0.4 0.4 0.4 0.4 0.4 0.4 0.4 0.4 0.4 0.4 0.4 0.4 0.4 0.4 0.4 0.4 0.4 0.4 0.4 0.4 0.4 0.4 0.4 0.4 0.4 0.4 0.4 0.4 0.4 0.4 0.4 0.4 0.4 0.4 0.4 0.4 0.4 0.4 0.4 0.4 0.4 0.4 0.4 0.4 0.4 0.4 0.4 0.4 0.4 0.4 0.4 0.4 0.4 0.4 0.4 0.4 0.4 0.4 0.4 0.4 0.4 0.4 0.4 0.4 0.4 0.4 0.4 0.4 0.4 0.4 0.4 0.4 0.4 0.4 0.4 0.4 0.4 0.4 0.4 0.4 0.4 0.4 0.4 0.4 0.4 0.4 0.4 0.4 0.4 0.4 0.4 0.4 0.4 0.4 0.4 0.4 0.4 0.4 0.4 0.4 0.4 0.4 0.4 0.4 0.4 0.4 0.4 0.4 0.4 0.4 0.4 0.4 0.4 0.4 0.4 0.4 0.4 0.4 0.4 0.4 0.4 0.4 0.4 0.4 0.4 0.4 0.4 0.4 0.4 0.4 0.4 0.4 0.4 0.4 0.4 0.4 0.4 0.4 0.4 0.4 0.4 0.4 0.4 0.4 0.4 0.4 0.4 0.4 0.4 0.4 0.4 0.4 0.4 0.4 0.4 0.4 0.4 0.4 0.4 0.4 0.4 0.4 0.4 0.4 0.4 0.4 0.4 0.4 0.4 0.4 0.4 0.4 0.4 0.4 0.4 0.4 0.4 0.4 0.4 0.4 0.4 0.4 0.4 0.4 0.4 0.4 0.4 0.4 0.4 0.4 0.4 0.4 0.4 0.4 0.4 0.4 0.4 0.4 0.4 0.4 0.4 0.4 0.4 0.4 0.4 0.4 0.4 0.4 0.4 0.4 0.4 0.4 0.4 0.4 0.4 0.4 0.4 0.4 0.4 0.4 0.4 0.4 0.4 0.4 0.4 0.4 0.4 0.4 0.4 0.4 0.4 0.4 0.4 0.4 0.4 0.4 0.4 0.4 0.4 0.4 0.4 0.4 0.4 0.4 0.4 0.4 0.4 0.4 0.4 0.4 0.4 0.4 0.4 0.4 0.4 0.4 0.4 0.4 0.4 0.4 0.4 0.4 0.4 0.4 0.4 0.4 0.4 0.4 0.4 0.4 0.4 0.4 0.4 0.4 0.4 0.4 0.4 0.4 0.4 0.4 0.4 0.4 0.4 0.4 0.4 0.4 0.4 0.4 0.4 0.4 0.4 0.4 0.4 0.4 0.4 0.4 0.4 0.4 0.4 0.4 0.4 0.4 0.4 0.4 0.4 0.4 0.4 0.4 0.4 0.4 0.4 0.4 0.4 0.4 0.4 0.4 0.4 0.4 0.4 0.4 0.4 0.4 0.4 0.4 0.4 0.4 0.4 0.4 0.4 0.4 0.4 0.4 0.4 0.4 0.4 0.4 0.4 0.4 0.4 0.4 0.4 0.4 0.4 0.4 0.4 0.4 0.4 0.4 0.4 0.4 0.4 0.4 0.4 0.4 0.4 0.4 0.4 0.4 0.4 0.4 0.4 0.4 0.4 0.4 0.4 0.4 0.4 0.4 0.4 0.4 0.4 0.4 0.4 0.4 0.4 0.4 0.4 0.4 0.4 0.4 0.4 0.4 0.4 0.4 0.4 0.4 0.4 0.4 0.4 0.4 0.4 0.4 0.4 0.4 0.4 0.4 0.4 0.4 0.4 0.4 0.4 0.4 0.4 0.4 0.4 0.4 0.4 0.4 0.4 0.4 0.4 0.4 0.4 0.4 0.4 0.4 0.4 0.4 0.4 0.4 0.4 0.4 0.4 0.4 0.4 0.4 0.4 0.4 0.4 0.4 0.4 0.4 0.4 0.4 0.4 0.4 0.4 0.4 0.4 0.4 0.4 0.4 0.4 0.4 0.4 0.4 0.4 0.4 0.4 0.4 0.4 0.4 0.4 0.4 0.4 0.4 0.4 0.4 0.4 0.4 0.4 0.4 0.4 0.4 0.4 0.4 0.4 0.4 0.4 0.4 0.4 0.4 0.4 0.4 0.4 0.4 0.4 0.4 0.4 0.4 0.4 0.4 0.4 0.4 0.4 0.4 0.4 0.4 0.4 0.4 0.4 0.4 0.4 0.4 0.4 0.4 0.4 0.4 0.4 0.4 0.4 0.4 0.4 0.4 0.4 0.4 0.4 0.4 0.4 0.4 0.4 0.4 0.4 0.4 0.4 0.4 0.4 0.4 0.4 0.4 0.4 0.4 0.4 0.4 0.4 0.4 0.4 0.4 0.4 0.4 0.4 0.4 0.4 0.4 0.4 0.4 0.4 0.4 0.4 0.4 0.4 0.4 0.4 0.4 0.4 0.4 0.4 0.4 0.4 0.4 0.4 0.4 0.4 0.4 0.4 0.4 0.4 0.4 0.4 0.4 0.4 0.4 0.4 0.4 0.4 0.4 0.4 0.4 0.4 0.4 0.4 0.4 0.4 0.4 0.4 0.4 0.4 0.4 0.4 0.4 0.4 0.4 0.4 0.4 0.4 0.4 0.4 0.4 0.4 0.4 0.4 0.4 0.4 0.4 0.4 0.4 0.4 0.4 0.4 0.4 0.4 0.4 0.4 0.4 0.4 0.4 0.4 0.4 0.4 0.4 0.4 0.4 0.4 0.4 0.4 0.4 0.4 0.4 0.4 0.4 0.4 0.4 0.4 0.4 0.4 0.4 0.4 0.4 0.4 0.4 0.4 0.4 0.4 0.4 0.4 0.4 0.4 0.4 0.4 0.4 0.4 0.4 0.4 0.4 0.4 0.4 0.4 0.4 0.4 0.4 0.4 0.4 0.4 0.4 0.4 0.4 0.4 0.4 0.4 0.4 0.4 0.4 0.4 0.4 0.4 0.4 0.4 0.4 0.4 0.4 0.4 0.4 0.4 0.4 0.4 0.4 0.4 0.4 0.4 0.4 0.4 0.4 0.4 0.4 0.4 0.4 0.4 0.4 0.4 0.4 0.4 0.4 0.4 0.4 0.4 0.4 0.4 0.4 0.4 0.4 0.4 0.4 0.4 0.4 0.4 0.4 0.4 0.4 0.4 0.4 0.4 0.4 0.4 0.4 0.4 0.4 0.4 0.4 0.4 0.4 0.4 0.4 0.4 0.4 0.4 0.4 0.4 0.4 0.4 0.4 0.4 0.4 0.4 0.4 0.4 0.4 0.4 0.4 0.4 0.4 0.4 0.4 0.4 0.4 0.4 0.4 0.4 0.4 0.4 0.4 0.4 0.4 0.4 0.4 0.4 0.4 0.4 0.4 0.4 0.4 0.4 0.4 0.4 0.4 0.4 0.4 0.4 0.4 0.4 0.4 0.4 0.4 0.4 0.4 0.4 0.4 0.4 0.4 0.4 0.4 0.4 0.4 0.4 0.4 0.4 0.4 0.4 0.4 0.4 0.4 0.4 0.4 0.4 0.4 0.4 0.4 0.4 0.4 0.4 0.4 0.4 0.4 0.4 0.4 0.4 0.4 0.4 0.4 0.4 0.4 0.4 0.4 0.4 0.4 0.4 0.4 0.4 0.4 0.4 0.4 0.4 0.4 0.4 0.4 0.4 0.4 0.4 0.4 0.4 0.4 0.4 0.4 0.4 0.4 0.4 0.4 0.4 0.4 0.4 0.4 0.4 0.4 0.4 0.4 0.4 0.4 0.4 0.4 0.4 0.4 0.4 0.4 0.4 0.4 0.4 0.4 0.4 0.4 0.4 0.4 0.4 0.4 0.4 0.4 0.4 0.4 0.4 0.4 0.4 0.4 0.4 0.4 0.4 0.4 0.4 0.4 0.4 0.4 0.4 0.4 0.4 0.4 0.4 0.4 0.4 0.4 0.4 0.4 0.4 0.4 0.4 0.4 0.4 0.4 0.4 0.4 0.4 0.4 0.4 0.4 0.4 0.4 0.4 0.4 0.4 0.4 0.4 0.4 0.4 0.4 0.4 0.4 0.4 0.4 0.4 0.4 0.4 0.4 0.4 0.4 0.4 0.4 0.4 0.4 0.4 0.4 0.4 0.4 0.4 0.4 0.4 0.4 0.4 0.4 0.4 0.4 0.4 0.4 0.4 0.4 0.4 0.4 0.4 0.4 0.4 0.4 0.4 0.4 0.4 0.4 0.4 0.4 0.4 0.4 0.4 0.4 0.4 0.4 0.4 0.4 0.4 0.4 0.4 0.4 0.4 0.4 0.4 0.4 0.4 0.4 0.4 0.4 0.4 0.4 0.4 0.4 0.4 0.4 0.4 0.4 0.4 0.4 0.4 0.4 0.4 0.4 0.4 0.4 0.4 0.4 0.4 0.4 0.4 0.4 0.4 0.4 0.4 0.4 0.4 0.4 0.4 0.4 0.4 0.4 0.4 0.4 0.4 0.4 0.4 0.4 0.4 0.4 0.4 0.4 0.4 0.4 0.4 0.4 0.4 0.4 0.4 0.4 0.4 0.4 0.4 0.4 0.4 0.4 0.4 0.4 0.4 0.4 0.4 0.4 0.4 0.4 0.4 0.4 0.4 0.4 0.4 0.4 0.4 0.4 0.4 0.4 0.4 0.4 0.4 0.4 0.4 0.4 0.4 0.4 0.4 0.4 0.4 0.4 0.4 0.4 0.4 0.4 0.4 0.4 0.4 0.4 0.4 0.4 0.4 0.4 0.4 0.4 0.4 0.4 0.4 0.4 0.4 0.4 0.4 0.4 0.4 0.4 0.4 0.4 0.4 0.4 0.4 0.4 0.4 0.4 0.4 0.4 0.4 0.4 0.4 0.4 0.4 0.4 0.4 0.4 0.4 0.4 0.4 0.4 0.4 0.4 0.4 0.4 0.4 0.4 0.4 0.4 0.4 0.4 0.4 0.4 0.4 0.4 0.4 0.4 0.4 0.4 0.4 0.4 0.4 0.4 0.4 0.4 0.4 0.4 0.4 0.4 0.4 0.4 0.4 0.4 0.4 0.4 0.4 0.4 0.4 0.4 0.4 0.4 0.4 0.4 0.4 0.4 0.4 0.4 0.4 0.4 0.4 0.4 0.4 0.4 0.4 0.4 0.4 0.4 0.4 0.4 0.4 0.4 0.4 0.4 0.4 0.4 0.4 0.4 0.4 0.4 0.4 0.4 0.4 0.4 0.4 0.4 0.4 0.4 0.4 0.4 0.4 0.4 0.4 0.4 0.4 0.4 0.4 0.4 0.4 0.4 0.4 0.4 0.4 0.4 0.4 0.4 0.4 0.4 0.4 0.4 0.4 0.4 0.4 0.4 0.4 0.4 0.4 0.4 0.4 0.4 0.4 0.4 0.4 0.4 0.4 0.4 0.4 0.4 0.4 0.4 0.4 0.4 0.4 0.4 0.4 0.4 0.4 0.4 0.4 0.4 0.4 0.4 0.4 0.4 0.4 0.4 0.4 0.4 0.4 0.4 0.4 0.4 0.4 0.4 0.4 0.4 0.4 0.4 0.4 0.4 0.4 0.4 0.4 0.4 0.4 0.4 0.4 0.4 0.4 0.4 0.4 0.4 0.4 0.4 0.4 0.4 0.4 0.4 0.4 0.4 0.4 0.4 0.4 0.4 0.4 0.4 0.4 0.4 0.4 0.4 0.4 0.4 0.4 0.4 0.4 0.4 0.4 0.4 0.4 0.4 0.4 0.4 0.4 0.4 0.4 0.4 0.4 0.4 0.4 0.4 0.4 0.4 0.4 0.4 0.4 0.4 0.4 0.4 0.4 0.4 0.4 0.4 0.4 0.4 0.4 0.4 0.4 0.4 0.4 0.4 0.4 0.4 0.4 0.4 0.4 0.4 0.4 0.4 0.4 0.4 0.4 0.4 0.4 0.4 0.4 0.4 0.4 0.4 0.4 0.4 0.4 0.4 0.4 0.4 0.4 0.4 0.4 0.4 0.4 0.4 0.4 0.4 0.4 0.4 0.4 0.4 0.4 0.4 0.4 0.4 0.4 0.4 0.4 0.4 0.4 0.4 0.4 0.4 0.4 0.4 0.4 0.4 0.4 0.4 0.4 0.4 0.4 0.4 0.4 0.4 0.4 0.4 0.4 0.4 0.4 0.4 0.4 0.4 0.4 0.4 0.4 0.4 0.4 0.4 0.4 0.4 0.4 0.4 0.4 0.4 0.4 0.4 0.4 0.4 0.4 0.4 0.4 0.4 0.4 0.4 0.4 0.4 0.4 0.4 0.4 0.4 0.4 0.4 0.4 0.4 0.4 0.4 0.4 0.4 0.4 0.4 0.4 0.4 0.4 0.4 0.4 0.4 0.4 0.4 0.4 0.4 0.4 0.4 0.4 0.4 0.4 0.4 0.4 0.4 0.4 0.4 0.4 0.4 0.4 0.4 0.4 0.4 0.4 0.4 0.4 0.4 0.4 0.4 0.4 0.4 0.4 0.4 0.4 0.4 0.4 0.4 0.4 0.4 0.4 0.4 0.4 0.4 0.4 0.4 0.4 0.4 0.4 0.4 0.4 0.4 0.4 0.4 0.4 0.4 0.4 0.4 0.4 0.4 0.4 0.4 0.4 0.4 0.4 0.4 0.4 0.4 0.4 0.4 0.4 0.4 0.4 0.4 0.4 0.4 0.4 0.4 0.4 0.4 0.4 0.4 0.4 0.4 0.4 0.4 0.4 0.4 0.4 0.4 0.4 0.4 0.4 0.4 0.4 0.4 0.4 0.4 0.4 0.4 0.4 0.4 0.4 0.4 0.4 0.4 0.4 0.4 0.4 0.4 0.4 0.4 0.4 0.4 0.4 0.4 0.4 0.4 0.4 0.4 0.4 0.4 0.4 0.4 0.4 0.4 0.4 0.4 0.4 0.4 0.4 0.4 0.4 0.4 0.4 0.4 0.4 0.4 0.4 0.4 0.4 0.4 0.4 0.4 0.4 0.4 0.4 0.4 0.4 0.4 0.4 0.4 0.4 0.4 0.4 0.4 0.4 0.4 0.4 0.4 0.4 0.4 0.4 0.4 0.4 0.4 0.4 0.4 0.4 0.4 0.4 0.4 0.4 0.4 0.4 0.4 0.4 0.4 0.4 0.4 0.4 0.4 0.4 0.4 0.4 0.4 0.4 0.4 0.4 0.4 0.4 0.4 0.4 0.4 0.4 0.4 0.4 0.4 0.4 0.4 0.4 0.4 0.4 0.4 0.4 0.4 0.4 0.4 0.4 0.4 0.4 0.4 0.4 0.4 0.4 0.4 0.4 0.4 0.4 0.4 0.4 0.4 0.4 0.4 0.4 0.4 0.4 0.4 0.4 0.4 0.4 0.4 0.4 0.4 0.4 0.4 0.4 0.4 0.4 0.4 0.4 0.4 0.4 0.4 0.4 0.4 0.4 0.4 0.4 0.4 0.4 0.4 0.4 0.4 0.4 0.4 0.4 0.4 0.4 0.4 0.4 0.4 0.4 0.4 0.4 0.4 0.4 0.4 0.4 0.4 0.4 0.4 0.4 0.4 0.4 0.4 0.4 0.4 0.4 0.4 0.4 0.4 0.4 0.4 0.4 0.4 0.4 0.4 0.4 0.4 0.4 0.4 0.4 0.4 0.4 0.4 0.4 0.4 0.4 0.4 0.4 0.4 0.4 0.4 0.4 0.4 0.4 0.4 0.4 0.4 0.4 0.4 0.4 0.4 0.4 0.4 0.4 0.4 0.4 0.4 0.4 0.4 0.4 0.4 0.4 0.4 0.4 0.4 0.4 0.4 0.4 0.4 0.4 0.4 0.4 0.4 0.4 0.4 0.4 0.4 0.4 0.4 0.4 0.4 0.4 0.4 0.4 0.4 0.4 0.4 0.4 0.4 0.4 0.4 0.4 0.4 0.4 0.4 0.4 0.4 0.4 0.4 0.4 0.4 0.4 0.4 0.4 0.4 0.4 0.4 0.4 0.4 0.4 0.4 0.4 0.4 0.4 0.4 0.4 0.4 0.4 0.4 0.4 0.4 0.4 0.4 0.4 0.4 0.4 0.4 0.4 0.4 0.4 0.4 0.4 0.4 0.4 0.4 0.4 0.4 0.4 0.4 0.4 0.4 0.4 0.4 0.4 0.4 0.4 0.4 0.4 0.4 0.4 0.4 0.4 0.4 0.4 0.4 0.4 0.4 0.4 0.4 0.4 0.4 0.4 0.4 0.4 0.4 0.4 0.4 0.4 0.4 0.4 0.4 0.4 0.4 0.4 0.4 0.4 0.4 0.4 0.4 0.4 0.4 0.4 0.4 0.4 0.4 0.4 0.4 0.4 0.4 0.4 0.4 0.4 0.4 0.4 0.4 0.4 0.4 0.4 0.4 0.4 0.4 0.4 0.4 0.4 0.4 0.4 0.4 0.4 0.4 0.4 0.4 0.4 0.4 0.4 0.4 0.4 0.4 0.4 0.4 0.4 0.4 0.4 0.4 0.4 0.4 0.4 0.4 0.4 0.4 0.4 0.4 0.4 0.4 0.4 0.4 0.4 0.4 0.4 0.4 0.4 0.4 0.4 0.4 0.4 0.4 0.4 0.4 0.4 0.4 0.4 0.4 0.4 0.4 0.4 0.4 0.4 0.4 0.4 0.4 0.4 0.4 0.4 0.4 0.4 0.4 0.4 0.4 0.4 0.4 0.4 0.4 0.4 0.4 0.4 0.4 0.4 0.4 0.4 0.4 0.4 0.4 0.4 0.4 0.4 0.4 0.4 0.4 0.4 0.4 0.4 0.4 0.4 0.4 0.4 0.4 0.4 0.4 0.4 0.4 0.4 0.4 0.4 0.4 0.4 0.4 0.4 0.4 0.4 0.4 0.4 0.4 0.4 0.4 0.4 0.4 0.4 0.4 0.4 0.4 0.4 0.4 0.4 0.4 0.4 0.4 0.4 0.4 0.4 0.4 0.4 0.4 0.4 0.4 0.4 0.4 0.4 0.4 0.4 0.4 0.4 0.4 0.4 0.4 0.4 0.4 0.4 0.4 0.4 0.4 0.4 0.4 0.4 0.4 0.4 0.4 0.4 0.4 0.4 0.4 0.4 0.4 0.4 0.4 0.4 0.4 0.4 0.4 0.4 0.4 0.4 0.4 0.4 0.4 0.4 0.4 0.4 0.4 0.4 0.4 0.4 0.4 0.4 0.4 0.4 0.4 0.4 0.4 0.4 0.4 0.4 0.4 0.4 0.4 0.4 0.4 0.4 0.4 0.4 0.4 0.4 0.4 0.4 0.4 0.4 0.4 0.4 0.4 0.4 0.4 0.4 0.4 0.4 0.4 0.4 0.4 0.4 0.4 0.4 0.4 0.4 0.4 0.4 0.4 0.4 0.4 0.4 0.4 0.4 0.4 0.4 0.4 0.4 0.4 0.4 0.4 0.4 0.4 0.4 0.4 0.4 0.4 0.4 0.4 0.4 0.4 0.4 0.4 0.4 0.4 0.4 0.4 0.4 0.4 0.4 0.4 0.4 0.4 0.4 0.4 0.4 0.4 0.4 0.4 0.4 0.4 0.4 0.4 0.4 0.4 0.4 0.4 0.4 0.4 0.4 0.4 0.4 0.4 0.4 0.4 0.4 0.4 0.4 0.4 0.4 0.4 0.4 0.4 0.4 0.4 0.4 0.4 0.4 0.4 0.4 0.4 0.4 0.4 0.4 0.4 0.4 0.4 0.4 0.4 0.4 0.4 0.4 0.4 0.4 0.4 0.4 0.4 0.4 0.4 0.4 0.4 0.4 0.4 0.4 0.4 0.4 0.4 0.4 0.4 0.4 0.4 0.4 0.4 0.4 0.4 0.4 0.4 0.4 0.4 0.4 0.4 0.4 0.4 0.4 0.4 0.4 0.4 0.4 0.4 0.4 0.4 0.4 0.4 0.4 0.4 0.4 0.4 0.4 0.4 0.4 0.4 0.4 0.4 0.4 0.4 0.4 0.4 0.4 0.4 0.4 0.4 0.4 0.4 0.4 0.4 0.4 0.4 0.4 0.4 0.4 0.4 0.4 0.4 0.4 0.4 0.4 0.4 0.4 0.4 0.4 0.4 0.4 0.4 0.4 0.4 0.4 0.4 0.4 0.4 0.4 0.4 0.4 0.4 0.4 0.4 0.4 0.4 0.4 0.4 0.4 0.4 0.4 0.4 0.4 0.4 0.4 0.4 0.4 0.4 0.4 0.4 0.4 0.4 0.4 0.4 0.4 0.4 0.4 0.4 0.4 0.4 0.4 0.4 0.4 0.4 0.4 0.4 0.4 0.4 0.4 0.4 0.4 0.4 0.4 0.4 0.4 0.4 0.4 0.4 0.4 0.4 0.4 0.4 0.4 0.4 0.4 0.4 0.4 0.4 0.4 0.4 0.4 0.4 0.4 0.4 0.4 0.4 0.4 0.4 0.4 0.4 0.4 0.4 0.4 0.4 0.4 0.4 0.4 0.4 0.4 0.4 0.4 0.4 0.4 0.4 0.4 0.4 0.4 0.4 0.4 0.4 0.4 0.4 0.4 0.4 0.4 0.4 0.4 0.4 0.4 0.4 0.4 0.4 0.4 0.4 0.4 0.4 0.4 0.4 0.4 0.4 0.4 0.4 0.4 0.4 0.4 0.4 0.4 0.4 0.4 0.4 0.4 0.4 0.4 0.4 0.4 0.4 0.4 0.4 0.4 0.4 0.4 0.4 0.4 0.4 0.4 0.4 0.4 0.4 0.4 0.4 0.4 0.4 0.4 0.4 0.4 0.4 0.4 0.4 0.4 0.4 0.4 0.4 0.4 0.4 0.4 0.4 0.4 0.4 0.4 0.4 0.4 0.4 0.4 0.4 0.4 0.4 0.4 0.4 0.4 0.4 0.4 0.4 0.4 0.4 0.4 0.4 0.4 0.4 0.4 0.4 0.4 0.4 0.4 0.4 0.4 0.4 0.4 0.4 0.4 0.4 0.4 0.4 0.4 0.4 0.4 0.4 0.4 0.4 0.4 0.4 0.4 0.4 0.4 0.4 0.4 0.4 0.4 0.4 0.4 0.4 0.4 0.4 0.4 0.4 0.4 0.4 0.4 0.4 0.4 0.4 0.4 0.4 0.4 0.4 0.4 0.4 0.4 0.4 0.4 0.4 0.4 0.4 0.4 0.4 0.4 0.4 0.4 0.4 0.4 0.4 0.4 0.4 0.4 0.4 0.4 0.4 0.4 0.4 0.4 0.4 0.4 0.4 0.4 0.4 0.4 0.4 0.4 0.4 0.4 0.4 0.4 0.4 0.4 0.4 0.4 0.4 0.4 0.4 0.4 0.4 0.4 0.4 0.4 0.4 0.4 0.4 0.4 0.4 0.4 0.4 0.4 0.4 0.4 0.4 0.4 0.4 0.4 0.4 0.4 0.4 0.4 0.4 0.4 0.4 0.4 0.4 0.4 0.4 0.4 0.4 0.4 0.4 0.4 0.4 0.4 0.4 0.4 0.4 0.4 0.4 0.4 0.4 0.4 0.4 0.4 0.4 0.4 0.4 0.4 0.4 0.4 0.4 0.4 0.4 0.4 0.4 0.4 0.4 0.4 0.4 0.4 0.4 0.4 0.4 0.4 0.4 0.4 0.4 0.4 0.4 0.4 0.4 0.4 0.4 0.4 0.4 0.4 0.4 0.4 0.4 0.4 0.4 0.4 0.4 0.4 0.4 0.4 0.4 0.4 0.4 0.4 0.4 0.4 0.4 0.4 0.4 0.4 0.4 0.4 0.4 0.4 0.4 0.4 0.4 0.4 0.4 0.4 0.4 0.4 0.4 0.4 0.4 0.4 0.4 0.4 0.4 0.4 0.4 0.4 0.4 0.4 0.4 0.4 0.4 0.4 0.4 0.4 0.4 0.4 0.4 0.4 0.4 0.4 0.4 0.4 0.4 0.4 0.4 0.4 0.4 0.4 0.4 0.4 0.4 0.4 0.4 0.4 0.4 0.4 0.4 0.4 0.4 0.4 0.4 0.4 0.4 0.4 0.4 0.4 0.4 0.4 0.4 0.4 0.4 0.4 0.4 0.4 0.4 0.4 0.4 0.4 0.4 0.4 0.4 0.4 0.4 0.4 0.4 0.4 0.4 0.4 0.4 0.4 0.4 0.4 0.4 0.4 0.4 0.4 0.4 0.4 0.4 0.4 0.4 0.4 0.4 0.4 0.4 0.4 0.4 0.4 0.4 0.4 0.4 0.4 0.4 0.4 0.4 0.4 0.4 0.4 0.4 0.4 0.4 0.4 0.4 0.4 0.4 0.4 0.4 0.4 0.4 0.4 0.4 0.4 0.4 0.4 0.4 0.4 0.4 0.4 0.4 0.4 0.4 0.4 0.4 0.4 0.4 0.4 0.4 0.4 0.4 0.4 0.4 0.4 0.4 0.4 0.4 0.4 0.4 0.4 0.4 0.4 0.4 0.4 0.4 0.4 0.4 0.4 0.4 0.4 0.4 0.4 0.4 0.4 0.4 0.4 0.4 0.4 0.4 0.4 0.4 0.4 0.4 0.4 0.4 0.4 0.4 0.4 0.4 0.4 0.4 0.4 0.4 0.4 0.4 0.4 0.4 0.4 0.4 0.4 0.4 0.4 0.4 0.4 0.4 0.4 0.4 0.4 0.4 0.4 0.4 0.4 0.4 0.4 0.4 0.4 0.4 0.4 0.4 0.4 0.4 0.4 0.4 0.4 0.4 0.4 0.4 0.4 0.4 0.4 0.4 0.4 0.4 0.4 0.4 0.4 0.4 0.4 0.4 0.4 0.4 0.4 0.4 0.4 0.4 0.4 0.4 0.4 0.4 0.4 0.4 0.4 0.4 0.4 0.4 0.4 0.4 0.4 0.4 0.4 0.4 0.4 0.4 0.4 0.4 0.4 0.4 0.4 0.4 0.4 0.4 0.4 0.4 0.4 0.4 0.4 0.4 0.4 0.4 0.4 0.4 0.4 0.4 0.4 0.4 0.4 0.4 0.4 0.4 0.4 0.4 0.4 0.4 0.4 0.4 0.4 0.4 0.4 0.4 0.4 0.4 0.4 0.4 0.4 0.4 0.4 0.4 0.4 0.4 0.4 0.4 0.4 0.4 0.4 0.4 0.4 0.4 0.4 0.4 0.4 0.4 0.4 0.4 0.4 0.4 0.4 0.4 0.4 0.4 0.4 0.4 0.4 0.4 0.4 0.4 0.4 0.4 0.4 0.4 0.4 0.4 0.4 0.4 0.4 0.4 0.4 0.4 0.4 0.4 0.4 0.4 0.4 0.4 0.4 0.4 0.4 0.4 0.4 0.4 0.4 0.4 0.4 0.4 0.4 0.4 0.4 0.4 0.4 0.4 0.4 0.4 0.4 0.4 0.4 0.4 0.4 0.4 0.4 0.4 0.4 0.4 0.4 0.4 0.4 0.4 0.4 0.4 0.4 0.4 0.4 0.4 0.4 0.4 0.4 0.4 0.4 0.4 0.4 0.4 0.4 0.4 0.4 0.4 0.4 0.4 0.4 0.4 0.4 0.4 0.4 0.4 0.4 0.4 0.4 0.4 0.4 0.4 0.4 0.4 0.4 0.4 0.4 0.4 0.4 0.4 0.4 0.4 0.4 0.4 0.4 0.4 0.4 0.4 0.4 0.4 0.4 0.4 0.4 0.4 0.4 0.4 0.4 0.4 0.4 0.4 0.4 0.4 0.4 0.4 0.4 0.4 0.4 0.4 0.4 0.4 0.4 0.4 0.4 0.4 0.4 0.4 0.4 0.4 0.4 0.4 0.4 0.4 0.4 0.4 0.4 0.4 0.4 0.4 0.4 0.4 0.4 0.4 0.4 0.4 0.4 0.4 0.4 0.4 0.4 0.4 0.4 0.4 0.4 0.4 0.4 0.4 0.4 0.4 0.4 0.4 0.4 0.4 0.4 0.4 0.4 0.4 0.4 0.4 0.4 0.4 0.4 0.4 0.4 0.4 0.4 0.4 0.4 0.4 0.4 0.4 0.4 0.4 0.4 0.4 0.4 0.4 0.4 0.4 0.4 0.4 0.4 0.4 0.4 0.4 0.4 0.4 0.4 0.4 0.4 0.4 0.4 0.4 0.4 0.4 0.4 0.4 0.4 0.4 0.4 0.4 0.4 0.4 0.4 0.4 0.4 0.4 0.4 0.4 0.4 0.4 0.4 0.4 0.4 0.4 0.4 0.4 0.4 0.4 0.4 0.4 0.4 0.4 0.4 0.4 0.4 0.4 0.4 0.4 0.4 0.4 0.4 0.4 0.4 0.4 0.4 0.4 0.4 0.4 0.4 0.4 0.4 0.4 0.4 0.4 0.4 0.4 0.4 0.4 0.4 0.4 0.4 0.4 0.4 0.4 0.4 0.4 0.4 0.4 0.4 0.4 0.4 0.4 0.4 0.4 0.4 0.4 0.4 0.4 0.4 0.4 0.4 0.4 0.4 0.4 0.4 0.4 0.4 0.4 0.4 0.4 0.4 0.4 0.4 0.4 0.4 0.4 0.4 0.4 0.4 0.4 0.4 0.4 0.4 0.4 0.4 0.4 0.4 0.4 0.4 0.4 0.4 0.4 0.4 0.4 0.4 0.4 0.4 0.4 0.4 0.4 0.4 0.4 0.4 0.4 0.4 0.4 0.4 0.4 0.4 0.4 0.4 0.4 0.4 0.4 0.4 0.4 0.4 0.4 0.4 0.4 0.4 0.4 0.4 0.4 0.4 0.4 0.4 0.4 0.4 0.4 0.4 0.4 0.4 0.4 0.4 0.4 0.4 0.4 0.4 0.4 0.4 0.4 0.4 0.4 0.4 0.4 0.4 0.4 0.4 0.4 0.4 0.4 0.4 0.4 0.4 0.4 0.4 0.4 0.4 0.4 0.4 0.4 0.4 0.4 0.4 0.4 0.4 0.4 0.4 0.4 0.4 0.4 0.4 0.4 0.4 0.4 0.4 0.4 0.4 0.4 0.4 0.4 0.4 0.4 0.4 0.4 0.4 0.4 0.4 0.4 0.4 0.4 0.4 0.4 0.4 0.4 0.4 0.4 0.4 0.4 0.4 0.4 0.4 0.4 0.4 0.4 0.4 0.4 0.4 0.4 0.4 0.4 0.4 0.4 0.4 0.4 0.4 0.4 0.4 0.4 0.4 0.4 0.4 0.4 0.4 0.4 0.4 0.4 0.4 0.4 0.4 0.4 0.4 0.4 0.4 0.4 0.4 0.4 0.4 0.4 0.4 0.4 0.4 0.4 0.4 0.4 0.4 0.4 0.4 0.4 0.4 0.4 0.4 0.4 0.4 0.4 0.4 0.4 0.4 0.4 0.4 0.4 0.4 0.4 0.4 0.4 0.4 0.4 0.4 0.4 0.4 0.4 0.4 0.4 0.4 0.4 0.4 0.4 0.4 0.4 0.4 0.4 0.4 0.4 0.4 0.4 0.4 0.4 0.4 0.4 0.4 0.4 0.4 0.4 0.4 0.4 0.4 0.4 0.4 0.4 0.4 0.4 0.4 0.4 0.4 0.4 0.4 0.4 0.4 0.4 0.4 0.4 0.4 0.4 0.4 0.4 0.4 0.4 0.4 0.4 0.4 0.4 0.4 0.4 0.4 0.4 0.4 0.4 0.4 0.4 0.4 0.4 0.4 0.4 0.4 0.4 0.4 0.4 0.4 0.4 0.4 0.4 0.4 0.4 0.4 0.4 0.4 0.4 0.4 0.4 0.4 0.4 0.4 0.4 0.4 0.4 0.4 0.4 0.4 0.4 0.4 0.4 0.4 0.4 0.4 0.4 0.4 0.4 0.4 0.4 0.4 0.4 0.4 0.4 0.4 0.4 0.4 0.4 0.4 0.4 0.4 0.4 0.4 0.4 0.4 0.4 0.4 0.4 0.4 0.4 0.4 0.4 0.4 0.4 0.4 0.4 0.4 0.4 0.4 0.4 0.4 0.4 0.4 0.4 0.4 0.4 0.4 0.4 0.4 0.4 0.4 0.4 0.4 0.4 0.4 0.4 0.4 0.4 0.4 0.4 0.4 0.4 0.4 0.4 0.4 0.4 0.4 0.4 0.4 0.4 0.4 0.4 0.4 0.4 0.4 0.4 0.4 0.4 0.4 0.4 0.4 0.4 0.4 0.4 0.4 0.4 0.4 0.4 0.4 0.4 0.4 0.4 0.4 0.4 0.4 0.4 0.4 0.4 0.4 0.4 0.4 0.4 0.4 0.4 0.4 0.4 0.4 0.4 0.4 0.4 0.4 0.4 0.4 0.4 0.4 0.4 0.4 0.4 0.4 0.4 0.4 0.4 0.4 0.4 0.4 0.4 0.4 0.4 0.4 0.4 0.4 0.4 0.4 0.4 0.4 0.4 0.4 0.4 0.4 0.4 0.4 0.4 0.4 0.4 0.4 0.4 0.4 0.4 0.4 0.4 0.4 0.4 0.4 0.4 0.4 0.4 0.4 0.4 0.4 0.4 0.4 0.4 0.4 0.4 0.4 0.4 0.4 0.4 0.4 0.4 0.4 0.4 0.4 0.4 0.4 0.4 0.4 0.4 0.4 0.4 0.4 0.4 0.4 0.4 0.4 0.4 0.4 0.4 0.4 0.4 0.4 0.4 0.4 0.4 0.4 0.4 0.4 0.4 0.4 0.4 0.4 0.4 0.4 0.4 0.4 0.4 0.4 0.4 0.4 0.4 0.4 0.4 0.4 0.4 0.4 0.4 0.4 0.4 0.4 0.4 0.4 0.4 0.4 0.4 0.4 0.4 0.4 0.4 0.4 0.4 0.4 0.4 0.4 0.4 0.4 0.4 0.4 0.4 0.4 0.4 0.4 0.4 0.4 0.4 0.4 0.4 0.4 0.4 0.4 0.4 0.4 0.4 0.4 0.4 0.4 0.4 0.4 0.4 0.4 0.4 0.4 0.4 0.4 0.4 0.4 0.4 0.4 0.4 0.4 0.4 0.4 0.4 0.4 0.4 0.4 0.4 0.4 0.4 0.4 0.4 0.4 0.4 0.4 0.4 0.4 0.4 0.4 0.4 0.4 0.4 0.4 0.4 0.4 0.4 0.4 0.4 0.4 0.4 0.4 0.4 0.4 0.4 0.4 0.4 0.4 0.4 0.4 0.4 0.4 0.4 0.4 0.4 0.4 0.4 0.4 0.4 0.4 0.4 0.4 0.4 0.4 0.4 0.4 0.4 0.4 0.4 0.4 0.4 0.4 0.4 0.4 0.4 0.4 0.4 0.4 0.4 0.4 0.4 0.4 0.4 0.4 0.4 0.4 0.4 0.4 0.4 0.4 0.4 0.4 0.4 0.4 0.4 0.4 0.4 0.4 0.4 0.4 0.4 0.4 0.4 0.4 0.4 0.4 0.4 0.4 0.4 0.4 0.4 0.4 0.4 0.4 0.4 0.4 0.4 0.4 0.4 0.4 0.4 0.4 0.4 0.4 0.4 0.4 0.4 0.4 0.4 0.4 0.4 0.4 0.4 0.4 0.4 0.4 0.4 0.4 0.4 0.4 0.4 0.4 0.4 0.4 0.4 0.4 0.4 0.4 0.4 0.4 0.4 0.4 0.4 0.4 0.4 0.4 0.4 0.4 0.4 0.4 0.4 0.4 0.4 0.4 0.4 0.4 0.4 0.4 0.4 0.4 0.4 0.4 0.4 0.4 0.4 0.4 0.4 0.4 0.4 0.4 0.4 0.4 0.4 0.4 0.4 0.4 0.4 0.4 0.4 0.4 0.4 0.4 0.4 0.4 0.4 0.4 0.4 0.4 0.4 0.4 0.4 0.4 0.4 0.4 0.4 0.4 0.4 0.4 0.4 0.4 0.4 0.4 0.4 0.4 0.4 0.4 0.4 0.4 0.4 0.4 0.4 0.4 0.4 0.4 0.4 0.4 0.4 0.4 0.4 0.4 0.4 0.4 0.4 0.4 0.4 0.4 0.4 0.4 0.4 0.4 0.4 0.4 0.4 0.4 0.4 0.4 0.4 0.4 0.4 0.4 0.4 0.4 0.4 0.4 0.4 0.4 0.4 0.4 0.4 0.4 0.4 0.4 0.4 0.4 0.4 0.4 0.4 0.4 0.4 0.4 0.4 0.4 0.4 0.4 0.4 0.4 0.4 0.4 0.4 0.4 0.4 0.4 0.4 0.4 0.4 0.4 0.4 0.4 0.4 0.4 0.4 0.4 0.4 0.4 0.4 0.4 0.4 0.4 0.4 0.4 0.4 0.4 0.4 0.4 0.4 0.4 0.4 0.4 0.4 0.4 0.4 0.4 0.4 0.4 0.4 0.4 0.4 0.4 0.4 0.4 0.4 0.4 0.4 0.4 0.4 0.4 0.4 0.4 0.4 0.4 0.4 0.4 0.4 0.4 0.4 0.4 0.4 0.4 0.4 0.4 0.4 0.4 0.4 0.4 0.4 0.4 0.4 0.4 0.4 0.4 0.4 0.4 0.4 0.4 0.4 0.4 0.4 0.4 0.4 0.4 0.4 0.4 0.4 0.4 0.4 0.4 0.4 0.4 0.4 0.4 0.4 0.4 0.4 0.4 0.4 0.4 0.4 0.4 0.4 0.4 0.4 0.4 0.4 0.4 0.4 0.4 0.4 0.4 0.4 0.4 0.4 0.4 0.4 0.4 0.4 0.4 0.4 0.4 0.4 0.4 0.4 0.4 0.4 0.4 0.4 0.4 0.4 0.4 0.4 0.4 0.4 0.4 0.4 0.4 0.4 0.4 0.4 0.4 0.4 0.4 0.4 0.4 0.4 0.4 0.4 0.4 0.4 0.4 0.4 0.4 0.4 0.4 0.4 0.4 0.4 0.4 0.4 0.4 0.4 0.4 0.4 0.4 0.4 0.4 0.4 0.4 0.4 0.4 0.4 0.4 0.4 0.4 0.4 0.4 0.4 0.4 0.4 0.4 0.4 0.4 0.4 0.4 0.4 0.4 0.4</float_array>
          <technique_common>
            <accessor count="4374" source="#colors-array-array" stride="3">
              <param type="float" name="R"/>
              <param type="float" name="G"/>
              <param type="float" name="B"/>
            </accessor>
          </technique_common>
        </source>
        <vertices id="verts-array-vertices">
          <input semantic="POSITION" source="#verts-array"/>
        </vertices>
        <triangles count="8780" material="material0">
          <input offset="0" semantic="VERTEX" source="#verts-array-vertices"/>
          <input offset="1" semantic="NORMAL" source="#normals-array"/>
          <input offset="2" semantic="COLOR" source="#colors-array"/>
          <p>0 0 0 1 1 1 2 2 2 2 2 2 1 1 1 3 3 3 2 2 2 3 3 3 4 4 4 5 5 5 6 6 6 7 7 7 7 7 7 6 6 6 8 8 8 7 7 7 8 8 8 0 0 0 0 0 0 8 8 8 9 9 9 0 0 0 9 9 9 1 1 1 10 10 10 11 11 11 12 12 12 12 12 12 11 11 11 13 13 13 12 12 12 13 13 13 14 14 14 13 13 13 15 15 15 14 14 14 14 14 14 15 15 15 16 16 16 14 14 14 16 16 16 17 17 17 17 17 17 16 16 16 18 18 18 17 17 17 18 18 18 19 19 19 19 19 19 18 18 18 20 20 20 19 19 19 20 20 20 21 21 21 22 22 22 23 23 23 24 24 24 24 24 24 23 23 23 25 25 25 24 24 24 25 25 25 26 26 26 27 27 27 28 28 28 29 29 29 29 29 29 28 28 28 30 30 30 29 29 29 30 30 30 31 31 31 3 3 3 32 32 32 4 4 4 4 4 4 32 32 32 33 33 33 4 4 4 33 33 33 34 34 34 34 34 34 33 33 33 35 35 35 34 34 34 35 35 35 36 36 36 36 36 36 35 35 35 37 37 37 36 36 36 37 37 37 38 38 38 37 37 37 39 39 39 38 38 38 38 38 38 39 39 39 40 40 40 38 38 38 40 40 40 41 41 41 41 41 41 40 40 40 42 42 42 41 41 41 42 42 42 43 43 43 44 44 44 45 45 45 46 46 46 46 46 46 45 45 45 47 47 47 46 46 46 47 47 47 48 48 48 48 48 48 47 47 47 49 49 49 48 48 48 49 49 49 22 22 22 22 22 22 49 49 49 50 50 50 22 22 22 50 50 50 23 23 23 20 20 20 51 51 51 21 21 21 21 21 21 51 51 51 52 52 52 21 21 21 52 52 52 53 53 53 53 53 53 52 52 52 54 54 54 53 53 53 54 54 54 44 44 44 44 44 44 54 54 54 55 55 55 44 44 44 55 55 55 45 45 45 25 25 25 56 56 56 26 26 26 26 26 26 56 56 56 57 57 57 26 26 26 57 57 57 58 58 58 58 58 58 57 57 57 59 59 59 58 58 58 59 59 59 60 60 60 60 60 60 59 59 59 61 61 61 60 60 60 61 61 61 27 27 27 27 27 27 61 61 61 62 62 62 27 27 27 62 62 62 28 28 28 30 30 30 63 63 63 31 31 31 31 31 31 63 63 63 64 64 64 31 31 31 64 64 64 65 65 65 65 65 65 64 64 64 66 66 66 65 65 65 66 66 66 67 67 67 67 67 67 66 66 66 68 68 68 67 67 67 68 68 68 5 5 5 5 5 5 68 68 68 69 69 69 5 5 5 69 69 69 6 6 6 42 42 42 70 70 70 43 43 43 43 43 43 70 70 70 71 71 71 43 43 43 71 71 71 72 72 72 72 72 72 71 71 71 73 73 73 72 72 72 73 73 73 74 74 74 74 74 74 73 73 73 75 75 75 74 74 74 75 75 75 10 10 10 10 10 10 75 75 75 76 76 76 10 10 10 76 76 76 11 11 11 77 77 77 78 78 78 79 79 79 77 77 77 79 79 79 80 80 80 80 80 80 79 79 79 81 81 81 80 80 80 81 81 81 82 82 82 81 81 81 83 83 83 82 82 82 82 82 82 83 83 83 84 84 84 82 82 82 84 84 84 85 85 85 85 85 85 84 84 84 86 86 86 85 85 85 86 86 86 87 87 87 87 87 87 86 86 86 88 88 88 87 87 87 88 88 88 89 89 89 88 88 88 90 90 90 89 89 89 89 89 89 90 90 90 91 91 91 89 89 89 91 91 91 92 92 92 92 92 92 91 91 91 93 93 93 92 92 92 93 93 93 94 94 94 94 94 94 93 93 93 95 95 95 94 94 94 95 95 95 96 96 96 95 95 95 97 97 97 96 96 96 96 96 96 97 97 97 98 98 98 96 96 96 98 98 98 99 99 99 99 99 99 98 98 98 100 100 100 99 99 99 100 100 100 101 101 101 101 101 101 100 100 100 102 102 102 101 101 101 102 102 102 103 103 103 104 104 104 105 105 105 106 106 106 106 106 106 105 105 105 103 103 103 106 106 106 103 103 103 107 107 107 107 107 107 103 103 103 102 102 102 108 108 108 109 109 109 104 104 104 104 104 104 109 109 109 110 110 110 104 104 104 110 110 110 105 105 105 111 111 111 112 112 112 113 113 113 113 113 113 112 112 112 109 109 109 113 113 113 109 109 109 114 114 114 114 114 114 109 109 109 108 108 108 115 115 115 116 116 116 111 111 111 111 111 111 116 116 116 117 117 117 111 111 111 117 117 117 112 112 112 115 115 115 118 118 118 116 116 116 116 116 116 118 118 118 119 119 119 116 116 116 119 119 119 120 120 120 120 120 120 119 119 119 121 121 121 120 120 120 121 121 121 122 122 122 121 121 121 123 123 123 122 122 122 122 122 122 123 123 123 124 124 124 122 122 122 124 124 124 125 125 125 125 125 125 124 124 124 126 126 126 125 125 125 126 126 126 127 127 127 127 127 127 126 126 126 128 128 128 127 127 127 128 128 128 129 129 129 128 128 128 130 130 130 129 129 129 129 129 129 130 130 130 131 131 131 129 129 129 131 131 131 132 132 132 132 132 132 131 131 131 133 133 133 132 132 132 133 133 133 134 134 134 134 134 134 133 133 133 135 135 135 134 134 134 135 135 135 136 136 136 137 137 137 138 138 138 139 139 139 139 139 139 138 138 138 136 136 136 139 139 139 136 136 136 140 140 140 140 140 140 136 136 136 135 135 135 141 141 141 142 142 142 137 137 137 137 137 137 142 142 142 143 143 143 137 137 137 143 143 143 138 138 138 144 144 144 145 145 145 146 146 146 146 146 146 145 145 145 142 142 142 146 146 146 142 142 142 147 147 147 147 147 147 142 142 142 141 141 141 148 148 148 149 149 149 144 144 144 144 144 144 149 149 149 150 150 150 144 144 144 150 150 150 145 145 145 148 148 148 151 151 151 149 149 149 149 149 149 151 151 151 152 152 152 149 149 149 152 152 152 153 153 153 153 153 153 152 152 152 154 154 154 153 153 153 154 154 154 155 155 155 154 154 154 156 156 156 155 155 155 155 155 155 156 156 156 157 157 157 155 155 155 157 157 157 158 158 158 158 158 158 157 157 157 159 159 159 158 158 158 159 159 159 160 160 160 160 160 160 159 159 159 161 161 161 160 160 160 161 161 161 162 162 162 161 161 161 163 163 163 162 162 162 162 162 162 163 163 163 164 164 164 162 162 162 164 164 164 165 165 165 165 165 165 164 164 164 166 166 166 165 165 165 166 166 166 167 167 167 167 167 167 166 166 166 168 168 168 167 167 167 168 168 168 169 169 169 170 170 170 171 171 171 172 172 172 172 172 172 171 171 171 169 169 169 172 172 172 169 169 169 173 173 173 173 173 173 169 169 169 168 168 168 174 174 174 175 175 175 170 170 170 170 170 170 175 175 175 176 176 176 170 170 170 176 176 176 171 171 171 174 174 174 177 177 177 175 175 175 175 175 175 177 177 177 178 178 178 175 175 175 178 178 178 179 179 179 179 179 179 178 178 178 180 180 180 179 179 179 180 180 180 181 181 181 181 181 181 180 180 180 77 77 77 77 77 77 180 180 180 182 182 182 77 77 77 182 182 182 78 78 78 77 77 77 183 183 183 181 181 181 181 181 181 183 183 183 184 184 184 181 181 181 184 184 184 179 179 179 179 179 179 184 184 184 185 185 185 179 179 179 185 185 185 175 175 175 175 175 175 185 185 185 186 186 186 175 175 175 186 186 186 176 176 176 176 176 176 186 186 186 187 187 187 176 176 176 187 187 187 171 171 171 171 171 171 187 187 187 188 188 188 171 171 171 188 188 188 169 169 169 169 169 169 188 188 188 189 189 189 169 169 169 189 189 189 167 167 167 167 167 167 189 189 189 190 190 190 167 167 167 190 190 190 165 165 165 165 165 165 190 190 190 191 191 191 165 165 165 191 191 191 162 162 162 162 162 162 191 191 191 192 192 192 162 162 162 192 192 192 160 160 160 160 160 160 192 192 192 193 193 193 160 160 160 193 193 193 158 158 158 158 158 158 193 193 193 194 194 194 158 158 158 194 194 194 155 155 155 155 155 155 194 194 194 195 195 195 155 155 155 195 195 195 153 153 153 153 153 153 195 195 195 196 196 196 153 153 153 196 196 196 149 149 149 149 149 149 196 196 196 197 197 197 149 149 149 197 197 197 150 150 150 150 150 150 197 197 197 198 198 198 150 150 150 198 198 198 145 145 145 145 145 145 198 198 198 199 199 199 145 145 145 199 199 199 142 142 142 142 142 142 199 199 199 200 200 200 142 142 142 200 200 200 143 143 143 143 143 143 200 200 200 201 201 201 143 143 143 201 201 201 138 138 138 138 138 138 201 201 201 202 202 202 138 138 138 202 202 202 136 136 136 136 136 136 202 202 202 203 203 203 136 136 136 203 203 203 134 134 134 134 134 134 203 203 203 204 204 204 134 134 134 204 204 204 132 132 132 132 132 132 204 204 204 205 205 205 132 132 132 205 205 205 129 129 129 129 129 129 205 205 205 206 206 206 129 129 129 206 206 206 127 127 127 127 127 127 206 206 206 207 207 207 127 127 127 207 207 207 125 125 125 125 125 125 207 207 207 208 208 208 125 125 125 208 208 208 122 122 122 122 122 122 208 208 208 209 209 209 122 122 122 209 209 209 120 120 120 120 120 120 209 209 209 210 210 210 120 120 120 210 210 210 116 116 116 116 116 116 210 210 210 211 211 211 116 116 116 211 211 211 117 117 117 117 117 117 211 211 211 212 212 212 117 117 117 212 212 212 112 112 112 112 112 112 212 212 212 213 213 213 112 112 112 213 213 213 109 109 109 109 109 109 213 213 213 214 214 214 109 109 109 214 214 214 110 110 110 110 110 110 214 214 214 215 215 215 110 110 110 215 215 215 105 105 105 105 105 105 215 215 215 216 216 216 105 105 105 216 216 216 103 103 103 103 103 103 216 216 216 217 217 217 103 103 103 217 217 217 101 101 101 101 101 101 217 217 217 218 218 218 101 101 101 218 218 218 99 99 99 99 99 99 218 218 218 219 219 219 99 99 99 219 219 219 96 96 96 96 96 96 219 219 219 220 220 220 96 96 96 220 220 220 94 94 94 94 94 94 220 220 220 221 221 221 94 94 94 221 221 221 92 92 92 92 92 92 221 221 221 222 222 222 92 92 92 222 222 222 89 89 89 89 89 89 222 222 222 223 223 223 89 89 89 223 223 223 87 87 87 87 87 87 223 223 223 224 224 224 87 87 87 224 224 224 85 85 85 85 85 85 224 224 224 225 225 225 85 85 85 225 225 225 82 82 82 82 82 82 225 225 225 226 226 226 82 82 82 226 226 226 80 80 80 80 80 80 226 226 226 227 227 227 80 80 80 227 227 227 77 77 77 77 77 77 227 227 227 183 183 183 227 227 227 228 228 228 183 183 183 183 183 183 228 228 228 229 229 229 183 183 183 229 229 229 184 184 184 184 184 184 229 229 229 230 230 230 184 184 184 230 230 230 185 185 185 185 185 185 230 230 230 231 231 231 185 185 185 231 231 231 186 186 186 186 186 186 231 231 231 232 232 232 186 186 186 232 232 232 187 187 187 187 187 187 232 232 232 233 233 233 187 187 187 233 233 233 188 188 188 188 188 188 233 233 233 234 234 234 188 188 188 234 234 234 189 189 189 189 189 189 234 234 234 235 235 235 189 189 189 235 235 235 190 190 190 190 190 190 235 235 235 236 236 236 190 190 190 236 236 236 191 191 191 191 191 191 236 236 236 237 237 237 191 191 191 237 237 237 192 192 192 192 192 192 237 237 237 238 238 238 192 192 192 238 238 238 193 193 193 193 193 193 238 238 238 239 239 239 193 193 193 239 239 239 194 194 194 194 194 194 239 239 239 240 240 240 194 194 194 240 240 240 195 195 195 195 195 195 240 240 240 241 241 241 195 195 195 241 241 241 196 196 196 196 196 196 241 241 241 242 242 242 196 196 196 242 242 242 197 197 197 197 197 197 242 242 242 243 243 243 197 197 197 243 243 243 198 198 198 198 198 198 243 243 243 244 244 244 198 198 198 244 244 244 199 199 199 199 199 199 244 244 244 245 245 245 199 199 199 245 245 245 200 200 200 200 200 200 245 245 245 246 246 246 200 200 200 246 246 246 201 201 201 201 201 201 246 246 246 247 247 247 201 201 201 247 247 247 202 202 202 202 202 202 247 247 247 248 248 248 202 202 202 248 248 248 203 203 203 203 203 203 248 248 248 249 249 249 203 203 203 249 249 249 204 204 204 204 204 204 249 249 249 250 250 250 204 204 204 250 250 250 205 205 205 205 205 205 250 250 250 251 251 251 205 205 205 251 251 251 206 206 206 206 206 206 251 251 251 252 252 252 206 206 206 252 252 252 207 207 207 207 207 207 252 252 252 253 253 253 207 207 207 253 253 253 208 208 208 208 208 208 253 253 253 254 254 254 208 208 208 254 254 254 209 209 209 209 209 209 254 254 254 255 255 255 209 209 209 255 255 255 210 210 210 210 210 210 255 255 255 256 256 256 210 210 210 256 256 256 211 211 211 211 211 211 256 256 256 257 257 257 211 211 211 257 257 257 212 212 212 212 212 212 257 257 257 258 258 258 212 212 212 258 258 258 213 213 213 213 213 213 258 258 258 259 259 259 213 213 213 259 259 259 214 214 214 214 214 214 259 259 259 260 260 260 214 214 214 260 260 260 215 215 215 215 215 215 260 260 260 261 261 261 215 215 215 261 261 261 216 216 216 216 216 216 261 261 261 262 262 262 216 216 216 262 262 262 217 217 217 217 217 217 262 262 262 263 263 263 217 217 217 263 263 263 218 218 218 218 218 218 263 263 263 264 264 264 218 218 218 264 264 264 219 219 219 219 219 219 264 264 264 265 265 265 219 219 219 265 265 265 220 220 220 220 220 220 265 265 265 266 266 266 220 220 220 266 266 266 221 221 221 221 221 221 266 266 266 267 267 267 221 221 221 267 267 267 222 222 222 222 222 222 267 267 267 268 268 268 222 222 222 268 268 268 223 223 223 223 223 223 268 268 268 269 269 269 223 223 223 269 269 269 224 224 224 224 224 224 269 269 269 270 270 270 224 224 224 270 270 270 225 225 225 225 225 225 270 270 270 271 271 271 225 225 225 271 271 271 226 226 226 226 226 226 271 271 271 272 272 272 226 226 226 272 272 272 227 227 227 227 227 227 272 272 272 228 228 228 272 272 272 273 273 273 228 228 228 228 228 228 273 273 273 274 274 274 228 228 228 274 274 274 229 229 229 229 229 229 274 274 274 275 275 275 229 229 229 275 275 275 230 230 230 230 230 230 275 275 275 276 276 276 230 230 230 276 276 276 231 231 231 231 231 231 276 276 276 277 277 277 231 231 231 277 277 277 232 232 232 232 232 232 277 277 277 278 278 278 232 232 232 278 278 278 233 233 233 233 233 233 278 278 278 279 279 279 233 233 233 279 279 279 234 234 234 234 234 234 279 279 279 280 280 280 234 234 234 280 280 280 235 235 235 235 235 235 280 280 280 281 281 281 235 235 235 281 281 281 236 236 236 236 236 236 281 281 281 282 282 282 236 236 236 282 282 282 237 237 237 237 237 237 282 282 282 283 283 283 237 237 237 283 283 283 238 238 238 238 238 238 283 283 283 284 284 284 238 238 238 284 284 284 239 239 239 239 239 239 284 284 284 285 285 285 239 239 239 285 285 285 240 240 240 240 240 240 285 285 285 286 286 286 240 240 240 286 286 286 241 241 241 241 241 241 286 286 286 287 287 287 241 241 241 287 287 287 242 242 242 242 242 242 287 287 287 288 288 288 242 242 242 288 288 288 243 243 243 243 243 243 288 288 288 289 289 289 243 243 243 289 289 289 244 244 244 244 244 244 289 289 289 290 290 290 244 244 244 290 290 290 245 245 245 245 245 245 290 290 290 291 291 291 245 245 245 291 291 291 246 246 246 246 246 246 291 291 291 292 292 292 246 246 246 292 292 292 247 247 247 247 247 247 292 292 292 293 293 293 247 247 247 293 293 293 248 248 248 248 248 248 293 293 293 294 294 294 248 248 248 294 294 294 249 249 249 249 249 249 294 294 294 295 295 295 249 249 249 295 295 295 250 250 250 250 250 250 295 295 295 296 296 296 250 250 250 296 296 296 251 251 251 251 251 251 296 296 296 297 297 297 251 251 251 297 297 297 252 252 252 252 252 252 297 297 297 298 298 298 252 252 252 298 298 298 253 253 253 253 253 253 298 298 298 299 299 299 253 253 253 299 299 299 254 254 254 254 254 254 299 299 299 300 300 300 254 254 254 300 300 300 255 255 255 255 255 255 300 300 300 301 301 301 255 255 255 301 301 301 256 256 256 256 256 256 301 301 301 302 302 302 256 256 256 302 302 302 257 257 257 257 257 257 302 302 302 303 303 303 257 257 257 303 303 303 258 258 258 258 258 258 303 303 303 304 304 304 258 258 258 304 304 304 259 259 259 259 259 259 304 304 304 305 305 305 259 259 259 305 305 305 260 260 260 260 260 260 305 305 305 306 306 306 260 260 260 306 306 306 261 261 261 261 261 261 306 306 306 307 307 307 261 261 261 307 307 307 262 262 262 262 262 262 307 307 307 308 308 308 262 262 262 308 308 308 263 263 263 263 263 263 308 308 308 309 309 309 263 263 263 309 309 309 264 264 264 264 264 264 309 309 309 310 310 310 264 264 264 310 310 310 265 265 265 265 265 265 310 310 310 311 311 311 265 265 265 311 311 311 266 266 266 266 266 266 311 311 311 312 312 312 266 266 266 312 312 312 267 267 267 267 267 267 312 312 312 313 313 313 267 267 267 313 313 313 268 268 268 268 268 268 313 313 313 314 314 314 268 268 268 314 314 314 269 269 269 269 269 269 314 314 314 315 315 315 269 269 269 315 315 315 270 270 270 270 270 270 315 315 315 316 316 316 270 270 270 316 316 316 271 271 271 271 271 271 316 316 316 317 317 317 271 271 271 317 317 317 272 272 272 272 272 272 317 317 317 273 273 273 317 317 317 318 318 318 273 273 273 273 273 273 318 318 318 319 319 319 273 273 273 319 319 319 274 274 274 274 274 274 319 319 319 320 320 320 274 274 274 320 320 320 275 275 275 275 275 275 320 320 320 321 321 321 275 275 275 321 321 321 276 276 276 276 276 276 321 321 321 322 322 322 276 276 276 322 322 322 277 277 277 277 277 277 322 322 322 323 323 323 277 277 277 323 323 323 278 278 278 278 278 278 323 323 323 324 324 324 278 278 278 324 324 324 279 279 279 279 279 279 324 324 324 325 325 325 279 279 279 325 325 325 280 280 280 280 280 280 325 325 325 326 326 326 280 280 280 326 326 326 281 281 281 281 281 281 326 326 326 327 327 327 281 281 281 327 327 327 282 282 282 282 282 282 327 327 327 328 328 328 282 282 282 328 328 328 283 283 283 283 283 283 328 328 328 329 329 329 283 283 283 329 329 329 284 284 284 284 284 284 329 329 329 330 330 330 284 284 284 330 330 330 285 285 285 285 285 285 330 330 330 331 331 331 285 285 285 331 331 331 286 286 286 286 286 286 331 331 331 332 332 332 286 286 286 332 332 332 287 287 287 287 287 287 332 332 332 333 333 333 287 287 287 333 333 333 288 288 288 288 288 288 333 333 333 334 334 334 288 288 288 334 334 334 289 289 289 289 289 289 334 334 334 335 335 335 289 289 289 335 335 335 290 290 290 290 290 290 335 335 335 336 336 336 290 290 290 336 336 336 291 291 291 291 291 291 336 336 336 337 337 337 291 291 291 337 337 337 292 292 292 292 292 292 337 337 337 338 338 338 292 292 292 338 338 338 293 293 293 293 293 293 338 338 338 339 339 339 293 293 293 339 339 339 294 294 294 294 294 294 339 339 339 340 340 340 294 294 294 340 340 340 295 295 295 295 295 295 340 340 340 341 341 341 295 295 295 341 341 341 296 296 296 296 296 296 341 341 341 342 342 342 296 296 296 342 342 342 297 297 297 297 297 297 342 342 342 343 343 343 297 297 297 343 343 343 298 298 298 298 298 298 343 343 343 344 344 344 298 298 298 344 344 344 299 299 299 299 299 299 344 344 344 345 345 345 299 299 299 345 345 345 300 300 300 300 300 300 345 345 345 346 346 346 300 300 300 346 346 346 301 301 301 301 301 301 346 346 346 347 347 347 301 301 301 347 347 347 302 302 302 302 302 302 347 347 347 348 348 348 302 302 302 348 348 348 303 303 303 303 303 303 348 348 348 349 349 349 303 303 303 349 349 349 304 304 304 304 304 304 349 349 349 350 350 350 304 304 304 350 350 350 305 305 305 305 305 305 350 350 350 351 351 351 305 305 305 351 351 351 306 306 306 306 306 306 351 351 351 352 352 352 306 306 306 352 352 352 307 307 307 307 307 307 352 352 352 353 353 353 307 307 307 353 353 353 308 308 308 308 308 308 353 353 353 354 354 354 308 308 308 354 354 354 309 309 309 309 309 309 354 354 354 355 355 355 309 309 309 355 355 355 310 310 310 310 310 310 355 355 355 356 356 356 310 310 310 356 356 356 311 311 311 311 311 311 356 356 356 357 357 357 311 311 311 357 357 357 312 312 312 312 312 312 357 357 357 358 358 358 312 312 312 358 358 358 313 313 313 313 313 313 358 358 358 359 359 359 313 313 313 359 359 359 314 314 314 314 314 314 359 359 359 360 360 360 314 314 314 360 360 360 315 315 315 315 315 315 360 360 360 361 361 361 315 315 315 361 361 361 316 316 316 316 316 316 361 361 361 362 362 362 316 316 316 362 362 362 317 317 317 317 317 317 362 362 362 318 318 318 362 362 362 363 363 363 318 318 318 318 318 318 363 363 363 364 364 364 318 318 318 364 364 364 319 319 319 319 319 319 364 364 364 365 365 365 319 319 319 365 365 365 320 320 320 320 320 320 365 365 365 366 366 366 320 320 320 366 366 366 321 321 321 321 321 321 366 366 366 367 367 367 321 321 321 367 367 367 322 322 322 322 322 322 367 367 367 368 368 368 322 322 322 368 368 368 323 323 323 323 323 323 368 368 368 369 369 369 323 323 323 369 369 369 324 324 324 324 324 324 369 369 369 370 370 370 324 324 324 370 370 370 325 325 325 325 325 325 370 370 370 371 371 371 325 325 325 371 371 371 326 326 326 326 326 326 371 371 371 372 372 372 326 326 326 372 372 372 327 327 327 327 327 327 372 372 372 373 373 373 327 327 327 373 373 373 328 328 328 328 328 328 373 373 373 374 374 374 328 328 328 374 374 374 329 329 329 329 329 329 374 374 374 375 375 375 329 329 329 375 375 375 330 330 330 330 330 330 375 375 375 376 376 376 330 330 330 376 376 376 331 331 331 331 331 331 376 376 376 377 377 377 331 331 331 377 377 377 332 332 332 332 332 332 377 377 377 378 378 378 332 332 332 378 378 378 333 333 333 333 333 333 378 378 378 379 379 379 333 333 333 379 379 379 334 334 334 334 334 334 379 379 379 380 380 380 334 334 334 380 380 380 335 335 335 335 335 335 380 380 380 381 381 381 335 335 335 381 381 381 336 336 336 336 336 336 381 381 381 382 382 382 336 336 336 382 382 382 337 337 337 337 337 337 382 382 382 383 383 383 337 337 337 383 383 383 338 338 338 338 338 338 383 383 383 384 384 384 338 338 338 384 384 384 339 339 339 339 339 339 384 384 384 385 385 385 339 339 339 385 385 385 340 340 340 340 340 340 385 385 385 386 386 386 340 340 340 386 386 386 341 341 341 341 341 341 386 386 386 387 387 387 341 341 341 387 387 387 342 342 342 342 342 342 387 387 387 388 388 388 342 342 342 388 388 388 343 343 343 343 343 343 388 388 388 389 389 389 343 343 343 389 389 389 344 344 344 344 344 344 389 389 389 390 390 390 344 344 344 390 390 390 345 345 345 345 345 345 390 390 390 391 391 391 345 345 345 391 391 391 346 346 346 346 346 346 391 391 391 392 392 392 346 346 346 392 392 392 347 347 347 347 347 347 392 392 392 393 393 393 347 347 347 393 393 393 348 348 348 348 348 348 393 393 393 394 394 394 348 348 348 394 394 394 349 349 349 349 349 349 394 394 394 395 395 395 349 349 349 395 395 395 350 350 350 350 350 350 395 395 395 396 396 396 350 350 350 396 396 396 351 351 351 351 351 351 396 396 396 397 397 397 351 351 351 397 397 397 352 352 352 352 352 352 397 397 397 398 398 398 352 352 352 398 398 398 353 353 353 353 353 353 398 398 398 399 399 399 353 353 353 399 399 399 354 354 354 354 354 354 399 399 399 400 400 400 354 354 354 400 400 400 355 355 355 355 355 355 400 400 400 401 401 401 355 355 355 401 401 401 356 356 356 356 356 356 401 401 401 402 402 402 356 356 356 402 402 402 357 357 357 357 357 357 402 402 402 403 403 403 357 357 357 403 403 403 358 358 358 358 358 358 403 403 403 404 404 404 358 358 358 404 404 404 359 359 359 359 359 359 404 404 404 405 405 405 359 359 359 405 405 405 360 360 360 360 360 360 405 405 405 406 406 406 360 360 360 406 406 406 361 361 361 361 361 361 406 406 406 407 407 407 361 361 361 407 407 407 362 362 362 362 362 362 407 407 407 363 363 363 407 407 407 408 408 408 363 363 363 363 363 363 408 408 408 409 409 409 363 363 363 409 409 409 364 364 364 364 364 364 409 409 409 410 410 410 364 364 364 410 410 410 365 365 365 365 365 365 410 410 410 411 411 411 365 365 365 411 411 411 366 366 366 366 366 366 411 411 411 412 412 412 366 366 366 412 412 412 367 367 367 367 367 367 412 412 412 413 413 413 367 367 367 413 413 413 368 368 368 368 368 368 413 413 413 414 414 414 368 368 368 414 414 414 369 369 369 369 369 369 414 414 414 415 415 415 369 369 369 415 415 415 370 370 370 370 370 370 415 415 415 416 416 416 370 370 370 416 416 416 371 371 371 371 371 371 416 416 416 417 417 417 371 371 371 417 417 417 372 372 372 372 372 372 417 417 417 418 418 418 372 372 372 418 418 418 373 373 373 373 373 373 418 418 418 419 419 419 373 373 373 419 419 419 374 374 374 374 374 374 419 419 419 420 420 420 374 374 374 420 420 420 375 375 375 375 375 375 420 420 420 421 421 421 375 375 375 421 421 421 376 376 376 376 376 376 421 421 421 422 422 422 376 376 376 422 422 422 377 377 377 377 377 377 422 422 422 423 423 423 377 377 377 423 423 423 378 378 378 378 378 378 423 423 423 424 424 424 378 378 378 424 424 424 379 379 379 379 379 379 424 424 424 425 425 425 379 379 379 425 425 425 380 380 380 380 380 380 425 425 425 426 426 426 380 380 380 426 426 426 381 381 381 381 381 381 426 426 426 427 427 427 381 381 381 427 427 427 382 382 382 382 382 382 427 427 427 428 428 428 382 382 382 428 428 428 383 383 383 383 383 383 428 428 428 429 429 429 383 383 383 429 429 429 384 384 384 384 384 384 429 429 429 430 430 430 384 384 384 430 430 430 385 385 385 385 385 385 430 430 430 431 431 431 385 385 385 431 431 431 386 386 386 386 386 386 431 431 431 432 432 432 386 386 386 432 432 432 387 387 387 387 387 387 432 432 432 433 433 433 387 387 387 433 433 433 388 388 388 388 388 388 433 433 433 434 434 434 388 388 388 434 434 434 389 389 389 389 389 389 434 434 434 435 435 435 389 389 389 435 435 435 390 390 390 390 390 390 435 435 435 436 436 436 390 390 390 436 436 436 391 391 391 391 391 391 436 436 436 437 437 437 391 391 391 437 437 437 392 392 392 392 392 392 437 437 437 438 438 438 392 392 392 438 438 438 393 393 393 393 393 393 438 438 438 439 439 439 393 393 393 439 439 439 394 394 394 394 394 394 439 439 439 440 440 440 394 394 394 440 440 440 395 395 395 395 395 395 440 440 440 441 441 441 395 395 395 441 441 441 396 396 396 396 396 396 441 441 441 442 442 442 396 396 396 442 442 442 397 397 397 397 397 397 442 442 442 443 443 443 397 397 397 443 443 443 398 398 398 398 398 398 443 443 443 444 444 444 398 398 398 444 444 444 399 399 399 399 399 399 444 444 444 445 445 445 399 399 399 445 445 445 400 400 400 400 400 400 445 445 445 446 446 446 400 400 400 446 446 446 401 401 401 401 401 401 446 446 446 447 447 447 401 401 401 447 447 447 402 402 402 402 402 402 447 447 447 448 448 448 402 402 402 448 448 448 403 403 403 403 403 403 448 448 448 449 449 449 403 403 403 449 449 449 404 404 404 404 404 404 449 449 449 450 450 450 404 404 404 450 450 450 405 405 405 405 405 405 450 450 450 451 451 451 405 405 405 451 451 451 406 406 406 406 406 406 451 451 451 452 452 452 406 406 406 452 452 452 407 407 407 407 407 407 452 452 452 408 408 408 452 452 452 6 6 6 408 408 408 408 408 408 6 6 6 69 69 69 408 408 408 69 69 69 409 409 409 409 409 409 69 69 69 68 68 68 409 409 409 68 68 68 410 410 410 410 410 410 68 68 68 66 66 66 410 410 410 66 66 66 411 411 411 411 411 411 66 66 66 64 64 64 411 411 411 64 64 64 412 412 412 412 412 412 64 64 64 63 63 63 412 412 412 63 63 63 413 413 413 413 413 413 63 63 63 30 30 30 413 413 413 30 30 30 414 414 414 414 414 414 30 30 30 28 28 28 414 414 414 28 28 28 415 415 415 415 415 415 28 28 28 62 62 62 415 415 415 62 62 62 416 416 416 416 416 416 62 62 62 61 61 61 416 416 416 61 61 61 417 417 417 417 417 417 61 61 61 59 59 59 417 417 417 59 59 59 418 418 418 418 418 418 59 59 59 57 57 57 418 418 418 57 57 57 419 419 419 419 419 419 57 57 57 56 56 56 419 419 419 56 56 56 420 420 420 420 420 420 56 56 56 25 25 25 420 420 420 25 25 25 421 421 421 421 421 421 25 25 25 23 23 23 421 421 421 23 23 23 422 422 422 422 422 422 23 23 23 50 50 50 422 422 422 50 50 50 423 423 423 423 423 423 50 50 50 49 49 49 423 423 423 49 49 49 424 424 424 424 424 424 49 49 49 47 47 47 424 424 424 47 47 47 425 425 425 425 425 425 47 47 47 45 45 45 425 425 425 45 45 45 426 426 426 426 426 426 45 45 45 55 55 55 426 426 426 55 55 55 427 427 427 427 427 427 55 55 55 54 54 54 427 427 427 54 54 54 428 428 428 428 428 428 54 54 54 52 52 52 428 428 428 52 52 52 429 429 429 429 429 429 52 52 52 51 51 51 429 429 429 51 51 51 430 430 430 430 430 430 51 51 51 20 20 20 430 430 430 20 20 20 431 431 431 431 431 431 20 20 20 18 18 18 431 431 431 18 18 18 432 432 432 432 432 432 18 18 18 16 16 16 432 432 432 16 16 16 433 433 433 433 433 433 16 16 16 15 15 15 433 433 433 15 15 15 434 434 434 434 434 434 15 15 15 13 13 13 434 434 434 13 13 13 435 435 435 435 435 435 13 13 13 11 11 11 435 435 435 11 11 11 436 436 436 436 436 436 11 11 11 76 76 76 436 436 436 76 76 76 437 437 437 437 437 437 76 76 76 75 75 75 437 437 437 75 75 75 438 438 438 438 438 438 75 75 75 73 73 73 438 438 438 73 73 73 439 439 439 439 439 439 73 73 73 71 71 71 439 439 439 71 71 71 440 440 440 440 440 440 71 71 71 70 70 70 440 440 440 70 70 70 441 441 441 441 441 441 70 70 70 42 42 42 441 441 441 42 42 42 442 442 442 442 442 442 42 42 42 40 40 40 442 442 442 40 40 40 443 443 443 443 443 443 40 40 40 39 39 39 443 443 443 39 39 39 444 444 444 444 444 444 39 39 39 37 37 37 444 444 444 37 37 37 445 445 445 445 445 445 37 37 37 35 35 35 445 445 445 35 35 35 446 446 446 446 446 446 35 35 35 33 33 33 446 446 446 33 33 33 447 447 447 447 447 447 33 33 33 32 32 32 447 447 447 32 32 32 448 448 448 448 448 448 32 32 32 3 3 3 448 448 448 3 3 3 449 449 449 449 449 449 3 3 3 1 1 1 449 449 449 1 1 1 450 450 450 450 450 450 1 1 1 9 9 9 450 450 450 9 9 9 451 451 451 451 451 451 9 9 9 8 8 8 451 451 451 8 8 8 452 452 452 452 452 452 8 8 8 6 6 6 151 151 151 148 148 148 453 453 453 144 144 144 146 146 146 454 454 454 147 147 147 141 141 141 455 455 455 137 137 137 139 139 139 456 456 456 140 140 140 135 135 135 457 457 457 133 133 133 131 131 131 458 458 458 130 130 130 128 128 128 459 459 459 126 126 126 124 124 124 460 460 460 118 118 118 115 115 115 461 461 461 111 111 111 113 113 113 462 462 462 114 114 114 108 108 108 463 463 463 104 104 104 106 106 106 464 464 464 107 107 107 102 102 102 465 465 465 100 100 100 98 98 98 466 466 466 97 97 97 95 95 95 467 467 467 93 93 93 91 91 91 468 468 468 90 90 90 88 88 88 469 469 469 86 86 86 84 84 84 470 470 470 78 78 78 182 182 182 471 471 471 180 180 180 178 178 178 472 472 472 177 177 177 174 174 174 473 473 473 170 170 170 172 172 172 474 474 474 173 173 173 168 168 168 475 475 475 166 166 166 164 164 164 476 476 476 163 163 163 161 161 161 477 477 477 159 159 159 157 157 157 478 478 478 161 161 161 159 159 159 477 477 477 477 477 477 159 159 159 478 478 478 477 477 477 478 478 478 479 479 479 479 479 479 478 478 478 480 480 480 479 479 479 480 480 480 481 481 481 481 481 481 480 480 480 482 482 482 481 481 481 482 482 482 483 483 483 483 483 483 482 482 482 484 484 484 483 483 483 484 484 484 485 485 485 485 485 485 484 484 484 486 486 486 485 485 485 486 486 486 487 487 487 164 164 164 163 163 163 476 476 476 476 476 476 163 163 163 477 477 477 476 476 476 477 477 477 488 488 488 488 488 488 477 477 477 479 479 479 488 488 488 479 479 479 489 489 489 489 489 489 479 479 479 481 481 481 489 489 489 481 481 481 490 490 490 490 490 490 481 481 481 483 483 483 490 490 490 483 483 483 491 491 491 491 491 491 483 483 483 485 485 485 491 491 491 485 485 485 487 487 487 168 168 168 166 166 166 475 475 475 475 475 475 166 166 166 476 476 476 475 475 475 476 476 476 492 492 492 492 492 492 476 476 476 488 488 488 492 492 492 488 488 488 493 493 493 493 493 493 488 488 488 489 489 489 493 493 493 489 489 489 494 494 494 494 494 494 489 489 489 490 490 490 494 494 494 490 490 490 495 495 495 495 495 495 490 490 490 491 491 491 495 495 495 491 491 491 487 487 487 172 172 172 173 173 173 474 474 474 474 474 474 173 173 173 475 475 475 474 474 474 475 475 475 496 496 496 496 496 496 475 475 475 492 492 492 496 496 496 492 492 492 497 497 497 497 497 497 492 492 492 493 493 493 497 497 497 493 493 493 498 498 498 498 498 498 493 493 493 494 494 494 498 498 498 494 494 494 499 499 499 499 499 499 494 494 494 495 495 495 499 499 499 495 495 495 487 487 487 174 174 174 170 170 170 473 473 473 473 473 473 170 170 170 474 474 474 473 473 473 474 474 474 500 500 500 500 500 500 474 474 474 496 496 496 500 500 500 496 496 496 501 501 501 501 501 501 496 496 496 497 497 497 501 501 501 497 497 497 502 502 502 502 502 502 497 497 497 498 498 498 502 502 502 498 498 498 503 503 503 503 503 503 498 498 498 499 499 499 503 503 503 499 499 499 487 487 487 182 182 182 180 180 180 471 471 471 471 471 471 180 180 180 472 472 472 471 471 471 472 472 472 504 504 504 504 504 504 472 472 472 505 505 505 504 504 504 505 505 505 506 506 506 506 506 506 505 505 505 507 507 507 506 506 506 507 507 507 508 508 508 508 508 508 507 507 507 509 509 509 508 508 508 509 509 509 510 510 510 510 510 510 509 509 509 511 511 511 510 510 510 511 511 511 487 487 487 83 83 83 81 81 81 512 512 512 512 512 512 81 81 81 79 79 79 79 79 79 78 78 78 512 512 512 512 512 512 78 78 78 471 471 471 512 512 512 471 471 471 513 513 513 513 513 513 471 471 471 504 504 504 513 513 513 504 504 504 514 514 514 514 514 514 504 504 504 506 506 506 514 514 514 506 506 506 515 515 515 515 515 515 506 506 506 508 508 508 515 515 515 508 508 508 516 516 516 516 516 516 508 508 508 510 510 510 516 516 516 510 510 510 487 487 487 84 84 84 83 83 83 470 470 470 470 470 470 83 83 83 512 512 512 470 470 470 512 512 512 517 517 517 517 517 517 512 512 512 513 513 513 517 517 517 513 513 513 518 518 518 518 518 518 513 513 513 514 514 514 518 518 518 514 514 514 519 519 519 519 519 519 514 514 514 515 515 515 519 519 519 515 515 515 520 520 520 520 520 520 515 515 515 516 516 516 520 520 520 516 516 516 487 487 487 88 88 88 86 86 86 469 469 469 469 469 469 86 86 86 470 470 470 469 469 469 470 470 470 521 521 521 521 521 521 470 470 470 517 517 517 521 521 521 517 517 517 522 522 522 522 522 522 517 517 517 518 518 518 522 522 522 518 518 518 523 523 523 523 523 523 518 518 518 519 519 519 523 523 523 519 519 519 524 524 524 524 524 524 519 519 519 520 520 520 524 524 524 520 520 520 487 487 487 91 91 91 90 90 90 468 468 468 468 468 468 90 90 90 469 469 469 468 468 468 469 469 469 525 525 525 525 525 525 469 469 469 521 521 521 525 525 525 521 521 521 526 526 526 526 526 526 521 521 521 522 522 522 526 526 526 522 522 522 527 527 527 527 527 527 522 522 522 523 523 523 527 527 527 523 523 523 528 528 528 528 528 528 523 523 523 524 524 524 528 528 528 524 524 524 487 487 487 95 95 95 93 93 93 467 467 467 467 467 467 93 93 93 468 468 468 467 467 467 468 468 468 529 529 529 529 529 529 468 468 468 525 525 525 529 529 529 525 525 525 530 530 530 530 530 530 525 525 525 526 526 526 530 530 530 526 526 526 531 531 531 531 531 531 526 526 526 527 527 527 531 531 531 527 527 527 532 532 532 532 532 532 527 527 527 528 528 528 532 532 532 528 528 528 487 487 487 98 98 98 97 97 97 466 466 466 466 466 466 97 97 97 467 467 467 466 466 466 467 467 467 533 533 533 533 533 533 467 467 467 529 529 529 533 533 533 529 529 529 534 534 534 534 534 534 529 529 529 530 530 530 534 534 534 530 530 530 535 535 535 535 535 535 530 530 530 531 531 531 535 535 535 531 531 531 536 536 536 536 536 536 531 531 531 532 532 532 536 536 536 532 532 532 487 487 487 102 102 102 100 100 100 465 465 465 465 465 465 100 100 100 466 466 466 465 465 465 466 466 466 537 537 537 537 537 537 466 466 466 533 533 533 537 537 537 533 533 533 538 538 538 538 538 538 533 533 533 534 534 534 538 538 538 534 534 534 539 539 539 539 539 539 534 534 534 535 535 535 539 539 539 535 535 535 540 540 540 540 540 540 535 535 535 536 536 536 540 540 540 536 536 536 487 487 487 106 106 106 107 107 107 464 464 464 464 464 464 107 107 107 465 465 465 464 464 464 465 465 465 541 541 541 541 541 541 465 465 465 537 537 537 541 541 541 537 537 537 542 542 542 542 542 542 537 537 537 538 538 538 542 542 542 538 538 538 543 543 543 543 543 543 538 538 538 539 539 539 543 543 543 539 539 539 544 544 544 544 544 544 539 539 539 540 540 540 544 544 544 540 540 540 487 487 487 108 108 108 104 104 104 463 463 463 463 463 463 104 104 104 464 464 464 463 463 463 464 464 464 545 545 545 545 545 545 464 464 464 541 541 541 545 545 545 541 541 541 546 546 546 546 546 546 541 541 541 542 542 542 546 546 546 542 542 542 547 547 547 547 547 547 542 542 542 543 543 543 547 547 547 543 543 543 548 548 548 548 548 548 543 543 543 544 544 544 548 548 548 544 544 544 487 487 487 113 113 113 114 114 114 462 462 462 462 462 462 114 114 114 463 463 463 462 462 462 463 463 463 549 549 549 549 549 549 463 463 463 545 545 545 549 549 549 545 545 545 550 550 550 550 550 550 545 545 545 546 546 546 550 550 550 546 546 546 551 551 551 551 551 551 546 546 546 547 547 547 551 551 551 547 547 547 552 552 552 552 552 552 547 547 547 548 548 548 552 552 552 548 548 548 487 487 487 115 115 115 111 111 111 461 461 461 461 461 461 111 111 111 462 462 462 461 461 461 462 462 462 553 553 553 553 553 553 462 462 462 549 549 549 553 553 553 549 549 549 554 554 554 554 554 554 549 549 549 550 550 550 554 554 554 550 550 550 555 555 555 555 555 555 550 550 550 551 551 551 555 555 555 551 551 551 556 556 556 556 556 556 551 551 551 552 552 552 556 556 556 552 552 552 487 487 487 123 123 123 121 121 121 557 557 557 557 557 557 121 121 121 119 119 119 119 119 119 118 118 118 557 557 557 557 557 557 118 118 118 461 461 461 557 557 557 461 461 461 558 558 558 558 558 558 461 461 461 553 553 553 558 558 558 553 553 553 559 559 559 559 559 559 553 553 553 554 554 554 559 559 559 554 554 554 560 560 560 560 560 560 554 554 554 555 555 555 560 560 560 555 555 555 561 561 561 561 561 561 555 555 555 556 556 556 561 561 561 556 556 556 487 487 487 124 124 124 123 123 123 460 460 460 460 460 460 123 123 123 557 557 557 460 460 460 557 557 557 562 562 562 562 562 562 557 557 557 558 558 558 562 562 562 558 558 558 563 563 563 563 563 563 558 558 558 559 559 559 563 563 563 559 559 559 564 564 564 564 564 564 559 559 559 560 560 560 564 564 564 560 560 560 565 565 565 565 565 565 560 560 560 561 561 561 565 565 565 561 561 561 487 487 487 128 128 128 126 126 126 459 459 459 459 459 459 126 126 126 460 460 460 459 459 459 460 460 460 566 566 566 566 566 566 460 460 460 562 562 562 566 566 566 562 562 562 567 567 567 567 567 567 562 562 562 563 563 563 567 567 567 563 563 563 568 568 568 568 568 568 563 563 563 564 564 564 568 568 568 564 564 564 569 569 569 569 569 569 564 564 564 565 565 565 569 569 569 565 565 565 487 487 487 131 131 131 130 130 130 458 458 458 458 458 458 130 130 130 459 459 459 458 458 458 459 459 459 570 570 570 570 570 570 459 459 459 566 566 566 570 570 570 566 566 566 571 571 571 571 571 571 566 566 566 567 567 567 571 571 571 567 567 567 572 572 572 572 572 572 567 567 567 568 568 568 572 572 572 568 568 568 573 573 573 573 573 573 568 568 568 569 569 569 573 573 573 569 569 569 487 487 487 135 135 135 133 133 133 457 457 457 457 457 457 133 133 133 458 458 458 457 457 457 458 458 458 574 574 574 574 574 574 458 458 458 570 570 570 574 574 574 570 570 570 575 575 575 575 575 575 570 570 570 571 571 571 575 575 575 571 571 571 576 576 576 576 576 576 571 571 571 572 572 572 576 576 576 572 572 572 577 577 577 577 577 577 572 572 572 573 573 573 577 577 577 573 573 573 487 487 487 139 139 139 140 140 140 456 456 456 456 456 456 140 140 140 457 457 457 456 456 456 457 457 457 578 578 578 578 578 578 457 457 457 574 574 574 578 578 578 574 574 574 579 579 579 579 579 579 574 574 574 575 575 575 579 579 579 575 575 575 580 580 580 580 580 580 575 575 575 576 576 576 580 580 580 576 576 576 581 581 581 581 581 581 576 576 576 577 577 577 581 581 581 577 577 577 487 487 487 141 141 141 137 137 137 455 455 455 455 455 455 137 137 137 456 456 456 455 455 455 456 456 456 582 582 582 582 582 582 456 456 456 578 578 578 582 582 582 578 578 578 583 583 583 583 583 583 578 578 578 579 579 579 583 583 583 579 579 579 584 584 584 584 584 584 579 579 579 580 580 580 584 584 584 580 580 580 585 585 585 585 585 585 580 580 580 581 581 581 585 585 585 581 581 581 487 487 487 146 146 146 147 147 147 454 454 454 454 454 454 147 147 147 455 455 455 454 454 454 455 455 455 586 586 586 586 586 586 455 455 455 582 582 582 586 586 586 582 582 582 587 587 587 587 587 587 582 582 582 583 583 583 587 587 587 583 583 583 588 588 588 588 588 588 583 583 583 584 584 584 588 588 588 584 584 584 589 589 589 589 589 589 584 584 584 585 585 585 589 589 589 585 585 585 487 487 487 148 148 148 144 144 144 453 453 453 453 453 453 144 144 144 454 454 454 453 453 453 454 454 454 590 590 590 590 590 590 454 454 454 586 586 586 590 590 590 586 586 586 591 591 591 591 591 591 586 586 586 587 587 587 591 591 591 587 587 587 592 592 592 592 592 592 587 587 587 588 588 588 592 592 592 588 588 588 593 593 593 593 593 593 588 588 588 589 589 589 593 593 593 589 589 589 487 487 487 156 156 156 154 154 154 594 594 594 594 594 594 154 154 154 152 152 152 152 152 152 151 151 151 594 594 594 594 594 594 151 151 151 453 453 453 594 594 594 453 453 453 595 595 595 595 595 595 453 453 453 590 590 590 595 595 595 590 590 590 596 596 596 596 596 596 590 590 590 591 591 591 596 596 596 591 591 591 597 597 597 597 597 597 591 591 591 592 592 592 597 597 597 592 592 592 598 598 598 598 598 598 592 592 592 593 593 593 598 598 598 593 593 593 487 487 487 157 157 157 156 156 156 478 478 478 478 478 478 156 156 156 594 594 594 478 478 478 594 594 594 480 480 480 480 480 480 594 594 594 595 595 595 480 480 480 595 595 595 482 482 482 482 482 482 595 595 595 596 596 596 482 482 482 596 596 596 484 484 484 484 484 484 596 596 596 597 597 597 484 484 484 597 597 597 486 486 486 486 486 486 597 597 597 598 598 598 486 486 486 598 598 598 487 487 487 178 178 178 177 177 177 472 472 472 472 472 472 177 177 177 473 473 473 472 472 472 473 473 473 505 505 505 505 505 505 473 473 473 500 500 500 505 505 505 500 500 500 507 507 507 507 507 507 500 500 500 501 501 501 507 507 507 501 501 501 509 509 509 509 509 509 501 501 501 502 502 502 509 509 509 502 502 502 511 511 511 511 511 511 502 502 502 503 503 503 511 511 511 503 503 503 487 487 487 599 599 599 600 600 600 601 601 601 599 599 599 601 601 601 602 602 602 603 603 603 604 604 604 601 601 601 601 601 601 604 604 604 605 605 605 601 601 601 605 605 605 602 602 602 606 606 606 607 607 607 601 601 601 601 601 601 607 607 607 608 608 608 601 601 601 608 608 608 603 603 603 609 609 609 610 610 610 601 601 601 601 601 601 610 610 610 611 611 611 601 601 601 611 611 611 606 606 606 612 612 612 613 613 613 601 601 601 601 601 601 613 613 613 614 614 614 601 601 601 614 614 614 609 609 609 615 615 615 616 616 616 601 601 601 601 601 601 616 616 616 617 617 617 601 601 601 617 617 617 612 612 612 618 618 618 619 619 619 601 601 601 601 601 601 619 619 619 620 620 620 601 601 601 620 620 620 615 615 615 621 621 621 622 622 622 601 601 601 601 601 601 622 622 622 623 623 623 601 601 601 623 623 623 618 618 618 624 624 624 625 625 625 601 601 601 601 601 601 625 625 625 626 626 626 601 601 601 626 626 626 621 621 621 627 627 627 628 628 628 601 601 601 601 601 601 628 628 628 629 629 629 601 601 601 629 629 629 624 624 624 600 600 600 630 630 630 601 601 601 601 601 601 630 630 630 631 631 631 601 601 601 631 631 631 627 627 627 7 7 7 602 602 602 5 5 5 5 5 5 602 602 602 605 605 605 5 5 5 605 605 605 67 67 67 67 67 67 605 605 605 604 604 604 67 67 67 604 604 604 65 65 65 65 65 65 604 604 604 603 603 603 65 65 65 603 603 603 31 31 31 31 31 31 603 603 603 608 608 608 31 31 31 608 608 608 29 29 29 29 29 29 608 608 608 607 607 607 29 29 29 607 607 607 27 27 27 27 27 27 607 607 607 606 606 606 27 27 27 606 606 606 60 60 60 60 60 60 606 606 606 611 611 611 60 60 60 611 611 611 58 58 58 58 58 58 611 611 611 610 610 610 58 58 58 610 610 610 26 26 26 26 26 26 610 610 610 609 609 609 26 26 26 609 609 609 24 24 24 24 24 24 609 609 609 614 614 614 24 24 24 614 614 614 22 22 22 22 22 22 614 614 614 613 613 613 22 22 22 613 613 613 48 48 48 48 48 48 613 613 613 612 612 612 48 48 48 612 612 612 46 46 46 46 46 46 612 612 612 617 617 617 46 46 46 617 617 617 44 44 44 44 44 44 617 617 617 616 616 616 44 44 44 616 616 616 53 53 53 53 53 53 616 616 616 615 615 615 53 53 53 615 615 615 21 21 21 21 21 21 615 615 615 620 620 620 21 21 21 620 620 620 19 19 19 19 19 19 620 620 620 619 619 619 19 19 19 619 619 619 17 17 17 17 17 17 619 619 619 618 618 618 17 17 17 618 618 618 14 14 14 14 14 14 618 618 618 623 623 623 14 14 14 623 623 623 12 12 12 12 12 12 623 623 623 622 622 622 12 12 12 622 622 622 10 10 10 10 10 10 622 622 622 621 621 621 10 10 10 621 621 621 74 74 74 74 74 74 621 621 621 626 626 626 74 74 74 626 626 626 72 72 72 72 72 72 626 626 626 625 625 625 72 72 72 625 625 625 43 43 43 43 43 43 625 625 625 624 624 624 43 43 43 624 624 624 41 41 41 41 41 41 624 624 624 629 629 629 41 41 41 629 629 629 38 38 38 38 38 38 629 629 629 628 628 628 38 38 38 628 628 628 36 36 36 36 36 36 628 628 628 627 627 627 36 36 36 627 627 627 34 34 34 34 34 34 627 627 627 631 631 631 34 34 34 631 631 631 4 4 4 4 4 4 631 631 631 630 630 630 4 4 4 630 630 630 2 2 2 2 2 2 630 630 630 600 600 600 2 2 2 600 600 600 0 0 0 0 0 0 600 600 600 599 599 599 0 0 0 599 599 599 7 7 7 7 7 7 599 599 599 602 602 602 632 632 632 633 633 633 634 634 634 634 634 634 633 633 633 635 635 635 635 635 635 636 636 636 634 634 634 634 634 634 636 636 636 637 637 637 634 634 634 637 637 637 638 638 638 639 639 639 640 640 640 641 641 641 641 641 641 640 640 640 634 634 634 641 641 641 634 634 634 642 642 642 642 642 642 634 634 634 638 638 638 639 639 639 643 643 643 640 640 640 640 640 640 643 643 643 644 644 644 640 640 640 644 644 644 645 645 645 646 646 646 647 647 647 648 648 648 649 649 649 634 634 634 648 648 648 648 648 648 634 634 634 650 650 650 648 648 648 650 650 650 646 646 646 651 651 651 632 632 632 652 652 652 652 652 652 632 632 632 634 634 634 652 652 652 634 634 634 653 653 653 653 653 653 634 634 634 649 649 649 654 654 654 655 655 655 656 656 656 656 656 656 657 657 657 654 654 654 654 654 654 657 657 657 658 658 658 654 654 654 658 658 658 659 659 659 660 660 660 661 661 661 662 662 662 662 662 662 661 661 661 663 663 663 663 663 663 664 664 664 662 662 662 662 662 662 664 664 664 665 665 665 662 662 662 665 665 665 666 666 666 667 667 667 668 668 668 669 669 669 669 669 669 668 668 668 670 670 670 671 671 671 672 672 672 673 673 673 671 671 671 673 673 673 674 674 674 672 672 672 675 675 675 673 673 673 673 673 673 675 675 675 676 676 676 673 673 673 676 676 676 677 677 677 667 667 667 678 678 678 668 668 668 668 668 668 678 678 678 674 674 674 668 668 668 674 674 674 679 679 679 679 679 679 674 674 674 673 673 673 679 679 679 673 673 673 680 680 680 680 680 680 673 673 673 640 640 640 680 680 680 640 640 640 681 681 681 681 681 681 640 640 640 645 645 645 682 682 682 683 683 683 650 650 650 650 650 650 683 683 683 684 684 684 650 650 650 684 684 684 646 646 646 685 685 685 686 686 686 687 687 687 687 687 687 686 686 686 688 688 688 687 687 687 688 688 688 682 682 682 682 682 682 688 688 688 689 689 689 682 682 682 689 689 689 683 683 683 685 685 685 687 687 687 690 690 690 690 690 690 687 687 687 654 654 654 690 690 690 654 654 654 660 660 660 660 660 660 654 654 654 659 659 659 660 660 660 659 659 659 661 661 661 691 691 691 692 692 692 693 693 693 691 691 691 693 693 693 694 694 694 695 695 695 696 696 696 697 697 697 697 697 697 696 696 696 698 698 698 699 699 699 700 700 700 693 693 693 693 693 693 700 700 700 701 701 701 693 693 693 701 701 701 694 694 694 702 702 702 703 703 703 704 704 704 705 705 705 706 706 706 707 707 707 704 704 704 708 708 708 702 702 702 702 702 702 708 708 708 709 709 709 702 702 702 709 709 709 710 710 710 707 707 707 711 711 711 705 705 705 705 705 705 711 711 711 712 712 712 705 705 705 712 712 712 713 713 713 713 713 713 712 712 712 714 714 714 713 713 713 714 714 714 715 715 715 695 695 695 716 716 716 696 696 696 696 696 696 716 716 716 699 699 699 696 696 696 699 699 699 717 717 717 717 717 717 699 699 699 693 693 693 717 717 717 693 693 693 718 718 718 718 718 718 693 693 693 719 719 719 720 720 720 721 721 721 719 719 719 719 719 719 721 721 721 722 722 722 719 719 719 722 722 722 718 718 718 723 723 723 724 724 724 720 720 720 720 720 720 724 724 724 725 725 725 720 720 720 725 725 725 721 721 721 726 726 726 727 727 727 728 728 728 728 728 728 727 727 727 729 729 729 728 728 728 729 729 729 723 723 723 723 723 723 729 729 729 730 730 730 723 723 723 730 730 730 724 724 724 726 726 726 728 728 728 731 731 731 731 731 731 728 728 728 732 732 732 731 731 731 732 732 732 733 733 733 733 733 733 732 732 732 734 734 734 734 734 734 732 732 732 702 702 702 734 734 734 702 702 702 706 706 706 706 706 706 702 702 702 710 710 710 706 706 706 710 710 710 707 707 707 735 735 735 736 736 736 737 737 737 738 738 738 647 647 647 646 646 646 739 739 739 740 740 740 741 741 741 742 742 742 743 743 743 744 744 744 745 745 745 746 746 746 747 747 747 747 747 747 746 746 746 748 748 748 651 651 651 652 652 652 749 749 749 750 750 750 751 751 751 752 752 752 752 752 752 751 751 751 747 747 747 752 752 752 747 747 747 753 753 753 753 753 753 747 747 747 748 748 748 753 753 753 748 748 748 754 754 754 754 754 754 748 748 748 755 755 755 754 754 754 755 755 755 756 756 756 756 756 756 755 755 755 757 757 757 756 756 756 757 757 757 758 758 758 758 758 758 757 757 757 759 759 759 758 758 758 759 759 759 760 760 760 760 760 760 759 759 759 761 761 761 760 760 760 761 761 761 762 762 762 762 762 762 761 761 761 763 763 763 762 762 762 763 763 763 764 764 764 764 764 764 763 763 763 765 765 765 764 764 764 765 765 765 749 749 749 749 749 749 765 765 765 766 766 766 749 749 749 766 766 766 651 651 651 736 736 736 767 767 767 768 768 768 768 768 768 767 767 767 747 747 747 747 747 747 767 767 767 769 769 769 747 747 747 769 769 769 770 770 770 745 745 745 747 747 747 771 771 771 771 771 771 747 747 747 770 770 770 771 771 771 770 770 770 772 772 772 772 772 772 770 770 770 773 773 773 772 772 772 773 773 773 774 774 774 774 774 774 773 773 773 775 775 775 774 774 774 775 775 775 776 776 776 642 642 642 638 638 638 777 777 777 777 777 777 638 638 638 778 778 778 777 777 777 778 778 778 779 779 779 779 779 779 778 778 778 780 780 780 779 779 779 780 780 780 781 781 781 781 781 781 780 780 780 782 782 782 781 781 781 782 782 782 783 783 783 783 783 783 782 782 782 784 784 784 783 783 783 784 784 784 776 776 776 776 776 776 784 784 784 785 785 785 776 776 776 785 785 785 774 774 774 735 735 735 737 737 737 786 786 786 644 644 644 787 787 787 645 645 645 645 645 645 787 787 787 788 788 788 645 645 645 788 788 788 789 789 789 789 789 789 788 788 788 790 790 790 789 789 789 790 790 790 786 786 786 689 689 689 791 791 791 683 683 683 683 683 683 791 791 791 792 792 792 683 683 683 792 792 792 684 684 684 684 684 684 792 792 792 793 793 793 684 684 684 793 793 793 646 646 646 689 689 689 688 688 688 791 791 791 791 791 791 688 688 688 686 686 686 791 791 791 686 686 686 794 794 794 794 794 794 686 686 686 685 685 685 794 794 794 685 685 685 795 795 795 685 685 685 690 690 690 795 795 795 795 795 795 690 690 690 660 660 660 795 795 795 660 660 660 796 796 796 796 796 796 660 660 660 662 662 662 796 796 796 662 662 662 797 797 797 797 797 797 662 662 662 666 666 666 666 666 666 798 798 798 797 797 797 797 797 797 798 798 798 698 698 698 797 797 797 698 698 698 799 799 799 799 799 799 698 698 698 696 696 696 799 799 799 696 696 696 800 800 800 800 800 800 696 696 696 717 717 717 717 717 717 718 718 718 800 800 800 800 800 800 718 718 718 722 722 722 800 800 800 722 722 722 801 801 801 801 801 801 722 722 722 721 721 721 801 801 801 721 721 721 802 802 802 802 802 802 721 721 721 725 725 725 802 802 802 725 725 725 803 803 803 803 803 803 725 725 725 724 724 724 803 803 803 724 724 724 804 804 804 804 804 804 724 724 724 730 730 730 730 730 730 729 729 729 804 804 804 804 804 804 729 729 729 727 727 727 804 804 804 727 727 727 805 805 805 805 805 805 727 727 727 726 726 726 805 805 805 726 726 726 806 806 806 726 726 726 731 731 731 806 806 806 806 806 806 731 731 731 733 733 733 806 806 806 733 733 733 807 807 807 807 807 807 733 733 733 734 734 734 807 807 807 734 734 734 808 808 808 808 808 808 734 734 734 706 706 706 706 706 706 705 705 705 808 808 808 808 808 808 705 705 705 713 713 713 808 808 808 713 713 713 809 809 809 809 809 809 713 713 713 715 715 715 809 809 809 715 715 715 810 810 810 810 810 810 715 715 715 811 811 811 811 811 811 812 812 812 810 810 810 810 810 810 812 812 812 813 813 813 810 810 810 813 813 813 814 814 814 814 814 814 813 813 813 815 815 815 814 814 814 815 815 815 816 816 816 816 816 816 815 815 815 817 817 817 816 816 816 817 817 817 818 818 818 818 818 818 817 817 817 819 819 819 818 818 818 819 819 819 820 820 820 820 820 820 819 819 819 821 821 821 821 821 821 822 822 822 820 820 820 820 820 820 822 822 822 823 823 823 820 820 820 823 823 823 824 824 824 824 824 824 823 823 823 825 825 825 824 824 824 825 825 825 826 826 826 826 826 826 825 825 825 827 827 827 826 826 826 827 827 827 828 828 828 828 828 828 827 827 827 829 829 829 828 828 828 829 829 829 830 830 830 830 830 830 829 829 829 831 831 831 831 831 831 832 832 832 830 830 830 830 830 830 832 832 832 833 833 833 830 830 830 833 833 833 834 834 834 834 834 834 833 833 833 835 835 835 834 834 834 835 835 835 836 836 836 836 836 836 835 835 835 837 837 837 836 836 836 837 837 837 838 838 838 837 837 837 839 839 839 838 838 838 838 838 838 839 839 839 670 670 670 838 838 838 670 670 670 840 840 840 670 670 670 668 668 668 840 840 840 840 840 840 668 668 668 679 679 679 840 840 840 679 679 679 841 841 841 841 841 841 679 679 679 680 680 680 841 841 841 680 680 680 789 789 789 789 789 789 680 680 680 681 681 681 789 789 789 681 681 681 645 645 645 786 786 786 842 842 842 789 789 789 789 789 789 842 842 842 843 843 843 789 789 789 843 843 843 841 841 841 841 841 841 843 843 843 844 844 844 841 841 841 844 844 844 840 840 840 840 840 840 844 844 844 845 845 845 840 840 840 845 845 845 838 838 838 838 838 838 845 845 845 846 846 846 838 838 838 846 846 846 836 836 836 836 836 836 846 846 846 847 847 847 836 836 836 847 847 847 834 834 834 834 834 834 847 847 847 848 848 848 834 834 834 848 848 848 830 830 830 830 830 830 848 848 848 849 849 849 830 830 830 849 849 849 828 828 828 828 828 828 849 849 849 850 850 850 828 828 828 850 850 850 826 826 826 826 826 826 850 850 850 851 851 851 826 826 826 851 851 851 824 824 824 824 824 824 851 851 851 852 852 852 824 824 824 852 852 852 820 820 820 820 820 820 852 852 852 853 853 853 820 820 820 853 853 853 818 818 818 818 818 818 853 853 853 854 854 854 818 818 818 854 854 854 816 816 816 816 816 816 854 854 854 855 855 855 816 816 816 855 855 855 814 814 814 814 814 814 855 855 855 856 856 856 814 814 814 856 856 856 810 810 810 810 810 810 856 856 856 857 857 857 810 810 810 857 857 857 809 809 809 809 809 809 857 857 857 858 858 858 809 809 809 858 858 858 808 808 808 808 808 808 858 858 858 859 859 859 808 808 808 859 859 859 807 807 807 807 807 807 859 859 859 860 860 860 807 807 807 860 860 860 806 806 806 806 806 806 860 860 860 861 861 861 806 806 806 861 861 861 805 805 805 805 805 805 861 861 861 862 862 862 805 805 805 862 862 862 804 804 804 804 804 804 862 862 862 863 863 863 804 804 804 863 863 863 803 803 803 803 803 803 863 863 863 864 864 864 803 803 803 864 864 864 802 802 802 802 802 802 864 864 864 865 865 865 802 802 802 865 865 865 801 801 801 801 801 801 865 865 865 866 866 866 801 801 801 866 866 866 800 800 800 800 800 800 866 866 866 867 867 867 800 800 800 867 867 867 799 799 799 799 799 799 867 867 867 868 868 868 799 799 799 868 868 868 797 797 797 797 797 797 868 868 868 869 869 869 797 797 797 869 869 869 796 796 796 796 796 796 869 869 869 870 870 870 796 796 796 870 870 870 795 795 795 795 795 795 870 870 870 871 871 871 795 795 795 871 871 871 794 794 794 794 794 794 871 871 871 872 872 872 794 794 794 872 872 872 791 791 791 791 791 791 872 872 872 873 873 873 791 791 791 873 873 873 792 792 792 792 792 792 873 873 873 739 739 739 792 792 792 739 739 739 793 793 793 793 793 793 739 739 739 741 741 741 793 793 793 741 741 741 646 646 646 646 646 646 741 741 741 874 874 874 646 646 646 874 874 874 738 738 738 786 786 786 737 737 737 842 842 842 842 842 842 737 737 737 875 875 875 842 842 842 875 875 875 843 843 843 843 843 843 875 875 875 876 876 876 843 843 843 876 876 876 844 844 844 844 844 844 876 876 876 877 877 877 844 844 844 877 877 877 845 845 845 845 845 845 877 877 877 878 878 878 845 845 845 878 878 878 846 846 846 846 846 846 878 878 878 879 879 879 846 846 846 879 879 879 847 847 847 847 847 847 879 879 879 880 880 880 847 847 847 880 880 880 848 848 848 848 848 848 880 880 880 881 881 881 848 848 848 881 881 881 849 849 849 849 849 849 881 881 881 882 882 882 849 849 849 882 882 882 850 850 850 850 850 850 882 882 882 883 883 883 850 850 850 883 883 883 851 851 851 851 851 851 883 883 883 884 884 884 851 851 851 884 884 884 852 852 852 852 852 852 884 884 884 885 885 885 852 852 852 885 885 885 853 853 853 853 853 853 885 885 885 886 886 886 853 853 853 886 886 886 854 854 854 854 854 854 886 886 886 887 887 887 854 854 854 887 887 887 855 855 855 855 855 855 887 887 887 888 888 888 855 855 855 888 888 888 856 856 856 856 856 856 888 888 888 889 889 889 856 856 856 889 889 889 857 857 857 857 857 857 889 889 889 890 890 890 857 857 857 890 890 890 858 858 858 858 858 858 890 890 890 891 891 891 858 858 858 891 891 891 859 859 859 859 859 859 891 891 891 892 892 892 859 859 859 892 892 892 860 860 860 860 860 860 892 892 892 893 893 893 860 860 860 893 893 893 861 861 861 861 861 861 893 893 893 894 894 894 861 861 861 894 894 894 862 862 862 862 862 862 894 894 894 895 895 895 862 862 862 895 895 895 863 863 863 863 863 863 895 895 895 896 896 896 863 863 863 896 896 896 864 864 864 864 864 864 896 896 896 897 897 897 864 864 864 897 897 897 865 865 865 865 865 865 897 897 897 898 898 898 865 865 865 898 898 898 866 866 866 866 866 866 898 898 898 899 899 899 866 866 866 899 899 899 867 867 867 867 867 867 899 899 899 900 900 900 867 867 867 900 900 900 868 868 868 868 868 868 900 900 900 901 901 901 868 868 868 901 901 901 869 869 869 869 869 869 901 901 901 902 902 902 869 869 869 902 902 902 870 870 870 870 870 870 902 902 902 903 903 903 870 870 870 903 903 903 871 871 871 871 871 871 903 903 903 904 904 904 871 871 871 904 904 904 872 872 872 872 872 872 904 904 904 905 905 905 872 872 872 905 905 905 873 873 873 873 873 873 905 905 905 742 742 742 873 873 873 742 742 742 739 739 739 739 739 739 742 742 742 744 744 744 739 739 739 744 744 744 740 740 740 736 736 736 768 768 768 737 737 737 737 737 737 768 768 768 906 906 906 737 737 737 906 906 906 875 875 875 875 875 875 906 906 906 907 907 907 875 875 875 907 907 907 876 876 876 876 876 876 907 907 907 908 908 908 876 876 876 908 908 908 877 877 877 877 877 877 908 908 908 909 909 909 877 877 877 909 909 909 878 878 878 878 878 878 909 909 909 910 910 910 878 878 878 910 910 910 879 879 879 879 879 879 910 910 910 911 911 911 879 879 879 911 911 911 880 880 880 880 880 880 911 911 911 912 912 912 880 880 880 912 912 912 881 881 881 881 881 881 912 912 912 913 913 913 881 881 881 913 913 913 882 882 882 882 882 882 913 913 913 914 914 914 882 882 882 914 914 914 883 883 883 883 883 883 914 914 914 915 915 915 883 883 883 915 915 915 884 884 884 884 884 884 915 915 915 916 916 916 884 884 884 916 916 916 885 885 885 885 885 885 916 916 916 917 917 917 885 885 885 917 917 917 886 886 886 886 886 886 917 917 917 918 918 918 886 886 886 918 918 918 887 887 887 887 887 887 918 918 918 919 919 919 887 887 887 919 919 919 888 888 888 888 888 888 919 919 919 920 920 920 888 888 888 920 920 920 889 889 889 889 889 889 920 920 920 921 921 921 889 889 889 921 921 921 890 890 890 890 890 890 921 921 921 922 922 922 890 890 890 922 922 922 891 891 891 891 891 891 922 922 922 923 923 923 891 891 891 923 923 923 892 892 892 892 892 892 923 923 923 924 924 924 892 892 892 924 924 924 893 893 893 893 893 893 924 924 924 925 925 925 893 893 893 925 925 925 894 894 894 894 894 894 925 925 925 926 926 926 894 894 894 926 926 926 895 895 895 895 895 895 926 926 926 927 927 927 895 895 895 927 927 927 896 896 896 896 896 896 927 927 927 928 928 928 896 896 896 928 928 928 897 897 897 897 897 897 928 928 928 929 929 929 897 897 897 929 929 929 898 898 898 898 898 898 929 929 929 930 930 930 898 898 898 930 930 930 899 899 899 899 899 899 930 930 930 931 931 931 899 899 899 931 931 931 900 900 900 900 900 900 931 931 931 932 932 932 900 900 900 932 932 932 901 901 901 901 901 901 932 932 932 933 933 933 901 901 901 933 933 933 902 902 902 902 902 902 933 933 933 934 934 934 902 902 902 934 934 934 903 903 903 903 903 903 934 934 934 935 935 935 903 903 903 935 935 935 904 904 904 904 904 904 935 935 935 936 936 936 904 904 904 936 936 936 905 905 905 905 905 905 936 936 936 751 751 751 905 905 905 751 751 751 742 742 742 742 742 742 751 751 751 750 750 750 742 742 742 750 750 750 743 743 743 937 937 937 938 938 938 939 939 939 937 937 937 939 939 939 940 940 940 941 941 941 813 813 813 942 942 942 942 942 942 813 813 813 812 812 812 942 942 942 812 812 812 943 943 943 943 943 943 812 812 812 811 811 811 944 944 944 945 945 945 939 939 939 939 939 939 945 945 945 946 946 946 939 939 939 946 946 946 940 940 940 947 947 947 948 948 948 949 949 949 949 949 949 950 950 950 947 947 947 947 947 947 950 950 950 951 951 951 947 947 947 951 951 951 952 952 952 953 953 953 835 835 835 954 954 954 954 954 954 835 835 835 833 833 833 953 953 953 955 955 955 835 835 835 835 835 835 955 955 955 956 956 956 835 835 835 956 956 956 837 837 837 941 941 941 944 944 944 813 813 813 813 813 813 944 944 944 939 939 939 813 813 813 939 939 939 815 815 815 815 815 815 939 939 939 957 957 957 815 815 815 957 957 957 817 817 817 817 817 817 957 957 957 819 819 819 819 819 819 957 957 957 958 958 958 819 819 819 958 958 958 821 821 821 821 821 821 958 958 958 822 822 822 822 822 822 958 958 958 959 959 959 822 822 822 959 959 959 823 823 823 823 823 823 959 959 959 825 825 825 825 825 825 959 959 959 960 960 960 825 825 825 960 960 960 827 827 827 827 827 827 960 960 960 829 829 829 829 829 829 960 960 960 961 961 961 829 829 829 961 961 961 831 831 831 831 831 831 961 961 961 832 832 832 832 832 832 961 961 961 947 947 947 832 832 832 947 947 947 833 833 833 833 833 833 947 947 947 952 952 952 833 833 833 952 952 952 954 954 954 720 720 720 719 719 719 702 702 702 962 962 962 963 963 963 938 938 938 938 938 938 963 963 963 703 703 703 964 964 964 965 965 965 692 692 692 692 692 692 965 965 965 655 655 655 693 693 693 938 938 938 719 719 719 719 719 719 938 938 938 703 703 703 719 719 719 703 703 703 702 702 702 677 677 677 966 966 966 967 967 967 654 654 654 687 687 687 948 948 948 693 693 693 692 692 692 938 938 938 938 938 938 692 692 692 655 655 655 938 938 938 655 655 655 939 939 939 939 939 939 655 655 655 654 654 654 939 939 939 654 654 654 957 957 957 948 948 948 947 947 947 654 654 654 654 654 654 947 947 947 961 961 961 654 654 654 961 961 961 960 960 960 960 960 960 959 959 959 654 654 654 654 654 654 959 959 959 958 958 958 654 654 654 958 958 958 957 957 957 720 720 720 702 702 702 723 723 723 723 723 723 702 702 702 732 732 732 723 723 723 732 732 732 728 728 728 682 682 682 650 650 650 634 634 634 634 634 634 640 640 640 682 682 682 682 682 682 640 640 640 673 673 673 682 682 682 673 673 673 687 687 687 687 687 687 673 673 673 677 677 677 687 687 687 677 677 677 948 948 948 948 948 948 677 677 677 967 967 967 948 948 948 967 967 967 968 968 968 747 747 747 751 751 751 969 969 969 907 907 907 906 906 906 969 969 969 969 969 969 906 906 906 768 768 768 969 969 969 768 768 768 747 747 747 910 910 910 909 909 909 969 969 969 969 969 969 909 909 909 908 908 908 969 969 969 908 908 908 907 907 907 913 913 913 912 912 912 969 969 969 969 969 969 912 912 912 911 911 911 969 969 969 911 911 911 910 910 910 916 916 916 915 915 915 969 969 969 969 969 969 915 915 915 914 914 914 969 969 969 914 914 914 913 913 913 919 919 919 918 918 918 969 969 969 969 969 969 918 918 918 917 917 917 969 969 969 917 917 917 916 916 916 922 922 922 921 921 921 969 969 969 969 969 969 921 921 921 920 920 920 969 969 969 920 920 920 919 919 919 925 925 925 924 924 924 969 969 969 969 969 969 924 924 924 923 923 923 969 969 969 923 923 923 922 922 922 928 928 928 927 927 927 969 969 969 969 969 969 927 927 927 926 926 926 969 969 969 926 926 926 925 925 925 931 931 931 930 930 930 969 969 969 969 969 969 930 930 930 929 929 929 969 969 969 929 929 929 928 928 928 934 934 934 933 933 933 969 969 969 969 969 969 933 933 933 932 932 932 969 969 969 932 932 932 931 931 931 751 751 751 936 936 936 969 969 969 969 969 969 936 936 936 935 935 935 969 969 969 935 935 935 934 934 934 970 970 970 971 971 971 952 952 952 952 952 952 971 971 971 954 954 954 972 972 972 670 670 670 839 839 839 972 972 972 839 839 839 973 973 973 973 973 973 839 839 839 837 837 837 973 973 973 837 837 837 974 974 974 671 671 671 674 674 674 975 975 975 975 975 975 674 674 674 976 976 976 977 977 977 978 978 978 979 979 979 980 980 980 981 981 981 982 982 982 983 983 983 984 984 984 985 985 985 970 970 970 986 986 986 987 987 987 985 985 985 988 988 988 983 983 983 983 983 983 988 988 988 989 989 989 983 983 983 989 989 989 990 990 990 970 970 970 987 987 987 971 971 971 991 991 991 992 992 992 993 993 993 993 993 993 992 992 992 987 987 987 993 993 993 987 987 987 994 994 994 994 994 994 987 987 987 986 986 986 995 995 995 996 996 996 997 997 997 997 997 997 996 996 996 998 998 998 997 997 997 998 998 998 999 999 999 999 999 999 998 998 998 1000 1000 1000 991 991 991 993 993 993 1001 1001 1001 1001 1001 1001 993 993 993 968 968 968 1001 1001 1001 968 968 968 1002 1002 1002 1002 1002 1002 968 968 968 967 967 967 1002 1002 1002 967 967 967 1003 1003 1003 1003 1003 1003 967 967 967 966 966 966 1003 1003 1003 966 966 966 1004 1004 1004 1004 1004 1004 966 966 966 1005 1005 1005 1004 1004 1004 1005 1005 1005 1006 1006 1006 1006 1006 1006 1005 1005 1005 1007 1007 1007 1006 1006 1006 1007 1007 1007 1008 1008 1008 1008 1008 1008 1007 1007 1007 1009 1009 1009 1008 1008 1008 1009 1009 1009 1000 1000 1000 1000 1000 1000 1009 1009 1009 975 975 975 1000 1000 1000 975 975 975 999 999 999 975 975 975 976 976 976 999 999 999 999 999 999 976 976 976 1010 1010 1010 999 999 999 1010 1010 1010 1011 1011 1011 1011 1011 1011 1010 1010 1010 1012 1012 1012 1012 1012 1012 1013 1013 1013 1011 1011 1011 1011 1011 1011 1013 1013 1013 972 972 972 1011 1011 1011 972 972 972 1014 1014 1014 1014 1014 1014 972 972 972 973 973 973 1014 1014 1014 973 973 973 984 984 984 984 984 984 973 973 973 974 974 974 984 984 984 974 974 974 985 985 985 1015 1015 1015 1016 1016 1016 1017 1017 1017 1018 1018 1018 1019 1019 1019 1020 1020 1020 1020 1020 1020 1019 1019 1019 1021 1021 1021 1021 1021 1021 1022 1022 1022 1023 1023 1023 1023 1023 1023 1022 1022 1022 1024 1024 1024 1025 1025 1025 1026 1026 1026 1027 1027 1027 1027 1027 1027 1026 1026 1026 1028 1028 1028 1027 1027 1027 1028 1028 1028 1029 1029 1029 1029 1029 1029 1028 1028 1028 1030 1030 1030 1029 1029 1029 1030 1030 1030 1031 1031 1031 1031 1031 1031 1030 1030 1030 1032 1032 1032 1031 1031 1031 1032 1032 1032 1033 1033 1033 1033 1033 1033 1032 1032 1032 1023 1023 1023 1033 1033 1033 1023 1023 1023 1034 1034 1034 1034 1034 1034 1023 1023 1023 1024 1024 1024 1035 1035 1035 1036 1036 1036 1037 1037 1037 1035 1035 1035 1037 1037 1037 1038 1038 1038 1016 1016 1016 1039 1039 1039 1017 1017 1017 1017 1017 1017 1039 1039 1039 1040 1040 1040 1017 1017 1017 1040 1040 1040 1041 1041 1041 1040 1040 1040 1042 1042 1042 1041 1041 1041 1041 1041 1041 1042 1042 1042 1043 1043 1043 1041 1041 1041 1043 1043 1043 1044 1044 1044 1044 1044 1044 1045 1045 1045 1041 1041 1041 1041 1041 1041 1045 1045 1045 1046 1046 1046 1041 1041 1041 1046 1046 1046 1047 1047 1047 1047 1047 1047 1046 1046 1046 1048 1048 1048 1047 1047 1047 1048 1048 1048 1049 1049 1049 1049 1049 1049 1048 1048 1048 1050 1050 1050 1049 1049 1049 1050 1050 1050 1051 1051 1051 1051 1051 1051 1050 1050 1050 1052 1052 1052 1051 1051 1051 1052 1052 1052 1037 1037 1037 1037 1037 1037 1052 1052 1052 1053 1053 1053 1037 1037 1037 1053 1053 1053 1038 1038 1038 1054 1054 1054 1055 1055 1055 1056 1056 1056 1054 1054 1054 1056 1056 1056 1057 1057 1057 1058 1058 1058 1059 1059 1059 1060 1060 1060 1060 1060 1060 1059 1059 1059 1061 1061 1061 1060 1060 1060 1061 1061 1061 1056 1056 1056 1056 1056 1056 1061 1061 1061 1062 1062 1062 1056 1056 1056 1062 1062 1062 1057 1057 1057 992 992 992 1063 1063 1063 987 987 987 987 987 987 1063 1063 1063 1064 1064 1064 987 987 987 1064 1064 1064 1065 1065 1065 1065 1065 1065 1066 1066 1066 1067 1067 1067 1067 1067 1067 1066 1066 1066 1068 1068 1068 1067 1067 1067 1068 1068 1068 1069 1069 1069 1070 1070 1070 1071 1071 1071 1058 1058 1058 1058 1058 1058 1071 1071 1071 1072 1072 1072 1058 1058 1058 1072 1072 1072 1059 1059 1059 1069 1069 1069 1073 1073 1073 1067 1067 1067 1067 1067 1067 1073 1073 1073 1071 1071 1071 1067 1067 1067 1071 1071 1071 1074 1074 1074 1074 1074 1074 1071 1071 1071 1070 1070 1070 1075 1075 1075 1076 1076 1076 1077 1077 1077 1078 1078 1078 1079 1079 1079 1080 1080 1080 1080 1080 1080 1079 1079 1079 1081 1081 1081 1082 1082 1082 1083 1083 1083 1084 1084 1084 1084 1084 1084 1085 1085 1085 1082 1082 1082 1082 1082 1082 1085 1085 1085 1086 1086 1086 1082 1082 1082 1086 1086 1086 1087 1087 1087 1087 1087 1087 1086 1086 1086 1088 1088 1088 1089 1089 1089 1090 1090 1090 1091 1091 1091 1091 1091 1091 1090 1090 1090 1092 1092 1092 1091 1091 1091 1092 1092 1092 1093 1093 1093 1093 1093 1093 1092 1092 1092 1094 1094 1094 1093 1093 1093 1094 1094 1094 1088 1088 1088 1088 1088 1088 1094 1094 1094 1095 1095 1095 1088 1088 1088 1095 1095 1095 1087 1087 1087 1096 1096 1096 1097 1097 1097 1098 1098 1098 1099 1099 1099 1100 1100 1100 1098 1098 1098 1098 1098 1098 1100 1100 1100 1101 1101 1101 1098 1098 1098 1101 1101 1101 1096 1096 1096 1076 1076 1076 1102 1102 1102 1077 1077 1077 1077 1077 1077 1102 1102 1102 1103 1103 1103 1077 1077 1077 1103 1103 1103 1104 1104 1104 1103 1103 1103 1105 1105 1105 1104 1104 1104 1104 1104 1104 1105 1105 1105 1106 1106 1106 1104 1104 1104 1106 1106 1106 1107 1107 1107 1107 1107 1107 1108 1108 1108 1104 1104 1104 1104 1104 1104 1108 1108 1108 1109 1109 1109 1104 1104 1104 1109 1109 1109 1110 1110 1110 1110 1110 1110 1109 1109 1109 1111 1111 1111 1110 1110 1110 1111 1111 1111 1112 1112 1112 1112 1112 1112 1111 1111 1111 1113 1113 1113 1112 1112 1112 1113 1113 1113 1114 1114 1114 1114 1114 1114 1113 1113 1113 1099 1099 1099 1114 1114 1114 1099 1099 1099 1115 1115 1115 1115 1115 1115 1099 1099 1099 1098 1098 1098 1116 1116 1116 1117 1117 1117 1118 1118 1118 1119 1119 1119 1120 1120 1120 1121 1121 1121 1121 1121 1121 1120 1120 1120 1122 1122 1122 1123 1123 1123 1124 1124 1124 1125 1125 1125 1116 1116 1116 1126 1126 1126 1117 1117 1117 1117 1117 1117 1126 1126 1126 1127 1127 1127 1117 1117 1117 1127 1127 1127 1128 1128 1128 1128 1128 1128 1127 1127 1127 1129 1129 1129 1128 1128 1128 1129 1129 1129 1130 1130 1130 1130 1130 1130 1129 1129 1129 1131 1131 1131 1130 1130 1130 1131 1131 1131 1132 1132 1132 1132 1132 1132 1131 1131 1131 1123 1123 1123 1132 1132 1132 1123 1123 1123 1133 1133 1133 1133 1133 1133 1123 1123 1123 1125 1125 1125 1134 1134 1134 1135 1135 1135 1136 1136 1136 1134 1134 1134 1136 1136 1136 1137 1137 1137 1138 1138 1138 1139 1139 1139 1140 1140 1140 1140 1140 1140 1139 1139 1139 1141 1141 1141 1140 1140 1140 1141 1141 1141 1136 1136 1136 1136 1136 1136 1141 1141 1141 1142 1142 1142 1136 1136 1136 1142 1142 1142 1137 1137 1137 1143 1143 1143 1144 1144 1144 1145 1145 1145 1145 1145 1145 1144 1144 1144 1146 1146 1146 1145 1145 1145 1146 1146 1146 1147 1147 1147 1148 1148 1148 1149 1149 1149 1150 1150 1150 1150 1150 1150 1149 1149 1149 1151 1151 1151 1152 1152 1152 1153 1153 1153 1138 1138 1138 1138 1138 1138 1153 1153 1153 1154 1154 1154 1138 1138 1138 1154 1154 1154 1139 1139 1139 1151 1151 1151 1155 1155 1155 1150 1150 1150 1150 1150 1150 1155 1155 1155 1153 1153 1153 1150 1150 1150 1153 1153 1153 1156 1156 1156 1156 1156 1156 1153 1153 1153 1152 1152 1152 1157 1157 1157 1158 1158 1158 1159 1159 1159 1160 1160 1160 1161 1161 1161 1162 1162 1162 1162 1162 1162 1161 1161 1161 1163 1163 1163 1164 1164 1164 1165 1165 1165 1166 1166 1166 1166 1166 1166 1167 1167 1167 1164 1164 1164 1164 1164 1164 1167 1167 1167 1168 1168 1168 1164 1164 1164 1168 1168 1168 1169 1169 1169 1169 1169 1169 1168 1168 1168 1170 1170 1170 1171 1171 1171 1172 1172 1172 1173 1173 1173 1173 1173 1173 1172 1172 1172 1174 1174 1174 1173 1173 1173 1174 1174 1174 1175 1175 1175 1175 1175 1175 1174 1174 1174 1176 1176 1176 1175 1175 1175 1176 1176 1176 1170 1170 1170 1170 1170 1170 1176 1176 1176 1177 1177 1177 1170 1170 1170 1177 1177 1177 1169 1169 1169 1178 1178 1178 1179 1179 1179 1180 1180 1180 1181 1181 1181 1182 1182 1182 1180 1180 1180 1180 1180 1180 1182 1182 1182 1183 1183 1183 1180 1180 1180 1183 1183 1183 1178 1178 1178 1158 1158 1158 1184 1184 1184 1159 1159 1159 1159 1159 1159 1184 1184 1184 1185 1185 1185 1159 1159 1159 1185 1185 1185 1186 1186 1186 1185 1185 1185 1187 1187 1187 1186 1186 1186 1186 1186 1186 1187 1187 1187 1188 1188 1188 1186 1186 1186 1188 1188 1188 1189 1189 1189 1189 1189 1189 1190 1190 1190 1186 1186 1186 1186 1186 1186 1190 1190 1190 1191 1191 1191 1186 1186 1186 1191 1191 1191 1192 1192 1192 1192 1192 1192 1191 1191 1191 1193 1193 1193 1192 1192 1192 1193 1193 1193 1194 1194 1194 1194 1194 1194 1193 1193 1193 1195 1195 1195 1194 1194 1194 1195 1195 1195 1196 1196 1196 1196 1196 1196 1195 1195 1195 1181 1181 1181 1196 1196 1196 1181 1181 1181 1197 1197 1197 1197 1197 1197 1181 1181 1181 1180 1180 1180 1198 1198 1198 1199 1199 1199 1200 1200 1200 1201 1201 1201 1202 1202 1202 1203 1203 1203 1203 1203 1203 1202 1202 1202 1204 1204 1204 1203 1203 1203 1204 1204 1204 1205 1205 1205 1205 1205 1205 1204 1204 1204 1206 1206 1206 1205 1205 1205 1206 1206 1206 1207 1207 1207 1198 1198 1198 1208 1208 1208 1199 1199 1199 1199 1199 1199 1208 1208 1208 1209 1209 1209 1199 1199 1199 1209 1209 1209 1210 1210 1210 1210 1210 1210 1209 1209 1209 1211 1211 1211 1210 1210 1210 1211 1211 1211 1212 1212 1212 1212 1212 1212 1211 1211 1211 1213 1213 1213 1212 1212 1212 1213 1213 1213 1214 1214 1214 1214 1214 1214 1213 1213 1213 1205 1205 1205 1214 1214 1214 1205 1205 1205 1215 1215 1215 1215 1215 1215 1205 1205 1205 1207 1207 1207 1216 1216 1216 1217 1217 1217 1218 1218 1218 1216 1216 1216 1218 1218 1218 1219 1219 1219 1220 1220 1220 1221 1221 1221 1222 1222 1222 1222 1222 1222 1221 1221 1221 1223 1223 1223 1222 1222 1222 1223 1223 1223 1218 1218 1218 1218 1218 1218 1223 1223 1223 1224 1224 1224 1218 1218 1218 1224 1224 1224 1219 1219 1219 1225 1225 1225 1226 1226 1226 1227 1227 1227 1227 1227 1227 1226 1226 1226 1228 1228 1228 1227 1227 1227 1228 1228 1228 1229 1229 1229 1229 1229 1229 1230 1230 1230 1231 1231 1231 1231 1231 1231 1230 1230 1230 1232 1232 1232 1231 1231 1231 1232 1232 1232 1233 1233 1233 1234 1234 1234 1235 1235 1235 1220 1220 1220 1220 1220 1220 1235 1235 1235 1236 1236 1236 1220 1220 1220 1236 1236 1236 1221 1221 1221 1233 1233 1233 1237 1237 1237 1231 1231 1231 1231 1231 1231 1237 1237 1237 1235 1235 1235 1231 1231 1231 1235 1235 1235 1238 1238 1238 1238 1238 1238 1235 1235 1235 1234 1234 1234 1239 1239 1239 1240 1240 1240 1241 1241 1241 1241 1241 1241 1240 1240 1240 1242 1242 1242 1243 1243 1243 1244 1244 1244 1245 1245 1245 1245 1245 1245 1246 1246 1246 1243 1243 1243 1243 1243 1243 1246 1246 1246 1247 1247 1247 1243 1243 1243 1247 1247 1247 1248 1248 1248 1248 1248 1248 1247 1247 1247 1249 1249 1249 1250 1250 1250 1251 1251 1251 1252 1252 1252 1252 1252 1252 1251 1251 1251 1253 1253 1253 1252 1252 1252 1253 1253 1253 1254 1254 1254 1254 1254 1254 1253 1253 1253 1255 1255 1255 1254 1254 1254 1255 1255 1255 1249 1249 1249 1249 1249 1249 1255 1255 1255 1256 1256 1256 1249 1249 1249 1256 1256 1256 1248 1248 1248 1257 1257 1257 1258 1258 1258 1259 1259 1259 1257 1257 1257 1259 1259 1259 1260 1260 1260 1261 1261 1261 1262 1262 1262 1263 1263 1263 1263 1263 1263 1262 1262 1262 1264 1264 1264 1264 1264 1264 1262 1262 1262 1265 1265 1265 1264 1264 1264 1265 1265 1265 1259 1259 1259 1259 1259 1259 1265 1265 1265 1266 1266 1266 1259 1259 1259 1266 1266 1266 1260 1260 1260 1267 1267 1267 1268 1268 1268 1269 1269 1269 1269 1269 1269 1268 1268 1268 1270 1270 1270 1269 1269 1269 1270 1270 1270 1271 1271 1271 1272 1272 1272 1273 1273 1273 1274 1274 1274 1274 1274 1274 1273 1273 1273 1275 1275 1275 1275 1275 1275 1276 1276 1276 1274 1274 1274 1274 1274 1274 1276 1276 1276 1277 1277 1277 1274 1274 1274 1277 1277 1277 1278 1278 1278 1278 1278 1278 1277 1277 1277 1261 1261 1261 1278 1278 1278 1261 1261 1261 1279 1279 1279 1279 1279 1279 1261 1261 1261 1263 1263 1263 1280 1280 1280 1281 1281 1281 1282 1282 1282 1280 1280 1280 1282 1282 1282 1283 1283 1283 1283 1283 1283 1284 1284 1284 1280 1280 1280 1280 1280 1280 1284 1284 1284 1285 1285 1285 1280 1280 1280 1285 1285 1285 980 980 980 980 980 980 982 982 982 1280 1280 1280 1280 1280 1280 982 982 982 1286 1286 1286 1280 1280 1280 1286 1286 1286 1281 1281 1281 1055 1055 1055 995 995 995 1056 1056 1056 1056 1056 1056 995 995 995 997 997 997 1056 1056 1056 997 997 997 1287 1287 1287 1287 1287 1287 997 997 997 982 982 982 1287 1287 1287 982 982 982 1288 1288 1288 1288 1288 1288 982 982 982 981 981 981 999 999 999 1289 1289 1289 997 997 997 997 997 997 1289 1289 1289 1290 1290 1290 997 997 997 1290 1290 1290 982 982 982 982 982 982 1290 1290 1290 1291 1291 1291 982 982 982 1291 1291 1291 1286 1286 1286 1065 1065 1065 1067 1067 1067 987 987 987 987 987 987 1067 1067 1067 1292 1292 1292 987 987 987 1292 1292 1292 1293 1293 1293 989 989 989 971 971 971 990 990 990 990 990 990 971 971 971 987 987 987 990 990 990 987 987 987 1294 1294 1294 1294 1294 1294 987 987 987 1293 1293 1293 1294 1294 1294 1293 1293 1293 1295 1295 1295 1097 1097 1097 1078 1078 1078 1098 1098 1098 1098 1098 1098 1078 1078 1078 1080 1080 1080 1098 1098 1098 1080 1080 1080 1296 1296 1296 1296 1296 1296 1080 1080 1080 1293 1293 1293 1296 1296 1296 1293 1293 1293 1297 1297 1297 1297 1297 1297 1293 1293 1293 1292 1292 1292 1295 1295 1295 1293 1293 1293 1298 1298 1298 1298 1298 1298 1293 1293 1293 1080 1080 1080 1298 1298 1298 1080 1080 1080 1082 1082 1082 1082 1082 1082 1080 1080 1080 1081 1081 1081 1082 1082 1082 1081 1081 1081 1083 1083 1083 1104 1104 1104 1299 1299 1299 1077 1077 1077 1077 1077 1077 1299 1299 1299 1300 1300 1300 1077 1077 1077 1300 1300 1300 1301 1301 1301 1089 1089 1089 1075 1075 1075 1090 1090 1090 1090 1090 1090 1075 1075 1075 1077 1077 1077 1090 1090 1090 1077 1077 1077 1302 1302 1302 1302 1302 1302 1077 1077 1077 1301 1301 1301 1302 1302 1302 1301 1301 1301 1303 1303 1303 1303 1303 1303 1301 1301 1301 1304 1304 1304 1135 1135 1135 1119 1119 1119 1136 1136 1136 1136 1136 1136 1119 1119 1119 1121 1121 1121 1136 1136 1136 1121 1121 1121 1305 1305 1305 1305 1305 1305 1121 1121 1121 1301 1301 1301 1305 1305 1305 1301 1301 1301 1306 1306 1306 1306 1306 1306 1301 1301 1301 1300 1300 1300 1304 1304 1304 1301 1301 1301 1307 1307 1307 1307 1307 1307 1301 1301 1301 1121 1121 1121 1307 1307 1307 1121 1121 1121 1123 1123 1123 1123 1123 1123 1121 1121 1121 1122 1122 1122 1123 1123 1123 1122 1122 1122 1124 1124 1124 1308 1308 1308 1309 1309 1309 1310 1310 1310 1310 1310 1310 1309 1309 1309 1145 1145 1145 1310 1310 1310 1145 1145 1145 1150 1150 1150 1150 1150 1150 1145 1145 1145 1147 1147 1147 1150 1150 1150 1147 1147 1147 1148 1148 1148 1036 1036 1036 1018 1018 1018 1037 1037 1037 1037 1037 1037 1018 1018 1018 1020 1020 1020 1037 1037 1037 1020 1020 1020 1311 1311 1311 1311 1311 1311 1020 1020 1020 1309 1309 1309 1311 1311 1311 1309 1309 1309 1312 1312 1312 1312 1312 1312 1309 1309 1309 1308 1308 1308 1313 1313 1313 1314 1314 1314 1020 1020 1020 1021 1021 1021 1023 1023 1023 1020 1020 1020 1020 1020 1020 1023 1023 1023 1315 1315 1315 1020 1020 1020 1315 1315 1315 1313 1313 1313 1314 1314 1314 1316 1316 1316 1020 1020 1020 1020 1020 1020 1316 1316 1316 963 963 963 1020 1020 1020 963 963 963 1309 1309 1309 1309 1309 1309 963 963 963 962 962 962 1309 1309 1309 962 962 962 1317 1317 1317 1317 1317 1317 1318 1318 1318 1309 1309 1309 1309 1309 1309 1318 1318 1318 1319 1319 1319 1309 1309 1309 1319 1319 1319 1320 1320 1320 1118 1118 1118 1143 1143 1143 1116 1116 1116 1116 1116 1116 1143 1143 1143 1145 1145 1145 1116 1116 1116 1145 1145 1145 1321 1321 1321 1321 1321 1321 1145 1145 1145 1309 1309 1309 1321 1321 1321 1309 1309 1309 1322 1322 1322 1322 1322 1322 1309 1309 1309 1320 1320 1320 1320 1320 1320 1323 1323 1323 1322 1322 1322 1322 1322 1322 1323 1323 1323 1324 1324 1324 1322 1322 1322 1324 1324 1324 1325 1325 1325 1325 1325 1325 1324 1324 1324 1326 1326 1326 1327 1327 1327 1328 1328 1328 1023 1023 1023 1023 1023 1023 1328 1328 1328 1329 1329 1329 1023 1023 1023 1329 1329 1329 1315 1315 1315 1326 1326 1326 1330 1330 1330 1325 1325 1325 1325 1325 1325 1330 1330 1330 1331 1331 1331 1325 1325 1325 1331 1331 1331 1332 1332 1332 1332 1332 1332 1331 1331 1331 1333 1333 1333 1332 1332 1332 1333 1333 1333 1023 1023 1023 1023 1023 1023 1333 1333 1333 1334 1334 1334 1023 1023 1023 1334 1334 1334 1327 1327 1327 1041 1041 1041 1335 1335 1335 1017 1017 1017 1017 1017 1017 1335 1335 1335 1336 1336 1336 1017 1017 1017 1336 1336 1336 1337 1337 1337 1025 1025 1025 1015 1015 1015 1026 1026 1026 1026 1026 1026 1015 1015 1015 1017 1017 1017 1026 1026 1026 1017 1017 1017 1338 1338 1338 1338 1338 1338 1017 1017 1017 1337 1337 1337 1338 1338 1338 1337 1337 1337 1339 1339 1339 1339 1339 1339 1337 1337 1337 1340 1340 1340 1258 1258 1258 1239 1239 1239 1259 1259 1259 1259 1259 1259 1239 1239 1239 1241 1241 1241 1259 1259 1259 1241 1241 1241 1341 1341 1341 1341 1341 1341 1241 1241 1241 1337 1337 1337 1341 1341 1341 1337 1337 1337 1342 1342 1342 1342 1342 1342 1337 1337 1337 1336 1336 1336 1340 1340 1340 1337 1337 1337 1343 1343 1343 1343 1343 1343 1337 1337 1337 1241 1241 1241 1343 1343 1343 1241 1241 1241 1243 1243 1243 1243 1243 1243 1241 1241 1241 1242 1242 1242 1243 1243 1243 1242 1242 1242 1244 1244 1244 1344 1344 1344 1345 1345 1345 1346 1346 1346 1346 1346 1346 1345 1345 1345 1269 1269 1269 1346 1346 1346 1269 1269 1269 1274 1274 1274 1274 1274 1274 1269 1269 1269 1271 1271 1271 1274 1274 1274 1271 1271 1271 1272 1272 1272 1250 1250 1250 1267 1267 1267 1251 1251 1251 1251 1251 1251 1267 1267 1267 1269 1269 1269 1251 1251 1251 1269 1269 1269 1347 1347 1347 1347 1347 1347 1269 1269 1269 1345 1345 1345 1217 1217 1217 1201 1201 1201 1218 1218 1218 1218 1218 1218 1201 1201 1201 1203 1203 1203 1218 1218 1218 1203 1203 1203 1348 1348 1348 1348 1348 1348 1203 1203 1203 1345 1345 1345 1348 1348 1348 1345 1345 1345 1349 1349 1349 1349 1349 1349 1345 1345 1345 1344 1344 1344 1205 1205 1205 1350 1350 1350 1203 1203 1203 1203 1203 1203 1350 1350 1350 1351 1351 1351 1203 1203 1203 1351 1351 1351 1345 1345 1345 1345 1345 1345 1351 1351 1351 1352 1352 1352 1345 1345 1345 1352 1352 1352 1347 1347 1347 1229 1229 1229 1231 1231 1231 1227 1227 1227 1227 1227 1227 1231 1231 1231 1353 1353 1353 1227 1227 1227 1353 1353 1353 1354 1354 1354 1355 1355 1355 1356 1356 1356 1354 1354 1354 1355 1355 1355 1354 1354 1354 1357 1357 1357 964 964 964 1227 1227 1227 965 965 965 965 965 965 1227 1227 1227 1354 1354 1354 965 965 965 1354 1354 1354 1358 1358 1358 1358 1358 1358 1354 1354 1354 1356 1356 1356 964 964 964 1359 1359 1359 1227 1227 1227 1227 1227 1227 1359 1359 1359 1360 1360 1360 1227 1227 1227 1360 1360 1360 1361 1361 1361 1200 1200 1200 1225 1225 1225 1198 1198 1198 1198 1198 1198 1225 1225 1225 1227 1227 1227 1198 1198 1198 1227 1227 1227 1362 1362 1362 1362 1362 1362 1227 1227 1227 1361 1361 1361 1362 1362 1362 1363 1363 1363 1198 1198 1198 1198 1198 1198 1363 1363 1363 1364 1364 1364 1198 1198 1198 1364 1364 1364 1365 1365 1365 1365 1365 1365 1366 1366 1366 1198 1198 1198 1198 1198 1198 1366 1366 1366 1367 1367 1367 1198 1198 1198 1367 1367 1367 1368 1368 1368 1367 1367 1367 1369 1369 1369 1368 1368 1368 1368 1368 1368 1369 1369 1369 1370 1370 1370 1368 1368 1368 1370 1370 1370 979 979 979 979 979 979 1370 1370 1370 1371 1371 1371 979 979 979 1371 1371 1371 977 977 977 1179 1179 1179 1160 1160 1160 1180 1180 1180 1180 1180 1180 1160 1160 1160 1162 1162 1162 1180 1180 1180 1162 1162 1162 1372 1372 1372 1372 1372 1372 1162 1162 1162 1354 1354 1354 1372 1372 1372 1354 1354 1354 1373 1373 1373 1373 1373 1373 1354 1354 1354 1353 1353 1353 978 978 978 1357 1357 1357 979 979 979 979 979 979 1357 1357 1357 1354 1354 1354 979 979 979 1354 1354 1354 1374 1374 1374 1374 1374 1374 1354 1354 1354 1162 1162 1162 1374 1374 1374 1162 1162 1162 1164 1164 1164 1164 1164 1164 1162 1162 1162 1163 1163 1163 1164 1164 1164 1163 1163 1163 1165 1165 1165 1186 1186 1186 1375 1375 1375 1159 1159 1159 1159 1159 1159 1375 1375 1375 1376 1376 1376 1159 1159 1159 1376 1376 1376 1377 1377 1377 1171 1171 1171 1157 1157 1157 1172 1172 1172 1172 1172 1172 1157 1157 1157 1159 1159 1159 1172 1172 1172 1159 1159 1159 1378 1378 1378 1378 1378 1378 1159 1159 1159 1377 1377 1377 1378 1378 1378 1377 1377 1377 1379 1379 1379 1376 1376 1376 1380 1380 1380 1377 1377 1377 1377 1377 1377 1380 1380 1380 1381 1381 1381 1377 1377 1377 1381 1381 1381 1382 1382 1382 1382 1382 1382 1383 1383 1383 1377 1377 1377 1377 1377 1377 1383 1383 1383 1384 1384 1384 1377 1377 1377 1384 1384 1384 1379 1379 1379 1381 1381 1381 1385 1385 1385 1382 1382 1382 1382 1382 1382 1385 1385 1385 1386 1386 1386 1382 1382 1382 1386 1386 1386 1283 1283 1283 1283 1283 1283 1386 1386 1386 1387 1387 1387 1283 1283 1283 1387 1387 1387 1284 1284 1284 1282 1282 1282 1388 1388 1388 1283 1283 1283 1283 1283 1283 1388 1388 1388 1389 1389 1389 1283 1283 1283 1389 1389 1389 1382 1382 1382 1382 1382 1382 1389 1389 1389 1390 1390 1390 1382 1382 1382 1390 1390 1390 1383 1383 1383 1391 1391 1391 1392 1392 1392 1393 1393 1393 1393 1393 1393 1392 1392 1392 1394 1394 1394 1393 1393 1393 1394 1394 1394 1395 1395 1395 1395 1395 1395 1394 1394 1394 1396 1396 1396 1395 1395 1395 1396 1396 1396 1397 1397 1397 1397 1397 1397 1396 1396 1396 1398 1398 1398 1397 1397 1397 1398 1398 1398 1399 1399 1399 1399 1399 1399 1398 1398 1398 1400 1400 1400 1399 1399 1399 1400 1400 1400 1401 1401 1401 1401 1401 1401 1400 1400 1400 1402 1402 1402 1401 1401 1401 1402 1402 1402 1403 1403 1403 1403 1403 1403 1402 1402 1402 1404 1404 1404 1403 1403 1403 1404 1404 1404 1405 1405 1405 1405 1405 1405 1404 1404 1404 1406 1406 1406 1405 1405 1405 1406 1406 1406 1407 1407 1407 1407 1407 1407 1406 1406 1406 1408 1408 1408 1407 1407 1407 1408 1408 1408 1409 1409 1409 1409 1409 1409 1408 1408 1408 1410 1410 1410 1409 1409 1409 1410 1410 1410 1411 1411 1411 1411 1411 1411 1410 1410 1410 1412 1412 1412 1411 1411 1411 1412 1412 1412 1413 1413 1413 1413 1413 1413 1412 1412 1412 1414 1414 1414 1413 1413 1413 1414 1414 1414 1415 1415 1415 1415 1415 1415 1414 1414 1414 1416 1416 1416 1415 1415 1415 1416 1416 1416 1417 1417 1417 1417 1417 1417 1416 1416 1416 1418 1418 1418 1417 1417 1417 1418 1418 1418 1419 1419 1419 1419 1419 1419 1418 1418 1418 1420 1420 1420 1419 1419 1419 1420 1420 1420 1421 1421 1421 1421 1421 1421 1420 1420 1420 1422 1422 1422 1421 1421 1421 1422 1422 1422 1423 1423 1423 1423 1423 1423 1422 1422 1422 1424 1424 1424 1423 1423 1423 1424 1424 1424 1425 1425 1425 1425 1425 1425 1424 1424 1424 1426 1426 1426 1425 1425 1425 1426 1426 1426 1427 1427 1427 1427 1427 1427 1426 1426 1426 1428 1428 1428 1427 1427 1427 1428 1428 1428 1429 1429 1429 1429 1429 1429 1428 1428 1428 1430 1430 1430 1429 1429 1429 1430 1430 1430 1431 1431 1431 1431 1431 1431 1430 1430 1430 1432 1432 1432 1431 1431 1431 1432 1432 1432 1433 1433 1433 1433 1433 1433 1432 1432 1432 1434 1434 1434 1433 1433 1433 1434 1434 1434 1435 1435 1435 1435 1435 1435 1434 1434 1434 1436 1436 1436 1435 1435 1435 1436 1436 1436 1437 1437 1437 1437 1437 1437 1436 1436 1436 1438 1438 1438 1439 1439 1439 1440 1440 1440 1441 1441 1441 1441 1441 1441 1440 1440 1440 1442 1442 1442 1441 1441 1441 1442 1442 1442 1443 1443 1443 1443 1443 1443 1442 1442 1442 1444 1444 1444 1443 1443 1443 1444 1444 1444 1445 1445 1445 1445 1445 1445 1444 1444 1444 1446 1446 1446 1445 1445 1445 1446 1446 1446 1447 1447 1447 1447 1447 1447 1446 1446 1446 1448 1448 1448 1447 1447 1447 1448 1448 1448 1449 1449 1449 1449 1449 1449 1448 1448 1448 1450 1450 1450 1449 1449 1449 1450 1450 1450 1451 1451 1451 1451 1451 1451 1450 1450 1450 1452 1452 1452 1451 1451 1451 1452 1452 1452 1453 1453 1453 1453 1453 1453 1452 1452 1452 1454 1454 1454 1453 1453 1453 1454 1454 1454 1455 1455 1455 1455 1455 1455 1454 1454 1454 1456 1456 1456 1455 1455 1455 1456 1456 1456 1457 1457 1457 1457 1457 1457 1456 1456 1456 1458 1458 1458 1457 1457 1457 1458 1458 1458 1459 1459 1459 1459 1459 1459 1458 1458 1458 1460 1460 1460 1459 1459 1459 1460 1460 1460 1461 1461 1461 1461 1461 1461 1460 1460 1460 1462 1462 1462 1461 1461 1461 1462 1462 1462 1463 1463 1463 1463 1463 1463 1462 1462 1462 1464 1464 1464 1463 1463 1463 1464 1464 1464 1465 1465 1465 1465 1465 1465 1464 1464 1464 1466 1466 1466 1465 1465 1465 1466 1466 1466 1467 1467 1467 1467 1467 1467 1466 1466 1466 1468 1468 1468 1467 1467 1467 1468 1468 1468 1469 1469 1469 1469 1469 1469 1468 1468 1468 1470 1470 1470 1469 1469 1469 1470 1470 1470 1471 1471 1471 1471 1471 1471 1470 1470 1470 1472 1472 1472 1471 1471 1471 1472 1472 1472 1473 1473 1473 1473 1473 1473 1472 1472 1472 1474 1474 1474 1473 1473 1473 1474 1474 1474 1475 1475 1475 1475 1475 1475 1474 1474 1474 1476 1476 1476 1475 1475 1475 1476 1476 1476 1477 1477 1477 1477 1477 1477 1476 1476 1476 1478 1478 1478 1477 1477 1477 1478 1478 1478 1479 1479 1479 1479 1479 1479 1478 1478 1478 1480 1480 1480 1479 1479 1479 1480 1480 1480 1481 1481 1481 1481 1481 1481 1480 1480 1480 1482 1482 1482 1481 1481 1481 1482 1482 1482 1483 1483 1483 1483 1483 1483 1482 1482 1482 1484 1484 1484 1483 1483 1483 1484 1484 1484 1391 1391 1391 1392 1392 1392 1485 1485 1485 1394 1394 1394 1394 1394 1394 1485 1485 1485 1486 1486 1486 1394 1394 1394 1486 1486 1486 1396 1396 1396 1396 1396 1396 1486 1486 1486 1487 1487 1487 1396 1396 1396 1487 1487 1487 1398 1398 1398 1398 1398 1398 1487 1487 1487 1488 1488 1488 1398 1398 1398 1488 1488 1488 1400 1400 1400 1400 1400 1400 1488 1488 1488 1489 1489 1489 1400 1400 1400 1489 1489 1489 1402 1402 1402 1402 1402 1402 1489 1489 1489 1490 1490 1490 1402 1402 1402 1490 1490 1490 1404 1404 1404 1404 1404 1404 1490 1490 1490 1491 1491 1491 1404 1404 1404 1491 1491 1491 1406 1406 1406 1406 1406 1406 1491 1491 1491 1492 1492 1492 1406 1406 1406 1492 1492 1492 1408 1408 1408 1408 1408 1408 1492 1492 1492 1493 1493 1493 1408 1408 1408 1493 1493 1493 1410 1410 1410 1410 1410 1410 1493 1493 1493 1494 1494 1494 1410 1410 1410 1494 1494 1494 1412 1412 1412 1412 1412 1412 1494 1494 1494 1495 1495 1495 1412 1412 1412 1495 1495 1495 1414 1414 1414 1414 1414 1414 1495 1495 1495 1496 1496 1496 1414 1414 1414 1496 1496 1496 1416 1416 1416 1416 1416 1416 1496 1496 1496 1497 1497 1497 1416 1416 1416 1497 1497 1497 1418 1418 1418 1418 1418 1418 1497 1497 1497 1498 1498 1498 1418 1418 1418 1498 1498 1498 1420 1420 1420 1420 1420 1420 1498 1498 1498 1499 1499 1499 1420 1420 1420 1499 1499 1499 1422 1422 1422 1422 1422 1422 1499 1499 1499 1500 1500 1500 1422 1422 1422 1500 1500 1500 1424 1424 1424 1424 1424 1424 1500 1500 1500 1501 1501 1501 1424 1424 1424 1501 1501 1501 1426 1426 1426 1426 1426 1426 1501 1501 1501 1502 1502 1502 1426 1426 1426 1502 1502 1502 1428 1428 1428 1428 1428 1428 1502 1502 1502 1503 1503 1503 1428 1428 1428 1503 1503 1503 1430 1430 1430 1430 1430 1430 1503 1503 1503 1504 1504 1504 1430 1430 1430 1504 1504 1504 1432 1432 1432 1432 1432 1432 1504 1504 1504 1505 1505 1505 1432 1432 1432 1505 1505 1505 1434 1434 1434 1434 1434 1434 1505 1505 1505 1506 1506 1506 1434 1434 1434 1506 1506 1506 1436 1436 1436 1436 1436 1436 1506 1506 1506 1507 1507 1507 1436 1436 1436 1507 1507 1507 1438 1438 1438 1438 1438 1438 1507 1507 1507 1508 1508 1508 1440 1440 1440 1509 1509 1509 1442 1442 1442 1442 1442 1442 1509 1509 1509 1510 1510 1510 1442 1442 1442 1510 1510 1510 1444 1444 1444 1444 1444 1444 1510 1510 1510 1511 1511 1511 1444 1444 1444 1511 1511 1511 1446 1446 1446 1446 1446 1446 1511 1511 1511 1512 1512 1512 1446 1446 1446 1512 1512 1512 1448 1448 1448 1448 1448 1448 1512 1512 1512 1513 1513 1513 1448 1448 1448 1513 1513 1513 1450 1450 1450 1450 1450 1450 1513 1513 1513 1514 1514 1514 1450 1450 1450 1514 1514 1514 1452 1452 1452 1452 1452 1452 1514 1514 1514 1515 1515 1515 1452 1452 1452 1515 1515 1515 1454 1454 1454 1454 1454 1454 1515 1515 1515 1516 1516 1516 1454 1454 1454 1516 1516 1516 1456 1456 1456 1456 1456 1456 1516 1516 1516 1517 1517 1517 1456 1456 1456 1517 1517 1517 1458 1458 1458 1458 1458 1458 1517 1517 1517 1518 1518 1518 1458 1458 1458 1518 1518 1518 1460 1460 1460 1460 1460 1460 1518 1518 1518 1519 1519 1519 1460 1460 1460 1519 1519 1519 1462 1462 1462 1462 1462 1462 1519 1519 1519 1520 1520 1520 1462 1462 1462 1520 1520 1520 1464 1464 1464 1464 1464 1464 1520 1520 1520 1521 1521 1521 1464 1464 1464 1521 1521 1521 1466 1466 1466 1466 1466 1466 1521 1521 1521 1522 1522 1522 1466 1466 1466 1522 1522 1522 1468 1468 1468 1468 1468 1468 1522 1522 1522 1523 1523 1523 1468 1468 1468 1523 1523 1523 1470 1470 1470 1470 1470 1470 1523 1523 1523 1524 1524 1524 1470 1470 1470 1524 1524 1524 1472 1472 1472 1472 1472 1472 1524 1524 1524 1525 1525 1525 1472 1472 1472 1525 1525 1525 1474 1474 1474 1474 1474 1474 1525 1525 1525 1526 1526 1526 1474 1474 1474 1526 1526 1526 1476 1476 1476 1476 1476 1476 1526 1526 1526 1527 1527 1527 1476 1476 1476 1527 1527 1527 1478 1478 1478 1478 1478 1478 1527 1527 1527 1528 1528 1528 1478 1478 1478 1528 1528 1528 1480 1480 1480 1480 1480 1480 1528 1528 1528 1529 1529 1529 1480 1480 1480 1529 1529 1529 1482 1482 1482 1482 1482 1482 1529 1529 1529 1530 1530 1530 1482 1482 1482 1530 1530 1530 1484 1484 1484 1484 1484 1484 1530 1530 1530 1531 1531 1531 1532 1532 1532 1509 1509 1509 1508 1508 1508 1508 1508 1508 1509 1509 1509 1440 1440 1440 1508 1508 1508 1440 1440 1440 1438 1438 1438 1438 1438 1438 1440 1440 1440 1439 1439 1439 1438 1438 1438 1439 1439 1439 1437 1437 1437 1500 1500 1500 1533 1533 1533 1501 1501 1501 1501 1501 1501 1533 1533 1533 1534 1534 1534 1501 1501 1501 1534 1534 1534 1502 1502 1502 1502 1502 1502 1534 1534 1534 1535 1535 1535 1502 1502 1502 1535 1535 1535 1503 1503 1503 1503 1503 1503 1535 1535 1535 1536 1536 1536 1503 1503 1503 1536 1536 1536 1504 1504 1504 1504 1504 1504 1536 1536 1536 1537 1537 1537 1504 1504 1504 1537 1537 1537 1505 1505 1505 1505 1505 1505 1537 1537 1537 1538 1538 1538 1505 1505 1505 1538 1538 1538 1506 1506 1506 1506 1506 1506 1538 1538 1538 1539 1539 1539 1506 1506 1506 1539 1539 1539 1507 1507 1507 1507 1507 1507 1539 1539 1539 1540 1540 1540 1507 1507 1507 1540 1540 1540 1508 1508 1508 1508 1508 1508 1540 1540 1540 1541 1541 1541 1508 1508 1508 1541 1541 1541 1532 1532 1532 1485 1485 1485 1542 1542 1542 1543 1543 1543 1485 1485 1485 1543 1543 1543 1486 1486 1486 1486 1486 1486 1543 1543 1543 1544 1544 1544 1486 1486 1486 1544 1544 1544 1487 1487 1487 1487 1487 1487 1544 1544 1544 1545 1545 1545 1487 1487 1487 1545 1545 1545 1488 1488 1488 1488 1488 1488 1545 1545 1545 1546 1546 1546 1488 1488 1488 1546 1546 1546 1489 1489 1489 1489 1489 1489 1546 1546 1546 1547 1547 1547 1489 1489 1489 1547 1547 1547 1490 1490 1490 1490 1490 1490 1547 1547 1547 1548 1548 1548 1490 1490 1490 1548 1548 1548 1491 1491 1491 1491 1491 1491 1548 1548 1548 1549 1549 1549 1491 1491 1491 1549 1549 1549 1492 1492 1492 1492 1492 1492 1549 1549 1549 1550 1550 1550 1492 1492 1492 1550 1550 1550 1493 1493 1493 1493 1493 1493 1550 1550 1550 1551 1551 1551 1493 1493 1493 1551 1551 1551 1494 1494 1494 1494 1494 1494 1551 1551 1551 1552 1552 1552 1494 1494 1494 1552 1552 1552 1495 1495 1495 1495 1495 1495 1552 1552 1552 1553 1553 1553 1495 1495 1495 1553 1553 1553 1496 1496 1496 1496 1496 1496 1553 1553 1553 1554 1554 1554 1496 1496 1496 1554 1554 1554 1497 1497 1497 1497 1497 1497 1554 1554 1554 1555 1555 1555 1497 1497 1497 1555 1555 1555 1498 1498 1498 1498 1498 1498 1555 1555 1555 1556 1556 1556 1498 1498 1498 1556 1556 1556 1499 1499 1499 1499 1499 1499 1556 1556 1556 1557 1557 1557 1499 1499 1499 1557 1557 1557 1500 1500 1500 1500 1500 1500 1557 1557 1557 1558 1558 1558 1500 1500 1500 1558 1558 1558 1533 1533 1533 1391 1391 1391 1484 1484 1484 1392 1392 1392 1392 1392 1392 1484 1484 1484 1531 1531 1531 1392 1392 1392 1531 1531 1531 1485 1485 1485 1485 1485 1485 1531 1531 1531 1559 1559 1559 1485 1485 1485 1559 1559 1559 1542 1542 1542 1524 1524 1524 1560 1560 1560 1525 1525 1525 1525 1525 1525 1560 1560 1560 1561 1561 1561 1525 1525 1525 1561 1561 1561 1526 1526 1526 1526 1526 1526 1561 1561 1561 1562 1562 1562 1526 1526 1526 1562 1562 1562 1527 1527 1527 1527 1527 1527 1562 1562 1562 1563 1563 1563 1527 1527 1527 1563 1563 1563 1528 1528 1528 1528 1528 1528 1563 1563 1563 1564 1564 1564 1528 1528 1528 1564 1564 1564 1529 1529 1529 1529 1529 1529 1564 1564 1564 1565 1565 1565 1529 1529 1529 1565 1565 1565 1530 1530 1530 1530 1530 1530 1565 1565 1565 1566 1566 1566 1530 1530 1530 1566 1566 1566 1531 1531 1531 1531 1531 1531 1566 1566 1566 1567 1567 1567 1531 1531 1531 1567 1567 1567 1559 1559 1559 1532 1532 1532 1568 1568 1568 1509 1509 1509 1509 1509 1509 1568 1568 1568 1569 1569 1569 1509 1509 1509 1569 1569 1569 1510 1510 1510 1510 1510 1510 1569 1569 1569 1570 1570 1570 1510 1510 1510 1570 1570 1570 1511 1511 1511 1511 1511 1511 1570 1570 1570 1571 1571 1571 1511 1511 1511 1571 1571 1571 1512 1512 1512 1512 1512 1512 1571 1571 1571 1572 1572 1572 1512 1512 1512 1572 1572 1572 1513 1513 1513 1513 1513 1513 1572 1572 1572 1573 1573 1573 1513 1513 1513 1573 1573 1573 1514 1514 1514 1514 1514 1514 1573 1573 1573 1574 1574 1574 1514 1514 1514 1574 1574 1574 1515 1515 1515 1515 1515 1515 1574 1574 1574 1575 1575 1575 1515 1515 1515 1575 1575 1575 1516 1516 1516 1516 1516 1516 1575 1575 1575 1576 1576 1576 1516 1516 1516 1576 1576 1576 1517 1517 1517 1517 1517 1517 1576 1576 1576 1577 1577 1577 1517 1517 1517 1577 1577 1577 1518 1518 1518 1518 1518 1518 1577 1577 1577 1578 1578 1578 1518 1518 1518 1578 1578 1578 1519 1519 1519 1519 1519 1519 1578 1578 1578 1579 1579 1579 1519 1519 1519 1579 1579 1579 1520 1520 1520 1520 1520 1520 1579 1579 1579 1580 1580 1580 1520 1520 1520 1580 1580 1580 1521 1521 1521 1521 1521 1521 1580 1580 1580 1581 1581 1581 1521 1521 1521 1581 1581 1581 1522 1522 1522 1522 1522 1522 1581 1581 1581 1582 1582 1582 1522 1522 1522 1582 1582 1582 1523 1523 1523 1523 1523 1523 1582 1582 1582 1583 1583 1583 1523 1523 1523 1583 1583 1583 1524 1524 1524 1524 1524 1524 1583 1583 1583 1584 1584 1584 1524 1524 1524 1584 1584 1584 1560 1560 1560 1585 1585 1585 1395 1395 1395 1586 1586 1586 1586 1586 1586 1395 1395 1395 1397 1397 1397 1586 1586 1586 1397 1397 1397 1587 1587 1587 1587 1587 1587 1397 1397 1397 1399 1399 1399 1587 1587 1587 1399 1399 1399 1588 1588 1588 1588 1588 1588 1399 1399 1399 1401 1401 1401 1588 1588 1588 1401 1401 1401 1589 1589 1589 1589 1589 1589 1401 1401 1401 1403 1403 1403 1589 1589 1589 1403 1403 1403 1590 1590 1590 1590 1590 1590 1403 1403 1403 1405 1405 1405 1590 1590 1590 1405 1405 1405 1591 1591 1591 1591 1591 1591 1405 1405 1405 1407 1407 1407 1591 1591 1591 1407 1407 1407 1592 1592 1592 1592 1592 1592 1407 1407 1407 1409 1409 1409 1592 1592 1592 1409 1409 1409 1593 1593 1593 1593 1593 1593 1409 1409 1409 1411 1411 1411 1593 1593 1593 1411 1411 1411 1594 1594 1594 1594 1594 1594 1411 1411 1411 1413 1413 1413 1594 1594 1594 1413 1413 1413 1595 1595 1595 1595 1595 1595 1413 1413 1413 1415 1415 1415 1595 1595 1595 1415 1415 1415 1596 1596 1596 1596 1596 1596 1415 1415 1415 1417 1417 1417 1596 1596 1596 1417 1417 1417 1597 1597 1597 1597 1597 1597 1417 1417 1417 1419 1419 1419 1597 1597 1597 1419 1419 1419 1598 1598 1598 1598 1598 1598 1419 1419 1419 1421 1421 1421 1598 1598 1598 1421 1421 1421 1599 1599 1599 1599 1599 1599 1421 1421 1421 1423 1423 1423 1599 1599 1599 1423 1423 1423 1600 1600 1600 1600 1600 1600 1423 1423 1423 1425 1425 1425 1600 1600 1600 1425 1425 1425 1601 1601 1601 1601 1601 1601 1425 1425 1425 1427 1427 1427 1601 1601 1601 1427 1427 1427 1602 1602 1602 1602 1602 1602 1427 1427 1427 1429 1429 1429 1602 1602 1602 1429 1429 1429 1603 1603 1603 1603 1603 1603 1429 1429 1429 1431 1431 1431 1603 1603 1603 1431 1431 1431 1604 1604 1604 1604 1604 1604 1431 1431 1431 1433 1433 1433 1604 1604 1604 1433 1433 1433 1605 1605 1605 1605 1605 1605 1433 1433 1433 1435 1435 1435 1605 1605 1605 1435 1435 1435 1606 1606 1606 1606 1606 1606 1435 1435 1435 1437 1437 1437 1606 1606 1606 1437 1437 1437 1607 1607 1607 1607 1607 1607 1437 1437 1437 1439 1439 1439 1607 1607 1607 1439 1439 1439 1608 1608 1608 1439 1439 1439 1441 1441 1441 1608 1608 1608 1608 1608 1608 1441 1441 1441 1443 1443 1443 1608 1608 1608 1443 1443 1443 1609 1609 1609 1609 1609 1609 1443 1443 1443 1445 1445 1445 1609 1609 1609 1445 1445 1445 1610 1610 1610 1610 1610 1610 1445 1445 1445 1447 1447 1447 1610 1610 1610 1447 1447 1447 1611 1611 1611 1611 1611 1611 1447 1447 1447 1449 1449 1449 1611 1611 1611 1449 1449 1449 1612 1612 1612 1612 1612 1612 1449 1449 1449 1451 1451 1451 1612 1612 1612 1451 1451 1451 1613 1613 1613 1613 1613 1613 1451 1451 1451 1453 1453 1453 1613 1613 1613 1453 1453 1453 1614 1614 1614 1614 1614 1614 1453 1453 1453 1455 1455 1455 1614 1614 1614 1455 1455 1455 1615 1615 1615 1615 1615 1615 1455 1455 1455 1457 1457 1457 1615 1615 1615 1457 1457 1457 1616 1616 1616 1616 1616 1616 1457 1457 1457 1459 1459 1459 1616 1616 1616 1459 1459 1459 1617 1617 1617 1617 1617 1617 1459 1459 1459 1461 1461 1461 1617 1617 1617 1461 1461 1461 1618 1618 1618 1618 1618 1618 1461 1461 1461 1463 1463 1463 1618 1618 1618 1463 1463 1463 1619 1619 1619 1619 1619 1619 1463 1463 1463 1465 1465 1465 1619 1619 1619 1465 1465 1465 1620 1620 1620 1620 1620 1620 1465 1465 1465 1467 1467 1467 1620 1620 1620 1467 1467 1467 1621 1621 1621 1621 1621 1621 1467 1467 1467 1469 1469 1469 1621 1621 1621 1469 1469 1469 1622 1622 1622 1622 1622 1622 1469 1469 1469 1471 1471 1471 1622 1622 1622 1471 1471 1471 1623 1623 1623 1623 1623 1623 1471 1471 1471 1473 1473 1473 1623 1623 1623 1473 1473 1473 1624 1624 1624 1624 1624 1624 1473 1473 1473 1475 1475 1475 1624 1624 1624 1475 1475 1475 1625 1625 1625 1625 1625 1625 1475 1475 1475 1477 1477 1477 1625 1625 1625 1477 1477 1477 1626 1626 1626 1626 1626 1626 1477 1477 1477 1479 1479 1479 1626 1626 1626 1479 1479 1479 1627 1627 1627 1627 1627 1627 1479 1479 1479 1481 1481 1481 1627 1627 1627 1481 1481 1481 1628 1628 1628 1628 1628 1628 1481 1481 1481 1483 1483 1483 1628 1628 1628 1483 1483 1483 1629 1629 1629 1629 1629 1629 1483 1483 1483 1391 1391 1391 1629 1629 1629 1391 1391 1391 1585 1585 1585 1585 1585 1585 1391 1391 1391 1393 1393 1393 1585 1585 1585 1393 1393 1393 1395 1395 1395 1380 1380 1380 1630 1630 1630 1631 1631 1631 1194 1194 1194 1632 1632 1632 1633 1633 1633 1380 1380 1380 1376 1376 1376 1630 1630 1630 1630 1630 1630 1376 1376 1376 1375 1375 1375 1630 1630 1630 1375 1375 1375 1634 1634 1634 1634 1634 1634 1375 1375 1375 1186 1186 1186 1634 1634 1634 1186 1186 1186 1633 1633 1633 1633 1633 1633 1186 1186 1186 1192 1192 1192 1633 1633 1633 1192 1192 1192 1194 1194 1194 1194 1194 1194 1196 1196 1196 1632 1632 1632 1632 1632 1632 1196 1196 1196 1197 1197 1197 1632 1632 1632 1197 1197 1197 1635 1635 1635 1635 1635 1635 1197 1197 1197 1180 1180 1180 1635 1635 1635 1180 1180 1180 1636 1636 1636 1180 1180 1180 1372 1372 1372 1636 1636 1636 1636 1636 1636 1372 1372 1372 1373 1373 1373 1636 1636 1636 1373 1373 1373 1637 1637 1637 1637 1637 1637 1373 1373 1373 1353 1353 1353 1637 1637 1637 1353 1353 1353 1638 1638 1638 1638 1638 1638 1353 1353 1353 1231 1231 1231 1218 1218 1218 1639 1639 1639 1640 1640 1640 1231 1231 1231 1238 1238 1238 1638 1638 1638 1638 1638 1638 1238 1238 1238 1234 1234 1234 1638 1638 1638 1234 1234 1234 1641 1641 1641 1641 1641 1641 1234 1234 1234 1220 1220 1220 1641 1641 1641 1220 1220 1220 1640 1640 1640 1640 1640 1640 1220 1220 1220 1222 1222 1222 1640 1640 1640 1222 1222 1222 1218 1218 1218 1218 1218 1218 1348 1348 1348 1639 1639 1639 1639 1639 1639 1348 1348 1348 1349 1349 1349 1639 1639 1639 1349 1349 1349 1642 1642 1642 1642 1642 1642 1349 1349 1349 1344 1344 1344 1642 1642 1642 1344 1344 1344 1643 1643 1643 1344 1344 1344 1346 1346 1346 1643 1643 1643 1643 1643 1643 1346 1346 1346 1274 1274 1274 1643 1643 1643 1274 1274 1274 1644 1644 1644 1644 1644 1644 1274 1274 1274 1278 1278 1278 1644 1644 1644 1278 1278 1278 1645 1645 1645 1645 1645 1645 1278 1278 1278 1279 1279 1279 1342 1342 1342 1646 1646 1646 1647 1647 1647 1279 1279 1279 1263 1263 1263 1645 1645 1645 1645 1645 1645 1263 1263 1263 1264 1264 1264 1645 1645 1645 1264 1264 1264 1648 1648 1648 1648 1648 1648 1264 1264 1264 1259 1259 1259 1648 1648 1648 1259 1259 1259 1647 1647 1647 1647 1647 1647 1259 1259 1259 1341 1341 1341 1647 1647 1647 1341 1341 1341 1342 1342 1342 1342 1342 1342 1336 1336 1336 1646 1646 1646 1646 1646 1646 1336 1336 1336 1335 1335 1335 1646 1646 1646 1335 1335 1335 1649 1649 1649 1649 1649 1649 1335 1335 1335 1041 1041 1041 1649 1649 1649 1041 1041 1041 1650 1650 1650 1041 1041 1041 1047 1047 1047 1650 1650 1650 1650 1650 1650 1047 1047 1047 1049 1049 1049 1650 1650 1650 1049 1049 1049 1651 1651 1651 1651 1651 1651 1049 1049 1049 1051 1051 1051 1651 1651 1651 1051 1051 1051 1652 1652 1652 1652 1652 1652 1051 1051 1051 1037 1037 1037 1150 1150 1150 1653 1653 1653 1654 1654 1654 1037 1037 1037 1311 1311 1311 1652 1652 1652 1652 1652 1652 1311 1311 1311 1312 1312 1312 1652 1652 1652 1312 1312 1312 1655 1655 1655 1655 1655 1655 1312 1312 1312 1308 1308 1308 1655 1655 1655 1308 1308 1308 1654 1654 1654 1654 1654 1654 1308 1308 1308 1310 1310 1310 1654 1654 1654 1310 1310 1310 1150 1150 1150 1150 1150 1150 1156 1156 1156 1653 1653 1653 1653 1653 1653 1156 1156 1156 1152 1152 1152 1653 1653 1653 1152 1152 1152 1656 1656 1656 1656 1656 1656 1152 1152 1152 1138 1138 1138 1656 1656 1656 1138 1138 1138 1657 1657 1657 1138 1138 1138 1140 1140 1140 1657 1657 1657 1657 1657 1657 1140 1140 1140 1136 1136 1136 1657 1657 1657 1136 1136 1136 1658 1658 1658 1658 1658 1658 1136 1136 1136 1305 1305 1305 1658 1658 1658 1305 1305 1305 1659 1659 1659 1659 1659 1659 1305 1305 1305 1306 1306 1306 1112 1112 1112 1660 1660 1660 1661 1661 1661 1306 1306 1306 1300 1300 1300 1659 1659 1659 1659 1659 1659 1300 1300 1300 1299 1299 1299 1659 1659 1659 1299 1299 1299 1662 1662 1662 1662 1662 1662 1299 1299 1299 1104 1104 1104 1662 1662 1662 1104 1104 1104 1661 1661 1661 1661 1661 1661 1104 1104 1104 1110 1110 1110 1661 1661 1661 1110 1110 1110 1112 1112 1112 1112 1112 1112 1114 1114 1114 1660 1660 1660 1660 1660 1660 1114 1114 1114 1115 1115 1115 1660 1660 1660 1115 1115 1115 1663 1663 1663 1663 1663 1663 1115 1115 1115 1098 1098 1098 1663 1663 1663 1098 1098 1098 1664 1664 1664 1098 1098 1098 1296 1296 1296 1664 1664 1664 1664 1664 1664 1296 1296 1296 1297 1297 1297 1664 1664 1664 1297 1297 1297 1665 1665 1665 1665 1665 1665 1297 1297 1297 1292 1292 1292 1665 1665 1665 1292 1292 1292 1666 1666 1666 1666 1666 1666 1292 1292 1292 1067 1067 1067 1056 1056 1056 1667 1667 1667 1668 1668 1668 1067 1067 1067 1074 1074 1074 1666 1666 1666 1666 1666 1666 1074 1074 1074 1070 1070 1070 1666 1666 1666 1070 1070 1070 1669 1669 1669 1669 1669 1669 1070 1070 1070 1058 1058 1058 1669 1669 1669 1058 1058 1058 1668 1668 1668 1668 1668 1668 1058 1058 1058 1060 1060 1060 1668 1668 1668 1060 1060 1060 1056 1056 1056 1285 1285 1285 1670 1670 1670 1671 1671 1671 1056 1056 1056 1287 1287 1287 1667 1667 1667 1667 1667 1667 1287 1287 1287 1288 1288 1288 1667 1667 1667 1288 1288 1288 1672 1672 1672 1672 1672 1672 1288 1288 1288 981 981 981 1672 1672 1672 981 981 981 1671 1671 1671 1671 1671 1671 981 981 981 980 980 980 1671 1671 1671 980 980 980 1285 1285 1285 1285 1285 1285 1284 1284 1284 1670 1670 1670 1670 1670 1670 1284 1284 1284 1387 1387 1387 1670 1670 1670 1387 1387 1387 1673 1673 1673 1673 1673 1673 1387 1387 1387 1386 1386 1386 1673 1673 1673 1386 1386 1386 1674 1674 1674 1674 1674 1674 1386 1386 1386 1385 1385 1385 1674 1674 1674 1385 1385 1385 1631 1631 1631 1631 1631 1631 1385 1385 1385 1381 1381 1381 1631 1631 1631 1381 1381 1381 1380 1380 1380 1673 1673 1673 1675 1675 1675 1670 1670 1670 1670 1670 1670 1675 1675 1675 1676 1676 1676 1670 1670 1670 1676 1676 1676 1671 1671 1671 1671 1671 1671 1676 1676 1676 1677 1677 1677 1671 1671 1671 1677 1677 1677 1672 1672 1672 1672 1672 1672 1677 1677 1677 1678 1678 1678 1672 1672 1672 1678 1678 1678 1667 1667 1667 1667 1667 1667 1678 1678 1678 1679 1679 1679 1667 1667 1667 1679 1679 1679 1668 1668 1668 1668 1668 1668 1679 1679 1679 1680 1680 1680 1668 1668 1668 1680 1680 1680 1669 1669 1669 1669 1669 1669 1680 1680 1680 1681 1681 1681 1669 1669 1669 1681 1681 1681 1666 1666 1666 1666 1666 1666 1681 1681 1681 1682 1682 1682 1666 1666 1666 1682 1682 1682 1665 1665 1665 1665 1665 1665 1682 1682 1682 1683 1683 1683 1665 1665 1665 1683 1683 1683 1664 1664 1664 1664 1664 1664 1683 1683 1683 1684 1684 1684 1664 1664 1664 1684 1684 1684 1663 1663 1663 1663 1663 1663 1684 1684 1684 1685 1685 1685 1663 1663 1663 1685 1685 1685 1660 1660 1660 1660 1660 1660 1685 1685 1685 1686 1686 1686 1660 1660 1660 1686 1686 1686 1661 1661 1661 1661 1661 1661 1686 1686 1686 1687 1687 1687 1661 1661 1661 1687 1687 1687 1662 1662 1662 1662 1662 1662 1687 1687 1687 1688 1688 1688 1662 1662 1662 1688 1688 1688 1659 1659 1659 1659 1659 1659 1688 1688 1688 1689 1689 1689 1659 1659 1659 1689 1689 1689 1658 1658 1658 1658 1658 1658 1689 1689 1689 1690 1690 1690 1658 1658 1658 1690 1690 1690 1657 1657 1657 1657 1657 1657 1690 1690 1690 1691 1691 1691 1657 1657 1657 1691 1691 1691 1656 1656 1656 1656 1656 1656 1691 1691 1691 1692 1692 1692 1656 1656 1656 1692 1692 1692 1653 1653 1653 1653 1653 1653 1692 1692 1692 1693 1693 1693 1653 1653 1653 1693 1693 1693 1654 1654 1654 1654 1654 1654 1693 1693 1693 1694 1694 1694 1654 1654 1654 1694 1694 1694 1655 1655 1655 1655 1655 1655 1694 1694 1694 1695 1695 1695 1655 1655 1655 1695 1695 1695 1652 1652 1652 1652 1652 1652 1695 1695 1695 1696 1696 1696 1652 1652 1652 1696 1696 1696 1651 1651 1651 1651 1651 1651 1696 1696 1696 1697 1697 1697 1651 1651 1651 1697 1697 1697 1650 1650 1650 1650 1650 1650 1697 1697 1697 1698 1698 1698 1650 1650 1650 1698 1698 1698 1649 1649 1649 1649 1649 1649 1698 1698 1698 1699 1699 1699 1649 1649 1649 1699 1699 1699 1646 1646 1646 1646 1646 1646 1699 1699 1699 1700 1700 1700 1646 1646 1646 1700 1700 1700 1647 1647 1647 1647 1647 1647 1700 1700 1700 1701 1701 1701 1647 1647 1647 1701 1701 1701 1648 1648 1648 1648 1648 1648 1701 1701 1701 1702 1702 1702 1648 1648 1648 1702 1702 1702 1645 1645 1645 1645 1645 1645 1702 1702 1702 1703 1703 1703 1645 1645 1645 1703 1703 1703 1644 1644 1644 1644 1644 1644 1703 1703 1703 1704 1704 1704 1644 1644 1644 1704 1704 1704 1643 1643 1643 1643 1643 1643 1704 1704 1704 1705 1705 1705 1643 1643 1643 1705 1705 1705 1642 1642 1642 1642 1642 1642 1705 1705 1705 1706 1706 1706 1642 1642 1642 1706 1706 1706 1639 1639 1639 1639 1639 1639 1706 1706 1706 1707 1707 1707 1639 1639 1639 1707 1707 1707 1640 1640 1640 1640 1640 1640 1707 1707 1707 1708 1708 1708 1640 1640 1640 1708 1708 1708 1641 1641 1641 1641 1641 1641 1708 1708 1708 1709 1709 1709 1641 1641 1641 1709 1709 1709 1638 1638 1638 1638 1638 1638 1709 1709 1709 1710 1710 1710 1638 1638 1638 1710 1710 1710 1637 1637 1637 1637 1637 1637 1710 1710 1710 1711 1711 1711 1637 1637 1637 1711 1711 1711 1636 1636 1636 1636 1636 1636 1711 1711 1711 1712 1712 1712 1636 1636 1636 1712 1712 1712 1635 1635 1635 1635 1635 1635 1712 1712 1712 1713 1713 1713 1635 1635 1635 1713 1713 1713 1632 1632 1632 1632 1632 1632 1713 1713 1713 1714 1714 1714 1632 1632 1632 1714 1714 1714 1633 1633 1633 1633 1633 1633 1714 1714 1714 1715 1715 1715 1633 1633 1633 1715 1715 1715 1634 1634 1634 1634 1634 1634 1715 1715 1715 1716 1716 1716 1634 1634 1634 1716 1716 1716 1630 1630 1630 1630 1630 1630 1716 1716 1716 1717 1717 1717 1630 1630 1630 1717 1717 1717 1631 1631 1631 1631 1631 1631 1717 1717 1717 1718 1718 1718 1631 1631 1631 1718 1718 1718 1674 1674 1674 1674 1674 1674 1718 1718 1718 1719 1719 1719 1674 1674 1674 1719 1719 1719 1673 1673 1673 1673 1673 1673 1719 1719 1719 1675 1675 1675 1719 1719 1719 1620 1620 1620 1675 1675 1675 1675 1675 1675 1620 1620 1620 1621 1621 1621 1675 1675 1675 1621 1621 1621 1676 1676 1676 1676 1676 1676 1621 1621 1621 1622 1622 1622 1676 1676 1676 1622 1622 1622 1677 1677 1677 1677 1677 1677 1622 1622 1622 1623 1623 1623 1677 1677 1677 1623 1623 1623 1678 1678 1678 1678 1678 1678 1623 1623 1623 1624 1624 1624 1678 1678 1678 1624 1624 1624 1679 1679 1679 1679 1679 1679 1624 1624 1624 1625 1625 1625 1679 1679 1679 1625 1625 1625 1680 1680 1680 1680 1680 1680 1625 1625 1625 1626 1626 1626 1680 1680 1680 1626 1626 1626 1681 1681 1681 1681 1681 1681 1626 1626 1626 1627 1627 1627 1681 1681 1681 1627 1627 1627 1682 1682 1682 1682 1682 1682 1627 1627 1627 1628 1628 1628 1682 1682 1682 1628 1628 1628 1683 1683 1683 1683 1683 1683 1628 1628 1628 1629 1629 1629 1683 1683 1683 1629 1629 1629 1684 1684 1684 1684 1684 1684 1629 1629 1629 1585 1585 1585 1684 1684 1684 1585 1585 1585 1685 1685 1685 1685 1685 1685 1585 1585 1585 1586 1586 1586 1685 1685 1685 1586 1586 1586 1686 1686 1686 1686 1686 1686 1586 1586 1586 1587 1587 1587 1686 1686 1686 1587 1587 1587 1687 1687 1687 1687 1687 1687 1587 1587 1587 1588 1588 1588 1687 1687 1687 1588 1588 1588 1688 1688 1688 1688 1688 1688 1588 1588 1588 1589 1589 1589 1688 1688 1688 1589 1589 1589 1689 1689 1689 1689 1689 1689 1589 1589 1589 1590 1590 1590 1689 1689 1689 1590 1590 1590 1690 1690 1690 1690 1690 1690 1590 1590 1590 1591 1591 1591 1690 1690 1690 1591 1591 1591 1691 1691 1691 1691 1691 1691 1591 1591 1591 1592 1592 1592 1691 1691 1691 1592 1592 1592 1692 1692 1692 1692 1692 1692 1592 1592 1592 1593 1593 1593 1692 1692 1692 1593 1593 1593 1693 1693 1693 1693 1693 1693 1593 1593 1593 1594 1594 1594 1693 1693 1693 1594 1594 1594 1694 1694 1694 1694 1694 1694 1594 1594 1594 1595 1595 1595 1694 1694 1694 1595 1595 1595 1695 1695 1695 1695 1695 1695 1595 1595 1595 1596 1596 1596 1695 1695 1695 1596 1596 1596 1696 1696 1696 1696 1696 1696 1596 1596 1596 1597 1597 1597 1696 1696 1696 1597 1597 1597 1697 1697 1697 1697 1697 1697 1597 1597 1597 1598 1598 1598 1697 1697 1697 1598 1598 1598 1698 1698 1698 1698 1698 1698 1598 1598 1598 1599 1599 1599 1698 1698 1698 1599 1599 1599 1699 1699 1699 1699 1699 1699 1599 1599 1599 1600 1600 1600 1699 1699 1699 1600 1600 1600 1700 1700 1700 1700 1700 1700 1600 1600 1600 1601 1601 1601 1700 1700 1700 1601 1601 1601 1701 1701 1701 1701 1701 1701 1601 1601 1601 1602 1602 1602 1701 1701 1701 1602 1602 1602 1702 1702 1702 1702 1702 1702 1602 1602 1602 1603 1603 1603 1702 1702 1702 1603 1603 1603 1703 1703 1703 1703 1703 1703 1603 1603 1603 1604 1604 1604 1703 1703 1703 1604 1604 1604 1704 1704 1704 1704 1704 1704 1604 1604 1604 1605 1605 1605 1704 1704 1704 1605 1605 1605 1705 1705 1705 1705 1705 1705 1605 1605 1605 1606 1606 1606 1705 1705 1705 1606 1606 1606 1706 1706 1706 1706 1706 1706 1606 1606 1606 1607 1607 1607 1706 1706 1706 1607 1607 1607 1707 1707 1707 1707 1707 1707 1607 1607 1607 1608 1608 1608 1707 1707 1707 1608 1608 1608 1708 1708 1708 1708 1708 1708 1608 1608 1608 1609 1609 1609 1708 1708 1708 1609 1609 1609 1709 1709 1709 1709 1709 1709 1609 1609 1609 1610 1610 1610 1709 1709 1709 1610 1610 1610 1710 1710 1710 1710 1710 1710 1610 1610 1610 1611 1611 1611 1710 1710 1710 1611 1611 1611 1711 1711 1711 1711 1711 1711 1611 1611 1611 1612 1612 1612 1711 1711 1711 1612 1612 1612 1712 1712 1712 1712 1712 1712 1612 1612 1612 1613 1613 1613 1712 1712 1712 1613 1613 1613 1713 1713 1713 1713 1713 1713 1613 1613 1613 1614 1614 1614 1713 1713 1713 1614 1614 1614 1714 1714 1714 1714 1714 1714 1614 1614 1614 1615 1615 1615 1714 1714 1714 1615 1615 1615 1715 1715 1715 1715 1715 1715 1615 1615 1615 1616 1616 1616 1715 1715 1715 1616 1616 1616 1716 1716 1716 1716 1716 1716 1616 1616 1616 1617 1617 1617 1716 1716 1716 1617 1617 1617 1717 1717 1717 1717 1717 1717 1617 1617 1617 1618 1618 1618 1717 1717 1717 1618 1618 1618 1718 1718 1718 1718 1718 1718 1618 1618 1618 1619 1619 1619 1718 1718 1718 1619 1619 1619 1719 1719 1719 1719 1719 1719 1619 1619 1619 1620 1620 1620 999 999 999 1011 1011 1011 1720 1720 1720 1116 1116 1116 1321 1321 1321 1721 1721 1721 1205 1205 1205 1213 1213 1213 1722 1722 1722 1384 1384 1384 1383 1383 1383 1723 1723 1723 1724 1724 1724 1725 1725 1725 1726 1726 1726 1727 1727 1727 1728 1728 1728 1729 1729 1729 1730 1730 1730 1731 1731 1731 1728 1728 1728 1732 1732 1732 1733 1733 1733 1734 1734 1734 1735 1735 1735 1736 1736 1736 1737 1737 1737 1738 1738 1738 1739 1739 1739 1736 1736 1736 1740 1740 1740 1741 1741 1741 1742 1742 1742 1743 1743 1743 1744 1744 1744 1745 1745 1745 1746 1746 1746 1747 1747 1747 1744 1744 1744 1748 1748 1748 1749 1749 1749 1750 1750 1750 1751 1751 1751 1752 1752 1752 1753 1753 1753 1754 1754 1754 1749 1749 1749 1755 1755 1755 1755 1755 1755 1749 1749 1749 1748 1748 1748 1755 1755 1755 1748 1748 1748 1756 1756 1756 1757 1757 1757 1747 1747 1747 1758 1758 1758 1758 1758 1758 1747 1747 1747 1746 1746 1746 1758 1758 1758 1746 1746 1746 1759 1759 1759 1760 1760 1760 1741 1741 1741 1761 1761 1761 1761 1761 1761 1741 1741 1741 1740 1740 1740 1761 1761 1761 1740 1740 1740 1762 1762 1762 1763 1763 1763 1739 1739 1739 1764 1764 1764 1764 1764 1764 1739 1739 1739 1738 1738 1738 1764 1764 1764 1738 1738 1738 1765 1765 1765 1766 1766 1766 1733 1733 1733 1767 1767 1767 1767 1767 1767 1733 1733 1733 1732 1732 1732 1767 1767 1767 1732 1732 1732 1768 1768 1768 1769 1769 1769 1731 1731 1731 1770 1770 1770 1770 1770 1770 1731 1731 1731 1730 1730 1730 1770 1770 1770 1730 1730 1730 1771 1771 1771 1772 1772 1772 1725 1725 1725 1773 1773 1773 1773 1773 1773 1725 1725 1725 1724 1724 1724 1773 1773 1773 1724 1724 1724 1774 1774 1774 1751 1751 1751 1753 1753 1753 1775 1775 1775 1775 1775 1775 1753 1753 1753 1776 1776 1776 1775 1775 1775 1776 1776 1776 1726 1726 1726 1777 1777 1777 1778 1778 1778 1779 1779 1779 1750 1750 1750 1757 1757 1757 1777 1777 1777 1777 1777 1777 1757 1757 1757 1758 1758 1758 1777 1777 1777 1758 1758 1758 1778 1778 1778 1778 1778 1778 1758 1758 1758 1759 1759 1759 1780 1780 1780 1781 1781 1781 1782 1782 1782 1745 1745 1745 1783 1783 1783 1780 1780 1780 1780 1780 1780 1783 1783 1783 1784 1784 1784 1780 1780 1780 1784 1784 1784 1781 1781 1781 1781 1781 1781 1784 1784 1784 1785 1785 1785 1786 1786 1786 1787 1787 1787 1788 1788 1788 1788 1788 1788 1787 1787 1787 1789 1789 1789 1788 1788 1788 1789 1789 1789 1790 1790 1790 1790 1790 1790 1789 1789 1789 1791 1791 1791 1787 1787 1787 1792 1792 1792 1789 1789 1789 1789 1789 1789 1792 1792 1792 1793 1793 1793 1789 1789 1789 1793 1793 1793 1791 1791 1791 1791 1791 1791 1793 1793 1793 1794 1794 1794 1795 1795 1795 1796 1796 1796 1797 1797 1797 1742 1742 1742 1763 1763 1763 1795 1795 1795 1795 1795 1795 1763 1763 1763 1764 1764 1764 1795 1795 1795 1764 1764 1764 1796 1796 1796 1796 1796 1796 1764 1764 1764 1765 1765 1765 1798 1798 1798 1799 1799 1799 1800 1800 1800 1737 1737 1737 1801 1801 1801 1798 1798 1798 1798 1798 1798 1801 1801 1801 1802 1802 1802 1798 1798 1798 1802 1802 1802 1799 1799 1799 1799 1799 1799 1802 1802 1802 1803 1803 1803 1804 1804 1804 1805 1805 1805 1806 1806 1806 1806 1806 1806 1805 1805 1805 1807 1807 1807 1806 1806 1806 1807 1807 1807 1808 1808 1808 1808 1808 1808 1807 1807 1807 1809 1809 1809 1805 1805 1805 1810 1810 1810 1807 1807 1807 1807 1807 1807 1810 1810 1810 1811 1811 1811 1807 1807 1807 1811 1811 1811 1809 1809 1809 1809 1809 1809 1811 1811 1811 1812 1812 1812 1813 1813 1813 1814 1814 1814 1815 1815 1815 1734 1734 1734 1769 1769 1769 1813 1813 1813 1813 1813 1813 1769 1769 1769 1770 1770 1770 1813 1813 1813 1770 1770 1770 1814 1814 1814 1814 1814 1814 1770 1770 1770 1771 1771 1771 1816 1816 1816 1817 1817 1817 1818 1818 1818 1729 1729 1729 1819 1819 1819 1816 1816 1816 1816 1816 1816 1819 1819 1819 1820 1820 1820 1816 1816 1816 1820 1820 1820 1817 1817 1817 1817 1817 1817 1820 1820 1820 1821 1821 1821 1822 1822 1822 1776 1776 1776 1823 1823 1823 1823 1823 1823 1776 1776 1776 1753 1753 1753 1823 1823 1823 1753 1753 1753 1824 1824 1824 1824 1824 1824 1753 1753 1753 1752 1752 1752 1824 1824 1824 1752 1752 1752 1825 1825 1825 1751 1751 1751 1826 1826 1826 1752 1752 1752 1752 1752 1752 1826 1826 1826 1827 1827 1827 1752 1752 1752 1827 1827 1827 1825 1825 1825 1825 1825 1825 1827 1827 1827 1723 1723 1723 1825 1825 1825 1723 1723 1723 1390 1390 1390 1390 1390 1390 1723 1723 1723 1383 1383 1383 1379 1379 1379 1384 1384 1384 1828 1828 1828 1828 1828 1828 1384 1384 1384 1723 1723 1723 1828 1828 1828 1723 1723 1723 1829 1829 1829 1829 1829 1829 1723 1723 1723 1827 1827 1827 1829 1829 1829 1827 1827 1827 1830 1830 1830 1830 1830 1830 1827 1827 1827 1826 1826 1826 1830 1830 1830 1754 1754 1754 1829 1829 1829 1829 1829 1829 1754 1754 1754 1755 1755 1755 1829 1829 1829 1755 1755 1755 1828 1828 1828 1828 1828 1828 1755 1755 1755 1756 1756 1756 1828 1828 1828 1756 1756 1756 1379 1379 1379 1379 1379 1379 1756 1756 1756 1378 1378 1378 1750 1750 1750 1777 1777 1777 1748 1748 1748 1748 1748 1748 1777 1777 1777 1779 1779 1779 1748 1748 1748 1779 1779 1779 1756 1756 1756 1756 1756 1756 1779 1779 1779 1172 1172 1172 1756 1756 1756 1172 1172 1172 1378 1378 1378 1164 1164 1164 1169 1169 1169 1759 1759 1759 1759 1759 1759 1169 1169 1169 1177 1177 1177 1759 1759 1759 1177 1177 1177 1778 1778 1778 1778 1778 1778 1177 1177 1177 1176 1176 1176 1778 1778 1778 1176 1176 1176 1779 1779 1779 1779 1779 1779 1176 1176 1176 1174 1174 1174 1779 1779 1779 1174 1174 1174 1172 1172 1172 1744 1744 1744 1743 1743 1743 1746 1746 1746 1746 1746 1746 1743 1743 1743 1831 1831 1831 1746 1746 1746 1831 1831 1831 1759 1759 1759 1759 1759 1759 1831 1831 1831 1374 1374 1374 1759 1759 1759 1374 1374 1374 1164 1164 1164 1745 1745 1745 1780 1780 1780 1743 1743 1743 1743 1743 1743 1780 1780 1780 1782 1782 1782 1743 1743 1743 1782 1782 1782 1831 1831 1831 1831 1831 1831 1782 1782 1782 979 979 979 1831 1831 1831 979 979 979 1374 1374 1374 1211 1211 1211 1209 1209 1209 1785 1785 1785 1785 1785 1785 1209 1209 1209 1208 1208 1208 1785 1785 1785 1208 1208 1208 1781 1781 1781 1781 1781 1781 1208 1208 1208 1198 1198 1198 1781 1781 1781 1198 1198 1198 1782 1782 1782 1782 1782 1782 1198 1198 1198 1368 1368 1368 1782 1782 1782 1368 1368 1368 979 979 979 1783 1783 1783 1832 1832 1832 1784 1784 1784 1784 1784 1784 1832 1832 1832 1833 1833 1833 1784 1784 1784 1833 1833 1833 1785 1785 1785 1785 1785 1785 1833 1833 1833 1722 1722 1722 1785 1785 1785 1722 1722 1722 1211 1211 1211 1211 1211 1211 1722 1722 1722 1213 1213 1213 1350 1350 1350 1205 1205 1205 1834 1834 1834 1834 1834 1834 1205 1205 1205 1722 1722 1722 1834 1834 1834 1722 1722 1722 1835 1835 1835 1835 1835 1835 1722 1722 1722 1833 1833 1833 1835 1835 1835 1833 1833 1833 1836 1836 1836 1836 1836 1836 1833 1833 1833 1832 1832 1832 1836 1836 1836 1786 1786 1786 1835 1835 1835 1835 1835 1835 1786 1786 1786 1788 1788 1788 1835 1835 1835 1788 1788 1788 1834 1834 1834 1834 1834 1834 1788 1788 1788 1790 1790 1790 1834 1834 1834 1790 1790 1790 1350 1350 1350 1350 1350 1350 1790 1790 1790 1351 1351 1351 1255 1255 1255 1253 1253 1253 1794 1794 1794 1794 1794 1794 1253 1253 1253 1251 1251 1251 1794 1794 1794 1251 1251 1251 1791 1791 1791 1791 1791 1791 1251 1251 1251 1347 1347 1347 1791 1791 1791 1347 1347 1347 1790 1790 1790 1790 1790 1790 1347 1347 1347 1352 1352 1352 1790 1790 1790 1352 1352 1352 1351 1351 1351 1256 1256 1256 1255 1255 1255 1837 1837 1837 1837 1837 1837 1255 1255 1255 1794 1794 1794 1837 1837 1837 1794 1794 1794 1838 1838 1838 1838 1838 1838 1794 1794 1794 1793 1793 1793 1838 1838 1838 1793 1793 1793 1839 1839 1839 1839 1839 1839 1793 1793 1793 1792 1792 1792 1839 1839 1839 1760 1760 1760 1838 1838 1838 1838 1838 1838 1760 1760 1760 1761 1761 1761 1838 1838 1838 1761 1761 1761 1837 1837 1837 1837 1837 1837 1761 1761 1761 1762 1762 1762 1837 1837 1837 1762 1762 1762 1256 1256 1256 1256 1256 1256 1762 1762 1762 1248 1248 1248 1742 1742 1742 1795 1795 1795 1740 1740 1740 1740 1740 1740 1795 1795 1795 1797 1797 1797 1740 1740 1740 1797 1797 1797 1762 1762 1762 1762 1762 1762 1797 1797 1797 1243 1243 1243 1762 1762 1762 1243 1243 1243 1248 1248 1248 1026 1026 1026 1338 1338 1338 1765 1765 1765 1765 1765 1765 1338 1338 1338 1339 1339 1339 1765 1765 1765 1339 1339 1339 1796 1796 1796 1796 1796 1796 1339 1339 1339 1340 1340 1340 1796 1796 1796 1340 1340 1340 1797 1797 1797 1797 1797 1797 1340 1340 1340 1343 1343 1343 1797 1797 1797 1343 1343 1343 1243 1243 1243 1736 1736 1736 1735 1735 1735 1738 1738 1738 1738 1738 1738 1735 1735 1735 1840 1840 1840 1738 1738 1738 1840 1840 1840 1765 1765 1765 1765 1765 1765 1840 1840 1840 1028 1028 1028 1765 1765 1765 1028 1028 1028 1026 1026 1026 1737 1737 1737 1798 1798 1798 1735 1735 1735 1735 1735 1735 1798 1798 1798 1800 1800 1800 1735 1735 1735 1800 1800 1800 1840 1840 1840 1840 1840 1840 1800 1800 1800 1030 1030 1030 1840 1840 1840 1030 1030 1030 1028 1028 1028 1322 1322 1322 1325 1325 1325 1803 1803 1803 1803 1803 1803 1325 1325 1325 1332 1332 1332 1803 1803 1803 1332 1332 1332 1799 1799 1799 1799 1799 1799 1332 1332 1332 1023 1023 1023 1799 1799 1799 1023 1023 1023 1800 1800 1800 1800 1800 1800 1023 1023 1023 1032 1032 1032 1800 1800 1800 1032 1032 1032 1030 1030 1030 1801 1801 1801 1841 1841 1841 1802 1802 1802 1802 1802 1802 1841 1841 1841 1842 1842 1842 1802 1802 1802 1842 1842 1842 1803 1803 1803 1803 1803 1803 1842 1842 1842 1721 1721 1721 1803 1803 1803 1721 1721 1721 1322 1322 1322 1322 1322 1322 1721 1721 1721 1321 1321 1321 1126 1126 1126 1116 1116 1116 1843 1843 1843 1843 1843 1843 1116 1116 1116 1721 1721 1721 1843 1843 1843 1721 1721 1721 1844 1844 1844 1844 1844 1844 1721 1721 1721 1842 1842 1842 1844 1844 1844 1842 1842 1842 1845 1845 1845 1845 1845 1845 1842 1842 1842 1841 1841 1841 1845 1845 1845 1804 1804 1804 1844 1844 1844 1844 1844 1844 1804 1804 1804 1806 1806 1806 1844 1844 1844 1806 1806 1806 1843 1843 1843 1843 1843 1843 1806 1806 1806 1808 1808 1808 1843 1843 1843 1808 1808 1808 1126 1126 1126 1126 1126 1126 1808 1808 1808 1127 1127 1127 1304 1304 1304 1307 1307 1307 1812 1812 1812 1812 1812 1812 1307 1307 1307 1123 1123 1123 1812 1812 1812 1123 1123 1123 1809 1809 1809 1809 1809 1809 1123 1123 1123 1131 1131 1131 1809 1809 1809 1131 1131 1131 1808 1808 1808 1808 1808 1808 1131 1131 1131 1129 1129 1129 1808 1808 1808 1129 1129 1129 1127 1127 1127 1303 1303 1303 1304 1304 1304 1846 1846 1846 1846 1846 1846 1304 1304 1304 1812 1812 1812 1846 1846 1846 1812 1812 1812 1847 1847 1847 1847 1847 1847 1812 1812 1812 1811 1811 1811 1847 1847 1847 1811 1811 1811 1848 1848 1848 1848 1848 1848 1811 1811 1811 1810 1810 1810 1848 1848 1848 1766 1766 1766 1847 1847 1847 1847 1847 1847 1766 1766 1766 1767 1767 1767 1847 1847 1847 1767 1767 1767 1846 1846 1846 1846 1846 1846 1767 1767 1767 1768 1768 1768 1846 1846 1846 1768 1768 1768 1303 1303 1303 1303 1303 1303 1768 1768 1768 1302 1302 1302 1734 1734 1734 1813 1813 1813 1732 1732 1732 1732 1732 1732 1813 1813 1813 1815 1815 1815 1732 1732 1732 1815 1815 1815 1768 1768 1768 1768 1768 1768 1815 1815 1815 1090 1090 1090 1768 1768 1768 1090 1090 1090 1302 1302 1302 1082 1082 1082 1087 1087 1087 1771 1771 1771 1771 1771 1771 1087 1087 1087 1095 1095 1095 1771 1771 1771 1095 1095 1095 1814 1814 1814 1814 1814 1814 1095 1095 1095 1094 1094 1094 1814 1814 1814 1094 1094 1094 1815 1815 1815 1815 1815 1815 1094 1094 1094 1092 1092 1092 1815 1815 1815 1092 1092 1092 1090 1090 1090 1728 1728 1728 1727 1727 1727 1730 1730 1730 1730 1730 1730 1727 1727 1727 1849 1849 1849 1730 1730 1730 1849 1849 1849 1771 1771 1771 1771 1771 1771 1849 1849 1849 1298 1298 1298 1771 1771 1771 1298 1298 1298 1082 1082 1082 1729 1729 1729 1816 1816 1816 1727 1727 1727 1727 1727 1727 1816 1816 1816 1818 1818 1818 1727 1727 1727 1818 1818 1818 1849 1849 1849 1849 1849 1849 1818 1818 1818 1295 1295 1295 1849 1849 1849 1295 1295 1295 1298 1298 1298 1014 1014 1014 984 984 984 1821 1821 1821 1821 1821 1821 984 984 984 983 983 983 1821 1821 1821 983 983 983 1817 1817 1817 1817 1817 1817 983 983 983 990 990 990 1817 1817 1817 990 990 990 1818 1818 1818 1818 1818 1818 990 990 990 1294 1294 1294 1818 1818 1818 1294 1294 1294 1295 1295 1295 1819 1819 1819 1850 1850 1850 1820 1820 1820 1820 1820 1820 1850 1850 1850 1851 1851 1851 1820 1820 1820 1851 1851 1851 1821 1821 1821 1821 1821 1821 1851 1851 1851 1720 1720 1720 1821 1821 1821 1720 1720 1720 1014 1014 1014 1014 1014 1014 1720 1720 1720 1011 1011 1011 1289 1289 1289 999 999 999 1852 1852 1852 1852 1852 1852 999 999 999 1720 1720 1720 1852 1852 1852 1720 1720 1720 1853 1853 1853 1853 1853 1853 1720 1720 1720 1851 1851 1851 1853 1853 1853 1851 1851 1851 1854 1854 1854 1854 1854 1854 1851 1851 1851 1850 1850 1850 1854 1854 1854 1772 1772 1772 1853 1853 1853 1853 1853 1853 1772 1772 1772 1773 1773 1773 1853 1853 1853 1773 1773 1773 1852 1852 1852 1852 1852 1852 1773 1773 1773 1774 1774 1774 1852 1852 1852 1774 1774 1774 1289 1289 1289 1289 1289 1289 1774 1774 1774 1290 1290 1290 1726 1726 1726 1776 1776 1776 1724 1724 1724 1724 1724 1724 1776 1776 1776 1822 1822 1822 1724 1724 1724 1822 1822 1822 1774 1774 1774 1774 1774 1774 1822 1822 1822 1291 1291 1291 1774 1774 1774 1291 1291 1291 1290 1290 1290 1390 1390 1390 1389 1389 1389 1825 1825 1825 1825 1825 1825 1389 1389 1389 1388 1388 1388 1825 1825 1825 1388 1388 1388 1824 1824 1824 1824 1824 1824 1388 1388 1388 1282 1282 1282 1824 1824 1824 1282 1282 1282 1823 1823 1823 1823 1823 1823 1282 1282 1282 1281 1281 1281 1823 1823 1823 1281 1281 1281 1822 1822 1822 1822 1822 1822 1281 1281 1281 1286 1286 1286 1822 1822 1822 1286 1286 1286 1291 1291 1291 1783 1783 1783 1855 1855 1855 1832 1832 1832 1832 1832 1832 1855 1855 1855 1856 1856 1856 1832 1832 1832 1856 1856 1856 1836 1836 1836 1836 1836 1836 1856 1856 1856 1857 1857 1857 1836 1836 1836 1857 1857 1857 1786 1786 1786 1786 1786 1786 1857 1857 1857 1858 1858 1858 1786 1786 1786 1858 1858 1858 1787 1787 1787 1787 1787 1787 1858 1858 1858 1859 1859 1859 1787 1787 1787 1859 1859 1859 1792 1792 1792 1792 1792 1792 1859 1859 1859 1860 1860 1860 1792 1792 1792 1860 1860 1860 1839 1839 1839 1839 1839 1839 1860 1860 1860 1861 1861 1861 1839 1839 1839 1861 1861 1861 1760 1760 1760 1760 1760 1760 1861 1861 1861 1862 1862 1862 1760 1760 1760 1862 1862 1862 1741 1741 1741 1741 1741 1741 1862 1862 1862 1863 1863 1863 1741 1741 1741 1863 1863 1863 1742 1742 1742 1742 1742 1742 1863 1863 1863 1864 1864 1864 1742 1742 1742 1864 1864 1864 1763 1763 1763 1763 1763 1763 1864 1864 1864 1865 1865 1865 1763 1763 1763 1865 1865 1865 1739 1739 1739 1739 1739 1739 1865 1865 1865 1866 1866 1866 1739 1739 1739 1866 1866 1866 1736 1736 1736 1736 1736 1736 1866 1866 1866 1867 1867 1867 1736 1736 1736 1867 1867 1867 1737 1737 1737 1737 1737 1737 1867 1867 1867 1868 1868 1868 1737 1737 1737 1868 1868 1868 1801 1801 1801 1801 1801 1801 1868 1868 1868 1869 1869 1869 1801 1801 1801 1869 1869 1869 1841 1841 1841 1841 1841 1841 1869 1869 1869 1870 1870 1870 1841 1841 1841 1870 1870 1870 1845 1845 1845 1845 1845 1845 1870 1870 1870 1871 1871 1871 1845 1845 1845 1871 1871 1871 1804 1804 1804 1804 1804 1804 1871 1871 1871 1872 1872 1872 1804 1804 1804 1872 1872 1872 1805 1805 1805 1805 1805 1805 1872 1872 1872 1873 1873 1873 1805 1805 1805 1873 1873 1873 1810 1810 1810 1810 1810 1810 1873 1873 1873 1874 1874 1874 1810 1810 1810 1874 1874 1874 1848 1848 1848 1848 1848 1848 1874 1874 1874 1875 1875 1875 1848 1848 1848 1875 1875 1875 1766 1766 1766 1766 1766 1766 1875 1875 1875 1876 1876 1876 1766 1766 1766 1876 1876 1876 1733 1733 1733 1733 1733 1733 1876 1876 1876 1877 1877 1877 1733 1733 1733 1877 1877 1877 1734 1734 1734 1877 1877 1877 1878 1878 1878 1734 1734 1734 1734 1734 1734 1878 1878 1878 1879 1879 1879 1734 1734 1734 1879 1879 1879 1769 1769 1769 1769 1769 1769 1879 1879 1879 1880 1880 1880 1769 1769 1769 1880 1880 1880 1731 1731 1731 1731 1731 1731 1880 1880 1880 1881 1881 1881 1731 1731 1731 1881 1881 1881 1728 1728 1728 1728 1728 1728 1881 1881 1881 1882 1882 1882 1728 1728 1728 1882 1882 1882 1729 1729 1729 1729 1729 1729 1882 1882 1882 1883 1883 1883 1729 1729 1729 1883 1883 1883 1819 1819 1819 1819 1819 1819 1883 1883 1883 1884 1884 1884 1819 1819 1819 1884 1884 1884 1850 1850 1850 1850 1850 1850 1884 1884 1884 1885 1885 1885 1850 1850 1850 1885 1885 1885 1854 1854 1854 1854 1854 1854 1885 1885 1885 1886 1886 1886 1854 1854 1854 1886 1886 1886 1772 1772 1772 1772 1772 1772 1886 1886 1886 1887 1887 1887 1772 1772 1772 1887 1887 1887 1725 1725 1725 1725 1725 1725 1887 1887 1887 1888 1888 1888 1725 1725 1725 1888 1888 1888 1726 1726 1726 1726 1726 1726 1888 1888 1888 1889 1889 1889 1726 1726 1726 1889 1889 1889 1775 1775 1775 1775 1775 1775 1889 1889 1889 1890 1890 1890 1775 1775 1775 1890 1890 1890 1751 1751 1751 1751 1751 1751 1890 1890 1890 1891 1891 1891 1751 1751 1751 1891 1891 1891 1826 1826 1826 1826 1826 1826 1891 1891 1891 1892 1892 1892 1826 1826 1826 1892 1892 1892 1830 1830 1830 1830 1830 1830 1892 1892 1892 1893 1893 1893 1830 1830 1830 1893 1893 1893 1754 1754 1754 1754 1754 1754 1893 1893 1893 1894 1894 1894 1754 1754 1754 1894 1894 1894 1749 1749 1749 1749 1749 1749 1894 1894 1894 1895 1895 1895 1749 1749 1749 1895 1895 1895 1750 1750 1750 1750 1750 1750 1895 1895 1895 1896 1896 1896 1750 1750 1750 1896 1896 1896 1757 1757 1757 1757 1757 1757 1896 1896 1896 1897 1897 1897 1757 1757 1757 1897 1897 1897 1747 1747 1747 1747 1747 1747 1897 1897 1897 1898 1898 1898 1747 1747 1747 1898 1898 1898 1744 1744 1744 1744 1744 1744 1898 1898 1898 1899 1899 1899 1744 1744 1744 1899 1899 1899 1745 1745 1745 1745 1745 1745 1899 1899 1899 1900 1900 1900 1745 1745 1745 1900 1900 1900 1783 1783 1783 1783 1783 1783 1900 1900 1900 1901 1901 1901 1783 1783 1783 1901 1901 1901 1855 1855 1855 1902 1902 1902 1903 1903 1903 1904 1904 1904 1905 1905 1905 1906 1906 1906 1907 1907 1907 1903 1903 1903 1908 1908 1908 1904 1904 1904 1904 1904 1904 1908 1908 1908 1909 1909 1909 1904 1904 1904 1909 1909 1909 1907 1907 1907 1907 1907 1907 1909 1909 1909 1910 1910 1910 1907 1907 1907 1910 1910 1910 1905 1905 1905 1911 1911 1911 1912 1912 1912 1913 1913 1913 1905 1905 1905 1914 1914 1914 1906 1906 1906 1906 1906 1906 1914 1914 1914 1915 1915 1915 1906 1906 1906 1915 1915 1915 1913 1913 1913 1913 1913 1913 1915 1915 1915 1916 1916 1916 1913 1913 1913 1916 1916 1916 1911 1911 1911 1917 1917 1917 1918 1918 1918 1919 1919 1919 1911 1911 1911 1920 1920 1920 1912 1912 1912 1912 1912 1912 1920 1920 1920 1921 1921 1921 1912 1912 1912 1921 1921 1921 1919 1919 1919 1919 1919 1919 1921 1921 1921 1922 1922 1922 1919 1919 1919 1922 1922 1922 1917 1917 1917 1923 1923 1923 1924 1924 1924 1925 1925 1925 1917 1917 1917 1926 1926 1926 1918 1918 1918 1918 1918 1918 1926 1926 1926 1927 1927 1927 1918 1918 1918 1927 1927 1927 1925 1925 1925 1925 1925 1925 1927 1927 1927 1928 1928 1928 1925 1925 1925 1928 1928 1928 1923 1923 1923 1923 1923 1923 1929 1929 1929 1924 1924 1924 1924 1924 1924 1929 1929 1929 1930 1930 1930 1924 1924 1924 1930 1930 1930 1931 1931 1931 1930 1930 1930 1932 1932 1932 1931 1931 1931 1931 1931 1931 1932 1932 1932 1933 1933 1933 1931 1931 1931 1933 1933 1933 1934 1934 1934 1933 1933 1933 1935 1935 1935 1934 1934 1934 1934 1934 1934 1935 1935 1935 1936 1936 1936 1934 1934 1934 1936 1936 1936 1937 1937 1937 1936 1936 1936 1938 1938 1938 1937 1937 1937 1937 1937 1937 1938 1938 1938 1939 1939 1939 1937 1937 1937 1939 1939 1939 1940 1940 1940 1939 1939 1939 1941 1941 1941 1940 1940 1940 1940 1940 1940 1941 1941 1941 1942 1942 1942 1940 1940 1940 1942 1942 1942 1943 1943 1943 1942 1942 1942 1944 1944 1944 1943 1943 1943 1943 1943 1943 1944 1944 1944 1945 1945 1945 1943 1943 1943 1945 1945 1945 1946 1946 1946 1945 1945 1945 1947 1947 1947 1946 1946 1946 1946 1946 1946 1947 1947 1947 1948 1948 1948 1946 1946 1946 1948 1948 1948 1949 1949 1949 1948 1948 1948 1950 1950 1950 1949 1949 1949 1949 1949 1949 1950 1950 1950 1951 1951 1951 1949 1949 1949 1951 1951 1951 1952 1952 1952 1951 1951 1951 1953 1953 1953 1952 1952 1952 1952 1952 1952 1953 1953 1953 1954 1954 1954 1952 1952 1952 1954 1954 1954 1955 1955 1955 1956 1956 1956 1957 1957 1957 1958 1958 1958 1958 1958 1958 1957 1957 1957 1959 1959 1959 1958 1958 1958 1959 1959 1959 1960 1960 1960 1960 1960 1960 1959 1959 1959 1961 1961 1961 1960 1960 1960 1961 1961 1961 1962 1962 1962 1962 1962 1962 1961 1961 1961 1963 1963 1963 1962 1962 1962 1963 1963 1963 1964 1964 1964 1964 1964 1964 1963 1963 1963 1955 1955 1955 1964 1964 1964 1955 1955 1955 1965 1965 1965 1965 1965 1965 1955 1955 1955 1954 1954 1954 1966 1966 1966 1967 1967 1967 1956 1956 1956 1956 1956 1956 1967 1967 1967 1968 1968 1968 1956 1956 1956 1968 1968 1968 1957 1957 1957 1969 1969 1969 1970 1970 1970 1971 1971 1971 1966 1966 1966 1972 1972 1972 1967 1967 1967 1967 1967 1967 1972 1972 1972 1973 1973 1973 1967 1967 1967 1973 1973 1973 1971 1971 1971 1971 1971 1971 1973 1973 1973 1974 1974 1974 1971 1971 1971 1974 1974 1974 1969 1969 1969 1975 1975 1975 1976 1976 1976 1977 1977 1977 1969 1969 1969 1978 1978 1978 1970 1970 1970 1970 1970 1970 1978 1978 1978 1979 1979 1979 1970 1970 1970 1979 1979 1979 1977 1977 1977 1977 1977 1977 1979 1979 1979 1980 1980 1980 1977 1977 1977 1980 1980 1980 1975 1975 1975 1981 1981 1981 1982 1982 1982 1983 1983 1983 1975 1975 1975 1984 1984 1984 1976 1976 1976 1976 1976 1976 1984 1984 1984 1985 1985 1985 1976 1976 1976 1985 1985 1985 1983 1983 1983 1983 1983 1983 1985 1985 1985 1986 1986 1986 1983 1983 1983 1986 1986 1986 1981 1981 1981 1987 1987 1987 1988 1988 1988 1989 1989 1989 1981 1981 1981 1990 1990 1990 1982 1982 1982 1982 1982 1982 1990 1990 1990 1991 1991 1991 1982 1982 1982 1991 1991 1991 1989 1989 1989 1989 1989 1989 1991 1991 1991 1992 1992 1992 1989 1989 1989 1992 1992 1992 1987 1987 1987 1987 1987 1987 1993 1993 1993 1988 1988 1988 1988 1988 1988 1993 1993 1993 1994 1994 1994 1988 1988 1988 1994 1994 1994 1995 1995 1995 1994 1994 1994 1996 1996 1996 1995 1995 1995 1995 1995 1995 1996 1996 1996 1997 1997 1997 1995 1995 1995 1997 1997 1997 1998 1998 1998 1997 1997 1997 1999 1999 1999 1998 1998 1998 1998 1998 1998 1999 1999 1999 2000 2000 2000 1998 1998 1998 2000 2000 2000 2001 2001 2001 2000 2000 2000 2002 2002 2002 2001 2001 2001 2001 2001 2001 2002 2002 2002 2003 2003 2003 2001 2001 2001 2003 2003 2003 2004 2004 2004 2003 2003 2003 2005 2005 2005 2004 2004 2004 2004 2004 2004 2005 2005 2005 2006 2006 2006 2004 2004 2004 2006 2006 2006 2007 2007 2007 2006 2006 2006 2008 2008 2008 2007 2007 2007 2007 2007 2007 2008 2008 2008 2009 2009 2009 2007 2007 2007 2009 2009 2009 2010 2010 2010 2009 2009 2009 2011 2011 2011 2010 2010 2010 2010 2010 2010 2011 2011 2011 2012 2012 2012 2010 2010 2010 2012 2012 2012 2013 2013 2013 2012 2012 2012 2014 2014 2014 2013 2013 2013 2013 2013 2013 2014 2014 2014 2015 2015 2015 2013 2013 2013 2015 2015 2015 2016 2016 2016 2015 2015 2015 2017 2017 2017 2016 2016 2016 2016 2016 2016 2017 2017 2017 2018 2018 2018 2016 2016 2016 2018 2018 2018 2019 2019 2019 2018 2018 2018 2020 2020 2020 2019 2019 2019 2019 2019 2019 2020 2020 2020 2021 2021 2021 2019 2019 2019 2021 2021 2021 2022 2022 2022 2022 2022 2022 2021 2021 2021 2023 2023 2023 2022 2022 2022 2023 2023 2023 2024 2024 2024 1904 1904 1904 2025 2025 2025 1902 1902 1902 1902 1902 1902 2025 2025 2025 2026 2026 2026 1902 1902 1902 2026 2026 2026 2027 2027 2027 2027 2027 2027 2026 2026 2026 2028 2028 2028 2027 2027 2027 2028 2028 2028 2029 2029 2029 2029 2029 2029 2028 2028 2028 2030 2030 2030 2029 2029 2029 2030 2030 2030 2031 2031 2031 2031 2031 2031 2030 2030 2030 2024 2024 2024 2031 2031 2031 2024 2024 2024 2032 2032 2032 2032 2032 2032 2024 2024 2024 2023 2023 2023 2030 2030 2030 2033 2033 2033 2024 2024 2024 2024 2024 2024 2033 2033 2033 2034 2034 2034 2024 2024 2024 2034 2034 2034 2022 2022 2022 2022 2022 2022 2034 2034 2034 2035 2035 2035 2022 2022 2022 2035 2035 2035 2019 2019 2019 2019 2019 2019 2035 2035 2035 2036 2036 2036 2019 2019 2019 2036 2036 2036 2016 2016 2016 2016 2016 2016 2036 2036 2036 2037 2037 2037 2016 2016 2016 2037 2037 2037 2013 2013 2013 2013 2013 2013 2037 2037 2037 2038 2038 2038 2013 2013 2013 2038 2038 2038 2010 2010 2010 2010 2010 2010 2038 2038 2038 2039 2039 2039 2010 2010 2010 2039 2039 2039 2007 2007 2007 2007 2007 2007 2039 2039 2039 2040 2040 2040 2007 2007 2007 2040 2040 2040 2004 2004 2004 2004 2004 2004 2040 2040 2040 2041 2041 2041 2004 2004 2004 2041 2041 2041 2001 2001 2001 2001 2001 2001 2041 2041 2041 2042 2042 2042 2001 2001 2001 2042 2042 2042 1998 1998 1998 1998 1998 1998 2042 2042 2042 2043 2043 2043 1998 1998 1998 2043 2043 2043 1995 1995 1995 1995 1995 1995 2043 2043 2043 2044 2044 2044 1995 1995 1995 2044 2044 2044 1988 1988 1988 1988 1988 1988 2044 2044 2044 2045 2045 2045 1988 1988 1988 2045 2045 2045 1989 1989 1989 1989 1989 1989 2045 2045 2045 2046 2046 2046 1989 1989 1989 2046 2046 2046 1982 1982 1982 1982 1982 1982 2046 2046 2046 2047 2047 2047 1982 1982 1982 2047 2047 2047 1983 1983 1983 1983 1983 1983 2047 2047 2047 2048 2048 2048 1983 1983 1983 2048 2048 2048 1976 1976 1976 1976 1976 1976 2048 2048 2048 2049 2049 2049 1976 1976 1976 2049 2049 2049 1977 1977 1977 1977 1977 1977 2049 2049 2049 2050 2050 2050 1977 1977 1977 2050 2050 2050 1970 1970 1970 1970 1970 1970 2050 2050 2050 2051 2051 2051 1970 1970 1970 2051 2051 2051 1971 1971 1971 1971 1971 1971 2051 2051 2051 2052 2052 2052 1971 1971 1971 2052 2052 2052 1967 1967 1967 1967 1967 1967 2052 2052 2052 2053 2053 2053 1967 1967 1967 2053 2053 2053 1968 1968 1968 1968 1968 1968 2053 2053 2053 2054 2054 2054 1968 1968 1968 2054 2054 2054 1957 1957 1957 1957 1957 1957 2054 2054 2054 2055 2055 2055 1957 1957 1957 2055 2055 2055 1959 1959 1959 1959 1959 1959 2055 2055 2055 2056 2056 2056 1959 1959 1959 2056 2056 2056 1961 1961 1961 1961 1961 1961 2056 2056 2056 2057 2057 2057 1961 1961 1961 2057 2057 2057 1963 1963 1963 1963 1963 1963 2057 2057 2057 2058 2058 2058 1963 1963 1963 2058 2058 2058 1955 1955 1955 1955 1955 1955 2058 2058 2058 2059 2059 2059 1955 1955 1955 2059 2059 2059 1952 1952 1952 1952 1952 1952 2059 2059 2059 2060 2060 2060 1952 1952 1952 2060 2060 2060 1949 1949 1949 1949 1949 1949 2060 2060 2060 2061 2061 2061 1949 1949 1949 2061 2061 2061 1946 1946 1946 1946 1946 1946 2061 2061 2061 2062 2062 2062 1946 1946 1946 2062 2062 2062 1943 1943 1943 1943 1943 1943 2062 2062 2062 2063 2063 2063 1943 1943 1943 2063 2063 2063 1940 1940 1940 1940 1940 1940 2063 2063 2063 2064 2064 2064 1940 1940 1940 2064 2064 2064 1937 1937 1937 1937 1937 1937 2064 2064 2064 2065 2065 2065 1937 1937 1937 2065 2065 2065 1934 1934 1934 1934 1934 1934 2065 2065 2065 2066 2066 2066 1934 1934 1934 2066 2066 2066 1931 1931 1931 1931 1931 1931 2066 2066 2066 2067 2067 2067 1931 1931 1931 2067 2067 2067 1924 1924 1924 1924 1924 1924 2067 2067 2067 2068 2068 2068 1924 1924 1924 2068 2068 2068 1925 1925 1925 1925 1925 1925 2068 2068 2068 2069 2069 2069 1925 1925 1925 2069 2069 2069 1918 1918 1918 1918 1918 1918 2069 2069 2069 2070 2070 2070 1918 1918 1918 2070 2070 2070 1919 1919 1919 1919 1919 1919 2070 2070 2070 2071 2071 2071 1919 1919 1919 2071 2071 2071 1912 1912 1912 1912 1912 1912 2071 2071 2071 2072 2072 2072 1912 1912 1912 2072 2072 2072 1913 1913 1913 1913 1913 1913 2072 2072 2072 2073 2073 2073 1913 1913 1913 2073 2073 2073 1906 1906 1906 1906 1906 1906 2073 2073 2073 2074 2074 2074 1906 1906 1906 2074 2074 2074 1907 1907 1907 1907 1907 1907 2074 2074 2074 2075 2075 2075 1907 1907 1907 2075 2075 2075 1904 1904 1904 1904 1904 1904 2075 2075 2075 2076 2076 2076 1904 1904 1904 2076 2076 2076 2025 2025 2025 2025 2025 2025 2076 2076 2076 2077 2077 2077 2025 2025 2025 2077 2077 2077 2026 2026 2026 2026 2026 2026 2077 2077 2077 2078 2078 2078 2026 2026 2026 2078 2078 2078 2028 2028 2028 2028 2028 2028 2078 2078 2078 2079 2079 2079 2028 2028 2028 2079 2079 2079 2030 2030 2030 2030 2030 2030 2079 2079 2079 2033 2033 2033 2079 2079 2079 1889 1889 1889 2033 2033 2033 2033 2033 2033 1889 1889 1889 1888 1888 1888 2033 2033 2033 1888 1888 1888 2034 2034 2034 2034 2034 2034 1888 1888 1888 1887 1887 1887 2034 2034 2034 1887 1887 1887 2035 2035 2035 2035 2035 2035 1887 1887 1887 1886 1886 1886 2035 2035 2035 1886 1886 1886 2036 2036 2036 2036 2036 2036 1886 1886 1886 1885 1885 1885 2036 2036 2036 1885 1885 1885 2037 2037 2037 2037 2037 2037 1885 1885 1885 1884 1884 1884 2037 2037 2037 1884 1884 1884 2038 2038 2038 2038 2038 2038 1884 1884 1884 1883 1883 1883 2038 2038 2038 1883 1883 1883 2039 2039 2039 2039 2039 2039 1883 1883 1883 1882 1882 1882 2039 2039 2039 1882 1882 1882 2040 2040 2040 2040 2040 2040 1882 1882 1882 1881 1881 1881 2040 2040 2040 1881 1881 1881 2041 2041 2041 2041 2041 2041 1881 1881 1881 1880 1880 1880 2041 2041 2041 1880 1880 1880 2042 2042 2042 2042 2042 2042 1880 1880 1880 1879 1879 1879 2042 2042 2042 1879 1879 1879 2043 2043 2043 2043 2043 2043 1879 1879 1879 1878 1878 1878 2043 2043 2043 1878 1878 1878 2044 2044 2044 2044 2044 2044 1878 1878 1878 1877 1877 1877 2044 2044 2044 1877 1877 1877 2045 2045 2045 2045 2045 2045 1877 1877 1877 1876 1876 1876 2045 2045 2045 1876 1876 1876 2046 2046 2046 2046 2046 2046 1876 1876 1876 1875 1875 1875 2046 2046 2046 1875 1875 1875 2047 2047 2047 2047 2047 2047 1875 1875 1875 1874 1874 1874 2047 2047 2047 1874 1874 1874 2048 2048 2048 2048 2048 2048 1874 1874 1874 1873 1873 1873 2048 2048 2048 1873 1873 1873 2049 2049 2049 2049 2049 2049 1873 1873 1873 1872 1872 1872 2049 2049 2049 1872 1872 1872 2050 2050 2050 2050 2050 2050 1872 1872 1872 1871 1871 1871 2050 2050 2050 1871 1871 1871 2051 2051 2051 2051 2051 2051 1871 1871 1871 1870 1870 1870 2051 2051 2051 1870 1870 1870 2052 2052 2052 2052 2052 2052 1870 1870 1870 1869 1869 1869 2052 2052 2052 1869 1869 1869 2053 2053 2053 2053 2053 2053 1869 1869 1869 1868 1868 1868 2053 2053 2053 1868 1868 1868 2054 2054 2054 2054 2054 2054 1868 1868 1868 1867 1867 1867 2054 2054 2054 1867 1867 1867 2055 2055 2055 2055 2055 2055 1867 1867 1867 1866 1866 1866 2055 2055 2055 1866 1866 1866 2056 2056 2056 2056 2056 2056 1866 1866 1866 1865 1865 1865 2056 2056 2056 1865 1865 1865 2057 2057 2057 2057 2057 2057 1865 1865 1865 1864 1864 1864 2057 2057 2057 1864 1864 1864 2058 2058 2058 2058 2058 2058 1864 1864 1864 1863 1863 1863 2058 2058 2058 1863 1863 1863 2059 2059 2059 2059 2059 2059 1863 1863 1863 1862 1862 1862 2059 2059 2059 1862 1862 1862 2060 2060 2060 2060 2060 2060 1862 1862 1862 1861 1861 1861 2060 2060 2060 1861 1861 1861 2061 2061 2061 2061 2061 2061 1861 1861 1861 1860 1860 1860 2061 2061 2061 1860 1860 1860 2062 2062 2062 2062 2062 2062 1860 1860 1860 1859 1859 1859 2062 2062 2062 1859 1859 1859 2063 2063 2063 2063 2063 2063 1859 1859 1859 1858 1858 1858 2063 2063 2063 1858 1858 1858 2064 2064 2064 2064 2064 2064 1858 1858 1858 1857 1857 1857 2064 2064 2064 1857 1857 1857 2065 2065 2065 2065 2065 2065 1857 1857 1857 1856 1856 1856 2065 2065 2065 1856 1856 1856 2066 2066 2066 2066 2066 2066 1856 1856 1856 1855 1855 1855 2066 2066 2066 1855 1855 1855 2067 2067 2067 2067 2067 2067 1855 1855 1855 1901 1901 1901 2067 2067 2067 1901 1901 1901 2068 2068 2068 2068 2068 2068 1901 1901 1901 1900 1900 1900 2068 2068 2068 1900 1900 1900 2069 2069 2069 2069 2069 2069 1900 1900 1900 1899 1899 1899 2069 2069 2069 1899 1899 1899 2070 2070 2070 2070 2070 2070 1899 1899 1899 1898 1898 1898 2070 2070 2070 1898 1898 1898 2071 2071 2071 2071 2071 2071 1898 1898 1898 1897 1897 1897 2071 2071 2071 1897 1897 1897 2072 2072 2072 2072 2072 2072 1897 1897 1897 1896 1896 1896 2072 2072 2072 1896 1896 1896 2073 2073 2073 2073 2073 2073 1896 1896 1896 1895 1895 1895 2073 2073 2073 1895 1895 1895 2074 2074 2074 2074 2074 2074 1895 1895 1895 1894 1894 1894 2074 2074 2074 1894 1894 1894 2075 2075 2075 2075 2075 2075 1894 1894 1894 1893 1893 1893 2075 2075 2075 1893 1893 1893 2076 2076 2076 2076 2076 2076 1893 1893 1893 1892 1892 1892 2076 2076 2076 1892 1892 1892 2077 2077 2077 2077 2077 2077 1892 1892 1892 1891 1891 1891 2077 2077 2077 1891 1891 1891 2078 2078 2078 2078 2078 2078 1891 1891 1891 1890 1890 1890 2078 2078 2078 1890 1890 1890 2079 2079 2079 2079 2079 2079 1890 1890 1890 1889 1889 1889 2008 2008 2008 2006 2006 2006 2080 2080 2080 2005 2005 2005 2003 2003 2003 2081 2081 2081 2002 2002 2002 2000 2000 2000 2082 2082 2082 1992 1992 1992 1991 1991 1991 2083 2083 2083 1990 1990 1990 1981 1981 1981 2084 2084 2084 1986 1986 1986 1985 1985 1985 2085 2085 2085 1984 1984 1984 1975 1975 1975 2086 2086 2086 1980 1980 1980 1979 1979 1979 2087 2087 2087 1978 1978 1978 1969 1969 1969 2088 2088 2088 1953 1953 1953 1951 1951 1951 2089 2089 2089 1950 1950 1950 1948 1948 1948 2090 2090 2090 1947 1947 1947 1945 1945 1945 2091 2091 2091 1944 1944 1944 1942 1942 1942 2092 2092 2092 1941 1941 1941 1939 1939 1939 2093 2093 2093 1938 1938 1938 1936 1936 1936 2094 2094 2094 1935 1935 1935 1933 1933 1933 2095 2095 2095 1926 1926 1926 1917 1917 1917 2096 2096 2096 1922 1922 1922 1921 1921 1921 2097 2097 2097 1920 1920 1920 1911 1911 1911 2098 2098 2098 1916 1916 1916 1915 1915 1915 2099 2099 2099 1914 1914 1914 1905 1905 1905 2100 2100 2100 2101 2101 2101 2102 2102 2102 2103 2103 2103 2104 2104 2104 2105 2105 2105 2106 2106 2106 2107 2107 2107 2108 2108 2108 2109 2109 2109 2110 2110 2110 2111 2111 2111 2112 2112 2112 2113 2113 2113 2114 2114 2114 2115 2115 2115 2116 2116 2116 2117 2117 2117 2118 2118 2118 2119 2119 2119 2120 2120 2120 2121 2121 2121 2122 2122 2122 2123 2123 2123 2124 2124 2124 2114 2114 2114 1563 1563 1563 1562 1562 1562 2117 2117 2117 1556 1556 1556 1555 1555 1555 2123 2123 2123 1576 1576 1576 1575 1575 1575 2125 2125 2125 2126 2126 2126 2127 2127 2127 2128 2128 2128 2129 2129 2129 2130 2130 2130 2131 2131 2131 2132 2132 2132 2133 2133 2133 2134 2134 2134 2135 2135 2135 2136 2136 2136 2137 2137 2137 2138 2138 2138 2139 2139 2139 2140 2140 2140 2141 2141 2141 2142 2142 2142 2143 2143 2143 2144 2144 2144 2116 2116 2116 2143 2143 2143 2116 2116 2116 2145 2145 2145 2142 2142 2142 2141 2141 2141 2116 2116 2116 2116 2116 2116 2141 2141 2141 2146 2146 2146 2116 2116 2116 2146 2146 2146 2145 2145 2145 2144 2144 2144 2147 2147 2147 2116 2116 2116 2116 2116 2116 2147 2147 2147 2148 2148 2148 2116 2116 2116 2148 2148 2148 2149 2149 2149 2140 2140 2140 2142 2142 2142 2150 2150 2150 2150 2150 2150 2142 2142 2142 2151 2151 2151 2150 2150 2150 2151 2151 2151 2152 2152 2152 2153 2153 2153 2154 2154 2154 2155 2155 2155 2155 2155 2155 2156 2156 2156 2153 2153 2153 2153 2153 2153 2156 2156 2156 2157 2157 2157 2153 2153 2153 2157 2157 2157 2151 2151 2151 2151 2151 2151 2157 2157 2157 2158 2158 2158 2151 2151 2151 2158 2158 2158 2152 2152 2152 2159 2159 2159 2160 2160 2160 2161 2161 2161 2159 2159 2159 2161 2161 2161 2162 2162 2162 2161 2161 2161 2163 2163 2163 2162 2162 2162 2162 2162 2162 2163 2163 2163 2164 2164 2164 2162 2162 2162 2164 2164 2164 2153 2153 2153 2153 2153 2153 2164 2164 2164 2165 2165 2165 2153 2153 2153 2165 2165 2165 2154 2154 2154 2166 2166 2166 2167 2167 2167 2168 2168 2168 2167 2167 2167 2169 2169 2169 2168 2168 2168 2168 2168 2168 2169 2169 2169 2170 2170 2170 2168 2168 2168 2170 2170 2170 2159 2159 2159 2159 2159 2159 2170 2170 2170 2171 2171 2171 2159 2159 2159 2171 2171 2171 2160 2160 2160 2172 2172 2172 2173 2173 2173 2174 2174 2174 2174 2174 2174 2173 2173 2173 2175 2175 2175 2176 2176 2176 2177 2177 2177 2178 2178 2178 2178 2178 2178 2177 2177 2177 2174 2174 2174 2178 2178 2178 2174 2174 2174 2179 2179 2179 2179 2179 2179 2174 2174 2174 2175 2175 2175 2180 2180 2180 2181 2181 2181 2182 2182 2182 2182 2182 2182 2181 2181 2181 2183 2183 2183 2182 2182 2182 2183 2183 2183 2172 2172 2172 2172 2172 2172 2183 2183 2183 2184 2184 2184 2172 2172 2172 2184 2184 2184 2173 2173 2173 2185 2185 2185 2186 2186 2186 2187 2187 2187 2148 2148 2148 2188 2188 2188 2149 2149 2149 2149 2149 2149 2188 2188 2188 2189 2189 2189 2149 2149 2149 2189 2189 2189 2187 2187 2187 2187 2187 2187 2189 2189 2189 2190 2190 2190 2187 2187 2187 2190 2190 2190 2185 2185 2185 2186 2186 2186 2191 2191 2191 2187 2187 2187 2187 2187 2187 2191 2191 2191 2192 2192 2192 2187 2187 2187 2192 2192 2192 2193 2193 2193 2193 2193 2193 2192 2192 2192 2194 2194 2194 2193 2193 2193 2194 2194 2194 2182 2182 2182 2182 2182 2182 2194 2194 2194 2195 2195 2195 2182 2182 2182 2195 2195 2195 2180 2180 2180 2196 2196 2196 2197 2197 2197 2198 2198 2198 2198 2198 2198 2197 2197 2197 2199 2199 2199 2198 2198 2198 2199 2199 2199 2200 2200 2200 2201 2201 2201 2202 2202 2202 2198 2198 2198 2198 2198 2198 2202 2202 2202 2203 2203 2203 2198 2198 2198 2203 2203 2203 2196 2196 2196 2200 2200 2200 2204 2204 2204 2198 2198 2198 2198 2198 2198 2204 2204 2204 2205 2205 2205 2198 2198 2198 2205 2205 2205 2206 2206 2206 2207 2207 2207 2208 2208 2208 2209 2209 2209 2210 2210 2210 2211 2211 2211 2212 2212 2212 2212 2212 2212 2211 2211 2211 2213 2213 2213 2214 2214 2214 2215 2215 2215 2216 2216 2216 2216 2216 2216 2215 2215 2215 2217 2217 2217 2216 2216 2216 2217 2217 2217 2218 2218 2218 2218 2218 2218 2219 2219 2219 2216 2216 2216 2216 2216 2216 2219 2219 2219 2220 2220 2220 2216 2216 2216 2220 2220 2220 2221 2221 2221 2222 2222 2222 2223 2223 2223 2224 2224 2224 2223 2223 2223 2225 2225 2225 2224 2224 2224 2224 2224 2224 2225 2225 2225 2226 2226 2226 2224 2224 2224 2226 2226 2226 2214 2214 2214 2214 2214 2214 2226 2226 2226 2227 2227 2227 2214 2214 2214 2227 2227 2227 2215 2215 2215 2228 2228 2228 2229 2229 2229 2230 2230 2230 2229 2229 2229 2231 2231 2231 2230 2230 2230 2230 2230 2230 2231 2231 2231 2232 2232 2232 2230 2230 2230 2232 2232 2232 2224 2224 2224 2224 2224 2224 2232 2232 2232 2233 2233 2233 2224 2224 2224 2233 2233 2233 2222 2222 2222 2234 2234 2234 2235 2235 2235 2236 2236 2236 2237 2237 2237 2238 2238 2238 2239 2239 2239 2239 2239 2239 2238 2238 2238 2240 2240 2240 2205 2205 2205 2241 2241 2241 2206 2206 2206 2206 2206 2206 2241 2241 2241 2242 2242 2242 2206 2206 2206 2242 2242 2242 2243 2243 2243 2243 2243 2243 2242 2242 2242 2244 2244 2244 2243 2243 2243 2244 2244 2244 2245 2245 2245 2246 2246 2246 2247 2247 2247 2248 2248 2248 2248 2248 2248 2247 2247 2247 2243 2243 2243 2248 2248 2248 2243 2243 2243 2249 2249 2249 2249 2249 2249 2243 2243 2243 2245 2245 2245 2250 2250 2250 2251 2251 2251 2252 2252 2252 2252 2252 2252 2251 2251 2251 2119 2119 2119 2252 2252 2252 2119 2119 2119 2253 2253 2253 2253 2253 2253 2119 2119 2119 2254 2254 2254 2253 2253 2253 2254 2254 2254 2255 2255 2255 2256 2256 2256 2257 2257 2257 2254 2254 2254 2254 2254 2254 2257 2257 2257 2258 2258 2258 2254 2254 2254 2258 2258 2258 2255 2255 2255 2139 2139 2139 2138 2138 2138 2254 2254 2254 2254 2254 2254 2138 2138 2138 2259 2259 2259 2254 2254 2254 2259 2259 2259 2256 2256 2256 2137 2137 2137 2139 2139 2139 2260 2260 2260 2260 2260 2260 2139 2139 2139 2261 2261 2261 2260 2260 2260 2261 2261 2261 2262 2262 2262 2263 2263 2263 2264 2264 2264 2265 2265 2265 2265 2265 2265 2264 2264 2264 2266 2266 2266 2263 2263 2263 2267 2267 2267 2264 2264 2264 2264 2264 2264 2267 2267 2267 2268 2268 2268 2264 2264 2264 2268 2268 2268 2269 2269 2269 2269 2269 2269 2270 2270 2270 2264 2264 2264 2264 2264 2264 2270 2270 2270 2271 2271 2271 2264 2264 2264 2271 2271 2271 2261 2261 2261 2261 2261 2261 2271 2271 2271 2272 2272 2272 2261 2261 2261 2272 2272 2272 2262 2262 2262 2273 2273 2273 2274 2274 2274 2275 2275 2275 2274 2274 2274 2276 2276 2276 2275 2275 2275 2275 2275 2275 2276 2276 2276 2277 2277 2277 2275 2275 2275 2277 2277 2277 2266 2266 2266 2266 2266 2266 2277 2277 2277 2278 2278 2278 2266 2266 2266 2278 2278 2278 2265 2265 2265 2279 2279 2279 2280 2280 2280 2281 2281 2281 2281 2281 2281 2280 2280 2280 2282 2282 2282 2281 2281 2281 2282 2282 2282 2275 2275 2275 2275 2275 2275 2282 2282 2282 2283 2283 2283 2275 2275 2275 2283 2283 2283 2273 2273 2273 2284 2284 2284 2285 2285 2285 2286 2286 2286 2284 2284 2284 2286 2286 2286 2287 2287 2287 2288 2288 2288 2289 2289 2289 2290 2290 2290 2290 2290 2290 2289 2289 2289 2291 2291 2291 2290 2290 2290 2291 2291 2291 2134 2134 2134 2292 2292 2292 2293 2293 2293 2294 2294 2294 2294 2294 2294 2293 2293 2293 2295 2295 2295 2296 2296 2296 2297 2297 2297 2298 2298 2298 2298 2298 2298 2297 2297 2297 2292 2292 2292 2299 2299 2299 2300 2300 2300 2122 2122 2122 2122 2122 2122 2300 2300 2300 2301 2301 2301 2302 2302 2302 2303 2303 2303 2304 2304 2304 2304 2304 2304 2303 2303 2303 2305 2305 2305 2304 2304 2304 2305 2305 2305 2122 2122 2122 2122 2122 2122 2305 2305 2305 2306 2306 2306 2122 2122 2122 2306 2306 2306 2299 2299 2299 2307 2307 2307 2308 2308 2308 2304 2304 2304 2304 2304 2304 2308 2308 2308 2309 2309 2309 2304 2304 2304 2309 2309 2309 2302 2302 2302 2310 2310 2310 2311 2311 2311 2312 2312 2312 2312 2312 2312 2311 2311 2311 2313 2313 2313 2312 2312 2312 2313 2313 2313 2307 2307 2307 2307 2307 2307 2313 2313 2313 2314 2314 2314 2307 2307 2307 2314 2314 2314 2308 2308 2308 2315 2315 2315 2316 2316 2316 2317 2317 2317 2317 2317 2317 2318 2318 2318 2315 2315 2315 2315 2315 2315 2318 2318 2318 2319 2319 2319 2315 2315 2315 2319 2319 2319 2320 2320 2320 2320 2320 2320 2321 2321 2321 2315 2315 2315 2315 2315 2315 2321 2321 2321 2322 2322 2322 2315 2315 2315 2322 2322 2322 2312 2312 2312 2312 2312 2312 2322 2322 2322 2323 2323 2323 2312 2312 2312 2323 2323 2323 2310 2310 2310 2324 2324 2324 2325 2325 2325 2326 2326 2326 2325 2325 2325 2327 2327 2327 2326 2326 2326 2326 2326 2326 2327 2327 2327 2328 2328 2328 2326 2326 2326 2328 2328 2328 2316 2316 2316 2316 2316 2316 2328 2328 2328 2329 2329 2329 2316 2316 2316 2329 2329 2329 2317 2317 2317 2330 2330 2330 2331 2331 2331 2332 2332 2332 2332 2332 2332 2331 2331 2331 2333 2333 2333 2332 2332 2332 2333 2333 2333 2326 2326 2326 2326 2326 2326 2333 2333 2333 2334 2334 2334 2326 2326 2326 2334 2334 2334 2324 2324 2324 2335 2335 2335 2336 2336 2336 2337 2337 2337 2337 2337 2337 2336 2336 2336 2338 2338 2338 2337 2337 2337 2338 2338 2338 2330 2330 2330 2339 2339 2339 2340 2340 2340 2341 2341 2341 2341 2341 2341 2340 2340 2340 2342 2342 2342 2341 2341 2341 2342 2342 2342 2108 2108 2108 2108 2108 2108 2342 2342 2342 2343 2343 2343 2343 2343 2343 2344 2344 2344 2108 2108 2108 2108 2108 2108 2344 2344 2344 2345 2345 2345 2108 2108 2108 2345 2345 2345 2109 2109 2109 2109 2109 2109 2345 2345 2345 2346 2346 2346 2109 2109 2109 2346 2346 2346 2335 2335 2335 2300 2300 2300 2347 2347 2347 2301 2301 2301 2301 2301 2301 2347 2347 2347 2348 2348 2348 2301 2301 2301 2348 2348 2348 2349 2349 2349 2349 2349 2349 2348 2348 2348 2350 2350 2350 2349 2349 2349 2350 2350 2350 2351 2351 2351 2352 2352 2352 2353 2353 2353 2354 2354 2354 2353 2353 2353 2355 2355 2355 2354 2354 2354 2354 2354 2354 2355 2355 2355 2356 2356 2356 2354 2354 2354 2356 2356 2356 2357 2357 2357 2358 2358 2358 2359 2359 2359 2360 2360 2360 2360 2360 2360 2359 2359 2359 2361 2361 2361 2360 2360 2360 2361 2361 2361 2354 2354 2354 2354 2354 2354 2361 2361 2361 2362 2362 2362 2354 2354 2354 2362 2362 2362 2352 2352 2352 2358 2358 2358 2360 2360 2360 2363 2363 2363 2363 2363 2363 2360 2360 2360 2364 2364 2364 2363 2363 2363 2364 2364 2364 2365 2365 2365 2366 2366 2366 2367 2367 2367 2368 2368 2368 2368 2368 2368 2369 2369 2369 2366 2366 2366 2366 2366 2366 2369 2369 2369 2370 2370 2370 2366 2366 2366 2370 2370 2370 2364 2364 2364 2364 2364 2364 2370 2370 2370 2371 2371 2371 2364 2364 2364 2371 2371 2371 2365 2365 2365 2372 2372 2372 2373 2373 2373 2374 2374 2374 2374 2374 2374 2373 2373 2373 2375 2375 2375 2375 2375 2375 2376 2376 2376 2374 2374 2374 2374 2374 2374 2376 2376 2376 2377 2377 2377 2374 2374 2374 2377 2377 2377 2366 2366 2366 2366 2366 2366 2377 2377 2377 2378 2378 2378 2366 2366 2366 2378 2378 2378 2367 2367 2367 2111 2111 2111 2379 2379 2379 2112 2112 2112 2112 2112 2112 2379 2379 2379 2380 2380 2380 2112 2112 2112 2380 2380 2380 2381 2381 2381 2382 2382 2382 2383 2383 2383 2373 2373 2373 2373 2373 2373 2383 2383 2383 2384 2384 2384 2373 2373 2373 2384 2384 2384 2375 2375 2375 2385 2385 2385 2386 2386 2386 2110 2110 2110 2385 2385 2385 2110 2110 2110 2132 2132 2132 2386 2386 2386 2387 2387 2387 2110 2110 2110 2110 2110 2110 2387 2387 2387 2388 2388 2388 2110 2110 2110 2388 2388 2388 2111 2111 2111 2111 2111 2111 2388 2388 2388 2389 2389 2389 2111 2111 2111 2389 2389 2389 2379 2379 2379 2131 2131 2131 2133 2133 2133 2390 2390 2390 2106 2106 2106 2391 2391 2391 2390 2390 2390 2392 2392 2392 2393 2393 2393 2394 2394 2394 2356 2356 2356 2395 2395 2395 2357 2357 2357 2357 2357 2357 2395 2395 2395 2396 2396 2396 2357 2357 2357 2396 2396 2396 2394 2394 2394 2394 2394 2394 2396 2396 2396 2397 2397 2397 2394 2394 2394 2397 2397 2397 2392 2392 2392 2393 2393 2393 2398 2398 2398 2394 2394 2394 2394 2394 2394 2398 2398 2398 2399 2399 2399 2394 2394 2394 2399 2399 2399 2105 2105 2105 2105 2105 2105 2399 2399 2399 2400 2400 2400 2105 2105 2105 2400 2400 2400 2106 2106 2106 2106 2106 2106 2400 2400 2400 2401 2401 2401 2106 2106 2106 2401 2401 2401 2391 2391 2391 2402 2402 2402 2403 2403 2403 2404 2404 2404 2402 2402 2402 2404 2404 2404 2405 2405 2405 2130 2130 2130 2129 2129 2129 2404 2404 2404 2404 2404 2404 2129 2129 2129 2406 2406 2406 2404 2404 2404 2406 2406 2406 2405 2405 2405 2407 2407 2407 2408 2408 2408 2409 2409 2409 2410 2410 2410 2411 2411 2411 2130 2130 2130 2130 2130 2130 2411 2411 2411 2412 2412 2412 2130 2130 2130 2412 2412 2412 2128 2128 2128 2413 2413 2413 2414 2414 2414 2415 2415 2415 2415 2415 2415 2416 2416 2416 2413 2413 2413 2413 2413 2413 2416 2416 2416 2417 2417 2417 2413 2413 2413 2417 2417 2417 2410 2410 2410 2410 2410 2410 2417 2417 2417 2418 2418 2418 2410 2410 2410 2418 2418 2418 2411 2411 2411 2419 2419 2419 2420 2420 2420 2421 2421 2421 2421 2421 2421 2420 2420 2420 2422 2422 2422 2421 2421 2421 2422 2422 2422 2423 2423 2423 2419 2419 2419 2424 2424 2424 2420 2420 2420 2420 2420 2420 2424 2424 2424 2425 2425 2425 2420 2420 2420 2425 2425 2425 2413 2413 2413 2413 2413 2413 2425 2425 2425 2426 2426 2426 2413 2413 2413 2426 2426 2426 2414 2414 2414 2427 2427 2427 2428 2428 2428 2429 2429 2429 2428 2428 2428 2430 2430 2430 2429 2429 2429 2429 2429 2429 2430 2430 2430 2431 2431 2431 2429 2429 2429 2431 2431 2431 2422 2422 2422 2422 2422 2422 2431 2431 2431 2432 2432 2432 2422 2422 2422 2432 2432 2432 2423 2423 2423 2433 2433 2433 2434 2434 2434 2429 2429 2429 2429 2429 2429 2434 2434 2434 2435 2435 2435 2429 2429 2429 2435 2435 2435 2427 2427 2427 2436 2436 2436 2437 2437 2437 2438 2438 2438 2438 2438 2438 2437 2437 2437 2439 2439 2439 2438 2438 2438 2439 2439 2439 2440 2440 2440 2441 2441 2441 2442 2442 2442 2443 2443 2443 2444 2444 2444 2445 2445 2445 2446 2446 2446 2446 2446 2446 2445 2445 2445 2447 2447 2447 2446 2446 2446 2447 2447 2447 2441 2441 2441 2448 2448 2448 2449 2449 2449 2450 2450 2450 2448 2448 2448 2450 2450 2450 2451 2451 2451 2449 2449 2449 2452 2452 2452 2450 2450 2450 2450 2450 2450 2452 2452 2452 2453 2453 2453 2450 2450 2450 2453 2453 2453 2454 2454 2454 2455 2455 2455 2456 2456 2456 2113 2113 2113 2113 2113 2113 2456 2456 2456 2457 2457 2457 2113 2113 2113 2457 2457 2457 2458 2458 2458 2459 2459 2459 2460 2460 2460 2461 2461 2461 2461 2461 2461 2460 2460 2460 2462 2462 2462 2461 2461 2461 2462 2462 2462 2113 2113 2113 2113 2113 2113 2462 2462 2462 2463 2463 2463 2113 2113 2113 2463 2463 2463 2455 2455 2455 2464 2464 2464 2465 2465 2465 2461 2461 2461 2461 2461 2461 2465 2465 2465 2466 2466 2466 2461 2461 2461 2466 2466 2466 2459 2459 2459 2467 2467 2467 2468 2468 2468 2469 2469 2469 2469 2469 2469 2468 2468 2468 2470 2470 2470 2469 2469 2469 2470 2470 2470 2464 2464 2464 2464 2464 2464 2470 2470 2470 2471 2471 2471 2464 2464 2464 2471 2471 2471 2465 2465 2465 2472 2472 2472 2473 2473 2473 2474 2474 2474 2472 2472 2472 2474 2474 2474 2475 2475 2475 2475 2475 2475 2474 2474 2474 2476 2476 2476 2475 2475 2475 2476 2476 2476 2477 2477 2477 2473 2473 2473 2478 2478 2478 2474 2474 2474 2474 2474 2474 2478 2478 2478 2479 2479 2479 2474 2474 2474 2479 2479 2479 2469 2469 2469 2469 2469 2469 2479 2479 2479 2480 2480 2480 2469 2469 2469 2480 2480 2480 2467 2467 2467 2481 2481 2481 2482 2482 2482 2483 2483 2483 2483 2483 2483 2482 2482 2482 2484 2484 2484 2481 2481 2481 2485 2485 2485 2482 2482 2482 2482 2482 2482 2485 2485 2485 2486 2486 2486 2482 2482 2482 2486 2486 2486 2476 2476 2476 2476 2476 2476 2486 2486 2486 2487 2487 2487 2476 2476 2476 2487 2487 2487 2477 2477 2477 2488 2488 2488 2489 2489 2489 2127 2127 2127 2127 2127 2127 2489 2489 2489 2490 2490 2490 2127 2127 2127 2490 2490 2490 2125 2125 2125 2491 2491 2491 2492 2492 2492 2102 2102 2102 2102 2102 2102 2492 2492 2492 2493 2493 2493 2493 2493 2493 2494 2494 2494 2102 2102 2102 2102 2102 2102 2494 2494 2494 2495 2495 2495 2102 2102 2102 2495 2495 2495 2103 2103 2103 2103 2103 2103 2495 2495 2495 2496 2496 2496 2103 2103 2103 2496 2496 2496 2488 2488 2488 2497 2497 2497 2498 2498 2498 2499 2499 2499 2457 2457 2457 2500 2500 2500 2458 2458 2458 2458 2458 2458 2500 2500 2500 2501 2501 2501 2458 2458 2458 2501 2501 2501 2499 2499 2499 2499 2499 2499 2501 2501 2501 2502 2502 2502 2499 2499 2499 2502 2502 2502 2497 2497 2497 2503 2503 2503 2504 2504 2504 2505 2505 2505 2505 2505 2505 2504 2504 2504 2506 2506 2506 2506 2506 2506 2507 2507 2507 2505 2505 2505 2505 2505 2505 2507 2507 2507 2508 2508 2508 2505 2505 2505 2508 2508 2508 2509 2509 2509 2509 2509 2509 2510 2510 2510 2505 2505 2505 2505 2505 2505 2510 2510 2510 2511 2511 2511 2505 2505 2505 2511 2511 2511 2512 2512 2512 2031 2031 2031 2513 2513 2513 2514 2514 2514 2515 2515 2515 2516 2516 2516 2029 2029 2029 2031 2031 2031 2514 2514 2514 2029 2029 2029 2029 2029 2029 2514 2514 2514 2517 2517 2517 2029 2029 2029 2517 2517 2517 2515 2515 2515 2516 2516 2516 2518 2518 2518 2029 2029 2029 2029 2029 2029 2518 2518 2518 2519 2519 2519 2029 2029 2029 2519 2519 2519 2027 2027 2027 2520 2520 2520 2521 2521 2521 2032 2032 2032 2032 2032 2032 2521 2521 2521 2522 2522 2522 2032 2032 2032 2522 2522 2522 2031 2031 2031 2031 2031 2031 2522 2522 2522 2523 2523 2523 2031 2031 2031 2523 2523 2523 2513 2513 2513 2023 2023 2023 2524 2524 2524 2525 2525 2525 2525 2525 2525 2526 2526 2526 2023 2023 2023 2023 2023 2023 2526 2526 2526 2527 2527 2527 2023 2023 2023 2527 2527 2527 2032 2032 2032 2032 2032 2032 2527 2527 2527 2528 2528 2528 2032 2032 2032 2528 2528 2528 2520 2520 2520 2529 2529 2529 2530 2530 2530 2524 2524 2524 2531 2531 2531 2532 2532 2532 2533 2533 2533 2533 2533 2533 2532 2532 2532 2534 2534 2534 2533 2533 2533 2534 2534 2534 2524 2524 2524 2524 2524 2524 2534 2534 2534 2535 2535 2535 2524 2524 2524 2535 2535 2535 2529 2529 2529 2530 2530 2530 2536 2536 2536 2524 2524 2524 2524 2524 2524 2536 2536 2536 2537 2537 2537 2524 2524 2524 2537 2537 2537 2525 2525 2525 2538 2538 2538 2539 2539 2539 2540 2540 2540 2540 2540 2540 2539 2539 2539 2541 2541 2541 2540 2540 2540 2541 2541 2541 2531 2531 2531 2531 2531 2531 2541 2541 2541 2542 2542 2542 2531 2531 2531 2542 2542 2542 2532 2532 2532 2543 2543 2543 2544 2544 2544 2545 2545 2545 2545 2545 2545 2544 2544 2544 2546 2546 2546 2545 2545 2545 2546 2546 2546 2547 2547 2547 2547 2547 2547 2548 2548 2548 2545 2545 2545 2545 2545 2545 2548 2548 2548 2549 2549 2549 2545 2545 2545 2549 2549 2549 2538 2538 2538 2538 2538 2538 2549 2549 2549 2550 2550 2550 2538 2538 2538 2550 2550 2550 2539 2539 2539 1580 1580 1580 2551 2551 2551 2552 2552 2552 2553 2553 2553 2554 2554 2554 1581 1581 1581 1580 1580 1580 2552 2552 2552 1581 1581 1581 1581 1581 1581 2552 2552 2552 2555 2555 2555 1581 1581 1581 2555 2555 2555 2553 2553 2553 2554 2554 2554 2556 2556 2556 1581 1581 1581 1581 1581 1581 2556 2556 2556 2557 2557 2557 1581 1581 1581 2557 2557 2557 1582 1582 1582 1582 1582 1582 2557 2557 2557 2558 2558 2558 1582 1582 1582 2558 2558 2558 2545 2545 2545 2545 2545 2545 2558 2558 2558 2559 2559 2559 2545 2545 2545 2559 2559 2559 2543 2543 2543 2560 2560 2560 2561 2561 2561 1579 1579 1579 1579 1579 1579 2561 2561 2561 2562 2562 2562 1579 1579 1579 2562 2562 2562 1580 1580 1580 1580 1580 1580 2562 2562 2562 2563 2563 2563 1580 1580 1580 2563 2563 2563 2551 2551 2551 1578 1578 1578 2564 2564 2564 2565 2565 2565 2565 2565 2565 2566 2566 2566 1578 1578 1578 1578 1578 1578 2566 2566 2566 2567 2567 2567 1578 1578 1578 2567 2567 2567 1579 1579 1579 1579 1579 1579 2567 2567 2567 2568 2568 2568 1579 1579 1579 2568 2568 2568 2560 2560 2560 2569 2569 2569 2570 2570 2570 2564 2564 2564 2571 2571 2571 2572 2572 2572 2573 2573 2573 2573 2573 2573 2572 2572 2572 2574 2574 2574 2573 2573 2573 2574 2574 2574 2564 2564 2564 2564 2564 2564 2574 2574 2574 2575 2575 2575 2564 2564 2564 2575 2575 2575 2569 2569 2569 2570 2570 2570 2576 2576 2576 2564 2564 2564 2564 2564 2564 2576 2576 2576 2577 2577 2577 2564 2564 2564 2577 2577 2577 2565 2565 2565 2511 2511 2511 2578 2578 2578 2512 2512 2512 2512 2512 2512 2578 2578 2578 2579 2579 2579 2512 2512 2512 2579 2579 2579 2580 2580 2580 2580 2580 2580 2579 2579 2579 2581 2581 2581 2580 2580 2580 2581 2581 2581 2571 2571 2571 2571 2571 2571 2581 2581 2581 2582 2582 2582 2571 2571 2571 2582 2582 2582 2572 2572 2572 2123 2123 2123 1575 1575 1575 2124 2124 2124 2124 2124 2124 1575 1575 1575 1574 1574 1574 2124 2124 2124 1574 1574 1574 2583 2583 2583 2583 2583 2583 1574 1574 1574 1573 1573 1573 2583 2583 2583 1573 1573 1573 2584 2584 2584 2584 2584 2584 1573 1573 1573 1572 1572 1572 2584 2584 2584 1572 1572 1572 2585 2585 2585 1541 1541 1541 2586 2586 2586 1532 1532 1532 1532 1532 1532 2586 2586 2586 2587 2587 2587 1532 1532 1532 2587 2587 2587 1568 1568 1568 1568 1568 1568 2587 2587 2587 2121 2121 2121 1568 1568 1568 2121 2121 2121 1569 1569 1569 1569 1569 1569 2121 2121 2121 2120 2120 2120 1569 1569 1569 2120 2120 2120 1570 1570 1570 1541 1541 1541 1540 1540 1540 2586 2586 2586 2586 2586 2586 1540 1540 1540 1539 1539 1539 2586 2586 2586 1539 1539 1539 2588 2588 2588 2117 2117 2117 1555 1555 1555 2118 2118 2118 2118 2118 2118 1555 1555 1555 1554 1554 1554 2118 2118 2118 1554 1554 1554 2589 2589 2589 2589 2589 2589 1554 1554 1554 1553 1553 1553 2589 2589 2589 1553 1553 1553 2590 2590 2590 2590 2590 2590 1553 1553 1553 1552 1552 1552 2590 2590 2590 1552 1552 1552 2591 2591 2591 1543 1543 1543 2592 2592 2592 1544 1544 1544 1544 1544 1544 2592 2592 2592 2593 2593 2593 1544 1544 1544 2593 2593 2593 1545 1545 1545 1545 1545 1545 2593 2593 2593 2594 2594 2594 1545 1545 1545 2594 2594 2594 1546 1546 1546 1546 1546 1546 2594 2594 2594 2595 2595 2595 1546 1546 1546 2595 2595 2595 1547 1547 1547 1547 1547 1547 2595 2595 2595 2596 2596 2596 1547 1547 1547 2596 2596 2596 1548 1548 1548 1548 1548 1548 2596 2596 2596 2597 2597 2597 1548 1548 1548 2597 2597 2597 1549 1549 1549 1549 1549 1549 2597 2597 2597 2598 2598 2598 1549 1549 1549 2598 2598 2598 1550 1550 1550 2599 2599 2599 1542 1542 1542 2600 2600 2600 2600 2600 2600 1542 1542 1542 1559 1559 1559 2600 2600 2600 1559 1559 1559 2601 2601 2601 2601 2601 2601 1559 1559 1559 1567 1567 1567 1567 1567 1567 1566 1566 1566 2601 2601 2601 2601 2601 2601 1566 1566 1566 1565 1565 1565 2601 2601 2601 1565 1565 1565 2602 2602 2602 2114 2114 2114 1562 1562 1562 2115 2115 2115 2115 2115 2115 1562 1562 1562 1561 1561 1561 2115 2115 2115 1561 1561 1561 2603 2603 2603 2603 2603 2603 1561 1561 1561 1560 1560 1560 2603 2603 2603 1560 1560 1560 2604 2604 2604 2604 2604 2604 1560 1560 1560 1584 1584 1584 2604 2604 2604 1584 1584 1584 2605 2605 2605 2122 2122 2122 2124 2124 2124 2304 2304 2304 2304 2304 2304 2124 2124 2124 2583 2583 2583 2304 2304 2304 2583 2583 2583 2307 2307 2307 2307 2307 2307 2583 2583 2583 2584 2584 2584 2307 2307 2307 2584 2584 2584 2312 2312 2312 2312 2312 2312 2584 2584 2584 2585 2585 2585 2312 2312 2312 2585 2585 2585 2315 2315 2315 2119 2119 2119 2121 2121 2121 2254 2254 2254 2254 2254 2254 2121 2121 2121 2587 2587 2587 2254 2254 2254 2587 2587 2587 2139 2139 2139 2139 2139 2139 2587 2587 2587 2586 2586 2586 2139 2139 2139 2586 2586 2586 2261 2261 2261 2261 2261 2261 2586 2586 2586 2588 2588 2588 2261 2261 2261 2588 2588 2588 2264 2264 2264 1536 1536 1536 1535 1535 1535 2606 2606 2606 2606 2606 2606 1535 1535 1535 2607 2607 2607 2606 2606 2606 2607 2607 2607 2198 2198 2198 2198 2198 2198 2607 2607 2607 2209 2209 2209 2198 2198 2198 2209 2209 2209 2201 2201 2201 2201 2201 2201 2209 2209 2209 2208 2208 2208 1535 1535 1535 1534 1534 1534 2607 2607 2607 2607 2607 2607 1534 1534 1534 2608 2608 2608 2607 2607 2607 2608 2608 2608 2209 2209 2209 2209 2209 2209 2608 2608 2608 2212 2212 2212 2209 2209 2209 2212 2212 2212 2207 2207 2207 2207 2207 2207 2212 2212 2212 2213 2213 2213 1534 1534 1534 1533 1533 1533 2608 2608 2608 2608 2608 2608 1533 1533 1533 2609 2609 2609 2608 2608 2608 2609 2609 2609 2212 2212 2212 2212 2212 2212 2609 2609 2609 2216 2216 2216 2212 2212 2212 2216 2216 2216 2210 2210 2210 2210 2210 2210 2216 2216 2216 2221 2221 2221 2116 2116 2116 2118 2118 2118 2142 2142 2142 2142 2142 2142 2118 2118 2118 2589 2589 2589 2142 2142 2142 2589 2589 2589 2151 2151 2151 2151 2151 2151 2589 2589 2589 2590 2590 2590 2151 2151 2151 2590 2590 2590 2153 2153 2153 2153 2153 2153 2590 2590 2590 2591 2591 2591 2153 2153 2153 2591 2591 2591 2162 2162 2162 2592 2592 2592 2372 2372 2372 2593 2593 2593 2593 2593 2593 2372 2372 2372 2374 2374 2374 2593 2593 2593 2374 2374 2374 2594 2594 2594 2594 2594 2594 2374 2374 2374 2366 2366 2366 2594 2594 2594 2366 2366 2366 2595 2595 2595 2595 2595 2595 2366 2366 2366 2364 2364 2364 2595 2595 2595 2364 2364 2364 2596 2596 2596 2596 2596 2596 2364 2364 2364 2360 2360 2360 2596 2596 2596 2360 2360 2360 2597 2597 2597 2597 2597 2597 2360 2360 2360 2354 2354 2354 2597 2597 2597 2354 2354 2354 2598 2598 2598 2404 2404 2404 2599 2599 2599 2130 2130 2130 2130 2130 2130 2599 2599 2599 2600 2600 2600 2130 2130 2130 2600 2600 2600 2410 2410 2410 2410 2410 2410 2600 2600 2600 2601 2601 2601 2410 2410 2410 2601 2601 2601 2413 2413 2413 2413 2413 2413 2601 2601 2601 2602 2602 2602 2413 2413 2413 2602 2602 2602 2420 2420 2420 2113 2113 2113 2115 2115 2115 2461 2461 2461 2461 2461 2461 2115 2115 2115 2603 2603 2603 2461 2461 2461 2603 2603 2603 2464 2464 2464 2464 2464 2464 2603 2603 2603 2604 2604 2604 2464 2464 2464 2604 2604 2604 2469 2469 2469 2469 2469 2469 2604 2604 2604 2605 2605 2605 2469 2469 2469 2605 2605 2605 2474 2474 2474 1571 1571 1571 1570 1570 1570 2610 2610 2610 2610 2610 2610 1570 1570 1570 2120 2120 2120 2610 2610 2610 2120 2120 2120 2611 2611 2611 2611 2611 2611 2120 2120 2120 2119 2119 2119 2611 2611 2611 2119 2119 2119 2612 2612 2612 2612 2612 2612 2119 2119 2119 2251 2251 2251 2612 2612 2612 2251 2251 2251 2613 2613 2613 2381 2381 2381 2382 2382 2382 2112 2112 2112 2112 2112 2112 2382 2382 2382 2373 2373 2373 2112 2112 2112 2373 2373 2373 2614 2614 2614 2614 2614 2614 2373 2373 2373 2372 2372 2372 2614 2614 2614 2372 2372 2372 2404 2404 2404 2404 2404 2404 2372 2372 2372 2592 2592 2592 2404 2404 2404 2592 2592 2592 2599 2599 2599 2599 2599 2599 2592 2592 2592 1543 1543 1543 2599 2599 2599 1543 1543 1543 1542 1542 1542 1572 1572 1572 1571 1571 1571 2585 2585 2585 2585 2585 2585 1571 1571 1571 2610 2610 2610 2585 2585 2585 2610 2610 2610 2315 2315 2315 2315 2315 2315 2610 2610 2610 2611 2611 2611 2315 2315 2315 2611 2611 2611 2316 2316 2316 2316 2316 2316 2611 2611 2611 2612 2612 2612 2316 2316 2316 2612 2612 2612 2326 2326 2326 2326 2326 2326 2612 2612 2612 2613 2613 2613 2326 2326 2326 2613 2613 2613 2332 2332 2332 1558 1558 1558 1557 1557 1557 2615 2615 2615 2615 2615 2615 1557 1557 1557 2616 2616 2616 2615 2615 2615 2616 2616 2616 2617 2617 2617 2617 2617 2617 2616 2616 2616 2618 2618 2618 2617 2617 2617 2618 2618 2618 2619 2619 2619 2619 2619 2619 2618 2618 2618 2620 2620 2620 2619 2619 2619 2620 2620 2620 2621 2621 2621 2621 2621 2621 2620 2620 2620 2622 2622 2622 2621 2621 2621 2622 2622 2622 2623 2623 2623 2623 2623 2623 2622 2622 2622 2624 2624 2624 2623 2623 2623 2624 2624 2624 2625 2625 2625 1557 1557 1557 1556 1556 1556 2616 2616 2616 2616 2616 2616 1556 1556 1556 2117 2117 2117 2616 2616 2616 2117 2117 2117 2618 2618 2618 2618 2618 2618 2117 2117 2117 2116 2116 2116 2618 2618 2618 2116 2116 2116 2620 2620 2620 2620 2620 2620 2116 2116 2116 2149 2149 2149 2620 2620 2620 2149 2149 2149 2622 2622 2622 2622 2622 2622 2149 2149 2149 2187 2187 2187 2622 2622 2622 2187 2187 2187 2624 2624 2624 2624 2624 2624 2187 2187 2187 2193 2193 2193 2176 2176 2176 2166 2166 2166 2177 2177 2177 2177 2177 2177 2166 2166 2166 2168 2168 2168 2177 2177 2177 2168 2168 2168 2174 2174 2174 2174 2174 2174 2168 2168 2168 2626 2626 2626 1552 1552 1552 1551 1551 1551 2591 2591 2591 2591 2591 2591 1551 1551 1551 2627 2627 2627 2591 2591 2591 2627 2627 2627 2162 2162 2162 2162 2162 2162 2627 2627 2627 2628 2628 2628 2162 2162 2162 2628 2628 2628 2159 2159 2159 2159 2159 2159 2628 2628 2628 2629 2629 2629 2159 2159 2159 2629 2629 2629 2168 2168 2168 2168 2168 2168 2629 2629 2629 2630 2630 2630 2168 2168 2168 2630 2630 2630 2626 2626 2626 2626 2626 2626 2630 2630 2630 2631 2631 2631 1578 1578 1578 1577 1577 1577 2564 2564 2564 2564 2564 2564 1577 1577 1577 2632 2632 2632 2564 2564 2564 2632 2632 2632 2573 2573 2573 2573 2573 2573 2632 2632 2632 2633 2633 2633 2573 2573 2573 2633 2633 2633 2571 2571 2571 2571 2571 2571 2633 2633 2633 2634 2634 2634 2571 2571 2571 2634 2634 2634 2580 2580 2580 2580 2580 2580 2634 2634 2634 2635 2635 2635 2580 2580 2580 2635 2635 2635 2512 2512 2512 2512 2512 2512 2635 2635 2635 2636 2636 2636 2512 2512 2512 2636 2636 2636 2505 2505 2505 2505 2505 2505 2636 2636 2636 2637 2637 2637 1577 1577 1577 1576 1576 1576 2632 2632 2632 2632 2632 2632 1576 1576 1576 2123 2123 2123 2632 2632 2632 2123 2123 2123 2633 2633 2633 2633 2633 2633 2123 2123 2123 2122 2122 2122 2633 2633 2633 2122 2122 2122 2634 2634 2634 2634 2634 2634 2122 2122 2122 2301 2301 2301 2634 2634 2634 2301 2301 2301 2635 2635 2635 2635 2635 2635 2301 2301 2301 2349 2349 2349 2635 2635 2635 2349 2349 2349 2636 2636 2636 2636 2636 2636 2349 2349 2349 2638 2638 2638 2636 2636 2636 2638 2638 2638 2637 2637 2637 2637 2637 2637 2638 2638 2638 2639 2639 2639 2136 2136 2136 2640 2640 2640 2641 2641 2641 2135 2135 2135 2287 2287 2287 2136 2136 2136 2136 2136 2136 2287 2287 2287 2286 2286 2286 2136 2136 2136 2286 2286 2286 2640 2640 2640 2640 2640 2640 2286 2286 2286 2642 2642 2642 2625 2625 2625 2624 2624 2624 2643 2643 2643 2643 2643 2643 2624 2624 2624 2193 2193 2193 2643 2643 2643 2193 2193 2193 2644 2644 2644 2644 2644 2644 2193 2193 2193 2182 2182 2182 2644 2644 2644 2182 2182 2182 2645 2645 2645 2645 2645 2645 2182 2182 2182 2172 2172 2172 2645 2645 2645 2172 2172 2172 2646 2646 2646 2646 2646 2646 2172 2172 2172 2174 2174 2174 2646 2646 2646 2174 2174 2174 2647 2647 2647 2647 2647 2647 2174 2174 2174 2626 2626 2626 2647 2647 2647 2626 2626 2626 2648 2648 2648 2648 2648 2648 2626 2626 2626 2631 2631 2631 2648 2648 2648 2631 2631 2631 2649 2649 2649 2443 2443 2443 2650 2650 2650 2651 2651 2651 2442 2442 2442 2436 2436 2436 2443 2443 2443 2443 2443 2443 2436 2436 2436 2438 2438 2438 2443 2443 2443 2438 2438 2438 2650 2650 2650 2650 2650 2650 2438 2438 2438 2652 2652 2652 2653 2653 2653 2654 2654 2654 2655 2655 2655 1584 1584 1584 1583 1583 1583 2605 2605 2605 2605 2605 2605 1583 1583 1583 2656 2656 2656 2605 2605 2605 2656 2656 2656 2474 2474 2474 2474 2474 2474 2656 2656 2656 2657 2657 2657 2474 2474 2474 2657 2657 2657 2476 2476 2476 2476 2476 2476 2657 2657 2657 2658 2658 2658 2476 2476 2476 2658 2658 2658 2482 2482 2482 2482 2482 2482 2658 2658 2658 2659 2659 2659 2482 2482 2482 2659 2659 2659 2653 2653 2653 2653 2653 2653 2659 2659 2659 2660 2660 2660 2653 2653 2653 2660 2660 2660 2654 2654 2654 2654 2654 2654 2660 2660 2660 2661 2661 2661 2654 2654 2654 2661 2661 2661 2020 2020 2020 2020 2020 2020 2661 2661 2661 2021 2021 2021 1910 1910 1910 1909 1909 1909 2107 2107 2107 2107 2107 2107 1909 1909 1909 2639 2639 2639 2107 2107 2107 2639 2639 2639 2108 2108 2108 2108 2108 2108 2639 2639 2639 2638 2638 2638 2108 2108 2108 2638 2638 2638 2341 2341 2341 2341 2341 2341 2638 2638 2638 2349 2349 2349 2341 2341 2341 2349 2349 2349 2339 2339 2339 2339 2339 2339 2349 2349 2349 2351 2351 2351 2519 2519 2519 2503 2503 2503 2027 2027 2027 2027 2027 2027 2503 2503 2503 2505 2505 2505 2027 2027 2027 2505 2505 2505 1902 1902 1902 1902 1902 1902 2505 2505 2505 2637 2637 2637 1902 1902 1902 2637 2637 2637 1903 1903 1903 1903 1903 1903 2637 2637 2637 2639 2639 2639 1903 1903 1903 2639 2639 2639 1908 1908 1908 1908 1908 1908 2639 2639 2639 1909 1909 1909 2335 2335 2335 2337 2337 2337 2109 2109 2109 2109 2109 2109 2337 2337 2337 2100 2100 2100 2109 2109 2109 2100 2100 2100 2107 2107 2107 2107 2107 2107 2100 2100 2100 1905 1905 1905 2107 2107 2107 1905 1905 1905 1910 1910 1910 2330 2330 2330 2332 2332 2332 2337 2337 2337 2337 2337 2337 2332 2332 2332 2099 2099 2099 2337 2337 2337 2099 2099 2099 2100 2100 2100 2100 2100 2100 2099 2099 2099 1915 1915 1915 2100 2100 2100 1915 1915 1915 1914 1914 1914 2250 2250 2250 2296 2296 2296 2251 2251 2251 2251 2251 2251 2296 2296 2296 2298 2298 2298 2251 2251 2251 2298 2298 2298 2613 2613 2613 2613 2613 2613 2298 2298 2298 2662 2662 2662 2613 2613 2613 2662 2662 2662 2332 2332 2332 2332 2332 2332 2662 2662 2662 2098 2098 2098 2332 2332 2332 2098 2098 2098 2099 2099 2099 2099 2099 2099 2098 2098 2098 1911 1911 1911 2099 2099 2099 1911 1911 1911 1916 1916 1916 2292 2292 2292 2294 2294 2294 2298 2298 2298 2298 2298 2298 2294 2294 2294 2663 2663 2663 2298 2298 2298 2663 2663 2663 2662 2662 2662 2662 2662 2662 2663 2663 2663 2097 2097 2097 2662 2662 2662 2097 2097 2097 2098 2098 2098 2098 2098 2098 2097 2097 2097 1921 1921 1921 2098 2098 2098 1921 1921 1921 1920 1920 1920 2295 2295 2295 2288 2288 2288 2294 2294 2294 2294 2294 2294 2288 2288 2288 2290 2290 2290 2294 2294 2294 2290 2290 2290 2663 2663 2663 2663 2663 2663 2290 2290 2290 2096 2096 2096 2663 2663 2663 2096 2096 2096 2097 2097 2097 2097 2097 2097 2096 2096 2096 1917 1917 1917 2097 2097 2097 1917 1917 1917 1922 1922 1922 2134 2134 2134 2136 2136 2136 2290 2290 2290 2290 2290 2290 2136 2136 2136 2641 2641 2641 2290 2290 2290 2641 2641 2641 2096 2096 2096 2096 2096 2096 2641 2641 2641 1927 1927 1927 2096 2096 2096 1927 1927 1927 1926 1926 1926 1932 1932 1932 1930 1930 1930 2642 2642 2642 2642 2642 2642 1930 1930 1930 1929 1929 1929 2642 2642 2642 1929 1929 1929 2640 2640 2640 2640 2640 2640 1929 1929 1929 1923 1923 1923 2640 2640 2640 1923 1923 1923 2641 2641 2641 2641 2641 2641 1923 1923 1923 1928 1928 1928 2641 2641 2641 1928 1928 1928 1927 1927 1927 1933 1933 1933 1932 1932 1932 2095 2095 2095 2095 2095 2095 1932 1932 1932 2642 2642 2642 2095 2095 2095 2642 2642 2642 2281 2281 2281 2281 2281 2281 2642 2642 2642 2286 2286 2286 2281 2281 2281 2286 2286 2286 2279 2279 2279 2279 2279 2279 2286 2286 2286 2285 2285 2285 1936 1936 1936 1935 1935 1935 2094 2094 2094 2094 2094 2094 1935 1935 1935 2095 2095 2095 2094 2094 2094 2095 2095 2095 2664 2664 2664 2664 2664 2664 2095 2095 2095 2281 2281 2281 2664 2664 2664 2281 2281 2281 2665 2665 2665 2665 2665 2665 2281 2281 2281 2275 2275 2275 2665 2665 2665 2275 2275 2275 2666 2666 2666 2666 2666 2666 2275 2275 2275 2266 2266 2266 2666 2666 2666 2266 2266 2266 2667 2667 2667 2667 2667 2667 2266 2266 2266 2264 2264 2264 2667 2667 2667 2264 2264 2264 2668 2668 2668 2668 2668 2668 2264 2264 2264 2588 2588 2588 2668 2668 2668 2588 2588 2588 1538 1538 1538 1538 1538 1538 2588 2588 2588 1539 1539 1539 1939 1939 1939 1938 1938 1938 2093 2093 2093 2093 2093 2093 1938 1938 1938 2094 2094 2094 2093 2093 2093 2094 2094 2094 2669 2669 2669 2669 2669 2669 2094 2094 2094 2664 2664 2664 2669 2669 2669 2664 2664 2664 2670 2670 2670 2670 2670 2670 2664 2664 2664 2665 2665 2665 2670 2670 2670 2665 2665 2665 2671 2671 2671 2671 2671 2671 2665 2665 2665 2666 2666 2666 2671 2671 2671 2666 2666 2666 2672 2672 2672 2672 2672 2672 2666 2666 2666 2667 2667 2667 2672 2672 2672 2667 2667 2667 2673 2673 2673 2673 2673 2673 2667 2667 2667 2668 2668 2668 2673 2673 2673 2668 2668 2668 1537 1537 1537 1537 1537 1537 2668 2668 2668 1538 1538 1538 1942 1942 1942 1941 1941 1941 2092 2092 2092 2092 2092 2092 1941 1941 1941 2093 2093 2093 2092 2092 2092 2093 2093 2093 2247 2247 2247 2247 2247 2247 2093 2093 2093 2669 2669 2669 2247 2247 2247 2669 2669 2669 2243 2243 2243 2243 2243 2243 2669 2669 2669 2670 2670 2670 2243 2243 2243 2670 2670 2670 2206 2206 2206 2206 2206 2206 2670 2670 2670 2671 2671 2671 2206 2206 2206 2671 2671 2671 2198 2198 2198 2198 2198 2198 2671 2671 2671 2672 2672 2672 2198 2198 2198 2672 2672 2672 2606 2606 2606 2606 2606 2606 2672 2672 2672 2673 2673 2673 2606 2606 2606 2673 2673 2673 1536 1536 1536 1536 1536 1536 2673 2673 2673 1537 1537 1537 1945 1945 1945 1944 1944 1944 2091 2091 2091 2091 2091 2091 1944 1944 1944 2092 2092 2092 2091 2091 2091 2092 2092 2092 2239 2239 2239 2239 2239 2239 2092 2092 2092 2247 2247 2247 2239 2239 2239 2247 2247 2247 2237 2237 2237 2237 2237 2237 2247 2247 2247 2246 2246 2246 1948 1948 1948 1947 1947 1947 2090 2090 2090 2090 2090 2090 1947 1947 1947 2091 2091 2091 2090 2090 2090 2091 2091 2091 2236 2236 2236 2236 2236 2236 2091 2091 2091 2239 2239 2239 2236 2236 2236 2239 2239 2239 2234 2234 2234 2234 2234 2234 2239 2239 2239 2240 2240 2240 1951 1951 1951 1950 1950 1950 2089 2089 2089 2089 2089 2089 1950 1950 1950 2090 2090 2090 2089 2089 2089 2090 2090 2090 2230 2230 2230 2230 2230 2230 2090 2090 2090 2236 2236 2236 2230 2230 2230 2236 2236 2236 2228 2228 2228 2228 2228 2228 2236 2236 2236 2235 2235 2235 1533 1533 1533 1558 1558 1558 2609 2609 2609 2609 2609 2609 1558 1558 1558 2615 2615 2615 2609 2609 2609 2615 2615 2615 2216 2216 2216 2216 2216 2216 2615 2615 2615 2617 2617 2617 2216 2216 2216 2617 2617 2617 2214 2214 2214 2214 2214 2214 2617 2617 2617 2619 2619 2619 2214 2214 2214 2619 2619 2619 2224 2224 2224 2224 2224 2224 2619 2619 2619 2621 2621 2621 2224 2224 2224 2621 2621 2621 2230 2230 2230 2230 2230 2230 2621 2621 2621 2623 2623 2623 2230 2230 2230 2623 2623 2623 2089 2089 2089 2089 2089 2089 2623 2623 2623 2625 2625 2625 2089 2089 2089 2625 2625 2625 1953 1953 1953 1974 1974 1974 1973 1973 1973 2104 2104 2104 2104 2104 2104 1973 1973 1973 2649 2649 2649 2104 2104 2104 2649 2649 2649 2105 2105 2105 2105 2105 2105 2649 2649 2649 2631 2631 2631 2105 2105 2105 2631 2631 2631 2394 2394 2394 2394 2394 2394 2631 2631 2631 2630 2630 2630 2394 2394 2394 2630 2630 2630 2357 2357 2357 2357 2357 2357 2630 2630 2630 2629 2629 2629 2357 2357 2357 2629 2629 2629 2354 2354 2354 2354 2354 2354 2629 2629 2629 2628 2628 2628 2354 2354 2354 2628 2628 2628 2598 2598 2598 2598 2598 2598 2628 2628 2628 2627 2627 2627 2598 2598 2598 2627 2627 2627 1550 1550 1550 1550 1550 1550 2627 2627 2627 1551 1551 1551 1973 1973 1973 1972 1972 1972 2649 2649 2649 2649 2649 2649 1972 1972 1972 1966 1966 1966 2649 2649 2649 1966 1966 1966 2648 2648 2648 2648 2648 2648 1966 1966 1966 1956 1956 1956 2648 2648 2648 1956 1956 1956 2647 2647 2647 2647 2647 2647 1956 1956 1956 1958 1958 1958 2647 2647 2647 1958 1958 1958 2646 2646 2646 2646 2646 2646 1958 1958 1958 1960 1960 1960 2646 2646 2646 1960 1960 1960 2645 2645 2645 2645 2645 2645 1960 1960 1960 1962 1962 1962 2645 2645 2645 1962 1962 1962 2644 2644 2644 2644 2644 2644 1962 1962 1962 1964 1964 1964 2644 2644 2644 1964 1964 1964 2643 2643 2643 2643 2643 2643 1964 1964 1964 1965 1965 1965 2643 2643 2643 1965 1965 1965 2625 2625 2625 2625 2625 2625 1965 1965 1965 1954 1954 1954 2625 2625 2625 1954 1954 1954 1953 1953 1953 2390 2390 2390 2133 2133 2133 2106 2106 2106 2106 2106 2106 2133 2133 2133 2088 2088 2088 2106 2106 2106 2088 2088 2088 2104 2104 2104 2104 2104 2104 2088 2088 2088 1969 1969 1969 2104 2104 2104 1969 1969 1969 1974 1974 1974 2132 2132 2132 2110 2110 2110 2133 2133 2133 2133 2133 2133 2110 2110 2110 2087 2087 2087 2133 2133 2133 2087 2087 2087 2088 2088 2088 2088 2088 2088 2087 2087 2087 1979 1979 1979 2088 2088 2088 1979 1979 1979 1978 1978 1978 2403 2403 2403 2407 2407 2407 2404 2404 2404 2404 2404 2404 2407 2407 2407 2409 2409 2409 2404 2404 2404 2409 2409 2409 2614 2614 2614 2614 2614 2614 2409 2409 2409 2674 2674 2674 2614 2614 2614 2674 2674 2674 2112 2112 2112 2112 2112 2112 2674 2674 2674 2675 2675 2675 2112 2112 2112 2675 2675 2675 2110 2110 2110 2110 2110 2110 2675 2675 2675 2086 2086 2086 2110 2110 2110 2086 2086 2086 2087 2087 2087 2087 2087 2087 2086 2086 2086 1975 1975 1975 2087 2087 2087 1975 1975 1975 1980 1980 1980 2408 2408 2408 2451 2451 2451 2409 2409 2409 2409 2409 2409 2451 2451 2451 2450 2450 2450 2409 2409 2409 2450 2450 2450 2674 2674 2674 2674 2674 2674 2450 2450 2450 2676 2676 2676 2674 2674 2674 2676 2676 2676 2675 2675 2675 2675 2675 2675 2676 2676 2676 2085 2085 2085 2675 2675 2675 2085 2085 2085 2086 2086 2086 2086 2086 2086 2085 2085 2085 1985 1985 1985 2086 2086 2086 1985 1985 1985 1984 1984 1984 2454 2454 2454 2444 2444 2444 2450 2450 2450 2450 2450 2450 2444 2444 2444 2677 2677 2677 2450 2450 2450 2677 2677 2677 2676 2676 2676 2676 2676 2676 2677 2677 2677 2084 2084 2084 2676 2676 2676 2084 2084 2084 2085 2085 2085 2085 2085 2085 2084 2084 2084 1981 1981 1981 2085 2085 2085 1981 1981 1981 1986 1986 1986 2444 2444 2444 2446 2446 2446 2677 2677 2677 2677 2677 2677 2446 2446 2446 2083 2083 2083 2677 2677 2677 2083 2083 2083 2084 2084 2084 2084 2084 2084 2083 2083 2083 1991 1991 1991 2084 2084 2084 1991 1991 1991 1990 1990 1990 2441 2441 2441 2443 2443 2443 2446 2446 2446 2446 2446 2446 2443 2443 2443 2651 2651 2651 2446 2446 2446 2651 2651 2651 2083 2083 2083 2083 2083 2083 2651 2651 2651 1987 1987 1987 2083 2083 2083 1987 1987 1987 1992 1992 1992 1999 1999 1999 1997 1997 1997 2652 2652 2652 2652 2652 2652 1997 1997 1997 1996 1996 1996 2652 2652 2652 1996 1996 1996 2650 2650 2650 2650 2650 2650 1996 1996 1996 1994 1994 1994 2650 2650 2650 1994 1994 1994 2651 2651 2651 2651 2651 2651 1994 1994 1994 1993 1993 1993 2651 2651 2651 1993 1993 1993 1987 1987 1987 2000 2000 2000 1999 1999 1999 2082 2082 2082 2082 2082 2082 1999 1999 1999 2652 2652 2652 2082 2082 2082 2652 2652 2652 2433 2433 2433 2433 2433 2433 2652 2652 2652 2438 2438 2438 2433 2433 2433 2438 2438 2438 2434 2434 2434 2434 2434 2434 2438 2438 2438 2440 2440 2440 2003 2003 2003 2002 2002 2002 2081 2081 2081 2081 2081 2081 2002 2002 2002 2082 2082 2082 2081 2081 2081 2082 2082 2082 2678 2678 2678 2678 2678 2678 2082 2082 2082 2433 2433 2433 2678 2678 2678 2433 2433 2433 2679 2679 2679 2679 2679 2679 2433 2433 2433 2429 2429 2429 2679 2679 2679 2429 2429 2429 2680 2680 2680 2680 2680 2680 2429 2429 2429 2422 2422 2422 2680 2680 2680 2422 2422 2422 2681 2681 2681 2681 2681 2681 2422 2422 2422 2420 2420 2420 2681 2681 2681 2420 2420 2420 2682 2682 2682 2682 2682 2682 2420 2420 2420 2602 2602 2602 2682 2682 2682 2602 2602 2602 1564 1564 1564 1564 1564 1564 2602 2602 2602 1565 1565 1565 2006 2006 2006 2005 2005 2005 2080 2080 2080 2080 2080 2080 2005 2005 2005 2081 2081 2081 2080 2080 2080 2081 2081 2081 2683 2683 2683 2683 2683 2683 2081 2081 2081 2678 2678 2678 2683 2683 2683 2678 2678 2678 2499 2499 2499 2499 2499 2499 2678 2678 2678 2679 2679 2679 2499 2499 2499 2679 2679 2679 2458 2458 2458 2458 2458 2458 2679 2679 2679 2680 2680 2680 2458 2458 2458 2680 2680 2680 2113 2113 2113 2113 2113 2113 2680 2680 2680 2681 2681 2681 2113 2113 2113 2681 2681 2681 2114 2114 2114 2114 2114 2114 2681 2681 2681 2682 2682 2682 2114 2114 2114 2682 2682 2682 1563 1563 1563 1563 1563 1563 2682 2682 2682 1564 1564 1564 2009 2009 2009 2008 2008 2008 2101 2101 2101 2101 2101 2101 2008 2008 2008 2080 2080 2080 2101 2101 2101 2080 2080 2080 2102 2102 2102 2102 2102 2102 2080 2080 2080 2683 2683 2683 2102 2102 2102 2683 2683 2683 2491 2491 2491 2491 2491 2491 2683 2683 2683 2499 2499 2499 2491 2491 2491 2499 2499 2499 2684 2684 2684 2684 2684 2684 2499 2499 2499 2498 2498 2498 2685 2685 2685 2012 2012 2012 2011 2011 2011 2488 2488 2488 2127 2127 2127 2103 2103 2103 2103 2103 2103 2127 2127 2127 2685 2685 2685 2103 2103 2103 2685 2685 2685 2101 2101 2101 2101 2101 2101 2685 2685 2685 2011 2011 2011 2101 2101 2101 2011 2011 2011 2009 2009 2009 2484 2484 2484 2482 2482 2482 2126 2126 2126 2126 2126 2126 2482 2482 2482 2653 2653 2653 2126 2126 2126 2653 2653 2653 2127 2127 2127 2127 2127 2127 2653 2653 2653 2655 2655 2655 2127 2127 2127 2655 2655 2655 2685 2685 2685 2685 2685 2685 2655 2655 2655 2014 2014 2014 2685 2685 2685 2014 2014 2014 2012 2012 2012 2020 2020 2020 2018 2018 2018 2654 2654 2654 2654 2654 2654 2018 2018 2018 2017 2017 2017 2654 2654 2654 2017 2017 2017 2655 2655 2655 2655 2655 2655 2017 2017 2017 2015 2015 2015 2655 2655 2655 2015 2015 2015 2014 2014 2014 2023 2023 2023 2021 2021 2021 2524 2524 2524 2524 2524 2524 2021 2021 2021 2661 2661 2661 2524 2524 2524 2661 2661 2661 2533 2533 2533 2533 2533 2533 2661 2661 2661 2660 2660 2660 2533 2533 2533 2660 2660 2660 2531 2531 2531 2531 2531 2531 2660 2660 2660 2659 2659 2659 2531 2531 2531 2659 2659 2659 2540 2540 2540 2540 2540 2540 2659 2659 2659 2658 2658 2658 2540 2540 2540 2658 2658 2658 2538 2538 2538 2538 2538 2538 2658 2658 2658 2657 2657 2657 2538 2538 2538 2657 2657 2657 2545 2545 2545 2545 2545 2545 2657 2657 2657 2656 2656 2656 2545 2545 2545 2656 2656 2656 1582 1582 1582 1582 1582 1582 2656 2656 2656 1583 1583 1583 1042 1042 1042 1040 1040 1040 2686 2686 2686 2686 2686 2686 2687 2687 2687 1042 1042 1042 1042 1042 1042 2687 2687 2687 2688 2688 2688 1042 1042 1042 2688 2688 2688 1043 1043 1043 2688 2688 2688 2689 2689 2689 1043 1043 1043 1043 1043 1043 2689 2689 2689 2690 2690 2690 1043 1043 1043 2690 2690 2690 1044 1044 1044 1044 1044 1044 2690 2690 2690 2691 2691 2691 1046 1046 1046 2692 2692 2692 1048 1048 1048 1048 1048 1048 2692 2692 2692 2693 2693 2693 1048 1048 1048 2693 2693 2693 1050 1050 1050 2691 2691 2691 2694 2694 2694 1044 1044 1044 1044 1044 1044 2694 2694 2694 2695 2695 2695 1044 1044 1044 2695 2695 2695 1045 1045 1045 1045 1045 1045 2695 2695 2695 2696 2696 2696 1045 1045 1045 2696 2696 2696 1046 1046 1046 1046 1046 1046 2696 2696 2696 2697 2697 2697 1046 1046 1046 2697 2697 2697 2692 2692 2692 2698 2698 2698 1053 1053 1053 1052 1052 1052 2693 2693 2693 2699 2699 2699 1050 1050 1050 1050 1050 1050 2699 2699 2699 2700 2700 2700 1050 1050 1050 2700 2700 2700 1052 1052 1052 1052 1052 1052 2700 2700 2700 2701 2701 2701 1052 1052 1052 2701 2701 2701 2698 2698 2698 2698 2698 2698 2702 2702 2702 1053 1053 1053 1053 1053 1053 2702 2702 2702 2703 2703 2703 1053 1053 1053 2703 2703 2703 1038 1038 1038 2703 2703 2703 2704 2704 2704 1038 1038 1038 1038 1038 1038 2704 2704 2704 2705 2705 2705 1038 1038 1038 2705 2705 2705 1035 1035 1035 2705 2705 2705 2706 2706 2706 1035 1035 1035 1035 1035 1035 2706 2706 2706 2707 2707 2707 1035 1035 1035 2707 2707 2707 1036 1036 1036 1036 1036 1036 2707 2707 2707 2708 2708 2708 1036 1036 1036 2708 2708 2708 1018 1018 1018 1018 1018 1018 2708 2708 2708 2709 2709 2709 1018 1018 1018 2709 2709 2709 2710 2710 2710 1018 1018 1018 2710 2710 2710 1019 1019 1019 1019 1019 1019 2710 2710 2710 2711 2711 2711 1019 1019 1019 2711 2711 2711 2712 2712 2712 1021 1021 1021 1019 1019 1019 2712 2712 2712 2712 2712 2712 2713 2713 2713 1021 1021 1021 1021 1021 1021 2713 2713 2713 2714 2714 2714 1021 1021 1021 2714 2714 2714 1022 1022 1022 2714 2714 2714 2715 2715 2715 1022 1022 1022 1022 1022 1022 2715 2715 2715 2716 2716 2716 1022 1022 1022 2716 2716 2716 1024 1024 1024 1024 1024 1024 2716 2716 2716 2717 2717 2717 1024 1024 1024 2717 2717 2717 1034 1034 1034 1034 1034 1034 2717 2717 2717 2718 2718 2718 2719 2719 2719 1031 1031 1031 2720 2720 2720 2720 2720 2720 1031 1031 1031 1033 1033 1033 2718 2718 2718 2721 2721 2721 1034 1034 1034 1034 1034 1034 2721 2721 2721 2722 2722 2722 1034 1034 1034 2722 2722 2722 1033 1033 1033 1033 1033 1033 2722 2722 2722 2723 2723 2723 1033 1033 1033 2723 2723 2723 2720 2720 2720 2724 2724 2724 1027 1027 1027 1029 1029 1029 2719 2719 2719 2725 2725 2725 1031 1031 1031 1031 1031 1031 2725 2725 2725 2726 2726 2726 1031 1031 1031 2726 2726 2726 1029 1029 1029 1029 1029 1029 2726 2726 2726 2727 2727 2727 1029 1029 1029 2727 2727 2727 2724 2724 2724 1015 1015 1015 1025 1025 1025 2728 2728 2728 2724 2724 2724 2729 2729 2729 1027 1027 1027 1027 1027 1027 2729 2729 2729 2730 2730 2730 1027 1027 1027 2730 2730 2730 1025 1025 1025 1025 1025 1025 2730 2730 2730 2731 2731 2731 1025 1025 1025 2731 2731 2731 2728 2728 2728 2728 2728 2728 2732 2732 2732 1015 1015 1015 1015 1015 1015 2732 2732 2732 2733 2733 2733 1015 1015 1015 2733 2733 2733 1016 1016 1016 2734 2734 2734 1039 1039 1039 2735 2735 2735 2735 2735 2735 1039 1039 1039 1016 1016 1016 2735 2735 2735 1016 1016 1016 2736 2736 2736 2736 2736 2736 1016 1016 1016 2733 2733 2733 1039 1039 1039 2734 2734 2734 1040 1040 1040 1040 1040 1040 2734 2734 2734 2737 2737 2737 1040 1040 1040 2737 2737 2737 2686 2686 2686 2738 2738 2738 2710 2710 2710 2709 2709 2709 2739 2739 2739 2738 2738 2738 2740 2740 2740 2741 2741 2741 2739 2739 2739 2742 2742 2742 2161 2161 2161 2741 2741 2741 2743 2743 2743 2738 2738 2738 2709 2709 2709 2740 2740 2740 2740 2740 2740 2709 2709 2709 2708 2708 2708 2740 2740 2740 2708 2708 2708 2744 2744 2744 2744 2744 2744 2708 2708 2708 2707 2707 2707 2744 2744 2744 2707 2707 2707 2745 2745 2745 2745 2745 2745 2707 2707 2707 2706 2706 2706 2745 2745 2745 2706 2706 2706 2746 2746 2746 2706 2706 2706 2705 2705 2705 2746 2746 2746 2746 2746 2746 2705 2705 2705 2704 2704 2704 2746 2746 2746 2704 2704 2704 2747 2747 2747 2747 2747 2747 2704 2704 2704 2703 2703 2703 2702 2702 2702 2748 2748 2748 2703 2703 2703 2703 2703 2703 2748 2748 2748 2749 2749 2749 2703 2703 2703 2749 2749 2749 2747 2747 2747 2702 2702 2702 2698 2698 2698 2748 2748 2748 2748 2748 2748 2698 2698 2698 2701 2701 2701 2748 2748 2748 2701 2701 2701 2750 2750 2750 2750 2750 2750 2701 2701 2701 2700 2700 2700 2699 2699 2699 2751 2751 2751 2700 2700 2700 2700 2700 2700 2751 2751 2751 2752 2752 2752 2700 2700 2700 2752 2752 2752 2750 2750 2750 2699 2699 2699 2693 2693 2693 2751 2751 2751 2751 2751 2751 2693 2693 2693 2692 2692 2692 2751 2751 2751 2692 2692 2692 2753 2753 2753 2753 2753 2753 2692 2692 2692 2697 2697 2697 2696 2696 2696 2754 2754 2754 2697 2697 2697 2697 2697 2697 2754 2754 2754 2755 2755 2755 2697 2697 2697 2755 2755 2755 2753 2753 2753 2696 2696 2696 2695 2695 2695 2754 2754 2754 2754 2754 2754 2695 2695 2695 2694 2694 2694 2754 2754 2754 2694 2694 2694 2756 2756 2756 2756 2756 2756 2694 2694 2694 2691 2691 2691 2690 2690 2690 2757 2757 2757 2691 2691 2691 2691 2691 2691 2757 2757 2757 2758 2758 2758 2691 2691 2691 2758 2758 2758 2756 2756 2756 2690 2690 2690 2689 2689 2689 2757 2757 2757 2757 2757 2757 2689 2689 2689 2688 2688 2688 2757 2757 2757 2688 2688 2688 2759 2759 2759 2759 2759 2759 2688 2688 2688 2687 2687 2687 2759 2759 2759 2687 2687 2687 2760 2760 2760 2760 2760 2760 2687 2687 2687 2686 2686 2686 2760 2760 2760 2686 2686 2686 2761 2761 2761 2739 2739 2739 2740 2740 2740 2742 2742 2742 2742 2742 2742 2740 2740 2740 2744 2744 2744 2742 2742 2742 2744 2744 2744 2762 2762 2762 2762 2762 2762 2744 2744 2744 2745 2745 2745 2762 2762 2762 2745 2745 2745 2763 2763 2763 2763 2763 2763 2745 2745 2745 2746 2746 2746 2763 2763 2763 2746 2746 2746 2764 2764 2764 2764 2764 2764 2746 2746 2746 2747 2747 2747 2764 2764 2764 2747 2747 2747 2765 2765 2765 2765 2765 2765 2747 2747 2747 2749 2749 2749 2765 2765 2765 2749 2749 2749 2766 2766 2766 2766 2766 2766 2749 2749 2749 2748 2748 2748 2766 2766 2766 2748 2748 2748 2767 2767 2767 2767 2767 2767 2748 2748 2748 2750 2750 2750 2767 2767 2767 2750 2750 2750 2768 2768 2768 2768 2768 2768 2750 2750 2750 2752 2752 2752 2768 2768 2768 2752 2752 2752 2769 2769 2769 2769 2769 2769 2752 2752 2752 2751 2751 2751 2769 2769 2769 2751 2751 2751 2770 2770 2770 2770 2770 2770 2751 2751 2751 2753 2753 2753 2770 2770 2770 2753 2753 2753 2771 2771 2771 2771 2771 2771 2753 2753 2753 2755 2755 2755 2771 2771 2771 2755 2755 2755 2772 2772 2772 2772 2772 2772 2755 2755 2755 2754 2754 2754 2772 2772 2772 2754 2754 2754 2773 2773 2773 2773 2773 2773 2754 2754 2754 2756 2756 2756 2773 2773 2773 2756 2756 2756 2774 2774 2774 2774 2774 2774 2756 2756 2756 2758 2758 2758 2774 2774 2774 2758 2758 2758 2775 2775 2775 2775 2775 2775 2758 2758 2758 2757 2757 2757 2775 2775 2775 2757 2757 2757 2776 2776 2776 2776 2776 2776 2757 2757 2757 2759 2759 2759 2776 2776 2776 2759 2759 2759 2777 2777 2777 2777 2777 2777 2759 2759 2759 2760 2760 2760 2777 2777 2777 2760 2760 2760 2778 2778 2778 2778 2778 2778 2760 2760 2760 2761 2761 2761 2778 2778 2778 2761 2761 2761 2779 2779 2779 2741 2741 2741 2742 2742 2742 2743 2743 2743 2743 2743 2743 2742 2742 2742 2762 2762 2762 2743 2743 2743 2762 2762 2762 2780 2780 2780 2780 2780 2780 2762 2762 2762 2763 2763 2763 2780 2780 2780 2763 2763 2763 2781 2781 2781 2781 2781 2781 2763 2763 2763 2764 2764 2764 2781 2781 2781 2764 2764 2764 2782 2782 2782 2782 2782 2782 2764 2764 2764 2765 2765 2765 2782 2782 2782 2765 2765 2765 2783 2783 2783 2783 2783 2783 2765 2765 2765 2766 2766 2766 2783 2783 2783 2766 2766 2766 2784 2784 2784 2784 2784 2784 2766 2766 2766 2767 2767 2767 2784 2784 2784 2767 2767 2767 2785 2785 2785 2785 2785 2785 2767 2767 2767 2768 2768 2768 2785 2785 2785 2768 2768 2768 2786 2786 2786 2786 2786 2786 2768 2768 2768 2769 2769 2769 2786 2786 2786 2769 2769 2769 2787 2787 2787 2787 2787 2787 2769 2769 2769 2770 2770 2770 2787 2787 2787 2770 2770 2770 2788 2788 2788 2788 2788 2788 2770 2770 2770 2771 2771 2771 2788 2788 2788 2771 2771 2771 2789 2789 2789 2789 2789 2789 2771 2771 2771 2772 2772 2772 2789 2789 2789 2772 2772 2772 2790 2790 2790 2790 2790 2790 2772 2772 2772 2773 2773 2773 2790 2790 2790 2773 2773 2773 2791 2791 2791 2791 2791 2791 2773 2773 2773 2774 2774 2774 2791 2791 2791 2774 2774 2774 2792 2792 2792 2792 2792 2792 2774 2774 2774 2775 2775 2775 2792 2792 2792 2775 2775 2775 2793 2793 2793 2793 2793 2793 2775 2775 2775 2776 2776 2776 2793 2793 2793 2776 2776 2776 2794 2794 2794 2794 2794 2794 2776 2776 2776 2777 2777 2777 2794 2794 2794 2777 2777 2777 2795 2795 2795 2795 2795 2795 2777 2777 2777 2778 2778 2778 2795 2795 2795 2778 2778 2778 2796 2796 2796 2796 2796 2796 2778 2778 2778 2779 2779 2779 2796 2796 2796 2779 2779 2779 2797 2797 2797 2161 2161 2161 2743 2743 2743 2163 2163 2163 2163 2163 2163 2743 2743 2743 2780 2780 2780 2163 2163 2163 2780 2780 2780 2164 2164 2164 2164 2164 2164 2780 2780 2780 2781 2781 2781 2164 2164 2164 2781 2781 2781 2165 2165 2165 2165 2165 2165 2781 2781 2781 2782 2782 2782 2165 2165 2165 2782 2782 2782 2154 2154 2154 2154 2154 2154 2782 2782 2782 2783 2783 2783 2154 2154 2154 2783 2783 2783 2155 2155 2155 2155 2155 2155 2783 2783 2783 2784 2784 2784 2155 2155 2155 2784 2784 2784 2156 2156 2156 2156 2156 2156 2784 2784 2784 2785 2785 2785 2156 2156 2156 2785 2785 2785 2157 2157 2157 2157 2157 2157 2785 2785 2785 2786 2786 2786 2157 2157 2157 2786 2786 2786 2158 2158 2158 2158 2158 2158 2786 2786 2786 2787 2787 2787 2158 2158 2158 2787 2787 2787 2152 2152 2152 2152 2152 2152 2787 2787 2787 2788 2788 2788 2152 2152 2152 2788 2788 2788 2150 2150 2150 2150 2150 2150 2788 2788 2788 2789 2789 2789 2150 2150 2150 2789 2789 2789 2140 2140 2140 2140 2140 2140 2789 2789 2789 2790 2790 2790 2140 2140 2140 2790 2790 2790 2141 2141 2141 2141 2141 2141 2790 2790 2790 2791 2791 2791 2141 2141 2141 2791 2791 2791 2146 2146 2146 2146 2146 2146 2791 2791 2791 2792 2792 2792 2146 2146 2146 2792 2792 2792 2145 2145 2145 2145 2145 2145 2792 2792 2792 2793 2793 2793 2145 2145 2145 2793 2793 2793 2143 2143 2143 2143 2143 2143 2793 2793 2793 2794 2794 2794 2143 2143 2143 2794 2794 2794 2144 2144 2144 2144 2144 2144 2794 2794 2794 2795 2795 2795 2144 2144 2144 2795 2795 2795 2147 2147 2147 2147 2147 2147 2795 2795 2795 2796 2796 2796 2147 2147 2147 2796 2796 2796 2148 2148 2148 2148 2148 2148 2796 2796 2796 2797 2797 2797 2148 2148 2148 2797 2797 2797 2188 2188 2188 2160 2160 2160 2171 2171 2171 2798 2798 2798 2171 2171 2171 2170 2170 2170 2798 2798 2798 2798 2798 2798 2170 2170 2170 2799 2799 2799 2798 2798 2798 2799 2799 2799 2800 2800 2800 2800 2800 2800 2799 2799 2799 2801 2801 2801 2800 2800 2800 2801 2801 2801 2802 2802 2802 2802 2802 2802 2801 2801 2801 2803 2803 2803 2802 2802 2802 2803 2803 2803 2711 2711 2711 2711 2711 2711 2803 2803 2803 2712 2712 2712 2711 2711 2711 2710 2710 2710 2802 2802 2802 2802 2802 2802 2710 2710 2710 2738 2738 2738 2802 2802 2802 2738 2738 2738 2800 2800 2800 2800 2800 2800 2738 2738 2738 2739 2739 2739 2800 2800 2800 2739 2739 2739 2798 2798 2798 2798 2798 2798 2739 2739 2739 2741 2741 2741 2798 2798 2798 2741 2741 2741 2160 2160 2160 2160 2160 2160 2741 2741 2741 2161 2161 2161 2189 2189 2189 2188 2188 2188 2804 2804 2804 2804 2804 2804 2188 2188 2188 2797 2797 2797 2804 2804 2804 2797 2797 2797 2805 2805 2805 2805 2805 2805 2797 2797 2797 2779 2779 2779 2805 2805 2805 2779 2779 2779 2806 2806 2806 2806 2806 2806 2779 2779 2779 2761 2761 2761 2806 2806 2806 2761 2761 2761 2737 2737 2737 2737 2737 2737 2761 2761 2761 2686 2686 2686 2190 2190 2190 2189 2189 2189 2807 2807 2807 2807 2807 2807 2189 2189 2189 2804 2804 2804 2807 2807 2807 2804 2804 2804 2808 2808 2808 2808 2808 2808 2804 2804 2804 2805 2805 2805 2808 2808 2808 2805 2805 2805 2809 2809 2809 2809 2809 2809 2805 2805 2805 2806 2806 2806 2809 2809 2809 2806 2806 2806 2734 2734 2734 2734 2734 2734 2806 2806 2806 2737 2737 2737 2809 2809 2809 2734 2734 2734 2735 2735 2735 2808 2808 2808 2809 2809 2809 2810 2810 2810 2807 2807 2807 2808 2808 2808 2811 2811 2811 2190 2190 2190 2807 2807 2807 2812 2812 2812 2809 2809 2809 2735 2735 2735 2810 2810 2810 2810 2810 2810 2735 2735 2735 2736 2736 2736 2810 2810 2810 2736 2736 2736 2813 2813 2813 2813 2813 2813 2736 2736 2736 2733 2733 2733 2813 2813 2813 2733 2733 2733 2814 2814 2814 2814 2814 2814 2733 2733 2733 2732 2732 2732 2814 2814 2814 2732 2732 2732 2815 2815 2815 2732 2732 2732 2728 2728 2728 2815 2815 2815 2815 2815 2815 2728 2728 2728 2731 2731 2731 2815 2815 2815 2731 2731 2731 2816 2816 2816 2816 2816 2816 2731 2731 2731 2730 2730 2730 2729 2729 2729 2817 2817 2817 2730 2730 2730 2730 2730 2730 2817 2817 2817 2818 2818 2818 2730 2730 2730 2818 2818 2818 2816 2816 2816 2729 2729 2729 2724 2724 2724 2817 2817 2817 2817 2817 2817 2724 2724 2724 2727 2727 2727 2817 2817 2817 2727 2727 2727 2819 2819 2819 2819 2819 2819 2727 2727 2727 2726 2726 2726 2725 2725 2725 2820 2820 2820 2726 2726 2726 2726 2726 2726 2820 2820 2820 2821 2821 2821 2726 2726 2726 2821 2821 2821 2819 2819 2819 2725 2725 2725 2719 2719 2719 2820 2820 2820 2820 2820 2820 2719 2719 2719 2720 2720 2720 2820 2820 2820 2720 2720 2720 2822 2822 2822 2822 2822 2822 2720 2720 2720 2723 2723 2723 2722 2722 2722 2823 2823 2823 2723 2723 2723 2723 2723 2723 2823 2823 2823 2824 2824 2824 2723 2723 2723 2824 2824 2824 2822 2822 2822 2722 2722 2722 2721 2721 2721 2823 2823 2823 2823 2823 2823 2721 2721 2721 2718 2718 2718 2823 2823 2823 2718 2718 2718 2825 2825 2825 2825 2825 2825 2718 2718 2718 2717 2717 2717 2716 2716 2716 2826 2826 2826 2717 2717 2717 2717 2717 2717 2826 2826 2826 2827 2827 2827 2717 2717 2717 2827 2827 2827 2825 2825 2825 2716 2716 2716 2715 2715 2715 2826 2826 2826 2826 2826 2826 2715 2715 2715 2714 2714 2714 2826 2826 2826 2714 2714 2714 2828 2828 2828 2828 2828 2828 2714 2714 2714 2713 2713 2713 2828 2828 2828 2713 2713 2713 2829 2829 2829 2829 2829 2829 2713 2713 2713 2712 2712 2712 2829 2829 2829 2712 2712 2712 2803 2803 2803 2808 2808 2808 2810 2810 2810 2811 2811 2811 2811 2811 2811 2810 2810 2810 2813 2813 2813 2811 2811 2811 2813 2813 2813 2830 2830 2830 2830 2830 2830 2813 2813 2813 2814 2814 2814 2830 2830 2830 2814 2814 2814 2831 2831 2831 2831 2831 2831 2814 2814 2814 2815 2815 2815 2831 2831 2831 2815 2815 2815 2832 2832 2832 2832 2832 2832 2815 2815 2815 2816 2816 2816 2832 2832 2832 2816 2816 2816 2833 2833 2833 2833 2833 2833 2816 2816 2816 2818 2818 2818 2833 2833 2833 2818 2818 2818 2834 2834 2834 2834 2834 2834 2818 2818 2818 2817 2817 2817 2834 2834 2834 2817 2817 2817 2835 2835 2835 2835 2835 2835 2817 2817 2817 2819 2819 2819 2835 2835 2835 2819 2819 2819 2836 2836 2836 2836 2836 2836 2819 2819 2819 2821 2821 2821 2836 2836 2836 2821 2821 2821 2837 2837 2837 2837 2837 2837 2821 2821 2821 2820 2820 2820 2837 2837 2837 2820 2820 2820 2838 2838 2838 2838 2838 2838 2820 2820 2820 2822 2822 2822 2838 2838 2838 2822 2822 2822 2839 2839 2839 2839 2839 2839 2822 2822 2822 2824 2824 2824 2839 2839 2839 2824 2824 2824 2840 2840 2840 2840 2840 2840 2824 2824 2824 2823 2823 2823 2840 2840 2840 2823 2823 2823 2841 2841 2841 2841 2841 2841 2823 2823 2823 2825 2825 2825 2841 2841 2841 2825 2825 2825 2842 2842 2842 2842 2842 2842 2825 2825 2825 2827 2827 2827 2842 2842 2842 2827 2827 2827 2843 2843 2843 2843 2843 2843 2827 2827 2827 2826 2826 2826 2843 2843 2843 2826 2826 2826 2844 2844 2844 2844 2844 2844 2826 2826 2826 2828 2828 2828 2844 2844 2844 2828 2828 2828 2845 2845 2845 2845 2845 2845 2828 2828 2828 2829 2829 2829 2845 2845 2845 2829 2829 2829 2846 2846 2846 2846 2846 2846 2829 2829 2829 2803 2803 2803 2846 2846 2846 2803 2803 2803 2801 2801 2801 2807 2807 2807 2811 2811 2811 2812 2812 2812 2812 2812 2812 2811 2811 2811 2830 2830 2830 2812 2812 2812 2830 2830 2830 2847 2847 2847 2847 2847 2847 2830 2830 2830 2831 2831 2831 2847 2847 2847 2831 2831 2831 2848 2848 2848 2848 2848 2848 2831 2831 2831 2832 2832 2832 2848 2848 2848 2832 2832 2832 2849 2849 2849 2849 2849 2849 2832 2832 2832 2833 2833 2833 2849 2849 2849 2833 2833 2833 2850 2850 2850 2850 2850 2850 2833 2833 2833 2834 2834 2834 2850 2850 2850 2834 2834 2834 2851 2851 2851 2851 2851 2851 2834 2834 2834 2835 2835 2835 2851 2851 2851 2835 2835 2835 2852 2852 2852 2852 2852 2852 2835 2835 2835 2836 2836 2836 2852 2852 2852 2836 2836 2836 2853 2853 2853 2853 2853 2853 2836 2836 2836 2837 2837 2837 2853 2853 2853 2837 2837 2837 2854 2854 2854 2854 2854 2854 2837 2837 2837 2838 2838 2838 2854 2854 2854 2838 2838 2838 2855 2855 2855 2855 2855 2855 2838 2838 2838 2839 2839 2839 2855 2855 2855 2839 2839 2839 2856 2856 2856 2856 2856 2856 2839 2839 2839 2840 2840 2840 2856 2856 2856 2840 2840 2840 2857 2857 2857 2857 2857 2857 2840 2840 2840 2841 2841 2841 2857 2857 2857 2841 2841 2841 2858 2858 2858 2858 2858 2858 2841 2841 2841 2842 2842 2842 2858 2858 2858 2842 2842 2842 2859 2859 2859 2859 2859 2859 2842 2842 2842 2843 2843 2843 2859 2859 2859 2843 2843 2843 2860 2860 2860 2860 2860 2860 2843 2843 2843 2844 2844 2844 2860 2860 2860 2844 2844 2844 2861 2861 2861 2861 2861 2861 2844 2844 2844 2845 2845 2845 2861 2861 2861 2845 2845 2845 2862 2862 2862 2862 2862 2862 2845 2845 2845 2846 2846 2846 2862 2862 2862 2846 2846 2846 2863 2863 2863 2863 2863 2863 2846 2846 2846 2801 2801 2801 2863 2863 2863 2801 2801 2801 2799 2799 2799 2190 2190 2190 2812 2812 2812 2185 2185 2185 2185 2185 2185 2812 2812 2812 2847 2847 2847 2185 2185 2185 2847 2847 2847 2186 2186 2186 2186 2186 2186 2847 2847 2847 2848 2848 2848 2186 2186 2186 2848 2848 2848 2191 2191 2191 2191 2191 2191 2848 2848 2848 2849 2849 2849 2191 2191 2191 2849 2849 2849 2192 2192 2192 2192 2192 2192 2849 2849 2849 2850 2850 2850 2192 2192 2192 2850 2850 2850 2194 2194 2194 2194 2194 2194 2850 2850 2850 2851 2851 2851 2194 2194 2194 2851 2851 2851 2195 2195 2195 2195 2195 2195 2851 2851 2851 2852 2852 2852 2195 2195 2195 2852 2852 2852 2180 2180 2180 2180 2180 2180 2852 2852 2852 2853 2853 2853 2180 2180 2180 2853 2853 2853 2181 2181 2181 2181 2181 2181 2853 2853 2853 2854 2854 2854 2181 2181 2181 2854 2854 2854 2183 2183 2183 2183 2183 2183 2854 2854 2854 2855 2855 2855 2183 2183 2183 2855 2855 2855 2184 2184 2184 2184 2184 2184 2855 2855 2855 2856 2856 2856 2184 2184 2184 2856 2856 2856 2173 2173 2173 2173 2173 2173 2856 2856 2856 2857 2857 2857 2173 2173 2173 2857 2857 2857 2175 2175 2175 2175 2175 2175 2857 2857 2857 2858 2858 2858 2175 2175 2175 2858 2858 2858 2179 2179 2179 2179 2179 2179 2858 2858 2858 2859 2859 2859 2179 2179 2179 2859 2859 2859 2178 2178 2178 2178 2178 2178 2859 2859 2859 2860 2860 2860 2178 2178 2178 2860 2860 2860 2176 2176 2176 2176 2176 2176 2860 2860 2860 2861 2861 2861 2176 2176 2176 2861 2861 2861 2166 2166 2166 2166 2166 2166 2861 2861 2861 2862 2862 2862 2166 2166 2166 2862 2862 2862 2167 2167 2167 2167 2167 2167 2862 2862 2862 2863 2863 2863 2167 2167 2167 2863 2863 2863 2169 2169 2169 2169 2169 2169 2863 2863 2863 2799 2799 2799 2169 2169 2169 2799 2799 2799 2170 2170 2170 1064 1064 1064 2864 2864 2864 1065 1065 1065 1065 1065 1065 2864 2864 2864 2865 2865 2865 1065 1065 1065 2865 2865 2865 2866 2866 2866 998 998 998 996 996 996 2867 2867 2867 2867 2867 2867 2868 2868 2868 998 998 998 998 998 998 2868 2868 2868 2869 2869 2869 998 998 998 2869 2869 2869 1000 1000 1000 2869 2869 2869 2870 2870 2870 1000 1000 1000 1000 1000 1000 2870 2870 2870 2871 2871 2871 1000 1000 1000 2871 2871 2871 1008 1008 1008 1008 1008 1008 2871 2871 2871 2872 2872 2872 1008 1008 1008 2872 2872 2872 1006 1006 1006 1006 1006 1006 2872 2872 2872 2873 2873 2873 2874 2874 2874 1003 1003 1003 2875 2875 2875 2875 2875 2875 1003 1003 1003 1004 1004 1004 2873 2873 2873 2876 2876 2876 1006 1006 1006 1006 1006 1006 2876 2876 2876 2877 2877 2877 1006 1006 1006 2877 2877 2877 1004 1004 1004 1004 1004 1004 2877 2877 2877 2878 2878 2878 1004 1004 1004 2878 2878 2878 2875 2875 2875 2879 2879 2879 1001 1001 1001 1002 1002 1002 2874 2874 2874 2880 2880 2880 1003 1003 1003 1003 1003 1003 2880 2880 2880 2881 2881 2881 1003 1003 1003 2881 2881 2881 1002 1002 1002 1002 1002 1002 2881 2881 2881 2882 2882 2882 1002 1002 1002 2882 2882 2882 2879 2879 2879 992 992 992 991 991 991 2883 2883 2883 2879 2879 2879 2884 2884 2884 1001 1001 1001 1001 1001 1001 2884 2884 2884 2885 2885 2885 1001 1001 1001 2885 2885 2885 991 991 991 991 991 991 2885 2885 2885 2886 2886 2886 991 991 991 2886 2886 2886 2883 2883 2883 2883 2883 2883 2887 2887 2887 992 992 992 992 992 992 2887 2887 2887 2888 2888 2888 992 992 992 2888 2888 2888 1063 1063 1063 2864 2864 2864 1064 1064 1064 2889 2889 2889 2889 2889 2889 1064 1064 1064 1063 1063 1063 2889 2889 2889 1063 1063 1063 2890 2890 2890 2890 2890 2890 1063 1063 1063 2888 2888 2888 995 995 995 2891 2891 2891 996 996 996 996 996 996 2891 2891 2891 2892 2892 2892 996 996 996 2892 2892 2892 2867 2867 2867 1066 1066 1066 1065 1065 1065 2866 2866 2866 2866 2866 2866 2893 2893 2893 1066 1066 1066 1066 1066 1066 2893 2893 2893 2894 2894 2894 1066 1066 1066 2894 2894 2894 1068 1068 1068 2894 2894 2894 2895 2895 2895 1068 1068 1068 1068 1068 1068 2895 2895 2895 2896 2896 2896 1068 1068 1068 2896 2896 2896 1069 1069 1069 1069 1069 1069 2896 2896 2896 2897 2897 2897 1071 1071 1071 2898 2898 2898 1072 1072 1072 1072 1072 1072 2898 2898 2898 2899 2899 2899 1072 1072 1072 2899 2899 2899 1059 1059 1059 2897 2897 2897 2900 2900 2900 1069 1069 1069 1069 1069 1069 2900 2900 2900 2901 2901 2901 1069 1069 1069 2901 2901 2901 1073 1073 1073 1073 1073 1073 2901 2901 2901 2902 2902 2902 1073 1073 1073 2902 2902 2902 1071 1071 1071 1071 1071 1071 2902 2902 2902 2903 2903 2903 1071 1071 1071 2903 2903 2903 2898 2898 2898 2904 2904 2904 1062 1062 1062 1061 1061 1061 2899 2899 2899 2905 2905 2905 1059 1059 1059 1059 1059 1059 2905 2905 2905 2906 2906 2906 1059 1059 1059 2906 2906 2906 1061 1061 1061 1061 1061 1061 2906 2906 2906 2907 2907 2907 1061 1061 1061 2907 2907 2907 2904 2904 2904 2904 2904 2904 2908 2908 2908 1062 1062 1062 1062 1062 1062 2908 2908 2908 2909 2909 2909 1062 1062 1062 2909 2909 2909 1057 1057 1057 2909 2909 2909 2910 2910 2910 1057 1057 1057 1057 1057 1057 2910 2910 2910 2911 2911 2911 1057 1057 1057 2911 2911 2911 1054 1054 1054 2911 2911 2911 2912 2912 2912 1054 1054 1054 1054 1054 1054 2912 2912 2912 2913 2913 2913 1054 1054 1054 2913 2913 2913 1055 1055 1055 1055 1055 1055 2913 2913 2913 2914 2914 2914 1055 1055 1055 2914 2914 2914 995 995 995 995 995 995 2914 2914 2914 2915 2915 2915 995 995 995 2915 2915 2915 2891 2891 2891 1102 1102 1102 2916 2916 2916 1103 1103 1103 1103 1103 1103 2916 2916 2916 2917 2917 2917 1103 1103 1103 2917 2917 2917 2918 2918 2918 1081 1081 1081 1079 1079 1079 2919 2919 2919 2919 2919 2919 2920 2920 2920 1081 1081 1081 1081 1081 1081 2920 2920 2920 2921 2921 2921 1081 1081 1081 2921 2921 2921 1083 1083 1083 2921 2921 2921 2922 2922 2922 1083 1083 1083 1083 1083 1083 2922 2922 2922 2923 2923 2923 1083 1083 1083 2923 2923 2923 1084 1084 1084 1084 1084 1084 2923 2923 2923 2924 2924 2924 1084 1084 1084 2924 2924 2924 1085 1085 1085 1085 1085 1085 2924 2924 2924 2925 2925 2925 2926 2926 2926 1088 1088 1088 2927 2927 2927 2927 2927 2927 1088 1088 1088 1086 1086 1086 2925 2925 2925 2928 2928 2928 1085 1085 1085 1085 1085 1085 2928 2928 2928 2929 2929 2929 1085 1085 1085 2929 2929 2929 1086 1086 1086 1086 1086 1086 2929 2929 2929 2930 2930 2930 1086 1086 1086 2930 2930 2930 2927 2927 2927 2931 2931 2931 1091 1091 1091 1093 1093 1093 2926 2926 2926 2932 2932 2932 1088 1088 1088 1088 1088 1088 2932 2932 2932 2933 2933 2933 1088 1088 1088 2933 2933 2933 1093 1093 1093 1093 1093 1093 2933 2933 2933 2934 2934 2934 1093 1093 1093 2934 2934 2934 2931 2931 2931 1075 1075 1075 1089 1089 1089 2935 2935 2935 2931 2931 2931 2936 2936 2936 1091 1091 1091 1091 1091 1091 2936 2936 2936 2937 2937 2937 1091 1091 1091 2937 2937 2937 1089 1089 1089 1089 1089 1089 2937 2937 2937 2938 2938 2938 1089 1089 1089 2938 2938 2938 2935 2935 2935 2935 2935 2935 2939 2939 2939 1075 1075 1075 1075 1075 1075 2939 2939 2939 2940 2940 2940 1075 1075 1075 2940 2940 2940 1076 1076 1076 2916 2916 2916 1102 1102 1102 2941 2941 2941 2941 2941 2941 1102 1102 1102 1076 1076 1076 2941 2941 2941 1076 1076 1076 2942 2942 2942 2942 2942 2942 1076 1076 1076 2940 2940 2940 1078 1078 1078 2943 2943 2943 1079 1079 1079 1079 1079 1079 2943 2943 2943 2944 2944 2944 1079 1079 1079 2944 2944 2944 2919 2919 2919 1105 1105 1105 1103 1103 1103 2918 2918 2918 2918 2918 2918 2945 2945 2945 1105 1105 1105 1105 1105 1105 2945 2945 2945 2946 2946 2946 1105 1105 1105 2946 2946 2946 1106 1106 1106 2946 2946 2946 2947 2947 2947 1106 1106 1106 1106 1106 1106 2947 2947 2947 2948 2948 2948 1106 1106 1106 2948 2948 2948 1107 1107 1107 1107 1107 1107 2948 2948 2948 2949 2949 2949 1109 1109 1109 2950 2950 2950 1111 1111 1111 1111 1111 1111 2950 2950 2950 2951 2951 2951 1111 1111 1111 2951 2951 2951 1113 1113 1113 2949 2949 2949 2952 2952 2952 1107 1107 1107 1107 1107 1107 2952 2952 2952 2953 2953 2953 1107 1107 1107 2953 2953 2953 1108 1108 1108 1108 1108 1108 2953 2953 2953 2954 2954 2954 1108 1108 1108 2954 2954 2954 1109 1109 1109 1109 1109 1109 2954 2954 2954 2955 2955 2955 1109 1109 1109 2955 2955 2955 2950 2950 2950 2956 2956 2956 1100 1100 1100 1099 1099 1099 2951 2951 2951 2957 2957 2957 1113 1113 1113 1113 1113 1113 2957 2957 2957 2958 2958 2958 1113 1113 1113 2958 2958 2958 1099 1099 1099 1099 1099 1099 2958 2958 2958 2959 2959 2959 1099 1099 1099 2959 2959 2959 2956 2956 2956 2956 2956 2956 2960 2960 2960 1100 1100 1100 1100 1100 1100 2960 2960 2960 2961 2961 2961 1100 1100 1100 2961 2961 2961 1101 1101 1101 2961 2961 2961 2962 2962 2962 1101 1101 1101 1101 1101 1101 2962 2962 2962 2963 2963 2963 1101 1101 1101 2963 2963 2963 1096 1096 1096 2963 2963 2963 2964 2964 2964 1096 1096 1096 1096 1096 1096 2964 2964 2964 2965 2965 2965 1096 1096 1096 2965 2965 2965 1097 1097 1097 1097 1097 1097 2965 2965 2965 2966 2966 2966 1097 1097 1097 2966 2966 2966 1078 1078 1078 1078 1078 1078 2966 2966 2966 2967 2967 2967 1078 1078 1078 2967 2967 2967 2943 2943 2943 1146 1146 1146 2968 2968 2968 1147 1147 1147 1147 1147 1147 2968 2968 2968 2969 2969 2969 1147 1147 1147 2969 2969 2969 2970 2970 2970 1122 1122 1122 1120 1120 1120 2971 2971 2971 2971 2971 2971 2972 2972 2972 1122 1122 1122 1122 1122 1122 2972 2972 2972 2973 2973 2973 1122 1122 1122 2973 2973 2973 1124 1124 1124 2973 2973 2973 2974 2974 2974 1124 1124 1124 1124 1124 1124 2974 2974 2974 2975 2975 2975 1124 1124 1124 2975 2975 2975 1125 1125 1125 1125 1125 1125 2975 2975 2975 2976 2976 2976 1125 1125 1125 2976 2976 2976 1133 1133 1133 1133 1133 1133 2976 2976 2976 2977 2977 2977 2978 2978 2978 1130 1130 1130 2979 2979 2979 2979 2979 2979 1130 1130 1130 1132 1132 1132 2977 2977 2977 2980 2980 2980 1133 1133 1133 1133 1133 1133 2980 2980 2980 2981 2981 2981 1133 1133 1133 2981 2981 2981 1132 1132 1132 1132 1132 1132 2981 2981 2981 2982 2982 2982 1132 1132 1132 2982 2982 2982 2979 2979 2979 2983 2983 2983 1117 1117 1117 1128 1128 1128 2978 2978 2978 2984 2984 2984 1130 1130 1130 1130 1130 1130 2984 2984 2984 2985 2985 2985 1130 1130 1130 2985 2985 2985 1128 1128 1128 1128 1128 1128 2985 2985 2985 2986 2986 2986 1128 1128 1128 2986 2986 2986 2983 2983 2983 1143 1143 1143 1118 1118 1118 2987 2987 2987 2983 2983 2983 2988 2988 2988 1117 1117 1117 1117 1117 1117 2988 2988 2988 2989 2989 2989 1117 1117 1117 2989 2989 2989 1118 1118 1118 1118 1118 1118 2989 2989 2989 2990 2990 2990 1118 1118 1118 2990 2990 2990 2987 2987 2987 2987 2987 2987 2991 2991 2991 1143 1143 1143 1143 1143 1143 2991 2991 2991 2992 2992 2992 1143 1143 1143 2992 2992 2992 1144 1144 1144 2968 2968 2968 1146 1146 1146 2993 2993 2993 2993 2993 2993 1146 1146 1146 1144 1144 1144 2993 2993 2993 1144 1144 1144 2994 2994 2994 2994 2994 2994 1144 1144 1144 2992 2992 2992 1119 1119 1119 2995 2995 2995 1120 1120 1120 1120 1120 1120 2995 2995 2995 2996 2996 2996 1120 1120 1120 2996 2996 2996 2971 2971 2971 1148 1148 1148 1147 1147 1147 2970 2970 2970 2970 2970 2970 2997 2997 2997 1148 1148 1148 1148 1148 1148 2997 2997 2997 2998 2998 2998 1148 1148 1148 2998 2998 2998 1149 1149 1149 2998 2998 2998 2999 2999 2999 1149 1149 1149 1149 1149 1149 2999 2999 2999 3000 3000 3000 1149 1149 1149 3000 3000 3000 1151 1151 1151 1151 1151 1151 3000 3000 3000 3001 3001 3001 1153 1153 1153 3002 3002 3002 1154 1154 1154 1154 1154 1154 3002 3002 3002 3003 3003 3003 1154 1154 1154 3003 3003 3003 1139 1139 1139 3001 3001 3001 3004 3004 3004 1151 1151 1151 1151 1151 1151 3004 3004 3004 3005 3005 3005 1151 1151 1151 3005 3005 3005 1155 1155 1155 1155 1155 1155 3005 3005 3005 3006 3006 3006 1155 1155 1155 3006 3006 3006 1153 1153 1153 1153 1153 1153 3006 3006 3006 3007 3007 3007 1153 1153 1153 3007 3007 3007 3002 3002 3002 3008 3008 3008 1142 1142 1142 1141 1141 1141 3003 3003 3003 3009 3009 3009 1139 1139 1139 1139 1139 1139 3009 3009 3009 3010 3010 3010 1139 1139 1139 3010 3010 3010 1141 1141 1141 1141 1141 1141 3010 3010 3010 3011 3011 3011 1141 1141 1141 3011 3011 3011 3008 3008 3008 3008 3008 3008 3012 3012 3012 1142 1142 1142 1142 1142 1142 3012 3012 3012 3013 3013 3013 1142 1142 1142 3013 3013 3013 1137 1137 1137 3013 3013 3013 3014 3014 3014 1137 1137 1137 1137 1137 1137 3014 3014 3014 3015 3015 3015 1137 1137 1137 3015 3015 3015 1134 1134 1134 3015 3015 3015 3016 3016 3016 1134 1134 1134 1134 1134 1134 3016 3016 3016 3017 3017 3017 1134 1134 1134 3017 3017 3017 1135 1135 1135 1135 1135 1135 3017 3017 3017 3018 3018 3018 1135 1135 1135 3018 3018 3018 1119 1119 1119 1119 1119 1119 3018 3018 3018 3019 3019 3019 1119 1119 1119 3019 3019 3019 2995 2995 2995 1184 1184 1184 3020 3020 3020 1185 1185 1185 1185 1185 1185 3020 3020 3020 3021 3021 3021 1185 1185 1185 3021 3021 3021 3022 3022 3022 1163 1163 1163 1161 1161 1161 3023 3023 3023 3023 3023 3023 3024 3024 3024 1163 1163 1163 1163 1163 1163 3024 3024 3024 3025 3025 3025 1163 1163 1163 3025 3025 3025 1165 1165 1165 3025 3025 3025 3026 3026 3026 1165 1165 1165 1165 1165 1165 3026 3026 3026 3027 3027 3027 1165 1165 1165 3027 3027 3027 1166 1166 1166 1166 1166 1166 3027 3027 3027 3028 3028 3028 1166 1166 1166 3028 3028 3028 1167 1167 1167 1167 1167 1167 3028 3028 3028 3029 3029 3029 3030 3030 3030 1170 1170 1170 3031 3031 3031 3031 3031 3031 1170 1170 1170 1168 1168 1168 3029 3029 3029 3032 3032 3032 1167 1167 1167 1167 1167 1167 3032 3032 3032 3033 3033 3033 1167 1167 1167 3033 3033 3033 1168 1168 1168 1168 1168 1168 3033 3033 3033 3034 3034 3034 1168 1168 1168 3034 3034 3034 3031 3031 3031 3035 3035 3035 1173 1173 1173 1175 1175 1175 3030 3030 3030 3036 3036 3036 1170 1170 1170 1170 1170 1170 3036 3036 3036 3037 3037 3037 1170 1170 1170 3037 3037 3037 1175 1175 1175 1175 1175 1175 3037 3037 3037 3038 3038 3038 1175 1175 1175 3038 3038 3038 3035 3035 3035 1157 1157 1157 1171 1171 1171 3039 3039 3039 3035 3035 3035 3040 3040 3040 1173 1173 1173 1173 1173 1173 3040 3040 3040 3041 3041 3041 1173 1173 1173 3041 3041 3041 1171 1171 1171 1171 1171 1171 3041 3041 3041 3042 3042 3042 1171 1171 1171 3042 3042 3042 3039 3039 3039 3039 3039 3039 3043 3043 3043 1157 1157 1157 1157 1157 1157 3043 3043 3043 3044 3044 3044 1157 1157 1157 3044 3044 3044 1158 1158 1158 3020 3020 3020 1184 1184 1184 3045 3045 3045 3045 3045 3045 1184 1184 1184 1158 1158 1158 3045 3045 3045 1158 1158 1158 3046 3046 3046 3046 3046 3046 1158 1158 1158 3044 3044 3044 1160 1160 1160 3047 3047 3047 1161 1161 1161 1161 1161 1161 3047 3047 3047 3048 3048 3048 1161 1161 1161 3048 3048 3048 3023 3023 3023 1187 1187 1187 1185 1185 1185 3022 3022 3022 3022 3022 3022 3049 3049 3049 1187 1187 1187 1187 1187 1187 3049 3049 3049 3050 3050 3050 1187 1187 1187 3050 3050 3050 1188 1188 1188 3050 3050 3050 3051 3051 3051 1188 1188 1188 1188 1188 1188 3051 3051 3051 3052 3052 3052 1188 1188 1188 3052 3052 3052 1189 1189 1189 1189 1189 1189 3052 3052 3052 3053 3053 3053 1191 1191 1191 3054 3054 3054 1193 1193 1193 1193 1193 1193 3054 3054 3054 3055 3055 3055 1193 1193 1193 3055 3055 3055 1195 1195 1195 3053 3053 3053 3056 3056 3056 1189 1189 1189 1189 1189 1189 3056 3056 3056 3057 3057 3057 1189 1189 1189 3057 3057 3057 1190 1190 1190 1190 1190 1190 3057 3057 3057 3058 3058 3058 1190 1190 1190 3058 3058 3058 1191 1191 1191 1191 1191 1191 3058 3058 3058 3059 3059 3059 1191 1191 1191 3059 3059 3059 3054 3054 3054 3060 3060 3060 1182 1182 1182 1181 1181 1181 3055 3055 3055 3061 3061 3061 1195 1195 1195 1195 1195 1195 3061 3061 3061 3062 3062 3062 1195 1195 1195 3062 3062 3062 1181 1181 1181 1181 1181 1181 3062 3062 3062 3063 3063 3063 1181 1181 1181 3063 3063 3063 3060 3060 3060 3060 3060 3060 3064 3064 3064 1182 1182 1182 1182 1182 1182 3064 3064 3064 3065 3065 3065 1182 1182 1182 3065 3065 3065 1183 1183 1183 3065 3065 3065 3066 3066 3066 1183 1183 1183 1183 1183 1183 3066 3066 3066 3067 3067 3067 1183 1183 1183 3067 3067 3067 1178 1178 1178 3067 3067 3067 3068 3068 3068 1178 1178 1178 1178 1178 1178 3068 3068 3068 3069 3069 3069 1178 1178 1178 3069 3069 3069 1179 1179 1179 1179 1179 1179 3069 3069 3069 3070 3070 3070 1179 1179 1179 3070 3070 3070 1160 1160 1160 1160 1160 1160 3070 3070 3070 3071 3071 3071 1160 1160 1160 3071 3071 3071 3047 3047 3047 1228 1228 1228 3072 3072 3072 1229 1229 1229 1229 1229 1229 3072 3072 3072 3073 3073 3073 1229 1229 1229 3073 3073 3073 3074 3074 3074 1204 1204 1204 1202 1202 1202 3075 3075 3075 3075 3075 3075 3076 3076 3076 1204 1204 1204 1204 1204 1204 3076 3076 3076 3077 3077 3077 1204 1204 1204 3077 3077 3077 1206 1206 1206 3077 3077 3077 3078 3078 3078 1206 1206 1206 1206 1206 1206 3078 3078 3078 3079 3079 3079 1206 1206 1206 3079 3079 3079 1207 1207 1207 1207 1207 1207 3079 3079 3079 3080 3080 3080 1207 1207 1207 3080 3080 3080 1215 1215 1215 1215 1215 1215 3080 3080 3080 3081 3081 3081 3082 3082 3082 1212 1212 1212 3083 3083 3083 3083 3083 3083 1212 1212 1212 1214 1214 1214 3081 3081 3081 3084 3084 3084 1215 1215 1215 1215 1215 1215 3084 3084 3084 3085 3085 3085 1215 1215 1215 3085 3085 3085 1214 1214 1214 1214 1214 1214 3085 3085 3085 3086 3086 3086 1214 1214 1214 3086 3086 3086 3083 3083 3083 3087 3087 3087 1199 1199 1199 1210 1210 1210 3082 3082 3082 3088 3088 3088 1212 1212 1212 1212 1212 1212 3088 3088 3088 3089 3089 3089 1212 1212 1212 3089 3089 3089 1210 1210 1210 1210 1210 1210 3089 3089 3089 3090 3090 3090 1210 1210 1210 3090 3090 3090 3087 3087 3087 1225 1225 1225 1200 1200 1200 3091 3091 3091 3087 3087 3087 3092 3092 3092 1199 1199 1199 1199 1199 1199 3092 3092 3092 3093 3093 3093 1199 1199 1199 3093 3093 3093 1200 1200 1200 1200 1200 1200 3093 3093 3093 3094 3094 3094 1200 1200 1200 3094 3094 3094 3091 3091 3091 3091 3091 3091 3095 3095 3095 1225 1225 1225 1225 1225 1225 3095 3095 3095 3096 3096 3096 1225 1225 1225 3096 3096 3096 1226 1226 1226 3072 3072 3072 1228 1228 1228 3097 3097 3097 3097 3097 3097 1228 1228 1228 1226 1226 1226 3097 3097 3097 1226 1226 1226 3098 3098 3098 3098 3098 3098 1226 1226 1226 3096 3096 3096 1201 1201 1201 3099 3099 3099 1202 1202 1202 1202 1202 1202 3099 3099 3099 3100 3100 3100 1202 1202 1202 3100 3100 3100 3075 3075 3075 1230 1230 1230 1229 1229 1229 3074 3074 3074 3074 3074 3074 3101 3101 3101 1230 1230 1230 1230 1230 1230 3101 3101 3101 3102 3102 3102 1230 1230 1230 3102 3102 3102 1232 1232 1232 3102 3102 3102 3103 3103 3103 1232 1232 1232 1232 1232 1232 3103 3103 3103 3104 3104 3104 1232 1232 1232 3104 3104 3104 1233 1233 1233 1233 1233 1233 3104 3104 3104 3105 3105 3105 1235 1235 1235 3106 3106 3106 1236 1236 1236 1236 1236 1236 3106 3106 3106 3107 3107 3107 1236 1236 1236 3107 3107 3107 1221 1221 1221 3105 3105 3105 3108 3108 3108 1233 1233 1233 1233 1233 1233 3108 3108 3108 3109 3109 3109 1233 1233 1233 3109 3109 3109 1237 1237 1237 1237 1237 1237 3109 3109 3109 3110 3110 3110 1237 1237 1237 3110 3110 3110 1235 1235 1235 1235 1235 1235 3110 3110 3110 3111 3111 3111 1235 1235 1235 3111 3111 3111 3106 3106 3106 3112 3112 3112 1224 1224 1224 1223 1223 1223 3107 3107 3107 3113 3113 3113 1221 1221 1221 1221 1221 1221 3113 3113 3113 3114 3114 3114 1221 1221 1221 3114 3114 3114 1223 1223 1223 1223 1223 1223 3114 3114 3114 3115 3115 3115 1223 1223 1223 3115 3115 3115 3112 3112 3112 3112 3112 3112 3116 3116 3116 1224 1224 1224 1224 1224 1224 3116 3116 3116 3117 3117 3117 1224 1224 1224 3117 3117 3117 1219 1219 1219 3117 3117 3117 3118 3118 3118 1219 1219 1219 1219 1219 1219 3118 3118 3118 3119 3119 3119 1219 1219 1219 3119 3119 3119 1216 1216 1216 3119 3119 3119 3120 3120 3120 1216 1216 1216 1216 1216 1216 3120 3120 3120 3121 3121 3121 1216 1216 1216 3121 3121 3121 1217 1217 1217 1217 1217 1217 3121 3121 3121 3122 3122 3122 1217 1217 1217 3122 3122 3122 1201 1201 1201 1201 1201 1201 3122 3122 3122 3123 3123 3123 1201 1201 1201 3123 3123 3123 3099 3099 3099 1272 1272 1272 1271 1271 1271 3124 3124 3124 3124 3124 3124 3125 3125 3125 1272 1272 1272 1272 1272 1272 3125 3125 3125 3126 3126 3126 1272 1272 1272 3126 3126 3126 1273 1273 1273 3126 3126 3126 3127 3127 3127 1273 1273 1273 1273 1273 1273 3127 3127 3127 3128 3128 3128 1273 1273 1273 3128 3128 3128 1275 1275 1275 1275 1275 1275 3128 3128 3128 3129 3129 3129 1277 1277 1277 3130 3130 3130 1261 1261 1261 1261 1261 1261 3130 3130 3130 3131 3131 3131 1261 1261 1261 3131 3131 3131 1262 1262 1262 3129 3129 3129 3132 3132 3132 1275 1275 1275 1275 1275 1275 3132 3132 3132 3133 3133 3133 1275 1275 1275 3133 3133 3133 1276 1276 1276 1276 1276 1276 3133 3133 3133 3134 3134 3134 1276 1276 1276 3134 3134 3134 1277 1277 1277 1277 1277 1277 3134 3134 3134 3135 3135 3135 1277 1277 1277 3135 3135 3135 3130 3130 3130 3136 3136 3136 1266 1266 1266 1265 1265 1265 3131 3131 3131 3137 3137 3137 1262 1262 1262 1262 1262 1262 3137 3137 3137 3138 3138 3138 1262 1262 1262 3138 3138 3138 1265 1265 1265 1265 1265 1265 3138 3138 3138 3139 3139 3139 1265 1265 1265 3139 3139 3139 3136 3136 3136 3136 3136 3136 3140 3140 3140 1266 1266 1266 1266 1266 1266 3140 3140 3140 3141 3141 3141 1266 1266 1266 3141 3141 3141 1260 1260 1260 3141 3141 3141 3142 3142 3142 1260 1260 1260 1260 1260 1260 3142 3142 3142 3143 3143 3143 1260 1260 1260 3143 3143 3143 1257 1257 1257 3143 3143 3143 3144 3144 3144 1257 1257 1257 1257 1257 1257 3144 3144 3144 3145 3145 3145 1257 1257 1257 3145 3145 3145 1258 1258 1258 1258 1258 1258 3145 3145 3145 3146 3146 3146 1258 1258 1258 3146 3146 3146 1239 1239 1239 1239 1239 1239 3146 3146 3146 3147 3147 3147 1239 1239 1239 3147 3147 3147 3148 3148 3148 1239 1239 1239 3148 3148 3148 1240 1240 1240 1240 1240 1240 3148 3148 3148 3149 3149 3149 1240 1240 1240 3149 3149 3149 3150 3150 3150 1242 1242 1242 1240 1240 1240 3150 3150 3150 3150 3150 3150 3151 3151 3151 1242 1242 1242 1242 1242 1242 3151 3151 3151 3152 3152 3152 1242 1242 1242 3152 3152 3152 1244 1244 1244 3152 3152 3152 3153 3153 3153 1244 1244 1244 1244 1244 1244 3153 3153 3153 3154 3154 3154 1244 1244 1244 3154 3154 3154 1245 1245 1245 1245 1245 1245 3154 3154 3154 3155 3155 3155 1245 1245 1245 3155 3155 3155 1246 1246 1246 1246 1246 1246 3155 3155 3155 3156 3156 3156 3157 3157 3157 1249 1249 1249 3158 3158 3158 3158 3158 3158 1249 1249 1249 1247 1247 1247 3156 3156 3156 3159 3159 3159 1246 1246 1246 1246 1246 1246 3159 3159 3159 3160 3160 3160 1246 1246 1246 3160 3160 3160 1247 1247 1247 1247 1247 1247 3160 3160 3160 3161 3161 3161 1247 1247 1247 3161 3161 3161 3158 3158 3158 3162 3162 3162 1252 1252 1252 1254 1254 1254 3157 3157 3157 3163 3163 3163 1249 1249 1249 1249 1249 1249 3163 3163 3163 3164 3164 3164 1249 1249 1249 3164 3164 3164 1254 1254 1254 1254 1254 1254 3164 3164 3164 3165 3165 3165 1254 1254 1254 3165 3165 3165 3162 3162 3162 1267 1267 1267 1250 1250 1250 3166 3166 3166 3162 3162 3162 3167 3167 3167 1252 1252 1252 1252 1252 1252 3167 3167 3167 3168 3168 3168 1252 1252 1252 3168 3168 3168 1250 1250 1250 1250 1250 1250 3168 3168 3168 3169 3169 3169 1250 1250 1250 3169 3169 3169 3166 3166 3166 3166 3166 3166 3170 3170 3170 1267 1267 1267 1267 1267 1267 3170 3170 3170 3171 3171 3171 1267 1267 1267 3171 3171 3171 1268 1268 1268 3172 3172 3172 1270 1270 1270 3173 3173 3173 3173 3173 3173 1270 1270 1270 1268 1268 1268 3173 3173 3173 1268 1268 1268 3174 3174 3174 3174 3174 3174 1268 1268 1268 3171 3171 3171 1270 1270 1270 3172 3172 3172 1271 1271 1271 1271 1271 1271 3172 3172 3172 3175 3175 3175 1271 1271 1271 3175 3175 3175 3124 3124 3124 3176 3176 3176 3148 3148 3148 3147 3147 3147 3177 3177 3177 3176 3176 3176 3178 3178 3178 3179 3179 3179 3177 3177 3177 3180 3180 3180 2215 2215 2215 3179 3179 3179 3181 3181 3181 3176 3176 3176 3147 3147 3147 3178 3178 3178 3178 3178 3178 3147 3147 3147 3146 3146 3146 3178 3178 3178 3146 3146 3146 3182 3182 3182 3182 3182 3182 3146 3146 3146 3145 3145 3145 3182 3182 3182 3145 3145 3145 3183 3183 3183 3183 3183 3183 3145 3145 3145 3144 3144 3144 3183 3183 3183 3144 3144 3144 3184 3184 3184 3144 3144 3144 3143 3143 3143 3184 3184 3184 3184 3184 3184 3143 3143 3143 3142 3142 3142 3184 3184 3184 3142 3142 3142 3185 3185 3185 3185 3185 3185 3142 3142 3142 3141 3141 3141 3140 3140 3140 3186 3186 3186 3141 3141 3141 3141 3141 3141 3186 3186 3186 3187 3187 3187 3141 3141 3141 3187 3187 3187 3185 3185 3185 3140 3140 3140 3136 3136 3136 3186 3186 3186 3186 3186 3186 3136 3136 3136 3139 3139 3139 3186 3186 3186 3139 3139 3139 3188 3188 3188 3188 3188 3188 3139 3139 3139 3138 3138 3138 3137 3137 3137 3189 3189 3189 3138 3138 3138 3138 3138 3138 3189 3189 3189 3190 3190 3190 3138 3138 3138 3190 3190 3190 3188 3188 3188 3137 3137 3137 3131 3131 3131 3189 3189 3189 3189 3189 3189 3131 3131 3131 3130 3130 3130 3189 3189 3189 3130 3130 3130 3191 3191 3191 3191 3191 3191 3130 3130 3130 3135 3135 3135 3134 3134 3134 3192 3192 3192 3135 3135 3135 3135 3135 3135 3192 3192 3192 3193 3193 3193 3135 3135 3135 3193 3193 3193 3191 3191 3191 3134 3134 3134 3133 3133 3133 3192 3192 3192 3192 3192 3192 3133 3133 3133 3132 3132 3132 3192 3192 3192 3132 3132 3132 3194 3194 3194 3194 3194 3194 3132 3132 3132 3129 3129 3129 3128 3128 3128 3195 3195 3195 3129 3129 3129 3129 3129 3129 3195 3195 3195 3196 3196 3196 3129 3129 3129 3196 3196 3196 3194 3194 3194 3128 3128 3128 3127 3127 3127 3195 3195 3195 3195 3195 3195 3127 3127 3127 3126 3126 3126 3195 3195 3195 3126 3126 3126 3197 3197 3197 3197 3197 3197 3126 3126 3126 3125 3125 3125 3197 3197 3197 3125 3125 3125 3198 3198 3198 3198 3198 3198 3125 3125 3125 3124 3124 3124 3198 3198 3198 3124 3124 3124 3199 3199 3199 3177 3177 3177 3178 3178 3178 3180 3180 3180 3180 3180 3180 3178 3178 3178 3182 3182 3182 3180 3180 3180 3182 3182 3182 3200 3200 3200 3200 3200 3200 3182 3182 3182 3183 3183 3183 3200 3200 3200 3183 3183 3183 3201 3201 3201 3201 3201 3201 3183 3183 3183 3184 3184 3184 3201 3201 3201 3184 3184 3184 3202 3202 3202 3202 3202 3202 3184 3184 3184 3185 3185 3185 3202 3202 3202 3185 3185 3185 3203 3203 3203 3203 3203 3203 3185 3185 3185 3187 3187 3187 3203 3203 3203 3187 3187 3187 3204 3204 3204 3204 3204 3204 3187 3187 3187 3186 3186 3186 3204 3204 3204 3186 3186 3186 3205 3205 3205 3205 3205 3205 3186 3186 3186 3188 3188 3188 3205 3205 3205 3188 3188 3188 3206 3206 3206 3206 3206 3206 3188 3188 3188 3190 3190 3190 3206 3206 3206 3190 3190 3190 3207 3207 3207 3207 3207 3207 3190 3190 3190 3189 3189 3189 3207 3207 3207 3189 3189 3189 3208 3208 3208 3208 3208 3208 3189 3189 3189 3191 3191 3191 3208 3208 3208 3191 3191 3191 3209 3209 3209 3209 3209 3209 3191 3191 3191 3193 3193 3193 3209 3209 3209 3193 3193 3193 3210 3210 3210 3210 3210 3210 3193 3193 3193 3192 3192 3192 3210 3210 3210 3192 3192 3192 3211 3211 3211 3211 3211 3211 3192 3192 3192 3194 3194 3194 3211 3211 3211 3194 3194 3194 3212 3212 3212 3212 3212 3212 3194 3194 3194 3196 3196 3196 3212 3212 3212 3196 3196 3196 3213 3213 3213 3213 3213 3213 3196 3196 3196 3195 3195 3195 3213 3213 3213 3195 3195 3195 3214 3214 3214 3214 3214 3214 3195 3195 3195 3197 3197 3197 3214 3214 3214 3197 3197 3197 3215 3215 3215 3215 3215 3215 3197 3197 3197 3198 3198 3198 3215 3215 3215 3198 3198 3198 3216 3216 3216 3216 3216 3216 3198 3198 3198 3199 3199 3199 3216 3216 3216 3199 3199 3199 3217 3217 3217 3179 3179 3179 3180 3180 3180 3181 3181 3181 3181 3181 3181 3180 3180 3180 3200 3200 3200 3181 3181 3181 3200 3200 3200 3218 3218 3218 3218 3218 3218 3200 3200 3200 3201 3201 3201 3218 3218 3218 3201 3201 3201 3219 3219 3219 3219 3219 3219 3201 3201 3201 3202 3202 3202 3219 3219 3219 3202 3202 3202 3220 3220 3220 3220 3220 3220 3202 3202 3202 3203 3203 3203 3220 3220 3220 3203 3203 3203 3221 3221 3221 3221 3221 3221 3203 3203 3203 3204 3204 3204 3221 3221 3221 3204 3204 3204 3222 3222 3222 3222 3222 3222 3204 3204 3204 3205 3205 3205 3222 3222 3222 3205 3205 3205 3223 3223 3223 3223 3223 3223 3205 3205 3205 3206 3206 3206 3223 3223 3223 3206 3206 3206 3224 3224 3224 3224 3224 3224 3206 3206 3206 3207 3207 3207 3224 3224 3224 3207 3207 3207 3225 3225 3225 3225 3225 3225 3207 3207 3207 3208 3208 3208 3225 3225 3225 3208 3208 3208 3226 3226 3226 3226 3226 3226 3208 3208 3208 3209 3209 3209 3226 3226 3226 3209 3209 3209 3227 3227 3227 3227 3227 3227 3209 3209 3209 3210 3210 3210 3227 3227 3227 3210 3210 3210 3228 3228 3228 3228 3228 3228 3210 3210 3210 3211 3211 3211 3228 3228 3228 3211 3211 3211 3229 3229 3229 3229 3229 3229 3211 3211 3211 3212 3212 3212 3229 3229 3229 3212 3212 3212 3230 3230 3230 3230 3230 3230 3212 3212 3212 3213 3213 3213 3230 3230 3230 3213 3213 3213 3231 3231 3231 3231 3231 3231 3213 3213 3213 3214 3214 3214 3231 3231 3231 3214 3214 3214 3232 3232 3232 3232 3232 3232 3214 3214 3214 3215 3215 3215 3232 3232 3232 3215 3215 3215 3233 3233 3233 3233 3233 3233 3215 3215 3215 3216 3216 3216 3233 3233 3233 3216 3216 3216 3234 3234 3234 3234 3234 3234 3216 3216 3216 3217 3217 3217 3234 3234 3234 3217 3217 3217 3235 3235 3235 2215 2215 2215 3181 3181 3181 2217 2217 2217 2217 2217 2217 3181 3181 3181 3218 3218 3218 2217 2217 2217 3218 3218 3218 2218 2218 2218 2218 2218 2218 3218 3218 3218 3219 3219 3219 2218 2218 2218 3219 3219 3219 2219 2219 2219 2219 2219 2219 3219 3219 3219 3220 3220 3220 2219 2219 2219 3220 3220 3220 2220 2220 2220 2220 2220 2220 3220 3220 3220 3221 3221 3221 2220 2220 2220 3221 3221 3221 2221 2221 2221 2221 2221 2221 3221 3221 3221 3222 3222 3222 2221 2221 2221 3222 3222 3222 2210 2210 2210 2210 2210 2210 3222 3222 3222 3223 3223 3223 2210 2210 2210 3223 3223 3223 2211 2211 2211 2211 2211 2211 3223 3223 3223 3224 3224 3224 2211 2211 2211 3224 3224 3224 2213 2213 2213 2213 2213 2213 3224 3224 3224 3225 3225 3225 2213 2213 2213 3225 3225 3225 2207 2207 2207 2207 2207 2207 3225 3225 3225 3226 3226 3226 2207 2207 2207 3226 3226 3226 2208 2208 2208 2208 2208 2208 3226 3226 3226 3227 3227 3227 2208 2208 2208 3227 3227 3227 2201 2201 2201 2201 2201 2201 3227 3227 3227 3228 3228 3228 2201 2201 2201 3228 3228 3228 2202 2202 2202 2202 2202 2202 3228 3228 3228 3229 3229 3229 2202 2202 2202 3229 3229 3229 2203 2203 2203 2203 2203 2203 3229 3229 3229 3230 3230 3230 2203 2203 2203 3230 3230 3230 2196 2196 2196 2196 2196 2196 3230 3230 3230 3231 3231 3231 2196 2196 2196 3231 3231 3231 2197 2197 2197 2197 2197 2197 3231 3231 3231 3232 3232 3232 2197 2197 2197 3232 3232 3232 2199 2199 2199 2199 2199 2199 3232 3232 3232 3233 3233 3233 2199 2199 2199 3233 3233 3233 2200 2200 2200 2200 2200 2200 3233 3233 3233 3234 3234 3234 2200 2200 2200 3234 3234 3234 2204 2204 2204 2204 2204 2204 3234 3234 3234 3235 3235 3235 2204 2204 2204 3235 3235 3235 2205 2205 2205 2227 2227 2227 2226 2226 2226 3236 3236 3236 3236 3236 3236 2226 2226 2226 3237 3237 3237 3236 3236 3236 3237 3237 3237 3238 3238 3238 3238 3238 3238 3237 3237 3237 3239 3239 3239 3238 3238 3238 3239 3239 3239 3240 3240 3240 3240 3240 3240 3239 3239 3239 3241 3241 3241 3240 3240 3240 3241 3241 3241 3149 3149 3149 3149 3149 3149 3241 3241 3241 3150 3150 3150 2215 2215 2215 2227 2227 2227 3179 3179 3179 3179 3179 3179 2227 2227 2227 3236 3236 3236 3179 3179 3179 3236 3236 3236 3177 3177 3177 3177 3177 3177 3236 3236 3236 3238 3238 3238 3177 3177 3177 3238 3238 3238 3176 3176 3176 3176 3176 3176 3238 3238 3238 3240 3240 3240 3176 3176 3176 3240 3240 3240 3148 3148 3148 3148 3148 3148 3240 3240 3240 3149 3149 3149 2241 2241 2241 2205 2205 2205 3242 3242 3242 3242 3242 3242 2205 2205 2205 3235 3235 3235 3242 3242 3242 3235 3235 3235 3243 3243 3243 3243 3243 3243 3235 3235 3235 3217 3217 3217 3243 3243 3243 3217 3217 3217 3244 3244 3244 3244 3244 3244 3217 3217 3217 3199 3199 3199 3244 3244 3244 3199 3199 3199 3175 3175 3175 3175 3175 3175 3199 3199 3199 3124 3124 3124 2242 2242 2242 2241 2241 2241 3245 3245 3245 3245 3245 3245 2241 2241 2241 3242 3242 3242 3245 3245 3245 3242 3242 3242 3246 3246 3246 3246 3246 3246 3242 3242 3242 3243 3243 3243 3246 3246 3246 3243 3243 3243 3247 3247 3247 3247 3247 3247 3243 3243 3243 3244 3244 3244 3247 3247 3247 3244 3244 3244 3172 3172 3172 3172 3172 3172 3244 3244 3244 3175 3175 3175 3247 3247 3247 3172 3172 3172 3173 3173 3173 3246 3246 3246 3247 3247 3247 3248 3248 3248 3245 3245 3245 3246 3246 3246 3249 3249 3249 2242 2242 2242 3245 3245 3245 3250 3250 3250 3247 3247 3247 3173 3173 3173 3248 3248 3248 3248 3248 3248 3173 3173 3173 3174 3174 3174 3248 3248 3248 3174 3174 3174 3251 3251 3251 3251 3251 3251 3174 3174 3174 3171 3171 3171 3251 3251 3251 3171 3171 3171 3252 3252 3252 3252 3252 3252 3171 3171 3171 3170 3170 3170 3252 3252 3252 3170 3170 3170 3253 3253 3253 3170 3170 3170 3166 3166 3166 3253 3253 3253 3253 3253 3253 3166 3166 3166 3169 3169 3169 3253 3253 3253 3169 3169 3169 3254 3254 3254 3254 3254 3254 3169 3169 3169 3168 3168 3168 3167 3167 3167 3255 3255 3255 3168 3168 3168 3168 3168 3168 3255 3255 3255 3256 3256 3256 3168 3168 3168 3256 3256 3256 3254 3254 3254 3167 3167 3167 3162 3162 3162 3255 3255 3255 3255 3255 3255 3162 3162 3162 3165 3165 3165 3255 3255 3255 3165 3165 3165 3257 3257 3257 3257 3257 3257 3165 3165 3165 3164 3164 3164 3163 3163 3163 3258 3258 3258 3164 3164 3164 3164 3164 3164 3258 3258 3258 3259 3259 3259 3164 3164 3164 3259 3259 3259 3257 3257 3257 3163 3163 3163 3157 3157 3157 3258 3258 3258 3258 3258 3258 3157 3157 3157 3158 3158 3158 3258 3258 3258 3158 3158 3158 3260 3260 3260 3260 3260 3260 3158 3158 3158 3161 3161 3161 3160 3160 3160 3261 3261 3261 3161 3161 3161 3161 3161 3161 3261 3261 3261 3262 3262 3262 3161 3161 3161 3262 3262 3262 3260 3260 3260 3160 3160 3160 3159 3159 3159 3261 3261 3261 3261 3261 3261 3159 3159 3159 3156 3156 3156 3261 3261 3261 3156 3156 3156 3263 3263 3263 3263 3263 3263 3156 3156 3156 3155 3155 3155 3154 3154 3154 3264 3264 3264 3155 3155 3155 3155 3155 3155 3264 3264 3264 3265 3265 3265 3155 3155 3155 3265 3265 3265 3263 3263 3263 3154 3154 3154 3153 3153 3153 3264 3264 3264 3264 3264 3264 3153 3153 3153 3152 3152 3152 3264 3264 3264 3152 3152 3152 3266 3266 3266 3266 3266 3266 3152 3152 3152 3151 3151 3151 3266 3266 3266 3151 3151 3151 3267 3267 3267 3267 3267 3267 3151 3151 3151 3150 3150 3150 3267 3267 3267 3150 3150 3150 3241 3241 3241 3246 3246 3246 3248 3248 3248 3249 3249 3249 3249 3249 3249 3248 3248 3248 3251 3251 3251 3249 3249 3249 3251 3251 3251 3268 3268 3268 3268 3268 3268 3251 3251 3251 3252 3252 3252 3268 3268 3268 3252 3252 3252 3269 3269 3269 3269 3269 3269 3252 3252 3252 3253 3253 3253 3269 3269 3269 3253 3253 3253 3270 3270 3270 3270 3270 3270 3253 3253 3253 3254 3254 3254 3270 3270 3270 3254 3254 3254 3271 3271 3271 3271 3271 3271 3254 3254 3254 3256 3256 3256 3271 3271 3271 3256 3256 3256 3272 3272 3272 3272 3272 3272 3256 3256 3256 3255 3255 3255 3272 3272 3272 3255 3255 3255 3273 3273 3273 3273 3273 3273 3255 3255 3255 3257 3257 3257 3273 3273 3273 3257 3257 3257 3274 3274 3274 3274 3274 3274 3257 3257 3257 3259 3259 3259 3274 3274 3274 3259 3259 3259 3275 3275 3275 3275 3275 3275 3259 3259 3259 3258 3258 3258 3275 3275 3275 3258 3258 3258 3276 3276 3276 3276 3276 3276 3258 3258 3258 3260 3260 3260 3276 3276 3276 3260 3260 3260 3277 3277 3277 3277 3277 3277 3260 3260 3260 3262 3262 3262 3277 3277 3277 3262 3262 3262 3278 3278 3278 3278 3278 3278 3262 3262 3262 3261 3261 3261 3278 3278 3278 3261 3261 3261 3279 3279 3279 3279 3279 3279 3261 3261 3261 3263 3263 3263 3279 3279 3279 3263 3263 3263 3280 3280 3280 3280 3280 3280 3263 3263 3263 3265 3265 3265 3280 3280 3280 3265 3265 3265 3281 3281 3281 3281 3281 3281 3265 3265 3265 3264 3264 3264 3281 3281 3281 3264 3264 3264 3282 3282 3282 3282 3282 3282 3264 3264 3264 3266 3266 3266 3282 3282 3282 3266 3266 3266 3283 3283 3283 3283 3283 3283 3266 3266 3266 3267 3267 3267 3283 3283 3283 3267 3267 3267 3284 3284 3284 3284 3284 3284 3267 3267 3267 3241 3241 3241 3284 3284 3284 3241 3241 3241 3239 3239 3239 3245 3245 3245 3249 3249 3249 3250 3250 3250 3250 3250 3250 3249 3249 3249 3268 3268 3268 3250 3250 3250 3268 3268 3268 3285 3285 3285 3285 3285 3285 3268 3268 3268 3269 3269 3269 3285 3285 3285 3269 3269 3269 3286 3286 3286 3286 3286 3286 3269 3269 3269 3270 3270 3270 3286 3286 3286 3270 3270 3270 3287 3287 3287 3287 3287 3287 3270 3270 3270 3271 3271 3271 3287 3287 3287 3271 3271 3271 3288 3288 3288 3288 3288 3288 3271 3271 3271 3272 3272 3272 3288 3288 3288 3272 3272 3272 3289 3289 3289 3289 3289 3289 3272 3272 3272 3273 3273 3273 3289 3289 3289 3273 3273 3273 3290 3290 3290 3290 3290 3290 3273 3273 3273 3274 3274 3274 3290 3290 3290 3274 3274 3274 3291 3291 3291 3291 3291 3291 3274 3274 3274 3275 3275 3275 3291 3291 3291 3275 3275 3275 3292 3292 3292 3292 3292 3292 3275 3275 3275 3276 3276 3276 3292 3292 3292 3276 3276 3276 3293 3293 3293 3293 3293 3293 3276 3276 3276 3277 3277 3277 3293 3293 3293 3277 3277 3277 3294 3294 3294 3294 3294 3294 3277 3277 3277 3278 3278 3278 3294 3294 3294 3278 3278 3278 3295 3295 3295 3295 3295 3295 3278 3278 3278 3279 3279 3279 3295 3295 3295 3279 3279 3279 3296 3296 3296 3296 3296 3296 3279 3279 3279 3280 3280 3280 3296 3296 3296 3280 3280 3280 3297 3297 3297 3297 3297 3297 3280 3280 3280 3281 3281 3281 3297 3297 3297 3281 3281 3281 3298 3298 3298 3298 3298 3298 3281 3281 3281 3282 3282 3282 3298 3298 3298 3282 3282 3282 3299 3299 3299 3299 3299 3299 3282 3282 3282 3283 3283 3283 3299 3299 3299 3283 3283 3283 3300 3300 3300 3300 3300 3300 3283 3283 3283 3284 3284 3284 3300 3300 3300 3284 3284 3284 3301 3301 3301 3301 3301 3301 3284 3284 3284 3239 3239 3239 3301 3301 3301 3239 3239 3239 3237 3237 3237 2242 2242 2242 3250 3250 3250 2244 2244 2244 2244 2244 2244 3250 3250 3250 3285 3285 3285 2244 2244 2244 3285 3285 3285 2245 2245 2245 2245 2245 2245 3285 3285 3285 3286 3286 3286 2245 2245 2245 3286 3286 3286 2249 2249 2249 2249 2249 2249 3286 3286 3286 3287 3287 3287 2249 2249 2249 3287 3287 3287 2248 2248 2248 2248 2248 2248 3287 3287 3287 3288 3288 3288 2248 2248 2248 3288 3288 3288 2246 2246 2246 2246 2246 2246 3288 3288 3288 3289 3289 3289 2246 2246 2246 3289 3289 3289 2237 2237 2237 2237 2237 2237 3289 3289 3289 3290 3290 3290 2237 2237 2237 3290 3290 3290 2238 2238 2238 2238 2238 2238 3290 3290 3290 3291 3291 3291 2238 2238 2238 3291 3291 3291 2240 2240 2240 2240 2240 2240 3291 3291 3291 3292 3292 3292 2240 2240 2240 3292 3292 3292 2234 2234 2234 2234 2234 2234 3292 3292 3292 3293 3293 3293 2234 2234 2234 3293 3293 3293 2235 2235 2235 2235 2235 2235 3293 3293 3293 3294 3294 3294 2235 2235 2235 3294 3294 3294 2228 2228 2228 2228 2228 2228 3294 3294 3294 3295 3295 3295 2228 2228 2228 3295 3295 3295 2229 2229 2229 2229 2229 2229 3295 3295 3295 3296 3296 3296 2229 2229 2229 3296 3296 3296 2231 2231 2231 2231 2231 2231 3296 3296 3296 3297 3297 3297 2231 2231 2231 3297 3297 3297 2232 2232 2232 2232 2232 2232 3297 3297 3297 3298 3298 3298 2232 2232 2232 3298 3298 3298 2233 2233 2233 2233 2233 2233 3298 3298 3298 3299 3299 3299 2233 2233 2233 3299 3299 3299 2222 2222 2222 2222 2222 2222 3299 3299 3299 3300 3300 3300 2222 2222 2222 3300 3300 3300 2223 2223 2223 2223 2223 2223 3300 3300 3300 3301 3301 3301 2223 2223 2223 3301 3301 3301 2225 2225 2225 2225 2225 2225 3301 3301 3301 3237 3237 3237 2225 2225 2225 3237 3237 3237 2226 2226 2226 3302 3302 3302 3099 3099 3099 3123 3123 3123 3303 3303 3303 3302 3302 3302 3304 3304 3304 3305 3305 3305 3303 3303 3303 3306 3306 3306 2265 2265 2265 3305 3305 3305 3307 3307 3307 3302 3302 3302 3123 3123 3123 3304 3304 3304 3304 3304 3304 3123 3123 3123 3122 3122 3122 3304 3304 3304 3122 3122 3122 3308 3308 3308 3308 3308 3308 3122 3122 3122 3121 3121 3121 3308 3308 3308 3121 3121 3121 3309 3309 3309 3309 3309 3309 3121 3121 3121 3120 3120 3120 3309 3309 3309 3120 3120 3120 3310 3310 3310 3120 3120 3120 3119 3119 3119 3310 3310 3310 3310 3310 3310 3119 3119 3119 3118 3118 3118 3310 3310 3310 3118 3118 3118 3311 3311 3311 3311 3311 3311 3118 3118 3118 3117 3117 3117 3116 3116 3116 3312 3312 3312 3117 3117 3117 3117 3117 3117 3312 3312 3312 3313 3313 3313 3117 3117 3117 3313 3313 3313 3311 3311 3311 3116 3116 3116 3112 3112 3112 3312 3312 3312 3312 3312 3312 3112 3112 3112 3115 3115 3115 3312 3312 3312 3115 3115 3115 3314 3314 3314 3314 3314 3314 3115 3115 3115 3114 3114 3114 3113 3113 3113 3315 3315 3315 3114 3114 3114 3114 3114 3114 3315 3315 3315 3316 3316 3316 3114 3114 3114 3316 3316 3316 3314 3314 3314 3113 3113 3113 3107 3107 3107 3315 3315 3315 3315 3315 3315 3107 3107 3107 3106 3106 3106 3315 3315 3315 3106 3106 3106 3317 3317 3317 3317 3317 3317 3106 3106 3106 3111 3111 3111 3110 3110 3110 3318 3318 3318 3111 3111 3111 3111 3111 3111 3318 3318 3318 3319 3319 3319 3111 3111 3111 3319 3319 3319 3317 3317 3317 3110 3110 3110 3109 3109 3109 3318 3318 3318 3318 3318 3318 3109 3109 3109 3108 3108 3108 3318 3318 3318 3108 3108 3108 3320 3320 3320 3320 3320 3320 3108 3108 3108 3105 3105 3105 3104 3104 3104 3321 3321 3321 3105 3105 3105 3105 3105 3105 3321 3321 3321 3322 3322 3322 3105 3105 3105 3322 3322 3322 3320 3320 3320 3104 3104 3104 3103 3103 3103 3321 3321 3321 3321 3321 3321 3103 3103 3103 3102 3102 3102 3321 3321 3321 3102 3102 3102 3323 3323 3323 3323 3323 3323 3102 3102 3102 3101 3101 3101 3323 3323 3323 3101 3101 3101 3324 3324 3324 3324 3324 3324 3101 3101 3101 3074 3074 3074 3324 3324 3324 3074 3074 3074 3325 3325 3325 3303 3303 3303 3304 3304 3304 3306 3306 3306 3306 3306 3306 3304 3304 3304 3308 3308 3308 3306 3306 3306 3308 3308 3308 3326 3326 3326 3326 3326 3326 3308 3308 3308 3309 3309 3309 3326 3326 3326 3309 3309 3309 3327 3327 3327 3327 3327 3327 3309 3309 3309 3310 3310 3310 3327 3327 3327 3310 3310 3310 3328 3328 3328 3328 3328 3328 3310 3310 3310 3311 3311 3311 3328 3328 3328 3311 3311 3311 3329 3329 3329 3329 3329 3329 3311 3311 3311 3313 3313 3313 3329 3329 3329 3313 3313 3313 3330 3330 3330 3330 3330 3330 3313 3313 3313 3312 3312 3312 3330 3330 3330 3312 3312 3312 3331 3331 3331 3331 3331 3331 3312 3312 3312 3314 3314 3314 3331 3331 3331 3314 3314 3314 3332 3332 3332 3332 3332 3332 3314 3314 3314 3316 3316 3316 3332 3332 3332 3316 3316 3316 3333 3333 3333 3333 3333 3333 3316 3316 3316 3315 3315 3315 3333 3333 3333 3315 3315 3315 3334 3334 3334 3334 3334 3334 3315 3315 3315 3317 3317 3317 3334 3334 3334 3317 3317 3317 3335 3335 3335 3335 3335 3335 3317 3317 3317 3319 3319 3319 3335 3335 3335 3319 3319 3319 3336 3336 3336 3336 3336 3336 3319 3319 3319 3318 3318 3318 3336 3336 3336 3318 3318 3318 3337 3337 3337 3337 3337 3337 3318 3318 3318 3320 3320 3320 3337 3337 3337 3320 3320 3320 3338 3338 3338 3338 3338 3338 3320 3320 3320 3322 3322 3322 3338 3338 3338 3322 3322 3322 3339 3339 3339 3339 3339 3339 3322 3322 3322 3321 3321 3321 3339 3339 3339 3321 3321 3321 3340 3340 3340 3340 3340 3340 3321 3321 3321 3323 3323 3323 3340 3340 3340 3323 3323 3323 3341 3341 3341 3341 3341 3341 3323 3323 3323 3324 3324 3324 3341 3341 3341 3324 3324 3324 3342 3342 3342 3342 3342 3342 3324 3324 3324 3325 3325 3325 3342 3342 3342 3325 3325 3325 3343 3343 3343 3305 3305 3305 3306 3306 3306 3307 3307 3307 3307 3307 3307 3306 3306 3306 3326 3326 3326 3307 3307 3307 3326 3326 3326 3344 3344 3344 3344 3344 3344 3326 3326 3326 3327 3327 3327 3344 3344 3344 3327 3327 3327 3345 3345 3345 3345 3345 3345 3327 3327 3327 3328 3328 3328 3345 3345 3345 3328 3328 3328 3346 3346 3346 3346 3346 3346 3328 3328 3328 3329 3329 3329 3346 3346 3346 3329 3329 3329 3347 3347 3347 3347 3347 3347 3329 3329 3329 3330 3330 3330 3347 3347 3347 3330 3330 3330 3348 3348 3348 3348 3348 3348 3330 3330 3330 3331 3331 3331 3348 3348 3348 3331 3331 3331 3349 3349 3349 3349 3349 3349 3331 3331 3331 3332 3332 3332 3349 3349 3349 3332 3332 3332 3350 3350 3350 3350 3350 3350 3332 3332 3332 3333 3333 3333 3350 3350 3350 3333 3333 3333 3351 3351 3351 3351 3351 3351 3333 3333 3333 3334 3334 3334 3351 3351 3351 3334 3334 3334 3352 3352 3352 3352 3352 3352 3334 3334 3334 3335 3335 3335 3352 3352 3352 3335 3335 3335 3353 3353 3353 3353 3353 3353 3335 3335 3335 3336 3336 3336 3353 3353 3353 3336 3336 3336 3354 3354 3354 3354 3354 3354 3336 3336 3336 3337 3337 3337 3354 3354 3354 3337 3337 3337 3355 3355 3355 3355 3355 3355 3337 3337 3337 3338 3338 3338 3355 3355 3355 3338 3338 3338 3356 3356 3356 3356 3356 3356 3338 3338 3338 3339 3339 3339 3356 3356 3356 3339 3339 3339 3357 3357 3357 3357 3357 3357 3339 3339 3339 3340 3340 3340 3357 3357 3357 3340 3340 3340 3358 3358 3358 3358 3358 3358 3340 3340 3340 3341 3341 3341 3358 3358 3358 3341 3341 3341 3359 3359 3359 3359 3359 3359 3341 3341 3341 3342 3342 3342 3359 3359 3359 3342 3342 3342 3360 3360 3360 3360 3360 3360 3342 3342 3342 3343 3343 3343 3360 3360 3360 3343 3343 3343 3361 3361 3361 2265 2265 2265 3307 3307 3307 2263 2263 2263 2263 2263 2263 3307 3307 3307 3344 3344 3344 2263 2263 2263 3344 3344 3344 2267 2267 2267 2267 2267 2267 3344 3344 3344 3345 3345 3345 2267 2267 2267 3345 3345 3345 2268 2268 2268 2268 2268 2268 3345 3345 3345 3346 3346 3346 2268 2268 2268 3346 3346 3346 2269 2269 2269 2269 2269 2269 3346 3346 3346 3347 3347 3347 2269 2269 2269 3347 3347 3347 2270 2270 2270 2270 2270 2270 3347 3347 3347 3348 3348 3348 2270 2270 2270 3348 3348 3348 2271 2271 2271 2271 2271 2271 3348 3348 3348 3349 3349 3349 2271 2271 2271 3349 3349 3349 2272 2272 2272 2272 2272 2272 3349 3349 3349 3350 3350 3350 2272 2272 2272 3350 3350 3350 2262 2262 2262 2262 2262 2262 3350 3350 3350 3351 3351 3351 2262 2262 2262 3351 3351 3351 2260 2260 2260 2260 2260 2260 3351 3351 3351 3352 3352 3352 2260 2260 2260 3352 3352 3352 2137 2137 2137 2137 2137 2137 3352 3352 3352 3353 3353 3353 2137 2137 2137 3353 3353 3353 2138 2138 2138 2138 2138 2138 3353 3353 3353 3354 3354 3354 2138 2138 2138 3354 3354 3354 2259 2259 2259 2259 2259 2259 3354 3354 3354 3355 3355 3355 2259 2259 2259 3355 3355 3355 2256 2256 2256 2256 2256 2256 3355 3355 3355 3356 3356 3356 2256 2256 2256 3356 3356 3356 2257 2257 2257 2257 2257 2257 3356 3356 3356 3357 3357 3357 2257 2257 2257 3357 3357 3357 2258 2258 2258 2258 2258 2258 3357 3357 3357 3358 3358 3358 2258 2258 2258 3358 3358 3358 2255 2255 2255 2255 2255 2255 3358 3358 3358 3359 3359 3359 2255 2255 2255 3359 3359 3359 2253 2253 2253 2253 2253 2253 3359 3359 3359 3360 3360 3360 2253 2253 2253 3360 3360 3360 2252 2252 2252 2252 2252 2252 3360 3360 3360 3361 3361 3361 2252 2252 2252 3361 3361 3361 2250 2250 2250 2278 2278 2278 2277 2277 2277 3362 3362 3362 3362 3362 3362 2277 2277 2277 3363 3363 3363 3362 3362 3362 3363 3363 3363 3364 3364 3364 3364 3364 3364 3363 3363 3363 3365 3365 3365 3364 3364 3364 3365 3365 3365 3366 3366 3366 3366 3366 3366 3365 3365 3365 3367 3367 3367 3366 3366 3366 3367 3367 3367 3100 3100 3100 3100 3100 3100 3367 3367 3367 3075 3075 3075 2265 2265 2265 2278 2278 2278 3305 3305 3305 3305 3305 3305 2278 2278 2278 3362 3362 3362 3305 3305 3305 3362 3362 3362 3303 3303 3303 3303 3303 3303 3362 3362 3362 3364 3364 3364 3303 3303 3303 3364 3364 3364 3302 3302 3302 3302 3302 3302 3364 3364 3364 3366 3366 3366 3302 3302 3302 3366 3366 3366 3099 3099 3099 3099 3099 3099 3366 3366 3366 3100 3100 3100 2296 2296 2296 2250 2250 2250 3368 3368 3368 3368 3368 3368 2250 2250 2250 3361 3361 3361 3368 3368 3368 3361 3361 3361 3369 3369 3369 3369 3369 3369 3361 3361 3361 3343 3343 3343 3369 3369 3369 3343 3343 3343 3370 3370 3370 3370 3370 3370 3343 3343 3343 3325 3325 3325 3370 3370 3370 3325 3325 3325 3073 3073 3073 3073 3073 3073 3325 3325 3325 3074 3074 3074 2297 2297 2297 2296 2296 2296 3371 3371 3371 3371 3371 3371 2296 2296 2296 3368 3368 3368 3371 3371 3371 3368 3368 3368 3372 3372 3372 3372 3372 3372 3368 3368 3368 3369 3369 3369 3372 3372 3372 3369 3369 3369 3373 3373 3373 3373 3373 3373 3369 3369 3369 3370 3370 3370 3373 3373 3373 3370 3370 3370 3072 3072 3072 3072 3072 3072 3370 3370 3370 3073 3073 3073 3373 3373 3373 3072 3072 3072 3097 3097 3097 3372 3372 3372 3373 3373 3373 3374 3374 3374 3371 3371 3371 3372 3372 3372 3375 3375 3375 2297 2297 2297 3371 3371 3371 3376 3376 3376 3373 3373 3373 3097 3097 3097 3374 3374 3374 3374 3374 3374 3097 3097 3097 3098 3098 3098 3374 3374 3374 3098 3098 3098 3377 3377 3377 3377 3377 3377 3098 3098 3098 3096 3096 3096 3377 3377 3377 3096 3096 3096 3378 3378 3378 3378 3378 3378 3096 3096 3096 3095 3095 3095 3378 3378 3378 3095 3095 3095 3379 3379 3379 3095 3095 3095 3091 3091 3091 3379 3379 3379 3379 3379 3379 3091 3091 3091 3094 3094 3094 3379 3379 3379 3094 3094 3094 3380 3380 3380 3380 3380 3380 3094 3094 3094 3093 3093 3093 3092 3092 3092 3381 3381 3381 3093 3093 3093 3093 3093 3093 3381 3381 3381 3382 3382 3382 3093 3093 3093 3382 3382 3382 3380 3380 3380 3092 3092 3092 3087 3087 3087 3381 3381 3381 3381 3381 3381 3087 3087 3087 3090 3090 3090 3381 3381 3381 3090 3090 3090 3383 3383 3383 3383 3383 3383 3090 3090 3090 3089 3089 3089 3088 3088 3088 3384 3384 3384 3089 3089 3089 3089 3089 3089 3384 3384 3384 3385 3385 3385 3089 3089 3089 3385 3385 3385 3383 3383 3383 3088 3088 3088 3082 3082 3082 3384 3384 3384 3384 3384 3384 3082 3082 3082 3083 3083 3083 3384 3384 3384 3083 3083 3083 3386 3386 3386 3386 3386 3386 3083 3083 3083 3086 3086 3086 3085 3085 3085 3387 3387 3387 3086 3086 3086 3086 3086 3086 3387 3387 3387 3388 3388 3388 3086 3086 3086 3388 3388 3388 3386 3386 3386 3085 3085 3085 3084 3084 3084 3387 3387 3387 3387 3387 3387 3084 3084 3084 3081 3081 3081 3387 3387 3387 3081 3081 3081 3389 3389 3389 3389 3389 3389 3081 3081 3081 3080 3080 3080 3079 3079 3079 3390 3390 3390 3080 3080 3080 3080 3080 3080 3390 3390 3390 3391 3391 3391 3080 3080 3080 3391 3391 3391 3389 3389 3389 3079 3079 3079 3078 3078 3078 3390 3390 3390 3390 3390 3390 3078 3078 3078 3077 3077 3077 3390 3390 3390 3077 3077 3077 3392 3392 3392 3392 3392 3392 3077 3077 3077 3076 3076 3076 3392 3392 3392 3076 3076 3076 3393 3393 3393 3393 3393 3393 3076 3076 3076 3075 3075 3075 3393 3393 3393 3075 3075 3075 3367 3367 3367 3372 3372 3372 3374 3374 3374 3375 3375 3375 3375 3375 3375 3374 3374 3374 3377 3377 3377 3375 3375 3375 3377 3377 3377 3394 3394 3394 3394 3394 3394 3377 3377 3377 3378 3378 3378 3394 3394 3394 3378 3378 3378 3395 3395 3395 3395 3395 3395 3378 3378 3378 3379 3379 3379 3395 3395 3395 3379 3379 3379 3396 3396 3396 3396 3396 3396 3379 3379 3379 3380 3380 3380 3396 3396 3396 3380 3380 3380 3397 3397 3397 3397 3397 3397 3380 3380 3380 3382 3382 3382 3397 3397 3397 3382 3382 3382 3398 3398 3398 3398 3398 3398 3382 3382 3382 3381 3381 3381 3398 3398 3398 3381 3381 3381 3399 3399 3399 3399 3399 3399 3381 3381 3381 3383 3383 3383 3399 3399 3399 3383 3383 3383 3400 3400 3400 3400 3400 3400 3383 3383 3383 3385 3385 3385 3400 3400 3400 3385 3385 3385 3401 3401 3401 3401 3401 3401 3385 3385 3385 3384 3384 3384 3401 3401 3401 3384 3384 3384 3402 3402 3402 3402 3402 3402 3384 3384 3384 3386 3386 3386 3402 3402 3402 3386 3386 3386 3403 3403 3403 3403 3403 3403 3386 3386 3386 3388 3388 3388 3403 3403 3403 3388 3388 3388 3404 3404 3404 3404 3404 3404 3388 3388 3388 3387 3387 3387 3404 3404 3404 3387 3387 3387 3405 3405 3405 3405 3405 3405 3387 3387 3387 3389 3389 3389 3405 3405 3405 3389 3389 3389 3406 3406 3406 3406 3406 3406 3389 3389 3389 3391 3391 3391 3406 3406 3406 3391 3391 3391 3407 3407 3407 3407 3407 3407 3391 3391 3391 3390 3390 3390 3407 3407 3407 3390 3390 3390 3408 3408 3408 3408 3408 3408 3390 3390 3390 3392 3392 3392 3408 3408 3408 3392 3392 3392 3409 3409 3409 3409 3409 3409 3392 3392 3392 3393 3393 3393 3409 3409 3409 3393 3393 3393 3410 3410 3410 3410 3410 3410 3393 3393 3393 3367 3367 3367 3410 3410 3410 3367 3367 3367 3365 3365 3365 3371 3371 3371 3375 3375 3375 3376 3376 3376 3376 3376 3376 3375 3375 3375 3394 3394 3394 3376 3376 3376 3394 3394 3394 3411 3411 3411 3411 3411 3411 3394 3394 3394 3395 3395 3395 3411 3411 3411 3395 3395 3395 3412 3412 3412 3412 3412 3412 3395 3395 3395 3396 3396 3396 3412 3412 3412 3396 3396 3396 3413 3413 3413 3413 3413 3413 3396 3396 3396 3397 3397 3397 3413 3413 3413 3397 3397 3397 3414 3414 3414 3414 3414 3414 3397 3397 3397 3398 3398 3398 3414 3414 3414 3398 3398 3398 3415 3415 3415 3415 3415 3415 3398 3398 3398 3399 3399 3399 3415 3415 3415 3399 3399 3399 3416 3416 3416 3416 3416 3416 3399 3399 3399 3400 3400 3400 3416 3416 3416 3400 3400 3400 3417 3417 3417 3417 3417 3417 3400 3400 3400 3401 3401 3401 3417 3417 3417 3401 3401 3401 3418 3418 3418 3418 3418 3418 3401 3401 3401 3402 3402 3402 3418 3418 3418 3402 3402 3402 3419 3419 3419 3419 3419 3419 3402 3402 3402 3403 3403 3403 3419 3419 3419 3403 3403 3403 3420 3420 3420 3420 3420 3420 3403 3403 3403 3404 3404 3404 3420 3420 3420 3404 3404 3404 3421 3421 3421 3421 3421 3421 3404 3404 3404 3405 3405 3405 3421 3421 3421 3405 3405 3405 3422 3422 3422 3422 3422 3422 3405 3405 3405 3406 3406 3406 3422 3422 3422 3406 3406 3406 3423 3423 3423 3423 3423 3423 3406 3406 3406 3407 3407 3407 3423 3423 3423 3407 3407 3407 3424 3424 3424 3424 3424 3424 3407 3407 3407 3408 3408 3408 3424 3424 3424 3408 3408 3408 3425 3425 3425 3425 3425 3425 3408 3408 3408 3409 3409 3409 3425 3425 3425 3409 3409 3409 3426 3426 3426 3426 3426 3426 3409 3409 3409 3410 3410 3410 3426 3426 3426 3410 3410 3410 3427 3427 3427 3427 3427 3427 3410 3410 3410 3365 3365 3365 3427 3427 3427 3365 3365 3365 3363 3363 3363 2297 2297 2297 3376 3376 3376 2292 2292 2292 2292 2292 2292 3376 3376 3376 3411 3411 3411 2292 2292 2292 3411 3411 3411 2293 2293 2293 2293 2293 2293 3411 3411 3411 3412 3412 3412 2293 2293 2293 3412 3412 3412 2295 2295 2295 2295 2295 2295 3412 3412 3412 3413 3413 3413 2295 2295 2295 3413 3413 3413 2288 2288 2288 2288 2288 2288 3413 3413 3413 3414 3414 3414 2288 2288 2288 3414 3414 3414 2289 2289 2289 2289 2289 2289 3414 3414 3414 3415 3415 3415 2289 2289 2289 3415 3415 3415 2291 2291 2291 2291 2291 2291 3415 3415 3415 3416 3416 3416 2291 2291 2291 3416 3416 3416 2134 2134 2134 2134 2134 2134 3416 3416 3416 3417 3417 3417 2134 2134 2134 3417 3417 3417 2135 2135 2135 2135 2135 2135 3417 3417 3417 3418 3418 3418 2135 2135 2135 3418 3418 3418 2287 2287 2287 2287 2287 2287 3418 3418 3418 3419 3419 3419 2287 2287 2287 3419 3419 3419 2284 2284 2284 2284 2284 2284 3419 3419 3419 3420 3420 3420 2284 2284 2284 3420 3420 3420 2285 2285 2285 2285 2285 2285 3420 3420 3420 3421 3421 3421 2285 2285 2285 3421 3421 3421 2279 2279 2279 2279 2279 2279 3421 3421 3421 3422 3422 3422 2279 2279 2279 3422 3422 3422 2280 2280 2280 2280 2280 2280 3422 3422 3422 3423 3423 3423 2280 2280 2280 3423 3423 3423 2282 2282 2282 2282 2282 2282 3423 3423 3423 3424 3424 3424 2282 2282 2282 3424 3424 3424 2283 2283 2283 2283 2283 2283 3424 3424 3424 3425 3425 3425 2283 2283 2283 3425 3425 3425 2273 2273 2273 2273 2273 2273 3425 3425 3425 3426 3426 3426 2273 2273 2273 3426 3426 3426 2274 2274 2274 2274 2274 2274 3426 3426 3426 3427 3427 3427 2274 2274 2274 3427 3427 3427 2276 2276 2276 2276 2276 2276 3427 3427 3427 3363 3363 3363 2276 2276 2276 3363 3363 3363 2277 2277 2277 3428 3428 3428 3047 3047 3047 3071 3071 3071 3429 3429 3429 3428 3428 3428 3430 3430 3430 3431 3431 3431 3429 3429 3429 3432 3432 3432 2317 2317 2317 3431 3431 3431 3433 3433 3433 3428 3428 3428 3071 3071 3071 3430 3430 3430 3430 3430 3430 3071 3071 3071 3070 3070 3070 3430 3430 3430 3070 3070 3070 3434 3434 3434 3434 3434 3434 3070 3070 3070 3069 3069 3069 3434 3434 3434 3069 3069 3069 3435 3435 3435 3435 3435 3435 3069 3069 3069 3068 3068 3068 3435 3435 3435 3068 3068 3068 3436 3436 3436 3068 3068 3068 3067 3067 3067 3436 3436 3436 3436 3436 3436 3067 3067 3067 3066 3066 3066 3436 3436 3436 3066 3066 3066 3437 3437 3437 3437 3437 3437 3066 3066 3066 3065 3065 3065 3064 3064 3064 3438 3438 3438 3065 3065 3065 3065 3065 3065 3438 3438 3438 3439 3439 3439 3065 3065 3065 3439 3439 3439 3437 3437 3437 3064 3064 3064 3060 3060 3060 3438 3438 3438 3438 3438 3438 3060 3060 3060 3063 3063 3063 3438 3438 3438 3063 3063 3063 3440 3440 3440 3440 3440 3440 3063 3063 3063 3062 3062 3062 3061 3061 3061 3441 3441 3441 3062 3062 3062 3062 3062 3062 3441 3441 3441 3442 3442 3442 3062 3062 3062 3442 3442 3442 3440 3440 3440 3061 3061 3061 3055 3055 3055 3441 3441 3441 3441 3441 3441 3055 3055 3055 3054 3054 3054 3441 3441 3441 3054 3054 3054 3443 3443 3443 3443 3443 3443 3054 3054 3054 3059 3059 3059 3058 3058 3058 3444 3444 3444 3059 3059 3059 3059 3059 3059 3444 3444 3444 3445 3445 3445 3059 3059 3059 3445 3445 3445 3443 3443 3443 3058 3058 3058 3057 3057 3057 3444 3444 3444 3444 3444 3444 3057 3057 3057 3056 3056 3056 3444 3444 3444 3056 3056 3056 3446 3446 3446 3446 3446 3446 3056 3056 3056 3053 3053 3053 3052 3052 3052 3447 3447 3447 3053 3053 3053 3053 3053 3053 3447 3447 3447 3448 3448 3448 3053 3053 3053 3448 3448 3448 3446 3446 3446 3052 3052 3052 3051 3051 3051 3447 3447 3447 3447 3447 3447 3051 3051 3051 3050 3050 3050 3447 3447 3447 3050 3050 3050 3449 3449 3449 3449 3449 3449 3050 3050 3050 3049 3049 3049 3449 3449 3449 3049 3049 3049 3450 3450 3450 3450 3450 3450 3049 3049 3049 3022 3022 3022 3450 3450 3450 3022 3022 3022 3451 3451 3451 3429 3429 3429 3430 3430 3430 3432 3432 3432 3432 3432 3432 3430 3430 3430 3434 3434 3434 3432 3432 3432 3434 3434 3434 3452 3452 3452 3452 3452 3452 3434 3434 3434 3435 3435 3435 3452 3452 3452 3435 3435 3435 3453 3453 3453 3453 3453 3453 3435 3435 3435 3436 3436 3436 3453 3453 3453 3436 3436 3436 3454 3454 3454 3454 3454 3454 3436 3436 3436 3437 3437 3437 3454 3454 3454 3437 3437 3437 3455 3455 3455 3455 3455 3455 3437 3437 3437 3439 3439 3439 3455 3455 3455 3439 3439 3439 3456 3456 3456 3456 3456 3456 3439 3439 3439 3438 3438 3438 3456 3456 3456 3438 3438 3438 3457 3457 3457 3457 3457 3457 3438 3438 3438 3440 3440 3440 3457 3457 3457 3440 3440 3440 3458 3458 3458 3458 3458 3458 3440 3440 3440 3442 3442 3442 3458 3458 3458 3442 3442 3442 3459 3459 3459 3459 3459 3459 3442 3442 3442 3441 3441 3441 3459 3459 3459 3441 3441 3441 3460 3460 3460 3460 3460 3460 3441 3441 3441 3443 3443 3443 3460 3460 3460 3443 3443 3443 3461 3461 3461 3461 3461 3461 3443 3443 3443 3445 3445 3445 3461 3461 3461 3445 3445 3445 3462 3462 3462 3462 3462 3462 3445 3445 3445 3444 3444 3444 3462 3462 3462 3444 3444 3444 3463 3463 3463 3463 3463 3463 3444 3444 3444 3446 3446 3446 3463 3463 3463 3446 3446 3446 3464 3464 3464 3464 3464 3464 3446 3446 3446 3448 3448 3448 3464 3464 3464 3448 3448 3448 3465 3465 3465 3465 3465 3465 3448 3448 3448 3447 3447 3447 3465 3465 3465 3447 3447 3447 3466 3466 3466 3466 3466 3466 3447 3447 3447 3449 3449 3449 3466 3466 3466 3449 3449 3449 3467 3467 3467 3467 3467 3467 3449 3449 3449 3450 3450 3450 3467 3467 3467 3450 3450 3450 3468 3468 3468 3468 3468 3468 3450 3450 3450 3451 3451 3451 3468 3468 3468 3451 3451 3451 3469 3469 3469 3431 3431 3431 3432 3432 3432 3433 3433 3433 3433 3433 3433 3432 3432 3432 3452 3452 3452 3433 3433 3433 3452 3452 3452 3470 3470 3470 3470 3470 3470 3452 3452 3452 3453 3453 3453 3470 3470 3470 3453 3453 3453 3471 3471 3471 3471 3471 3471 3453 3453 3453 3454 3454 3454 3471 3471 3471 3454 3454 3454 3472 3472 3472 3472 3472 3472 3454 3454 3454 3455 3455 3455 3472 3472 3472 3455 3455 3455 3473 3473 3473 3473 3473 3473 3455 3455 3455 3456 3456 3456 3473 3473 3473 3456 3456 3456 3474 3474 3474 3474 3474 3474 3456 3456 3456 3457 3457 3457 3474 3474 3474 3457 3457 3457 3475 3475 3475 3475 3475 3475 3457 3457 3457 3458 3458 3458 3475 3475 3475 3458 3458 3458 3476 3476 3476 3476 3476 3476 3458 3458 3458 3459 3459 3459 3476 3476 3476 3459 3459 3459 3477 3477 3477 3477 3477 3477 3459 3459 3459 3460 3460 3460 3477 3477 3477 3460 3460 3460 3478 3478 3478 3478 3478 3478 3460 3460 3460 3461 3461 3461 3478 3478 3478 3461 3461 3461 3479 3479 3479 3479 3479 3479 3461 3461 3461 3462 3462 3462 3479 3479 3479 3462 3462 3462 3480 3480 3480 3480 3480 3480 3462 3462 3462 3463 3463 3463 3480 3480 3480 3463 3463 3463 3481 3481 3481 3481 3481 3481 3463 3463 3463 3464 3464 3464 3481 3481 3481 3464 3464 3464 3482 3482 3482 3482 3482 3482 3464 3464 3464 3465 3465 3465 3482 3482 3482 3465 3465 3465 3483 3483 3483 3483 3483 3483 3465 3465 3465 3466 3466 3466 3483 3483 3483 3466 3466 3466 3484 3484 3484 3484 3484 3484 3466 3466 3466 3467 3467 3467 3484 3484 3484 3467 3467 3467 3485 3485 3485 3485 3485 3485 3467 3467 3467 3468 3468 3468 3485 3485 3485 3468 3468 3468 3486 3486 3486 3486 3486 3486 3468 3468 3468 3469 3469 3469 3486 3486 3486 3469 3469 3469 3487 3487 3487 2317 2317 2317 3433 3433 3433 2318 2318 2318 2318 2318 2318 3433 3433 3433 3470 3470 3470 2318 2318 2318 3470 3470 3470 2319 2319 2319 2319 2319 2319 3470 3470 3470 3471 3471 3471 2319 2319 2319 3471 3471 3471 2320 2320 2320 2320 2320 2320 3471 3471 3471 3472 3472 3472 2320 2320 2320 3472 3472 3472 2321 2321 2321 2321 2321 2321 3472 3472 3472 3473 3473 3473 2321 2321 2321 3473 3473 3473 2322 2322 2322 2322 2322 2322 3473 3473 3473 3474 3474 3474 2322 2322 2322 3474 3474 3474 2323 2323 2323 2323 2323 2323 3474 3474 3474 3475 3475 3475 2323 2323 2323 3475 3475 3475 2310 2310 2310 2310 2310 2310 3475 3475 3475 3476 3476 3476 2310 2310 2310 3476 3476 3476 2311 2311 2311 2311 2311 2311 3476 3476 3476 3477 3477 3477 2311 2311 2311 3477 3477 3477 2313 2313 2313 2313 2313 2313 3477 3477 3477 3478 3478 3478 2313 2313 2313 3478 3478 3478 2314 2314 2314 2314 2314 2314 3478 3478 3478 3479 3479 3479 2314 2314 2314 3479 3479 3479 2308 2308 2308 2308 2308 2308 3479 3479 3479 3480 3480 3480 2308 2308 2308 3480 3480 3480 2309 2309 2309 2309 2309 2309 3480 3480 3480 3481 3481 3481 2309 2309 2309 3481 3481 3481 2302 2302 2302 2302 2302 2302 3481 3481 3481 3482 3482 3482 2302 2302 2302 3482 3482 3482 2303 2303 2303 2303 2303 2303 3482 3482 3482 3483 3483 3483 2303 2303 2303 3483 3483 3483 2305 2305 2305 2305 2305 2305 3483 3483 3483 3484 3484 3484 2305 2305 2305 3484 3484 3484 2306 2306 2306 2306 2306 2306 3484 3484 3484 3485 3485 3485 2306 2306 2306 3485 3485 3485 2299 2299 2299 2299 2299 2299 3485 3485 3485 3486 3486 3486 2299 2299 2299 3486 3486 3486 2300 2300 2300 2300 2300 2300 3486 3486 3486 3487 3487 3487 2300 2300 2300 3487 3487 3487 2347 2347 2347 2329 2329 2329 2328 2328 2328 3488 3488 3488 3488 3488 3488 2328 2328 2328 3489 3489 3489 3488 3488 3488 3489 3489 3489 3490 3490 3490 3490 3490 3490 3489 3489 3489 3491 3491 3491 3490 3490 3490 3491 3491 3491 3492 3492 3492 3492 3492 3492 3491 3491 3491 3493 3493 3493 3492 3492 3492 3493 3493 3493 3048 3048 3048 3048 3048 3048 3493 3493 3493 3023 3023 3023 2317 2317 2317 2329 2329 2329 3431 3431 3431 3431 3431 3431 2329 2329 2329 3488 3488 3488 3431 3431 3431 3488 3488 3488 3429 3429 3429 3429 3429 3429 3488 3488 3488 3490 3490 3490 3429 3429 3429 3490 3490 3490 3428 3428 3428 3428 3428 3428 3490 3490 3490 3492 3492 3492 3428 3428 3428 3492 3492 3492 3047 3047 3047 3047 3047 3047 3492 3492 3492 3048 3048 3048 2348 2348 2348 2347 2347 2347 3494 3494 3494 3494 3494 3494 2347 2347 2347 3487 3487 3487 3494 3494 3494 3487 3487 3487 3495 3495 3495 3495 3495 3495 3487 3487 3487 3469 3469 3469 3495 3495 3495 3469 3469 3469 3496 3496 3496 3496 3496 3496 3469 3469 3469 3451 3451 3451 3496 3496 3496 3451 3451 3451 3021 3021 3021 3021 3021 3021 3451 3451 3451 3022 3022 3022 2350 2350 2350 2348 2348 2348 3497 3497 3497 3497 3497 3497 2348 2348 2348 3494 3494 3494 3497 3497 3497 3494 3494 3494 3498 3498 3498 3498 3498 3498 3494 3494 3494 3495 3495 3495 3498 3498 3498 3495 3495 3495 3499 3499 3499 3499 3499 3499 3495 3495 3495 3496 3496 3496 3499 3499 3499 3496 3496 3496 3020 3020 3020 3020 3020 3020 3496 3496 3496 3021 3021 3021 3499 3499 3499 3020 3020 3020 3045 3045 3045 3498 3498 3498 3499 3499 3499 3500 3500 3500 3497 3497 3497 3498 3498 3498 3501 3501 3501 2350 2350 2350 3497 3497 3497 3502 3502 3502 3499 3499 3499 3045 3045 3045 3500 3500 3500 3500 3500 3500 3045 3045 3045 3046 3046 3046 3500 3500 3500 3046 3046 3046 3503 3503 3503 3503 3503 3503 3046 3046 3046 3044 3044 3044 3503 3503 3503 3044 3044 3044 3504 3504 3504 3504 3504 3504 3044 3044 3044 3043 3043 3043 3504 3504 3504 3043 3043 3043 3505 3505 3505 3043 3043 3043 3039 3039 3039 3505 3505 3505 3505 3505 3505 3039 3039 3039 3042 3042 3042 3505 3505 3505 3042 3042 3042 3506 3506 3506 3506 3506 3506 3042 3042 3042 3041 3041 3041 3040 3040 3040 3507 3507 3507 3041 3041 3041 3041 3041 3041 3507 3507 3507 3508 3508 3508 3041 3041 3041 3508 3508 3508 3506 3506 3506 3040 3040 3040 3035 3035 3035 3507 3507 3507 3507 3507 3507 3035 3035 3035 3038 3038 3038 3507 3507 3507 3038 3038 3038 3509 3509 3509 3509 3509 3509 3038 3038 3038 3037 3037 3037 3036 3036 3036 3510 3510 3510 3037 3037 3037 3037 3037 3037 3510 3510 3510 3511 3511 3511 3037 3037 3037 3511 3511 3511 3509 3509 3509 3036 3036 3036 3030 3030 3030 3510 3510 3510 3510 3510 3510 3030 3030 3030 3031 3031 3031 3510 3510 3510 3031 3031 3031 3512 3512 3512 3512 3512 3512 3031 3031 3031 3034 3034 3034 3033 3033 3033 3513 3513 3513 3034 3034 3034 3034 3034 3034 3513 3513 3513 3514 3514 3514 3034 3034 3034 3514 3514 3514 3512 3512 3512 3033 3033 3033 3032 3032 3032 3513 3513 3513 3513 3513 3513 3032 3032 3032 3029 3029 3029 3513 3513 3513 3029 3029 3029 3515 3515 3515 3515 3515 3515 3029 3029 3029 3028 3028 3028 3027 3027 3027 3516 3516 3516 3028 3028 3028 3028 3028 3028 3516 3516 3516 3517 3517 3517 3028 3028 3028 3517 3517 3517 3515 3515 3515 3027 3027 3027 3026 3026 3026 3516 3516 3516 3516 3516 3516 3026 3026 3026 3025 3025 3025 3516 3516 3516 3025 3025 3025 3518 3518 3518 3518 3518 3518 3025 3025 3025 3024 3024 3024 3518 3518 3518 3024 3024 3024 3519 3519 3519 3519 3519 3519 3024 3024 3024 3023 3023 3023 3519 3519 3519 3023 3023 3023 3493 3493 3493 3498 3498 3498 3500 3500 3500 3501 3501 3501 3501 3501 3501 3500 3500 3500 3503 3503 3503 3501 3501 3501 3503 3503 3503 3520 3520 3520 3520 3520 3520 3503 3503 3503 3504 3504 3504 3520 3520 3520 3504 3504 3504 3521 3521 3521 3521 3521 3521 3504 3504 3504 3505 3505 3505 3521 3521 3521 3505 3505 3505 3522 3522 3522 3522 3522 3522 3505 3505 3505 3506 3506 3506 3522 3522 3522 3506 3506 3506 3523 3523 3523 3523 3523 3523 3506 3506 3506 3508 3508 3508 3523 3523 3523 3508 3508 3508 3524 3524 3524 3524 3524 3524 3508 3508 3508 3507 3507 3507 3524 3524 3524 3507 3507 3507 3525 3525 3525 3525 3525 3525 3507 3507 3507 3509 3509 3509 3525 3525 3525 3509 3509 3509 3526 3526 3526 3526 3526 3526 3509 3509 3509 3511 3511 3511 3526 3526 3526 3511 3511 3511 3527 3527 3527 3527 3527 3527 3511 3511 3511 3510 3510 3510 3527 3527 3527 3510 3510 3510 3528 3528 3528 3528 3528 3528 3510 3510 3510 3512 3512 3512 3528 3528 3528 3512 3512 3512 3529 3529 3529 3529 3529 3529 3512 3512 3512 3514 3514 3514 3529 3529 3529 3514 3514 3514 3530 3530 3530 3530 3530 3530 3514 3514 3514 3513 3513 3513 3530 3530 3530 3513 3513 3513 3531 3531 3531 3531 3531 3531 3513 3513 3513 3515 3515 3515 3531 3531 3531 3515 3515 3515 3532 3532 3532 3532 3532 3532 3515 3515 3515 3517 3517 3517 3532 3532 3532 3517 3517 3517 3533 3533 3533 3533 3533 3533 3517 3517 3517 3516 3516 3516 3533 3533 3533 3516 3516 3516 3534 3534 3534 3534 3534 3534 3516 3516 3516 3518 3518 3518 3534 3534 3534 3518 3518 3518 3535 3535 3535 3535 3535 3535 3518 3518 3518 3519 3519 3519 3535 3535 3535 3519 3519 3519 3536 3536 3536 3536 3536 3536 3519 3519 3519 3493 3493 3493 3536 3536 3536 3493 3493 3493 3491 3491 3491 3497 3497 3497 3501 3501 3501 3502 3502 3502 3502 3502 3502 3501 3501 3501 3520 3520 3520 3502 3502 3502 3520 3520 3520 3537 3537 3537 3537 3537 3537 3520 3520 3520 3521 3521 3521 3537 3537 3537 3521 3521 3521 3538 3538 3538 3538 3538 3538 3521 3521 3521 3522 3522 3522 3538 3538 3538 3522 3522 3522 3539 3539 3539 3539 3539 3539 3522 3522 3522 3523 3523 3523 3539 3539 3539 3523 3523 3523 3540 3540 3540 3540 3540 3540 3523 3523 3523 3524 3524 3524 3540 3540 3540 3524 3524 3524 3541 3541 3541 3541 3541 3541 3524 3524 3524 3525 3525 3525 3541 3541 3541 3525 3525 3525 3542 3542 3542 3542 3542 3542 3525 3525 3525 3526 3526 3526 3542 3542 3542 3526 3526 3526 3543 3543 3543 3543 3543 3543 3526 3526 3526 3527 3527 3527 3543 3543 3543 3527 3527 3527 3544 3544 3544 3544 3544 3544 3527 3527 3527 3528 3528 3528 3544 3544 3544 3528 3528 3528 3545 3545 3545 3545 3545 3545 3528 3528 3528 3529 3529 3529 3545 3545 3545 3529 3529 3529 3546 3546 3546 3546 3546 3546 3529 3529 3529 3530 3530 3530 3546 3546 3546 3530 3530 3530 3547 3547 3547 3547 3547 3547 3530 3530 3530 3531 3531 3531 3547 3547 3547 3531 3531 3531 3548 3548 3548 3548 3548 3548 3531 3531 3531 3532 3532 3532 3548 3548 3548 3532 3532 3532 3549 3549 3549 3549 3549 3549 3532 3532 3532 3533 3533 3533 3549 3549 3549 3533 3533 3533 3550 3550 3550 3550 3550 3550 3533 3533 3533 3534 3534 3534 3550 3550 3550 3534 3534 3534 3551 3551 3551 3551 3551 3551 3534 3534 3534 3535 3535 3535 3551 3551 3551 3535 3535 3535 3552 3552 3552 3552 3552 3552 3535 3535 3535 3536 3536 3536 3552 3552 3552 3536 3536 3536 3553 3553 3553 3553 3553 3553 3536 3536 3536 3491 3491 3491 3553 3553 3553 3491 3491 3491 3489 3489 3489 2350 2350 2350 3502 3502 3502 2351 2351 2351 2351 2351 2351 3502 3502 3502 3537 3537 3537 2351 2351 2351 3537 3537 3537 2339 2339 2339 2339 2339 2339 3537 3537 3537 3538 3538 3538 2339 2339 2339 3538 3538 3538 2340 2340 2340 2340 2340 2340 3538 3538 3538 3539 3539 3539 2340 2340 2340 3539 3539 3539 2342 2342 2342 2342 2342 2342 3539 3539 3539 3540 3540 3540 2342 2342 2342 3540 3540 3540 2343 2343 2343 2343 2343 2343 3540 3540 3540 3541 3541 3541 2343 2343 2343 3541 3541 3541 2344 2344 2344 2344 2344 2344 3541 3541 3541 3542 3542 3542 2344 2344 2344 3542 3542 3542 2345 2345 2345 2345 2345 2345 3542 3542 3542 3543 3543 3543 2345 2345 2345 3543 3543 3543 2346 2346 2346 2346 2346 2346 3543 3543 3543 3544 3544 3544 2346 2346 2346 3544 3544 3544 2335 2335 2335 2335 2335 2335 3544 3544 3544 3545 3545 3545 2335 2335 2335 3545 3545 3545 2336 2336 2336 2336 2336 2336 3545 3545 3545 3546 3546 3546 2336 2336 2336 3546 3546 3546 2338 2338 2338 2338 2338 2338 3546 3546 3546 3547 3547 3547 2338 2338 2338 3547 3547 3547 2330 2330 2330 2330 2330 2330 3547 3547 3547 3548 3548 3548 2330 2330 2330 3548 3548 3548 2331 2331 2331 2331 2331 2331 3548 3548 3548 3549 3549 3549 2331 2331 2331 3549 3549 3549 2333 2333 2333 2333 2333 2333 3549 3549 3549 3550 3550 3550 2333 2333 2333 3550 3550 3550 2334 2334 2334 2334 2334 2334 3550 3550 3550 3551 3551 3551 2334 2334 2334 3551 3551 3551 2324 2324 2324 2324 2324 2324 3551 3551 3551 3552 3552 3552 2324 2324 2324 3552 3552 3552 2325 2325 2325 2325 2325 2325 3552 3552 3552 3553 3553 3553 2325 2325 2325 3553 3553 3553 2327 2327 2327 2327 2327 2327 3553 3553 3553 3489 3489 3489 2327 2327 2327 3489 3489 3489 2328 2328 2328 3554 3554 3554 2995 2995 2995 3019 3019 3019 3555 3555 3555 3554 3554 3554 3556 3556 3556 3557 3557 3557 3555 3555 3555 3558 3558 3558 2375 2375 2375 3557 3557 3557 3559 3559 3559 3554 3554 3554 3019 3019 3019 3556 3556 3556 3556 3556 3556 3019 3019 3019 3018 3018 3018 3556 3556 3556 3018 3018 3018 3560 3560 3560 3560 3560 3560 3018 3018 3018 3017 3017 3017 3560 3560 3560 3017 3017 3017 3561 3561 3561 3561 3561 3561 3017 3017 3017 3016 3016 3016 3561 3561 3561 3016 3016 3016 3562 3562 3562 3016 3016 3016 3015 3015 3015 3562 3562 3562 3562 3562 3562 3015 3015 3015 3014 3014 3014 3562 3562 3562 3014 3014 3014 3563 3563 3563 3563 3563 3563 3014 3014 3014 3013 3013 3013 3012 3012 3012 3564 3564 3564 3013 3013 3013 3013 3013 3013 3564 3564 3564 3565 3565 3565 3013 3013 3013 3565 3565 3565 3563 3563 3563 3012 3012 3012 3008 3008 3008 3564 3564 3564 3564 3564 3564 3008 3008 3008 3011 3011 3011 3564 3564 3564 3011 3011 3011 3566 3566 3566 3566 3566 3566 3011 3011 3011 3010 3010 3010 3009 3009 3009 3567 3567 3567 3010 3010 3010 3010 3010 3010 3567 3567 3567 3568 3568 3568 3010 3010 3010 3568 3568 3568 3566 3566 3566 3009 3009 3009 3003 3003 3003 3567 3567 3567 3567 3567 3567 3003 3003 3003 3002 3002 3002 3567 3567 3567 3002 3002 3002 3569 3569 3569 3569 3569 3569 3002 3002 3002 3007 3007 3007 3006 3006 3006 3570 3570 3570 3007 3007 3007 3007 3007 3007 3570 3570 3570 3571 3571 3571 3007 3007 3007 3571 3571 3571 3569 3569 3569 3006 3006 3006 3005 3005 3005 3570 3570 3570 3570 3570 3570 3005 3005 3005 3004 3004 3004 3570 3570 3570 3004 3004 3004 3572 3572 3572 3572 3572 3572 3004 3004 3004 3001 3001 3001 3000 3000 3000 3573 3573 3573 3001 3001 3001 3001 3001 3001 3573 3573 3573 3574 3574 3574 3001 3001 3001 3574 3574 3574 3572 3572 3572 3000 3000 3000 2999 2999 2999 3573 3573 3573 3573 3573 3573 2999 2999 2999 2998 2998 2998 3573 3573 3573 2998 2998 2998 3575 3575 3575 3575 3575 3575 2998 2998 2998 2997 2997 2997 3575 3575 3575 2997 2997 2997 3576 3576 3576 3576 3576 3576 2997 2997 2997 2970 2970 2970 3576 3576 3576 2970 2970 2970 3577 3577 3577 3555 3555 3555 3556 3556 3556 3558 3558 3558 3558 3558 3558 3556 3556 3556 3560 3560 3560 3558 3558 3558 3560 3560 3560 3578 3578 3578 3578 3578 3578 3560 3560 3560 3561 3561 3561 3578 3578 3578 3561 3561 3561 3579 3579 3579 3579 3579 3579 3561 3561 3561 3562 3562 3562 3579 3579 3579 3562 3562 3562 3580 3580 3580 3580 3580 3580 3562 3562 3562 3563 3563 3563 3580 3580 3580 3563 3563 3563 3581 3581 3581 3581 3581 3581 3563 3563 3563 3565 3565 3565 3581 3581 3581 3565 3565 3565 3582 3582 3582 3582 3582 3582 3565 3565 3565 3564 3564 3564 3582 3582 3582 3564 3564 3564 3583 3583 3583 3583 3583 3583 3564 3564 3564 3566 3566 3566 3583 3583 3583 3566 3566 3566 3584 3584 3584 3584 3584 3584 3566 3566 3566 3568 3568 3568 3584 3584 3584 3568 3568 3568 3585 3585 3585 3585 3585 3585 3568 3568 3568 3567 3567 3567 3585 3585 3585 3567 3567 3567 3586 3586 3586 3586 3586 3586 3567 3567 3567 3569 3569 3569 3586 3586 3586 3569 3569 3569 3587 3587 3587 3587 3587 3587 3569 3569 3569 3571 3571 3571 3587 3587 3587 3571 3571 3571 3588 3588 3588 3588 3588 3588 3571 3571 3571 3570 3570 3570 3588 3588 3588 3570 3570 3570 3589 3589 3589 3589 3589 3589 3570 3570 3570 3572 3572 3572 3589 3589 3589 3572 3572 3572 3590 3590 3590 3590 3590 3590 3572 3572 3572 3574 3574 3574 3590 3590 3590 3574 3574 3574 3591 3591 3591 3591 3591 3591 3574 3574 3574 3573 3573 3573 3591 3591 3591 3573 3573 3573 3592 3592 3592 3592 3592 3592 3573 3573 3573 3575 3575 3575 3592 3592 3592 3575 3575 3575 3593 3593 3593 3593 3593 3593 3575 3575 3575 3576 3576 3576 3593 3593 3593 3576 3576 3576 3594 3594 3594 3594 3594 3594 3576 3576 3576 3577 3577 3577 3594 3594 3594 3577 3577 3577 3595 3595 3595 3557 3557 3557 3558 3558 3558 3559 3559 3559 3559 3559 3559 3558 3558 3558 3578 3578 3578 3559 3559 3559 3578 3578 3578 3596 3596 3596 3596 3596 3596 3578 3578 3578 3579 3579 3579 3596 3596 3596 3579 3579 3579 3597 3597 3597 3597 3597 3597 3579 3579 3579 3580 3580 3580 3597 3597 3597 3580 3580 3580 3598 3598 3598 3598 3598 3598 3580 3580 3580 3581 3581 3581 3598 3598 3598 3581 3581 3581 3599 3599 3599 3599 3599 3599 3581 3581 3581 3582 3582 3582 3599 3599 3599 3582 3582 3582 3600 3600 3600 3600 3600 3600 3582 3582 3582 3583 3583 3583 3600 3600 3600 3583 3583 3583 3601 3601 3601 3601 3601 3601 3583 3583 3583 3584 3584 3584 3601 3601 3601 3584 3584 3584 3602 3602 3602 3602 3602 3602 3584 3584 3584 3585 3585 3585 3602 3602 3602 3585 3585 3585 3603 3603 3603 3603 3603 3603 3585 3585 3585 3586 3586 3586 3603 3603 3603 3586 3586 3586 3604 3604 3604 3604 3604 3604 3586 3586 3586 3587 3587 3587 3604 3604 3604 3587 3587 3587 3605 3605 3605 3605 3605 3605 3587 3587 3587 3588 3588 3588 3605 3605 3605 3588 3588 3588 3606 3606 3606 3606 3606 3606 3588 3588 3588 3589 3589 3589 3606 3606 3606 3589 3589 3589 3607 3607 3607 3607 3607 3607 3589 3589 3589 3590 3590 3590 3607 3607 3607 3590 3590 3590 3608 3608 3608 3608 3608 3608 3590 3590 3590 3591 3591 3591 3608 3608 3608 3591 3591 3591 3609 3609 3609 3609 3609 3609 3591 3591 3591 3592 3592 3592 3609 3609 3609 3592 3592 3592 3610 3610 3610 3610 3610 3610 3592 3592 3592 3593 3593 3593 3610 3610 3610 3593 3593 3593 3611 3611 3611 3611 3611 3611 3593 3593 3593 3594 3594 3594 3611 3611 3611 3594 3594 3594 3612 3612 3612 3612 3612 3612 3594 3594 3594 3595 3595 3595 3612 3612 3612 3595 3595 3595 3613 3613 3613 2375 2375 2375 3559 3559 3559 2376 2376 2376 2376 2376 2376 3559 3559 3559 3596 3596 3596 2376 2376 2376 3596 3596 3596 2377 2377 2377 2377 2377 2377 3596 3596 3596 3597 3597 3597 2377 2377 2377 3597 3597 3597 2378 2378 2378 2378 2378 2378 3597 3597 3597 3598 3598 3598 2378 2378 2378 3598 3598 3598 2367 2367 2367 2367 2367 2367 3598 3598 3598 3599 3599 3599 2367 2367 2367 3599 3599 3599 2368 2368 2368 2368 2368 2368 3599 3599 3599 3600 3600 3600 2368 2368 2368 3600 3600 3600 2369 2369 2369 2369 2369 2369 3600 3600 3600 3601 3601 3601 2369 2369 2369 3601 3601 3601 2370 2370 2370 2370 2370 2370 3601 3601 3601 3602 3602 3602 2370 2370 2370 3602 3602 3602 2371 2371 2371 2371 2371 2371 3602 3602 3602 3603 3603 3603 2371 2371 2371 3603 3603 3603 2365 2365 2365 2365 2365 2365 3603 3603 3603 3604 3604 3604 2365 2365 2365 3604 3604 3604 2363 2363 2363 2363 2363 2363 3604 3604 3604 3605 3605 3605 2363 2363 2363 3605 3605 3605 2358 2358 2358 2358 2358 2358 3605 3605 3605 3606 3606 3606 2358 2358 2358 3606 3606 3606 2359 2359 2359 2359 2359 2359 3606 3606 3606 3607 3607 3607 2359 2359 2359 3607 3607 3607 2361 2361 2361 2361 2361 2361 3607 3607 3607 3608 3608 3608 2361 2361 2361 3608 3608 3608 2362 2362 2362 2362 2362 2362 3608 3608 3608 3609 3609 3609 2362 2362 2362 3609 3609 3609 2352 2352 2352 2352 2352 2352 3609 3609 3609 3610 3610 3610 2352 2352 2352 3610 3610 3610 2353 2353 2353 2353 2353 2353 3610 3610 3610 3611 3611 3611 2353 2353 2353 3611 3611 3611 2355 2355 2355 2355 2355 2355 3611 3611 3611 3612 3612 3612 2355 2355 2355 3612 3612 3612 2356 2356 2356 2356 2356 2356 3612 3612 3612 3613 3613 3613 2356 2356 2356 3613 3613 3613 2395 2395 2395 2384 2384 2384 2383 2383 2383 3614 3614 3614 2383 2383 2383 2382 2382 2382 3614 3614 3614 3614 3614 3614 2382 2382 2382 3615 3615 3615 3614 3614 3614 3615 3615 3615 3616 3616 3616 3616 3616 3616 3615 3615 3615 3617 3617 3617 3616 3616 3616 3617 3617 3617 3618 3618 3618 3618 3618 3618 3617 3617 3617 3619 3619 3619 3618 3618 3618 3619 3619 3619 2996 2996 2996 2996 2996 2996 3619 3619 3619 2971 2971 2971 2996 2996 2996 2995 2995 2995 3618 3618 3618 3618 3618 3618 2995 2995 2995 3554 3554 3554 3618 3618 3618 3554 3554 3554 3616 3616 3616 3616 3616 3616 3554 3554 3554 3555 3555 3555 3616 3616 3616 3555 3555 3555 3614 3614 3614 3614 3614 3614 3555 3555 3555 3557 3557 3557 3614 3614 3614 3557 3557 3557 2384 2384 2384 2384 2384 2384 3557 3557 3557 2375 2375 2375 2396 2396 2396 2395 2395 2395 3620 3620 3620 3620 3620 3620 2395 2395 2395 3613 3613 3613 3620 3620 3620 3613 3613 3613 3621 3621 3621 3621 3621 3621 3613 3613 3613 3595 3595 3595 3621 3621 3621 3595 3595 3595 3622 3622 3622 3622 3622 3622 3595 3595 3595 3577 3577 3577 3622 3622 3622 3577 3577 3577 2969 2969 2969 2969 2969 2969 3577 3577 3577 2970 2970 2970 2397 2397 2397 2396 2396 2396 3623 3623 3623 3623 3623 3623 2396 2396 2396 3620 3620 3620 3623 3623 3623 3620 3620 3620 3624 3624 3624 3624 3624 3624 3620 3620 3620 3621 3621 3621 3624 3624 3624 3621 3621 3621 3625 3625 3625 3625 3625 3625 3621 3621 3621 3622 3622 3622 3625 3625 3625 3622 3622 3622 2968 2968 2968 2968 2968 2968 3622 3622 3622 2969 2969 2969 3625 3625 3625 2968 2968 2968 2993 2993 2993 3624 3624 3624 3625 3625 3625 3626 3626 3626 3623 3623 3623 3624 3624 3624 3627 3627 3627 2397 2397 2397 3623 3623 3623 3628 3628 3628 3625 3625 3625 2993 2993 2993 3626 3626 3626 3626 3626 3626 2993 2993 2993 2994 2994 2994 3626 3626 3626 2994 2994 2994 3629 3629 3629 3629 3629 3629 2994 2994 2994 2992 2992 2992 3629 3629 3629 2992 2992 2992 3630 3630 3630 3630 3630 3630 2992 2992 2992 2991 2991 2991 3630 3630 3630 2991 2991 2991 3631 3631 3631 2991 2991 2991 2987 2987 2987 3631 3631 3631 3631 3631 3631 2987 2987 2987 2990 2990 2990 3631 3631 3631 2990 2990 2990 3632 3632 3632 3632 3632 3632 2990 2990 2990 2989 2989 2989 2988 2988 2988 3633 3633 3633 2989 2989 2989 2989 2989 2989 3633 3633 3633 3634 3634 3634 2989 2989 2989 3634 3634 3634 3632 3632 3632 2988 2988 2988 2983 2983 2983 3633 3633 3633 3633 3633 3633 2983 2983 2983 2986 2986 2986 3633 3633 3633 2986 2986 2986 3635 3635 3635 3635 3635 3635 2986 2986 2986 2985 2985 2985 2984 2984 2984 3636 3636 3636 2985 2985 2985 2985 2985 2985 3636 3636 3636 3637 3637 3637 2985 2985 2985 3637 3637 3637 3635 3635 3635 2984 2984 2984 2978 2978 2978 3636 3636 3636 3636 3636 3636 2978 2978 2978 2979 2979 2979 3636 3636 3636 2979 2979 2979 3638 3638 3638 3638 3638 3638 2979 2979 2979 2982 2982 2982 2981 2981 2981 3639 3639 3639 2982 2982 2982 2982 2982 2982 3639 3639 3639 3640 3640 3640 2982 2982 2982 3640 3640 3640 3638 3638 3638 2981 2981 2981 2980 2980 2980 3639 3639 3639 3639 3639 3639 2980 2980 2980 2977 2977 2977 3639 3639 3639 2977 2977 2977 3641 3641 3641 3641 3641 3641 2977 2977 2977 2976 2976 2976 2975 2975 2975 3642 3642 3642 2976 2976 2976 2976 2976 2976 3642 3642 3642 3643 3643 3643 2976 2976 2976 3643 3643 3643 3641 3641 3641 2975 2975 2975 2974 2974 2974 3642 3642 3642 3642 3642 3642 2974 2974 2974 2973 2973 2973 3642 3642 3642 2973 2973 2973 3644 3644 3644 3644 3644 3644 2973 2973 2973 2972 2972 2972 3644 3644 3644 2972 2972 2972 3645 3645 3645 3645 3645 3645 2972 2972 2972 2971 2971 2971 3645 3645 3645 2971 2971 2971 3619 3619 3619 3624 3624 3624 3626 3626 3626 3627 3627 3627 3627 3627 3627 3626 3626 3626 3629 3629 3629 3627 3627 3627 3629 3629 3629 3646 3646 3646 3646 3646 3646 3629 3629 3629 3630 3630 3630 3646 3646 3646 3630 3630 3630 3647 3647 3647 3647 3647 3647 3630 3630 3630 3631 3631 3631 3647 3647 3647 3631 3631 3631 3648 3648 3648 3648 3648 3648 3631 3631 3631 3632 3632 3632 3648 3648 3648 3632 3632 3632 3649 3649 3649 3649 3649 3649 3632 3632 3632 3634 3634 3634 3649 3649 3649 3634 3634 3634 3650 3650 3650 3650 3650 3650 3634 3634 3634 3633 3633 3633 3650 3650 3650 3633 3633 3633 3651 3651 3651 3651 3651 3651 3633 3633 3633 3635 3635 3635 3651 3651 3651 3635 3635 3635 3652 3652 3652 3652 3652 3652 3635 3635 3635 3637 3637 3637 3652 3652 3652 3637 3637 3637 3653 3653 3653 3653 3653 3653 3637 3637 3637 3636 3636 3636 3653 3653 3653 3636 3636 3636 3654 3654 3654 3654 3654 3654 3636 3636 3636 3638 3638 3638 3654 3654 3654 3638 3638 3638 3655 3655 3655 3655 3655 3655 3638 3638 3638 3640 3640 3640 3655 3655 3655 3640 3640 3640 3656 3656 3656 3656 3656 3656 3640 3640 3640 3639 3639 3639 3656 3656 3656 3639 3639 3639 3657 3657 3657 3657 3657 3657 3639 3639 3639 3641 3641 3641 3657 3657 3657 3641 3641 3641 3658 3658 3658 3658 3658 3658 3641 3641 3641 3643 3643 3643 3658 3658 3658 3643 3643 3643 3659 3659 3659 3659 3659 3659 3643 3643 3643 3642 3642 3642 3659 3659 3659 3642 3642 3642 3660 3660 3660 3660 3660 3660 3642 3642 3642 3644 3644 3644 3660 3660 3660 3644 3644 3644 3661 3661 3661 3661 3661 3661 3644 3644 3644 3645 3645 3645 3661 3661 3661 3645 3645 3645 3662 3662 3662 3662 3662 3662 3645 3645 3645 3619 3619 3619 3662 3662 3662 3619 3619 3619 3617 3617 3617 3623 3623 3623 3627 3627 3627 3628 3628 3628 3628 3628 3628 3627 3627 3627 3646 3646 3646 3628 3628 3628 3646 3646 3646 3663 3663 3663 3663 3663 3663 3646 3646 3646 3647 3647 3647 3663 3663 3663 3647 3647 3647 3664 3664 3664 3664 3664 3664 3647 3647 3647 3648 3648 3648 3664 3664 3664 3648 3648 3648 3665 3665 3665 3665 3665 3665 3648 3648 3648 3649 3649 3649 3665 3665 3665 3649 3649 3649 3666 3666 3666 3666 3666 3666 3649 3649 3649 3650 3650 3650 3666 3666 3666 3650 3650 3650 3667 3667 3667 3667 3667 3667 3650 3650 3650 3651 3651 3651 3667 3667 3667 3651 3651 3651 3668 3668 3668 3668 3668 3668 3651 3651 3651 3652 3652 3652 3668 3668 3668 3652 3652 3652 3669 3669 3669 3669 3669 3669 3652 3652 3652 3653 3653 3653 3669 3669 3669 3653 3653 3653 3670 3670 3670 3670 3670 3670 3653 3653 3653 3654 3654 3654 3670 3670 3670 3654 3654 3654 3671 3671 3671 3671 3671 3671 3654 3654 3654 3655 3655 3655 3671 3671 3671 3655 3655 3655 3672 3672 3672 3672 3672 3672 3655 3655 3655 3656 3656 3656 3672 3672 3672 3656 3656 3656 3673 3673 3673 3673 3673 3673 3656 3656 3656 3657 3657 3657 3673 3673 3673 3657 3657 3657 3674 3674 3674 3674 3674 3674 3657 3657 3657 3658 3658 3658 3674 3674 3674 3658 3658 3658 3675 3675 3675 3675 3675 3675 3658 3658 3658 3659 3659 3659 3675 3675 3675 3659 3659 3659 3676 3676 3676 3676 3676 3676 3659 3659 3659 3660 3660 3660 3676 3676 3676 3660 3660 3660 3677 3677 3677 3677 3677 3677 3660 3660 3660 3661 3661 3661 3677 3677 3677 3661 3661 3661 3678 3678 3678 3678 3678 3678 3661 3661 3661 3662 3662 3662 3678 3678 3678 3662 3662 3662 3679 3679 3679 3679 3679 3679 3662 3662 3662 3617 3617 3617 3679 3679 3679 3617 3617 3617 3615 3615 3615 2397 2397 2397 3628 3628 3628 2392 2392 2392 2392 2392 2392 3628 3628 3628 3663 3663 3663 2392 2392 2392 3663 3663 3663 2393 2393 2393 2393 2393 2393 3663 3663 3663 3664 3664 3664 2393 2393 2393 3664 3664 3664 2398 2398 2398 2398 2398 2398 3664 3664 3664 3665 3665 3665 2398 2398 2398 3665 3665 3665 2399 2399 2399 2399 2399 2399 3665 3665 3665 3666 3666 3666 2399 2399 2399 3666 3666 3666 2400 2400 2400 2400 2400 2400 3666 3666 3666 3667 3667 3667 2400 2400 2400 3667 3667 3667 2401 2401 2401 2401 2401 2401 3667 3667 3667 3668 3668 3668 2401 2401 2401 3668 3668 3668 2391 2391 2391 2391 2391 2391 3668 3668 3668 3669 3669 3669 2391 2391 2391 3669 3669 3669 2390 2390 2390 2390 2390 2390 3669 3669 3669 3670 3670 3670 2390 2390 2390 3670 3670 3670 2131 2131 2131 2131 2131 2131 3670 3670 3670 3671 3671 3671 2131 2131 2131 3671 3671 3671 2132 2132 2132 2132 2132 2132 3671 3671 3671 3672 3672 3672 2132 2132 2132 3672 3672 3672 2385 2385 2385 2385 2385 2385 3672 3672 3672 3673 3673 3673 2385 2385 2385 3673 3673 3673 2386 2386 2386 2386 2386 2386 3673 3673 3673 3674 3674 3674 2386 2386 2386 3674 3674 3674 2387 2387 2387 2387 2387 2387 3674 3674 3674 3675 3675 3675 2387 2387 2387 3675 3675 3675 2388 2388 2388 2388 2388 2388 3675 3675 3675 3676 3676 3676 2388 2388 2388 3676 3676 3676 2389 2389 2389 2389 2389 2389 3676 3676 3676 3677 3677 3677 2389 2389 2389 3677 3677 3677 2379 2379 2379 2379 2379 2379 3677 3677 3677 3678 3678 3678 2379 2379 2379 3678 3678 3678 2380 2380 2380 2380 2380 2380 3678 3678 3678 3679 3679 3679 2380 2380 2380 3679 3679 3679 2381 2381 2381 2381 2381 2381 3679 3679 3679 3615 3615 3615 2381 2381 2381 3615 3615 3615 2382 2382 2382 3680 3680 3680 2943 2943 2943 2967 2967 2967 3681 3681 3681 3680 3680 3680 3682 3682 3682 3683 3683 3683 3681 3681 3681 3684 3684 3684 2421 2421 2421 3683 3683 3683 3685 3685 3685 3680 3680 3680 2967 2967 2967 3682 3682 3682 3682 3682 3682 2967 2967 2967 2966 2966 2966 3682 3682 3682 2966 2966 2966 3686 3686 3686 3686 3686 3686 2966 2966 2966 2965 2965 2965 3686 3686 3686 2965 2965 2965 3687 3687 3687 3687 3687 3687 2965 2965 2965 2964 2964 2964 3687 3687 3687 2964 2964 2964 3688 3688 3688 2964 2964 2964 2963 2963 2963 3688 3688 3688 3688 3688 3688 2963 2963 2963 2962 2962 2962 3688 3688 3688 2962 2962 2962 3689 3689 3689 3689 3689 3689 2962 2962 2962 2961 2961 2961 2960 2960 2960 3690 3690 3690 2961 2961 2961 2961 2961 2961 3690 3690 3690 3691 3691 3691 2961 2961 2961 3691 3691 3691 3689 3689 3689 2960 2960 2960 2956 2956 2956 3690 3690 3690 3690 3690 3690 2956 2956 2956 2959 2959 2959 3690 3690 3690 2959 2959 2959 3692 3692 3692 3692 3692 3692 2959 2959 2959 2958 2958 2958 2957 2957 2957 3693 3693 3693 2958 2958 2958 2958 2958 2958 3693 3693 3693 3694 3694 3694 2958 2958 2958 3694 3694 3694 3692 3692 3692 2957 2957 2957 2951 2951 2951 3693 3693 3693 3693 3693 3693 2951 2951 2951 2950 2950 2950 3693 3693 3693 2950 2950 2950 3695 3695 3695 3695 3695 3695 2950 2950 2950 2955 2955 2955 2954 2954 2954 3696 3696 3696 2955 2955 2955 2955 2955 2955 3696 3696 3696 3697 3697 3697 2955 2955 2955 3697 3697 3697 3695 3695 3695 2954 2954 2954 2953 2953 2953 3696 3696 3696 3696 3696 3696 2953 2953 2953 2952 2952 2952 3696 3696 3696 2952 2952 2952 3698 3698 3698 3698 3698 3698 2952 2952 2952 2949 2949 2949 2948 2948 2948 3699 3699 3699 2949 2949 2949 2949 2949 2949 3699 3699 3699 3700 3700 3700 2949 2949 2949 3700 3700 3700 3698 3698 3698 2948 2948 2948 2947 2947 2947 3699 3699 3699 3699 3699 3699 2947 2947 2947 2946 2946 2946 3699 3699 3699 2946 2946 2946 3701 3701 3701 3701 3701 3701 2946 2946 2946 2945 2945 2945 3701 3701 3701 2945 2945 2945 3702 3702 3702 3702 3702 3702 2945 2945 2945 2918 2918 2918 3702 3702 3702 2918 2918 2918 3703 3703 3703 3681 3681 3681 3682 3682 3682 3684 3684 3684 3684 3684 3684 3682 3682 3682 3686 3686 3686 3684 3684 3684 3686 3686 3686 3704 3704 3704 3704 3704 3704 3686 3686 3686 3687 3687 3687 3704 3704 3704 3687 3687 3687 3705 3705 3705 3705 3705 3705 3687 3687 3687 3688 3688 3688 3705 3705 3705 3688 3688 3688 3706 3706 3706 3706 3706 3706 3688 3688 3688 3689 3689 3689 3706 3706 3706 3689 3689 3689 3707 3707 3707 3707 3707 3707 3689 3689 3689 3691 3691 3691 3707 3707 3707 3691 3691 3691 3708 3708 3708 3708 3708 3708 3691 3691 3691 3690 3690 3690 3708 3708 3708 3690 3690 3690 3709 3709 3709 3709 3709 3709 3690 3690 3690 3692 3692 3692 3709 3709 3709 3692 3692 3692 3710 3710 3710 3710 3710 3710 3692 3692 3692 3694 3694 3694 3710 3710 3710 3694 3694 3694 3711 3711 3711 3711 3711 3711 3694 3694 3694 3693 3693 3693 3711 3711 3711 3693 3693 3693 3712 3712 3712 3712 3712 3712 3693 3693 3693 3695 3695 3695 3712 3712 3712 3695 3695 3695 3713 3713 3713 3713 3713 3713 3695 3695 3695 3697 3697 3697 3713 3713 3713 3697 3697 3697 3714 3714 3714 3714 3714 3714 3697 3697 3697 3696 3696 3696 3714 3714 3714 3696 3696 3696 3715 3715 3715 3715 3715 3715 3696 3696 3696 3698 3698 3698 3715 3715 3715 3698 3698 3698 3716 3716 3716 3716 3716 3716 3698 3698 3698 3700 3700 3700 3716 3716 3716 3700 3700 3700 3717 3717 3717 3717 3717 3717 3700 3700 3700 3699 3699 3699 3717 3717 3717 3699 3699 3699 3718 3718 3718 3718 3718 3718 3699 3699 3699 3701 3701 3701 3718 3718 3718 3701 3701 3701 3719 3719 3719 3719 3719 3719 3701 3701 3701 3702 3702 3702 3719 3719 3719 3702 3702 3702 3720 3720 3720 3720 3720 3720 3702 3702 3702 3703 3703 3703 3720 3720 3720 3703 3703 3703 3721 3721 3721 3683 3683 3683 3684 3684 3684 3685 3685 3685 3685 3685 3685 3684 3684 3684 3704 3704 3704 3685 3685 3685 3704 3704 3704 3722 3722 3722 3722 3722 3722 3704 3704 3704 3705 3705 3705 3722 3722 3722 3705 3705 3705 3723 3723 3723 3723 3723 3723 3705 3705 3705 3706 3706 3706 3723 3723 3723 3706 3706 3706 3724 3724 3724 3724 3724 3724 3706 3706 3706 3707 3707 3707 3724 3724 3724 3707 3707 3707 3725 3725 3725 3725 3725 3725 3707 3707 3707 3708 3708 3708 3725 3725 3725 3708 3708 3708 3726 3726 3726 3726 3726 3726 3708 3708 3708 3709 3709 3709 3726 3726 3726 3709 3709 3709 3727 3727 3727 3727 3727 3727 3709 3709 3709 3710 3710 3710 3727 3727 3727 3710 3710 3710 3728 3728 3728 3728 3728 3728 3710 3710 3710 3711 3711 3711 3728 3728 3728 3711 3711 3711 3729 3729 3729 3729 3729 3729 3711 3711 3711 3712 3712 3712 3729 3729 3729 3712 3712 3712 3730 3730 3730 3730 3730 3730 3712 3712 3712 3713 3713 3713 3730 3730 3730 3713 3713 3713 3731 3731 3731 3731 3731 3731 3713 3713 3713 3714 3714 3714 3731 3731 3731 3714 3714 3714 3732 3732 3732 3732 3732 3732 3714 3714 3714 3715 3715 3715 3732 3732 3732 3715 3715 3715 3733 3733 3733 3733 3733 3733 3715 3715 3715 3716 3716 3716 3733 3733 3733 3716 3716 3716 3734 3734 3734 3734 3734 3734 3716 3716 3716 3717 3717 3717 3734 3734 3734 3717 3717 3717 3735 3735 3735 3735 3735 3735 3717 3717 3717 3718 3718 3718 3735 3735 3735 3718 3718 3718 3736 3736 3736 3736 3736 3736 3718 3718 3718 3719 3719 3719 3736 3736 3736 3719 3719 3719 3737 3737 3737 3737 3737 3737 3719 3719 3719 3720 3720 3720 3737 3737 3737 3720 3720 3720 3738 3738 3738 3738 3738 3738 3720 3720 3720 3721 3721 3721 3738 3738 3738 3721 3721 3721 3739 3739 3739 2421 2421 2421 3685 3685 3685 2419 2419 2419 2419 2419 2419 3685 3685 3685 3722 3722 3722 2419 2419 2419 3722 3722 3722 2424 2424 2424 2424 2424 2424 3722 3722 3722 3723 3723 3723 2424 2424 2424 3723 3723 3723 2425 2425 2425 2425 2425 2425 3723 3723 3723 3724 3724 3724 2425 2425 2425 3724 3724 3724 2426 2426 2426 2426 2426 2426 3724 3724 3724 3725 3725 3725 2426 2426 2426 3725 3725 3725 2414 2414 2414 2414 2414 2414 3725 3725 3725 3726 3726 3726 2414 2414 2414 3726 3726 3726 2415 2415 2415 2415 2415 2415 3726 3726 3726 3727 3727 3727 2415 2415 2415 3727 3727 3727 2416 2416 2416 2416 2416 2416 3727 3727 3727 3728 3728 3728 2416 2416 2416 3728 3728 3728 2417 2417 2417 2417 2417 2417 3728 3728 3728 3729 3729 3729 2417 2417 2417 3729 3729 3729 2418 2418 2418 2418 2418 2418 3729 3729 3729 3730 3730 3730 2418 2418 2418 3730 3730 3730 2411 2411 2411 2411 2411 2411 3730 3730 3730 3731 3731 3731 2411 2411 2411 3731 3731 3731 2412 2412 2412 2412 2412 2412 3731 3731 3731 3732 3732 3732 2412 2412 2412 3732 3732 3732 2128 2128 2128 2128 2128 2128 3732 3732 3732 3733 3733 3733 2128 2128 2128 3733 3733 3733 2129 2129 2129 2129 2129 2129 3733 3733 3733 3734 3734 3734 2129 2129 2129 3734 3734 3734 2406 2406 2406 2406 2406 2406 3734 3734 3734 3735 3735 3735 2406 2406 2406 3735 3735 3735 2405 2405 2405 2405 2405 2405 3735 3735 3735 3736 3736 3736 2405 2405 2405 3736 3736 3736 2402 2402 2402 2402 2402 2402 3736 3736 3736 3737 3737 3737 2402 2402 2402 3737 3737 3737 2403 2403 2403 2403 2403 2403 3737 3737 3737 3738 3738 3738 2403 2403 2403 3738 3738 3738 2407 2407 2407 2407 2407 2407 3738 3738 3738 3739 3739 3739 2407 2407 2407 3739 3739 3739 2408 2408 2408 2423 2423 2423 2432 2432 2432 3740 3740 3740 2432 2432 2432 2431 2431 2431 3740 3740 3740 3740 3740 3740 2431 2431 2431 3741 3741 3741 3740 3740 3740 3741 3741 3741 3742 3742 3742 3742 3742 3742 3741 3741 3741 3743 3743 3743 3742 3742 3742 3743 3743 3743 3744 3744 3744 3744 3744 3744 3743 3743 3743 3745 3745 3745 3744 3744 3744 3745 3745 3745 2944 2944 2944 2944 2944 2944 3745 3745 3745 2919 2919 2919 2944 2944 2944 2943 2943 2943 3744 3744 3744 3744 3744 3744 2943 2943 2943 3680 3680 3680 3744 3744 3744 3680 3680 3680 3742 3742 3742 3742 3742 3742 3680 3680 3680 3681 3681 3681 3742 3742 3742 3681 3681 3681 3740 3740 3740 3740 3740 3740 3681 3681 3681 3683 3683 3683 3740 3740 3740 3683 3683 3683 2423 2423 2423 2423 2423 2423 3683 3683 3683 2421 2421 2421 2451 2451 2451 2408 2408 2408 3746 3746 3746 3746 3746 3746 2408 2408 2408 3739 3739 3739 3746 3746 3746 3739 3739 3739 3747 3747 3747 3747 3747 3747 3739 3739 3739 3721 3721 3721 3747 3747 3747 3721 3721 3721 3748 3748 3748 3748 3748 3748 3721 3721 3721 3703 3703 3703 3748 3748 3748 3703 3703 3703 2917 2917 2917 2917 2917 2917 3703 3703 3703 2918 2918 2918 2448 2448 2448 2451 2451 2451 3749 3749 3749 3749 3749 3749 2451 2451 2451 3746 3746 3746 3749 3749 3749 3746 3746 3746 3750 3750 3750 3750 3750 3750 3746 3746 3746 3747 3747 3747 3750 3750 3750 3747 3747 3747 3751 3751 3751 3751 3751 3751 3747 3747 3747 3748 3748 3748 3751 3751 3751 3748 3748 3748 2916 2916 2916 2916 2916 2916 3748 3748 3748 2917 2917 2917 3751 3751 3751 2916 2916 2916 2941 2941 2941 3750 3750 3750 3751 3751 3751 3752 3752 3752 3749 3749 3749 3750 3750 3750 3753 3753 3753 2448 2448 2448 3749 3749 3749 3754 3754 3754 3751 3751 3751 2941 2941 2941 3752 3752 3752 3752 3752 3752 2941 2941 2941 2942 2942 2942 3752 3752 3752 2942 2942 2942 3755 3755 3755 3755 3755 3755 2942 2942 2942 2940 2940 2940 3755 3755 3755 2940 2940 2940 3756 3756 3756 3756 3756 3756 2940 2940 2940 2939 2939 2939 3756 3756 3756 2939 2939 2939 3757 3757 3757 2939 2939 2939 2935 2935 2935 3757 3757 3757 3757 3757 3757 2935 2935 2935 2938 2938 2938 3757 3757 3757 2938 2938 2938 3758 3758 3758 3758 3758 3758 2938 2938 2938 2937 2937 2937 2936 2936 2936 3759 3759 3759 2937 2937 2937 2937 2937 2937 3759 3759 3759 3760 3760 3760 2937 2937 2937 3760 3760 3760 3758 3758 3758 2936 2936 2936 2931 2931 2931 3759 3759 3759 3759 3759 3759 2931 2931 2931 2934 2934 2934 3759 3759 3759 2934 2934 2934 3761 3761 3761 3761 3761 3761 2934 2934 2934 2933 2933 2933 2932 2932 2932 3762 3762 3762 2933 2933 2933 2933 2933 2933 3762 3762 3762 3763 3763 3763 2933 2933 2933 3763 3763 3763 3761 3761 3761 2932 2932 2932 2926 2926 2926 3762 3762 3762 3762 3762 3762 2926 2926 2926 2927 2927 2927 3762 3762 3762 2927 2927 2927 3764 3764 3764 3764 3764 3764 2927 2927 2927 2930 2930 2930 2929 2929 2929 3765 3765 3765 2930 2930 2930 2930 2930 2930 3765 3765 3765 3766 3766 3766 2930 2930 2930 3766 3766 3766 3764 3764 3764 2929 2929 2929 2928 2928 2928 3765 3765 3765 3765 3765 3765 2928 2928 2928 2925 2925 2925 3765 3765 3765 2925 2925 2925 3767 3767 3767 3767 3767 3767 2925 2925 2925 2924 2924 2924 2923 2923 2923 3768 3768 3768 2924 2924 2924 2924 2924 2924 3768 3768 3768 3769 3769 3769 2924 2924 2924 3769 3769 3769 3767 3767 3767 2923 2923 2923 2922 2922 2922 3768 3768 3768 3768 3768 3768 2922 2922 2922 2921 2921 2921 3768 3768 3768 2921 2921 2921 3770 3770 3770 3770 3770 3770 2921 2921 2921 2920 2920 2920 3770 3770 3770 2920 2920 2920 3771 3771 3771 3771 3771 3771 2920 2920 2920 2919 2919 2919 3771 3771 3771 2919 2919 2919 3745 3745 3745 3750 3750 3750 3752 3752 3752 3753 3753 3753 3753 3753 3753 3752 3752 3752 3755 3755 3755 3753 3753 3753 3755 3755 3755 3772 3772 3772 3772 3772 3772 3755 3755 3755 3756 3756 3756 3772 3772 3772 3756 3756 3756 3773 3773 3773 3773 3773 3773 3756 3756 3756 3757 3757 3757 3773 3773 3773 3757 3757 3757 3774 3774 3774 3774 3774 3774 3757 3757 3757 3758 3758 3758 3774 3774 3774 3758 3758 3758 3775 3775 3775 3775 3775 3775 3758 3758 3758 3760 3760 3760 3775 3775 3775 3760 3760 3760 3776 3776 3776 3776 3776 3776 3760 3760 3760 3759 3759 3759 3776 3776 3776 3759 3759 3759 3777 3777 3777 3777 3777 3777 3759 3759 3759 3761 3761 3761 3777 3777 3777 3761 3761 3761 3778 3778 3778 3778 3778 3778 3761 3761 3761 3763 3763 3763 3778 3778 3778 3763 3763 3763 3779 3779 3779 3779 3779 3779 3763 3763 3763 3762 3762 3762 3779 3779 3779 3762 3762 3762 3780 3780 3780 3780 3780 3780 3762 3762 3762 3764 3764 3764 3780 3780 3780 3764 3764 3764 3781 3781 3781 3781 3781 3781 3764 3764 3764 3766 3766 3766 3781 3781 3781 3766 3766 3766 3782 3782 3782 3782 3782 3782 3766 3766 3766 3765 3765 3765 3782 3782 3782 3765 3765 3765 3783 3783 3783 3783 3783 3783 3765 3765 3765 3767 3767 3767 3783 3783 3783 3767 3767 3767 3784 3784 3784 3784 3784 3784 3767 3767 3767 3769 3769 3769 3784 3784 3784 3769 3769 3769 3785 3785 3785 3785 3785 3785 3769 3769 3769 3768 3768 3768 3785 3785 3785 3768 3768 3768 3786 3786 3786 3786 3786 3786 3768 3768 3768 3770 3770 3770 3786 3786 3786 3770 3770 3770 3787 3787 3787 3787 3787 3787 3770 3770 3770 3771 3771 3771 3787 3787 3787 3771 3771 3771 3788 3788 3788 3788 3788 3788 3771 3771 3771 3745 3745 3745 3788 3788 3788 3745 3745 3745 3743 3743 3743 3749 3749 3749 3753 3753 3753 3754 3754 3754 3754 3754 3754 3753 3753 3753 3772 3772 3772 3754 3754 3754 3772 3772 3772 3789 3789 3789 3789 3789 3789 3772 3772 3772 3773 3773 3773 3789 3789 3789 3773 3773 3773 3790 3790 3790 3790 3790 3790 3773 3773 3773 3774 3774 3774 3790 3790 3790 3774 3774 3774 3791 3791 3791 3791 3791 3791 3774 3774 3774 3775 3775 3775 3791 3791 3791 3775 3775 3775 3792 3792 3792 3792 3792 3792 3775 3775 3775 3776 3776 3776 3792 3792 3792 3776 3776 3776 3793 3793 3793 3793 3793 3793 3776 3776 3776 3777 3777 3777 3793 3793 3793 3777 3777 3777 3794 3794 3794 3794 3794 3794 3777 3777 3777 3778 3778 3778 3794 3794 3794 3778 3778 3778 3795 3795 3795 3795 3795 3795 3778 3778 3778 3779 3779 3779 3795 3795 3795 3779 3779 3779 3796 3796 3796 3796 3796 3796 3779 3779 3779 3780 3780 3780 3796 3796 3796 3780 3780 3780 3797 3797 3797 3797 3797 3797 3780 3780 3780 3781 3781 3781 3797 3797 3797 3781 3781 3781 3798 3798 3798 3798 3798 3798 3781 3781 3781 3782 3782 3782 3798 3798 3798 3782 3782 3782 3799 3799 3799 3799 3799 3799 3782 3782 3782 3783 3783 3783 3799 3799 3799 3783 3783 3783 3800 3800 3800 3800 3800 3800 3783 3783 3783 3784 3784 3784 3800 3800 3800 3784 3784 3784 3801 3801 3801 3801 3801 3801 3784 3784 3784 3785 3785 3785 3801 3801 3801 3785 3785 3785 3802 3802 3802 3802 3802 3802 3785 3785 3785 3786 3786 3786 3802 3802 3802 3786 3786 3786 3803 3803 3803 3803 3803 3803 3786 3786 3786 3787 3787 3787 3803 3803 3803 3787 3787 3787 3804 3804 3804 3804 3804 3804 3787 3787 3787 3788 3788 3788 3804 3804 3804 3788 3788 3788 3805 3805 3805 3805 3805 3805 3788 3788 3788 3743 3743 3743 3805 3805 3805 3743 3743 3743 3741 3741 3741 2448 2448 2448 3754 3754 3754 2449 2449 2449 2449 2449 2449 3754 3754 3754 3789 3789 3789 2449 2449 2449 3789 3789 3789 2452 2452 2452 2452 2452 2452 3789 3789 3789 3790 3790 3790 2452 2452 2452 3790 3790 3790 2453 2453 2453 2453 2453 2453 3790 3790 3790 3791 3791 3791 2453 2453 2453 3791 3791 3791 2454 2454 2454 2454 2454 2454 3791 3791 3791 3792 3792 3792 2454 2454 2454 3792 3792 3792 2444 2444 2444 2444 2444 2444 3792 3792 3792 3793 3793 3793 2444 2444 2444 3793 3793 3793 2445 2445 2445 2445 2445 2445 3793 3793 3793 3794 3794 3794 2445 2445 2445 3794 3794 3794 2447 2447 2447 2447 2447 2447 3794 3794 3794 3795 3795 3795 2447 2447 2447 3795 3795 3795 2441 2441 2441 2441 2441 2441 3795 3795 3795 3796 3796 3796 2441 2441 2441 3796 3796 3796 2442 2442 2442 2442 2442 2442 3796 3796 3796 3797 3797 3797 2442 2442 2442 3797 3797 3797 2436 2436 2436 2436 2436 2436 3797 3797 3797 3798 3798 3798 2436 2436 2436 3798 3798 3798 2437 2437 2437 2437 2437 2437 3798 3798 3798 3799 3799 3799 2437 2437 2437 3799 3799 3799 2439 2439 2439 2439 2439 2439 3799 3799 3799 3800 3800 3800 2439 2439 2439 3800 3800 3800 2440 2440 2440 2440 2440 2440 3800 3800 3800 3801 3801 3801 2440 2440 2440 3801 3801 3801 2434 2434 2434 2434 2434 2434 3801 3801 3801 3802 3802 3802 2434 2434 2434 3802 3802 3802 2435 2435 2435 2435 2435 2435 3802 3802 3802 3803 3803 3803 2435 2435 2435 3803 3803 3803 2427 2427 2427 2427 2427 2427 3803 3803 3803 3804 3804 3804 2427 2427 2427 3804 3804 3804 2428 2428 2428 2428 2428 2428 3804 3804 3804 3805 3805 3805 2428 2428 2428 3805 3805 3805 2430 2430 2430 2430 2430 2430 3805 3805 3805 3741 3741 3741 2430 2430 2430 3741 3741 3741 2431 2431 2431 3806 3806 3806 2891 2891 2891 2915 2915 2915 3807 3807 3807 3806 3806 3806 3808 3808 3808 3809 3809 3809 3807 3807 3807 3810 3810 3810 2475 2475 2475 3809 3809 3809 3811 3811 3811 3806 3806 3806 2915 2915 2915 3808 3808 3808 3808 3808 3808 2915 2915 2915 2914 2914 2914 3808 3808 3808 2914 2914 2914 3812 3812 3812 3812 3812 3812 2914 2914 2914 2913 2913 2913 3812 3812 3812 2913 2913 2913 3813 3813 3813 3813 3813 3813 2913 2913 2913 2912 2912 2912 3813 3813 3813 2912 2912 2912 3814 3814 3814 2912 2912 2912 2911 2911 2911 3814 3814 3814 3814 3814 3814 2911 2911 2911 2910 2910 2910 3814 3814 3814 2910 2910 2910 3815 3815 3815 3815 3815 3815 2910 2910 2910 2909 2909 2909 2908 2908 2908 3816 3816 3816 2909 2909 2909 2909 2909 2909 3816 3816 3816 3817 3817 3817 2909 2909 2909 3817 3817 3817 3815 3815 3815 2908 2908 2908 2904 2904 2904 3816 3816 3816 3816 3816 3816 2904 2904 2904 2907 2907 2907 3816 3816 3816 2907 2907 2907 3818 3818 3818 3818 3818 3818 2907 2907 2907 2906 2906 2906 2905 2905 2905 3819 3819 3819 2906 2906 2906 2906 2906 2906 3819 3819 3819 3820 3820 3820 2906 2906 2906 3820 3820 3820 3818 3818 3818 2905 2905 2905 2899 2899 2899 3819 3819 3819 3819 3819 3819 2899 2899 2899 2898 2898 2898 3819 3819 3819 2898 2898 2898 3821 3821 3821 3821 3821 3821 2898 2898 2898 2903 2903 2903 2902 2902 2902 3822 3822 3822 2903 2903 2903 2903 2903 2903 3822 3822 3822 3823 3823 3823 2903 2903 2903 3823 3823 3823 3821 3821 3821 2902 2902 2902 2901 2901 2901 3822 3822 3822 3822 3822 3822 2901 2901 2901 2900 2900 2900 3822 3822 3822 2900 2900 2900 3824 3824 3824 3824 3824 3824 2900 2900 2900 2897 2897 2897 2896 2896 2896 3825 3825 3825 2897 2897 2897 2897 2897 2897 3825 3825 3825 3826 3826 3826 2897 2897 2897 3826 3826 3826 3824 3824 3824 2896 2896 2896 2895 2895 2895 3825 3825 3825 3825 3825 3825 2895 2895 2895 2894 2894 2894 3825 3825 3825 2894 2894 2894 3827 3827 3827 3827 3827 3827 2894 2894 2894 2893 2893 2893 3827 3827 3827 2893 2893 2893 3828 3828 3828 3828 3828 3828 2893 2893 2893 2866 2866 2866 3828 3828 3828 2866 2866 2866 3829 3829 3829 3807 3807 3807 3808 3808 3808 3810 3810 3810 3810 3810 3810 3808 3808 3808 3812 3812 3812 3810 3810 3810 3812 3812 3812 3830 3830 3830 3830 3830 3830 3812 3812 3812 3813 3813 3813 3830 3830 3830 3813 3813 3813 3831 3831 3831 3831 3831 3831 3813 3813 3813 3814 3814 3814 3831 3831 3831 3814 3814 3814 3832 3832 3832 3832 3832 3832 3814 3814 3814 3815 3815 3815 3832 3832 3832 3815 3815 3815 3833 3833 3833 3833 3833 3833 3815 3815 3815 3817 3817 3817 3833 3833 3833 3817 3817 3817 3834 3834 3834 3834 3834 3834 3817 3817 3817 3816 3816 3816 3834 3834 3834 3816 3816 3816 3835 3835 3835 3835 3835 3835 3816 3816 3816 3818 3818 3818 3835 3835 3835 3818 3818 3818 3836 3836 3836 3836 3836 3836 3818 3818 3818 3820 3820 3820 3836 3836 3836 3820 3820 3820 3837 3837 3837 3837 3837 3837 3820 3820 3820 3819 3819 3819 3837 3837 3837 3819 3819 3819 3838 3838 3838 3838 3838 3838 3819 3819 3819 3821 3821 3821 3838 3838 3838 3821 3821 3821 3839 3839 3839 3839 3839 3839 3821 3821 3821 3823 3823 3823 3839 3839 3839 3823 3823 3823 3840 3840 3840 3840 3840 3840 3823 3823 3823 3822 3822 3822 3840 3840 3840 3822 3822 3822 3841 3841 3841 3841 3841 3841 3822 3822 3822 3824 3824 3824 3841 3841 3841 3824 3824 3824 3842 3842 3842 3842 3842 3842 3824 3824 3824 3826 3826 3826 3842 3842 3842 3826 3826 3826 3843 3843 3843 3843 3843 3843 3826 3826 3826 3825 3825 3825 3843 3843 3843 3825 3825 3825 3844 3844 3844 3844 3844 3844 3825 3825 3825 3827 3827 3827 3844 3844 3844 3827 3827 3827 3845 3845 3845 3845 3845 3845 3827 3827 3827 3828 3828 3828 3845 3845 3845 3828 3828 3828 3846 3846 3846 3846 3846 3846 3828 3828 3828 3829 3829 3829 3846 3846 3846 3829 3829 3829 3847 3847 3847 3809 3809 3809 3810 3810 3810 3811 3811 3811 3811 3811 3811 3810 3810 3810 3830 3830 3830 3811 3811 3811 3830 3830 3830 3848 3848 3848 3848 3848 3848 3830 3830 3830 3831 3831 3831 3848 3848 3848 3831 3831 3831 3849 3849 3849 3849 3849 3849 3831 3831 3831 3832 3832 3832 3849 3849 3849 3832 3832 3832 3850 3850 3850 3850 3850 3850 3832 3832 3832 3833 3833 3833 3850 3850 3850 3833 3833 3833 3851 3851 3851 3851 3851 3851 3833 3833 3833 3834 3834 3834 3851 3851 3851 3834 3834 3834 3852 3852 3852 3852 3852 3852 3834 3834 3834 3835 3835 3835 3852 3852 3852 3835 3835 3835 3853 3853 3853 3853 3853 3853 3835 3835 3835 3836 3836 3836 3853 3853 3853 3836 3836 3836 3854 3854 3854 3854 3854 3854 3836 3836 3836 3837 3837 3837 3854 3854 3854 3837 3837 3837 3855 3855 3855 3855 3855 3855 3837 3837 3837 3838 3838 3838 3855 3855 3855 3838 3838 3838 3856 3856 3856 3856 3856 3856 3838 3838 3838 3839 3839 3839 3856 3856 3856 3839 3839 3839 3857 3857 3857 3857 3857 3857 3839 3839 3839 3840 3840 3840 3857 3857 3857 3840 3840 3840 3858 3858 3858 3858 3858 3858 3840 3840 3840 3841 3841 3841 3858 3858 3858 3841 3841 3841 3859 3859 3859 3859 3859 3859 3841 3841 3841 3842 3842 3842 3859 3859 3859 3842 3842 3842 3860 3860 3860 3860 3860 3860 3842 3842 3842 3843 3843 3843 3860 3860 3860 3843 3843 3843 3861 3861 3861 3861 3861 3861 3843 3843 3843 3844 3844 3844 3861 3861 3861 3844 3844 3844 3862 3862 3862 3862 3862 3862 3844 3844 3844 3845 3845 3845 3862 3862 3862 3845 3845 3845 3863 3863 3863 3863 3863 3863 3845 3845 3845 3846 3846 3846 3863 3863 3863 3846 3846 3846 3864 3864 3864 3864 3864 3864 3846 3846 3846 3847 3847 3847 3864 3864 3864 3847 3847 3847 3865 3865 3865 2475 2475 2475 3811 3811 3811 2472 2472 2472 2472 2472 2472 3811 3811 3811 3848 3848 3848 2472 2472 2472 3848 3848 3848 2473 2473 2473 2473 2473 2473 3848 3848 3848 3849 3849 3849 2473 2473 2473 3849 3849 3849 2478 2478 2478 2478 2478 2478 3849 3849 3849 3850 3850 3850 2478 2478 2478 3850 3850 3850 2479 2479 2479 2479 2479 2479 3850 3850 3850 3851 3851 3851 2479 2479 2479 3851 3851 3851 2480 2480 2480 2480 2480 2480 3851 3851 3851 3852 3852 3852 2480 2480 2480 3852 3852 3852 2467 2467 2467 2467 2467 2467 3852 3852 3852 3853 3853 3853 2467 2467 2467 3853 3853 3853 2468 2468 2468 2468 2468 2468 3853 3853 3853 3854 3854 3854 2468 2468 2468 3854 3854 3854 2470 2470 2470 2470 2470 2470 3854 3854 3854 3855 3855 3855 2470 2470 2470 3855 3855 3855 2471 2471 2471 2471 2471 2471 3855 3855 3855 3856 3856 3856 2471 2471 2471 3856 3856 3856 2465 2465 2465 2465 2465 2465 3856 3856 3856 3857 3857 3857 2465 2465 2465 3857 3857 3857 2466 2466 2466 2466 2466 2466 3857 3857 3857 3858 3858 3858 2466 2466 2466 3858 3858 3858 2459 2459 2459 2459 2459 2459 3858 3858 3858 3859 3859 3859 2459 2459 2459 3859 3859 3859 2460 2460 2460 2460 2460 2460 3859 3859 3859 3860 3860 3860 2460 2460 2460 3860 3860 3860 2462 2462 2462 2462 2462 2462 3860 3860 3860 3861 3861 3861 2462 2462 2462 3861 3861 3861 2463 2463 2463 2463 2463 2463 3861 3861 3861 3862 3862 3862 2463 2463 2463 3862 3862 3862 2455 2455 2455 2455 2455 2455 3862 3862 3862 3863 3863 3863 2455 2455 2455 3863 3863 3863 2456 2456 2456 2456 2456 2456 3863 3863 3863 3864 3864 3864 2456 2456 2456 3864 3864 3864 2457 2457 2457 2457 2457 2457 3864 3864 3864 3865 3865 3865 2457 2457 2457 3865 3865 3865 2500 2500 2500 2477 2477 2477 2487 2487 2487 3866 3866 3866 2487 2487 2487 2486 2486 2486 3866 3866 3866 3866 3866 3866 2486 2486 2486 3867 3867 3867 3866 3866 3866 3867 3867 3867 3868 3868 3868 3868 3868 3868 3867 3867 3867 3869 3869 3869 3868 3868 3868 3869 3869 3869 3870 3870 3870 3870 3870 3870 3869 3869 3869 3871 3871 3871 3870 3870 3870 3871 3871 3871 2892 2892 2892 2892 2892 2892 3871 3871 3871 2867 2867 2867 2892 2892 2892 2891 2891 2891 3870 3870 3870 3870 3870 3870 2891 2891 2891 3806 3806 3806 3870 3870 3870 3806 3806 3806 3868 3868 3868 3868 3868 3868 3806 3806 3806 3807 3807 3807 3868 3868 3868 3807 3807 3807 3866 3866 3866 3866 3866 3866 3807 3807 3807 3809 3809 3809 3866 3866 3866 3809 3809 3809 2477 2477 2477 2477 2477 2477 3809 3809 3809 2475 2475 2475 2501 2501 2501 2500 2500 2500 3872 3872 3872 3872 3872 3872 2500 2500 2500 3865 3865 3865 3872 3872 3872 3865 3865 3865 3873 3873 3873 3873 3873 3873 3865 3865 3865 3847 3847 3847 3873 3873 3873 3847 3847 3847 3874 3874 3874 3874 3874 3874 3847 3847 3847 3829 3829 3829 3874 3874 3874 3829 3829 3829 2865 2865 2865 2865 2865 2865 3829 3829 3829 2866 2866 2866 2502 2502 2502 2501 2501 2501 3875 3875 3875 3875 3875 3875 2501 2501 2501 3872 3872 3872 3875 3875 3875 3872 3872 3872 3876 3876 3876 3876 3876 3876 3872 3872 3872 3873 3873 3873 3876 3876 3876 3873 3873 3873 3877 3877 3877 3877 3877 3877 3873 3873 3873 3874 3874 3874 3877 3877 3877 3874 3874 3874 2864 2864 2864 2864 2864 2864 3874 3874 3874 2865 2865 2865 3877 3877 3877 2864 2864 2864 2889 2889 2889 3876 3876 3876 3877 3877 3877 3878 3878 3878 3875 3875 3875 3876 3876 3876 3879 3879 3879 2502 2502 2502 3875 3875 3875 3880 3880 3880 3877 3877 3877 2889 2889 2889 3878 3878 3878 3878 3878 3878 2889 2889 2889 2890 2890 2890 3878 3878 3878 2890 2890 2890 3881 3881 3881 3881 3881 3881 2890 2890 2890 2888 2888 2888 3881 3881 3881 2888 2888 2888 3882 3882 3882 3882 3882 3882 2888 2888 2888 2887 2887 2887 3882 3882 3882 2887 2887 2887 3883 3883 3883 2887 2887 2887 2883 2883 2883 3883 3883 3883 3883 3883 3883 2883 2883 2883 2886 2886 2886 3883 3883 3883 2886 2886 2886 3884 3884 3884 3884 3884 3884 2886 2886 2886 2885 2885 2885 2884 2884 2884 3885 3885 3885 2885 2885 2885 2885 2885 2885 3885 3885 3885 3886 3886 3886 2885 2885 2885 3886 3886 3886 3884 3884 3884 2884 2884 2884 2879 2879 2879 3885 3885 3885 3885 3885 3885 2879 2879 2879 2882 2882 2882 3885 3885 3885 2882 2882 2882 3887 3887 3887 3887 3887 3887 2882 2882 2882 2881 2881 2881 2880 2880 2880 3888 3888 3888 2881 2881 2881 2881 2881 2881 3888 3888 3888 3889 3889 3889 2881 2881 2881 3889 3889 3889 3887 3887 3887 2880 2880 2880 2874 2874 2874 3888 3888 3888 3888 3888 3888 2874 2874 2874 2875 2875 2875 3888 3888 3888 2875 2875 2875 3890 3890 3890 3890 3890 3890 2875 2875 2875 2878 2878 2878 2877 2877 2877 3891 3891 3891 2878 2878 2878 2878 2878 2878 3891 3891 3891 3892 3892 3892 2878 2878 2878 3892 3892 3892 3890 3890 3890 2877 2877 2877 2876 2876 2876 3891 3891 3891 3891 3891 3891 2876 2876 2876 2873 2873 2873 3891 3891 3891 2873 2873 2873 3893 3893 3893 3893 3893 3893 2873 2873 2873 2872 2872 2872 2871 2871 2871 3894 3894 3894 2872 2872 2872 2872 2872 2872 3894 3894 3894 3895 3895 3895 2872 2872 2872 3895 3895 3895 3893 3893 3893 2871 2871 2871 2870 2870 2870 3894 3894 3894 3894 3894 3894 2870 2870 2870 2869 2869 2869 3894 3894 3894 2869 2869 2869 3896 3896 3896 3896 3896 3896 2869 2869 2869 2868 2868 2868 3896 3896 3896 2868 2868 2868 3897 3897 3897 3897 3897 3897 2868 2868 2868 2867 2867 2867 3897 3897 3897 2867 2867 2867 3871 3871 3871 3876 3876 3876 3878 3878 3878 3879 3879 3879 3879 3879 3879 3878 3878 3878 3881 3881 3881 3879 3879 3879 3881 3881 3881 3898 3898 3898 3898 3898 3898 3881 3881 3881 3882 3882 3882 3898 3898 3898 3882 3882 3882 3899 3899 3899 3899 3899 3899 3882 3882 3882 3883 3883 3883 3899 3899 3899 3883 3883 3883 3900 3900 3900 3900 3900 3900 3883 3883 3883 3884 3884 3884 3900 3900 3900 3884 3884 3884 3901 3901 3901 3901 3901 3901 3884 3884 3884 3886 3886 3886 3901 3901 3901 3886 3886 3886 3902 3902 3902 3902 3902 3902 3886 3886 3886 3885 3885 3885 3902 3902 3902 3885 3885 3885 3903 3903 3903 3903 3903 3903 3885 3885 3885 3887 3887 3887 3903 3903 3903 3887 3887 3887 3904 3904 3904 3904 3904 3904 3887 3887 3887 3889 3889 3889 3904 3904 3904 3889 3889 3889 3905 3905 3905 3905 3905 3905 3889 3889 3889 3888 3888 3888 3905 3905 3905 3888 3888 3888 3906 3906 3906 3906 3906 3906 3888 3888 3888 3890 3890 3890 3906 3906 3906 3890 3890 3890 3907 3907 3907 3907 3907 3907 3890 3890 3890 3892 3892 3892 3907 3907 3907 3892 3892 3892 3908 3908 3908 3908 3908 3908 3892 3892 3892 3891 3891 3891 3908 3908 3908 3891 3891 3891 3909 3909 3909 3909 3909 3909 3891 3891 3891 3893 3893 3893 3909 3909 3909 3893 3893 3893 3910 3910 3910 3910 3910 3910 3893 3893 3893 3895 3895 3895 3910 3910 3910 3895 3895 3895 3911 3911 3911 3911 3911 3911 3895 3895 3895 3894 3894 3894 3911 3911 3911 3894 3894 3894 3912 3912 3912 3912 3912 3912 3894 3894 3894 3896 3896 3896 3912 3912 3912 3896 3896 3896 3913 3913 3913 3913 3913 3913 3896 3896 3896 3897 3897 3897 3913 3913 3913 3897 3897 3897 3914 3914 3914 3914 3914 3914 3897 3897 3897 3871 3871 3871 3914 3914 3914 3871 3871 3871 3869 3869 3869 3875 3875 3875 3879 3879 3879 3880 3880 3880 3880 3880 3880 3879 3879 3879 3898 3898 3898 3880 3880 3880 3898 3898 3898 3915 3915 3915 3915 3915 3915 3898 3898 3898 3899 3899 3899 3915 3915 3915 3899 3899 3899 3916 3916 3916 3916 3916 3916 3899 3899 3899 3900 3900 3900 3916 3916 3916 3900 3900 3900 3917 3917 3917 3917 3917 3917 3900 3900 3900 3901 3901 3901 3917 3917 3917 3901 3901 3901 3918 3918 3918 3918 3918 3918 3901 3901 3901 3902 3902 3902 3918 3918 3918 3902 3902 3902 3919 3919 3919 3919 3919 3919 3902 3902 3902 3903 3903 3903 3919 3919 3919 3903 3903 3903 3920 3920 3920 3920 3920 3920 3903 3903 3903 3904 3904 3904 3920 3920 3920 3904 3904 3904 3921 3921 3921 3921 3921 3921 3904 3904 3904 3905 3905 3905 3921 3921 3921 3905 3905 3905 3922 3922 3922 3922 3922 3922 3905 3905 3905 3906 3906 3906 3922 3922 3922 3906 3906 3906 3923 3923 3923 3923 3923 3923 3906 3906 3906 3907 3907 3907 3923 3923 3923 3907 3907 3907 3924 3924 3924 3924 3924 3924 3907 3907 3907 3908 3908 3908 3924 3924 3924 3908 3908 3908 3925 3925 3925 3925 3925 3925 3908 3908 3908 3909 3909 3909 3925 3925 3925 3909 3909 3909 3926 3926 3926 3926 3926 3926 3909 3909 3909 3910 3910 3910 3926 3926 3926 3910 3910 3910 3927 3927 3927 3927 3927 3927 3910 3910 3910 3911 3911 3911 3927 3927 3927 3911 3911 3911 3928 3928 3928 3928 3928 3928 3911 3911 3911 3912 3912 3912 3928 3928 3928 3912 3912 3912 3929 3929 3929 3929 3929 3929 3912 3912 3912 3913 3913 3913 3929 3929 3929 3913 3913 3913 3930 3930 3930 3930 3930 3930 3913 3913 3913 3914 3914 3914 3930 3930 3930 3914 3914 3914 3931 3931 3931 3931 3931 3931 3914 3914 3914 3869 3869 3869 3931 3931 3931 3869 3869 3869 3867 3867 3867 2502 2502 2502 3880 3880 3880 2497 2497 2497 2497 2497 2497 3880 3880 3880 3915 3915 3915 2497 2497 2497 3915 3915 3915 2498 2498 2498 2498 2498 2498 3915 3915 3915 3916 3916 3916 2498 2498 2498 3916 3916 3916 2684 2684 2684 2684 2684 2684 3916 3916 3916 3917 3917 3917 2684 2684 2684 3917 3917 3917 2491 2491 2491 2491 2491 2491 3917 3917 3917 3918 3918 3918 2491 2491 2491 3918 3918 3918 2492 2492 2492 2492 2492 2492 3918 3918 3918 3919 3919 3919 2492 2492 2492 3919 3919 3919 2493 2493 2493 2493 2493 2493 3919 3919 3919 3920 3920 3920 2493 2493 2493 3920 3920 3920 2494 2494 2494 2494 2494 2494 3920 3920 3920 3921 3921 3921 2494 2494 2494 3921 3921 3921 2495 2495 2495 2495 2495 2495 3921 3921 3921 3922 3922 3922 2495 2495 2495 3922 3922 3922 2496 2496 2496 2496 2496 2496 3922 3922 3922 3923 3923 3923 2496 2496 2496 3923 3923 3923 2488 2488 2488 2488 2488 2488 3923 3923 3923 3924 3924 3924 2488 2488 2488 3924 3924 3924 2489 2489 2489 2489 2489 2489 3924 3924 3924 3925 3925 3925 2489 2489 2489 3925 3925 3925 2490 2490 2490 2490 2490 2490 3925 3925 3925 3926 3926 3926 2490 2490 2490 3926 3926 3926 2125 2125 2125 2125 2125 2125 3926 3926 3926 3927 3927 3927 2125 2125 2125 3927 3927 3927 2126 2126 2126 2126 2126 2126 3927 3927 3927 3928 3928 3928 2126 2126 2126 3928 3928 3928 2484 2484 2484 2484 2484 2484 3928 3928 3928 3929 3929 3929 2484 2484 2484 3929 3929 3929 2483 2483 2483 2483 2483 2483 3929 3929 3929 3930 3930 3930 2483 2483 2483 3930 3930 3930 2481 2481 2481 2481 2481 2481 3930 3930 3930 3931 3931 3931 2481 2481 2481 3931 3931 3931 2485 2485 2485 2485 2485 2485 3931 3931 3931 3867 3867 3867 2485 2485 2485 3867 3867 3867 2486 2486 2486 3932 3932 3932 3933 3933 3933 3934 3934 3934 3934 3934 3934 3933 3933 3933 3935 3935 3935 3933 3933 3933 3936 3936 3936 3935 3935 3935 3935 3935 3935 3936 3936 3936 3937 3937 3937 3935 3935 3935 3937 3937 3937 3938 3938 3938 3939 3939 3939 3940 3940 3940 3941 3941 3941 3941 3941 3941 3940 3940 3940 3942 3942 3942 3943 3943 3943 3944 3944 3944 3945 3945 3945 3945 3945 3945 3944 3944 3944 3946 3946 3946 3945 3945 3945 3946 3946 3946 3947 3947 3947 3947 3947 3947 3946 3946 3946 3948 3948 3948 3947 3947 3947 3948 3948 3948 3949 3949 3949 3950 3950 3950 3951 3951 3951 3952 3952 3952 3932 3932 3932 3934 3934 3934 3953 3953 3953 3953 3953 3953 3934 3934 3934 3954 3954 3954 3953 3953 3953 3954 3954 3954 3955 3955 3955 3940 3940 3940 3956 3956 3956 3942 3942 3942 3942 3942 3942 3956 3956 3956 3957 3957 3957 3942 3942 3942 3957 3957 3957 3958 3958 3958 3948 3948 3948 3959 3959 3959 3949 3949 3949 3949 3949 3949 3959 3959 3959 3960 3960 3960 3949 3949 3949 3960 3960 3960 3941 3941 3941 3941 3941 3941 3960 3960 3960 3961 3961 3961 3941 3941 3941 3961 3961 3961 3939 3939 3939 3952 3952 3952 3962 3962 3962 3950 3950 3950 3950 3950 3950 3962 3962 3962 3963 3963 3963 3950 3950 3950 3963 3963 3963 3943 3943 3943 3943 3943 3943 3963 3963 3963 3964 3964 3964 3965 3965 3965 3966 3966 3966 3944 3944 3944 3944 3944 3944 3966 3966 3966 3967 3967 3967 3944 3944 3944 3967 3967 3967 3968 3968 3968 3968 3968 3968 3967 3967 3967 3969 3969 3969 3968 3968 3968 3969 3969 3969 3970 3970 3970 3971 3971 3971 3951 3951 3951 3972 3972 3972 3972 3972 3972 3951 3951 3951 3973 3973 3973 3972 3972 3972 3973 3973 3973 3974 3974 3974 3974 3974 3974 3973 3973 3973 3975 3975 3975 3974 3974 3974 3975 3975 3975 3976 3976 3976 3976 3976 3976 3975 3975 3975 3977 3977 3977 3976 3976 3976 3977 3977 3977 3954 3954 3954 3954 3954 3954 3977 3977 3977 3978 3978 3978 3954 3954 3954 3978 3978 3978 3955 3955 3955 3979 3979 3979 3980 3980 3980 3981 3981 3981 3981 3981 3981 3980 3980 3980 3958 3958 3958 3981 3981 3981 3958 3958 3958 3982 3982 3982 3982 3982 3982 3958 3958 3958 3957 3957 3957 3964 3964 3964 3983 3983 3983 3943 3943 3943 3943 3943 3943 3983 3983 3983 3984 3984 3984 3943 3943 3943 3984 3984 3984 3944 3944 3944 3944 3944 3944 3984 3984 3984 3985 3985 3985 3944 3944 3944 3985 3985 3985 3965 3965 3965 3965 3965 3965 3985 3985 3985 3986 3986 3986 3965 3965 3965 3986 3986 3986 3987 3987 3987 3987 3987 3987 3986 3986 3986 3988 3988 3988 3987 3987 3987 3988 3988 3988 3972 3972 3972 3972 3972 3972 3988 3988 3988 3989 3989 3989 3972 3972 3972 3989 3989 3989 3971 3971 3971 3937 3937 3937 3990 3990 3990 3938 3938 3938 3938 3938 3938 3990 3990 3990 3991 3991 3991 3938 3938 3938 3991 3991 3991 3969 3969 3969 3969 3969 3969 3991 3991 3991 3992 3992 3992 3969 3969 3969 3992 3992 3992 3970 3970 3970 3979 3979 3979 3993 3993 3993 3980 3980 3980 3980 3980 3980 3993 3993 3993 3994 3994 3994 3980 3980 3980 3994 3994 3994 3995 3995 3995 3995 3995 3995 3994 3994 3994 3973 3973 3973 3995 3995 3995 3973 3973 3973 3996 3996 3996 3996 3996 3996 3973 3973 3973 3951 3951 3951 3996 3996 3996 3951 3951 3951 3997 3997 3997 3997 3997 3997 3951 3951 3951 3950 3950 3950 3998 3998 3998 3999 3999 3999 4000 4000 4000 4001 4001 4001 4002 4002 4002 4003 4003 4003 4003 4003 4003 4004 4004 4004 4001 4001 4001 4001 4001 4001 4004 4004 4004 4005 4005 4005 4001 4001 4001 4005 4005 4005 4000 4000 4000 4000 4000 4000 4005 4005 4005 4006 4006 4006 4000 4000 4000 4006 4006 4006 3998 3998 3998 4007 4007 4007 4008 4008 4008 4009 4009 4009 4009 4009 4009 4008 4008 4008 4010 4010 4010 4009 4009 4009 4010 4010 4010 4011 4011 4011 4011 4011 4011 4010 4010 4010 4012 4012 4012 4012 4012 4012 4010 4010 4010 4013 4013 4013 4012 4012 4012 4013 4013 4013 4014 4014 4014 4014 4014 4014 4013 4013 4013 4015 4015 4015 4015 4015 4015 4013 4013 4013 4016 4016 4016 4015 4015 4015 4016 4016 4016 4017 4017 4017 4017 4017 4017 4016 4016 4016 4018 4018 4018 4018 4018 4018 4016 4016 4016 4019 4019 4019 4018 4018 4018 4019 4019 4019 4020 4020 4020 4021 4021 4021 4022 4022 4022 4023 4023 4023 4023 4023 4023 4022 4022 4022 4024 4024 4024 4024 4024 4024 4025 4025 4025 4023 4023 4023 4023 4023 4023 4025 4025 4025 4026 4026 4026 4023 4023 4023 4026 4026 4026 4019 4019 4019 4019 4019 4019 4026 4026 4026 4027 4027 4027 4019 4019 4019 4027 4027 4027 4020 4020 4020 4028 4028 4028 4029 4029 4029 4030 4030 4030 4030 4030 4030 4031 4031 4031 4028 4028 4028 4028 4028 4028 4031 4031 4031 4032 4032 4032 4028 4028 4028 4032 4032 4032 4021 4021 4021 4021 4021 4021 4032 4032 4032 4033 4033 4033 4021 4021 4021 4033 4033 4033 4022 4022 4022 4034 4034 4034 4035 4035 4035 4036 4036 4036 4036 4036 4036 4035 4035 4035 4037 4037 4037 4036 4036 4036 4037 4037 4037 4038 4038 4038 4038 4038 4038 4037 4037 4037 4039 4039 4039 4038 4038 4038 4039 4039 4039 4029 4029 4029 4029 4029 4029 4039 4039 4039 4040 4040 4040 4029 4029 4029 4040 4040 4040 4030 4030 4030 4034 4034 4034 4036 4036 4036 4041 4041 4041 4041 4041 4041 4036 4036 4036 4042 4042 4042 4041 4041 4041 4042 4042 4042 4043 4043 4043 4043 4043 4043 4042 4042 4042 4044 4044 4044 4044 4044 4044 4042 4042 4042 4045 4045 4045 4044 4044 4044 4045 4045 4045 4046 4046 4046 4046 4046 4046 4045 4045 4045 4047 4047 4047 4047 4047 4047 4045 4045 4045 4048 4048 4048 4047 4047 4047 4048 4048 4048 4049 4049 4049 4049 4049 4049 4048 4048 4048 4050 4050 4050 4050 4050 4050 4048 4048 4048 4000 4000 4000 4050 4050 4050 4000 4000 4000 3999 3999 3999 4051 4051 4051 4052 4052 4052 4053 4053 4053 4008 4008 4008 4007 4007 4007 4054 4054 4054 4054 4054 4054 4055 4055 4055 4008 4008 4008 4008 4008 4008 4055 4055 4055 4056 4056 4056 4008 4008 4008 4056 4056 4056 4053 4053 4053 4053 4053 4053 4056 4056 4056 4057 4057 4057 4053 4053 4053 4057 4057 4057 4051 4051 4051 4002 4002 4002 4001 4001 4001 4058 4058 4058 4058 4058 4058 4001 4001 4001 4059 4059 4059 4058 4058 4058 4059 4059 4059 4060 4060 4060 4060 4060 4060 4059 4059 4059 4061 4061 4061 4061 4061 4061 4059 4059 4059 4062 4062 4062 4061 4061 4061 4062 4062 4062 4063 4063 4063 4063 4063 4063 4062 4062 4062 4064 4064 4064 4064 4064 4064 4062 4062 4062 4065 4065 4065 4064 4064 4064 4065 4065 4065 4066 4066 4066 4066 4066 4066 4065 4065 4065 4067 4067 4067 4067 4067 4067 4065 4065 4065 4068 4068 4068 4067 4067 4067 4068 4068 4068 4069 4069 4069 4070 4070 4070 4071 4071 4071 4072 4072 4072 4072 4072 4072 4071 4071 4071 4073 4073 4073 4073 4073 4073 4074 4074 4074 4072 4072 4072 4072 4072 4072 4074 4074 4074 4075 4075 4075 4072 4072 4072 4075 4075 4075 4068 4068 4068 4068 4068 4068 4075 4075 4075 4076 4076 4076 4068 4068 4068 4076 4076 4076 4069 4069 4069 4077 4077 4077 4078 4078 4078 4079 4079 4079 4079 4079 4079 4080 4080 4080 4077 4077 4077 4077 4077 4077 4080 4080 4080 4081 4081 4081 4077 4077 4077 4081 4081 4081 4070 4070 4070 4070 4070 4070 4081 4081 4081 4082 4082 4082 4070 4070 4070 4082 4082 4082 4071 4071 4071 4083 4083 4083 4084 4084 4084 4085 4085 4085 4085 4085 4085 4084 4084 4084 4086 4086 4086 4085 4085 4085 4086 4086 4086 4087 4087 4087 4087 4087 4087 4086 4086 4086 4088 4088 4088 4087 4087 4087 4088 4088 4088 4078 4078 4078 4078 4078 4078 4088 4088 4088 4089 4089 4089 4078 4078 4078 4089 4089 4089 4079 4079 4079 4083 4083 4083 4085 4085 4085 4090 4090 4090 4090 4090 4090 4085 4085 4085 4091 4091 4091 4090 4090 4090 4091 4091 4091 4092 4092 4092 4092 4092 4092 4091 4091 4091 4093 4093 4093 4093 4093 4093 4091 4091 4091 4094 4094 4094 4093 4093 4093 4094 4094 4094 4095 4095 4095 4095 4095 4095 4094 4094 4094 4096 4096 4096 4096 4096 4096 4094 4094 4094 4097 4097 4097 4096 4096 4096 4097 4097 4097 4098 4098 4098 4098 4098 4098 4097 4097 4097 4099 4099 4099 4099 4099 4099 4097 4097 4097 4053 4053 4053 4099 4099 4099 4053 4053 4053 4052 4052 4052 4100 4100 4100 3988 3988 3988 4101 4101 4101 4101 4101 4101 3988 3988 3988 3986 3986 3986 4101 4101 4101 3986 3986 3986 4102 4102 4102 4102 4102 4102 3986 3986 3986 3985 3985 3985 4102 4102 4102 3985 3985 3985 4103 4103 4103 4103 4103 4103 3985 3985 3985 3984 3984 3984 4103 4103 4103 3984 3984 3984 4104 4104 4104 4104 4104 4104 3984 3984 3984 3983 3983 3983 4104 4104 4104 3983 3983 3983 4105 4105 4105 4105 4105 4105 3983 3983 3983 3964 3964 3964 4105 4105 4105 3964 3964 3964 4106 4106 4106 4106 4106 4106 3964 3964 3964 3963 3963 3963 4106 4106 4106 3963 3963 3963 4107 4107 4107 4107 4107 4107 3963 3963 3963 3962 3962 3962 4107 4107 4107 3962 3962 3962 4108 4108 4108 4108 4108 4108 3962 3962 3962 3952 3952 3952 4108 4108 4108 3952 3952 3952 4109 4109 4109 4109 4109 4109 3952 3952 3952 3951 3951 3951 4109 4109 4109 3951 3951 3951 4110 4110 4110 4110 4110 4110 3951 3951 3951 3971 3971 3971 4110 4110 4110 3971 3971 3971 4111 4111 4111 4111 4111 4111 3971 3971 3971 3989 3989 3989 4111 4111 4111 3989 3989 3989 4100 4100 4100 4100 4100 4100 3989 3989 3989 3988 3988 3988 4110 4110 4110 4111 4111 4111 4112 4112 4112 4112 4112 4112 4111 4111 4111 4100 4100 4100 4112 4112 4112 4100 4100 4100 4101 4101 4101 4107 4107 4107 4108 4108 4108 4112 4112 4112 4112 4112 4112 4108 4108 4108 4109 4109 4109 4112 4112 4112 4109 4109 4109 4110 4110 4110 4104 4104 4104 4105 4105 4105 4112 4112 4112 4112 4112 4112 4105 4105 4105 4106 4106 4106 4112 4112 4112 4106 4106 4106 4107 4107 4107 4101 4101 4101 4102 4102 4102 4112 4112 4112 4112 4112 4112 4102 4102 4102 4103 4103 4103 4112 4112 4112 4103 4103 4103 4104 4104 4104 4113 4113 4113 3935 3935 3935 4114 4114 4114 4114 4114 4114 3935 3935 3935 3938 3938 3938 4114 4114 4114 3938 3938 3938 4115 4115 4115 4115 4115 4115 3938 3938 3938 3969 3969 3969 4115 4115 4115 3969 3969 3969 4116 4116 4116 4116 4116 4116 3969 3969 3969 3967 3967 3967 4116 4116 4116 3967 3967 3967 4117 4117 4117 4117 4117 4117 3967 3967 3967 3966 3966 3966 4117 4117 4117 3966 3966 3966 4118 4118 4118 4118 4118 4118 3966 3966 3966 3965 3965 3965 4118 4118 4118 3965 3965 3965 4119 4119 4119 4119 4119 4119 3965 3965 3965 3987 3987 3987 4119 4119 4119 3987 3987 3987 4120 4120 4120 4120 4120 4120 3987 3987 3987 3972 3972 3972 4120 4120 4120 3972 3972 3972 4121 4121 4121 4121 4121 4121 3972 3972 3972 3974 3974 3974 4121 4121 4121 3974 3974 3974 4122 4122 4122 4122 4122 4122 3974 3974 3974 3976 3976 3976 4122 4122 4122 3976 3976 3976 4123 4123 4123 4123 4123 4123 3976 3976 3976 3954 3954 3954 4123 4123 4123 3954 3954 3954 4124 4124 4124 4124 4124 4124 3954 3954 3954 3934 3934 3934 4124 4124 4124 3934 3934 3934 4113 4113 4113 4113 4113 4113 3934 3934 3934 3935 3935 3935 4123 4123 4123 4124 4124 4124 4125 4125 4125 4125 4125 4125 4124 4124 4124 4113 4113 4113 4125 4125 4125 4113 4113 4113 4114 4114 4114 4120 4120 4120 4121 4121 4121 4125 4125 4125 4125 4125 4125 4121 4121 4121 4122 4122 4122 4125 4125 4125 4122 4122 4122 4123 4123 4123 4117 4117 4117 4118 4118 4118 4125 4125 4125 4125 4125 4125 4118 4118 4118 4119 4119 4119 4125 4125 4125 4119 4119 4119 4120 4120 4120 4114 4114 4114 4115 4115 4115 4125 4125 4125 4125 4125 4125 4115 4115 4115 4116 4116 4116 4125 4125 4125 4116 4116 4116 4117 4117 4117 4126 4126 4126 3950 3950 3950 4127 4127 4127 4127 4127 4127 3950 3950 3950 3943 3943 3943 4127 4127 4127 3943 3943 3943 4128 4128 4128 4128 4128 4128 3943 3943 3943 3945 3945 3945 4128 4128 4128 3945 3945 3945 4129 4129 4129 4129 4129 4129 3945 3945 3945 3947 3947 3947 4129 4129 4129 3947 3947 3947 4130 4130 4130 4130 4130 4130 3947 3947 3947 3949 3949 3949 4130 4130 4130 3949 3949 3949 4131 4131 4131 4131 4131 4131 3949 3949 3949 3941 3941 3941 4131 4131 4131 3941 3941 3941 4132 4132 4132 4132 4132 4132 3941 3941 3941 3942 3942 3942 4132 4132 4132 3942 3942 3942 4133 4133 4133 4133 4133 4133 3942 3942 3942 3958 3958 3958 4133 4133 4133 3958 3958 3958 4134 4134 4134 4134 4134 4134 3958 3958 3958 3980 3980 3980 4134 4134 4134 3980 3980 3980 4135 4135 4135 4135 4135 4135 3980 3980 3980 3995 3995 3995 4135 4135 4135 3995 3995 3995 4136 4136 4136 4136 4136 4136 3995 3995 3995 3996 3996 3996 4136 4136 4136 3996 3996 3996 4137 4137 4137 4137 4137 4137 3996 3996 3996 3997 3997 3997 4137 4137 4137 3997 3997 3997 4126 4126 4126 4126 4126 4126 3997 3997 3997 3950 3950 3950 4136 4136 4136 4137 4137 4137 4138 4138 4138 4138 4138 4138 4137 4137 4137 4126 4126 4126 4138 4138 4138 4126 4126 4126 4127 4127 4127 4133 4133 4133 4134 4134 4134 4138 4138 4138 4138 4138 4138 4134 4134 4134 4135 4135 4135 4138 4138 4138 4135 4135 4135 4136 4136 4136 4130 4130 4130 4131 4131 4131 4138 4138 4138 4138 4138 4138 4131 4131 4131 4132 4132 4132 4138 4138 4138 4132 4132 4132 4133 4133 4133 4127 4127 4127 4128 4128 4128 4138 4138 4138 4138 4138 4138 4128 4128 4128 4129 4129 4129 4138 4138 4138 4129 4129 4129 4130 4130 4130 4001 4001 4001 4139 4139 4139 4140 4140 4140 4139 4139 4139 4141 4141 4141 4142 4142 4142 4141 4141 4141 3944 3944 3944 3968 3968 3968 4141 4141 4141 3968 3968 3968 4142 4142 4142 4142 4142 4142 3968 3968 3968 3970 3970 3970 4142 4142 4142 3970 3970 3970 4143 4143 4143 4143 4143 4143 3970 3970 3970 3992 3992 3992 4143 4143 4143 3992 3992 3992 4144 4144 4144 4144 4144 4144 3992 3992 3992 3991 3991 3991 4144 4144 4144 3991 3991 3991 4145 4145 4145 4145 4145 4145 3991 3991 3991 3990 3990 3990 4145 4145 4145 3990 3990 3990 4146 4146 4146 4146 4146 4146 3990 3990 3990 3937 3937 3937 4146 4146 4146 3937 3937 3937 4147 4147 4147 4147 4147 4147 3937 3937 3937 3936 3936 3936 4147 4147 4147 3936 3936 3936 4148 4148 4148 4148 4148 4148 3936 3936 3936 3933 3933 3933 4148 4148 4148 3933 3933 3933 4149 4149 4149 4149 4149 4149 3933 3933 3933 3932 3932 3932 4149 4149 4149 3932 3932 3932 4150 4150 4150 4150 4150 4150 3932 3932 3932 3953 3953 3953 4150 4150 4150 3953 3953 3953 4151 4151 4151 4151 4151 4151 3953 3953 3953 3955 3955 3955 4151 4151 4151 3955 3955 3955 4152 4152 4152 4152 4152 4152 3955 3955 3955 3978 3978 3978 4152 4152 4152 3978 3978 3978 4153 4153 4153 4153 4153 4153 3978 3978 3978 3977 3977 3977 4153 4153 4153 3977 3977 3977 4154 4154 4154 4154 4154 4154 3977 3977 3977 3975 3975 3975 4154 4154 4154 3975 3975 3975 4155 4155 4155 4139 4139 4139 4142 4142 4142 4140 4140 4140 4140 4140 4140 4142 4142 4142 4143 4143 4143 4140 4140 4140 4143 4143 4143 4156 4156 4156 4156 4156 4156 4143 4143 4143 4144 4144 4144 4156 4156 4156 4144 4144 4144 4157 4157 4157 4157 4157 4157 4144 4144 4144 4145 4145 4145 4157 4157 4157 4145 4145 4145 4158 4158 4158 4158 4158 4158 4145 4145 4145 4146 4146 4146 4158 4158 4158 4146 4146 4146 4159 4159 4159 4159 4159 4159 4146 4146 4146 4147 4147 4147 4159 4159 4159 4147 4147 4147 4160 4160 4160 4160 4160 4160 4147 4147 4147 4148 4148 4148 4160 4160 4160 4148 4148 4148 4161 4161 4161 4161 4161 4161 4148 4148 4148 4149 4149 4149 4161 4161 4161 4149 4149 4149 4162 4162 4162 4162 4162 4162 4149 4149 4149 4150 4150 4150 4162 4162 4162 4150 4150 4150 4163 4163 4163 4163 4163 4163 4150 4150 4150 4151 4151 4151 4163 4163 4163 4151 4151 4151 4164 4164 4164 4164 4164 4164 4151 4151 4151 4152 4152 4152 4164 4164 4164 4152 4152 4152 4165 4165 4165 4165 4165 4165 4152 4152 4152 4153 4153 4153 4165 4165 4165 4153 4153 4153 4166 4166 4166 4166 4166 4166 4153 4153 4153 4154 4154 4154 4166 4166 4166 4154 4154 4154 4167 4167 4167 4167 4167 4167 4154 4154 4154 4155 4155 4155 4167 4167 4167 4155 4155 4155 4168 4168 4168 4001 4001 4001 4140 4140 4140 4059 4059 4059 4059 4059 4059 4140 4140 4140 4156 4156 4156 4059 4059 4059 4156 4156 4156 4062 4062 4062 4062 4062 4062 4156 4156 4156 4157 4157 4157 4062 4062 4062 4157 4157 4157 4065 4065 4065 4065 4065 4065 4157 4157 4157 4158 4158 4158 4065 4065 4065 4158 4158 4158 4068 4068 4068 4068 4068 4068 4158 4158 4158 4159 4159 4159 4068 4068 4068 4159 4159 4159 4072 4072 4072 4072 4072 4072 4159 4159 4159 4160 4160 4160 4072 4072 4072 4160 4160 4160 4070 4070 4070 4070 4070 4070 4160 4160 4160 4161 4161 4161 4070 4070 4070 4161 4161 4161 4077 4077 4077 4077 4077 4077 4161 4161 4161 4162 4162 4162 4077 4077 4077 4162 4162 4162 4078 4078 4078 4078 4078 4078 4162 4162 4162 4163 4163 4163 4078 4078 4078 4163 4163 4163 4087 4087 4087 4087 4087 4087 4163 4163 4163 4164 4164 4164 4087 4087 4087 4164 4164 4164 4085 4085 4085 4085 4085 4085 4164 4164 4164 4165 4165 4165 4085 4085 4085 4165 4165 4165 4091 4091 4091 4091 4091 4091 4165 4165 4165 4166 4166 4166 4091 4091 4091 4166 4166 4166 4094 4094 4094 4094 4094 4094 4166 4166 4166 4167 4167 4167 4094 4094 4094 4167 4167 4167 4097 4097 4097 4097 4097 4097 4167 4167 4167 4168 4168 4168 4097 4097 4097 4168 4168 4168 4053 4053 4053 4001 4001 4001 4000 4000 4000 4169 4169 4169 4001 4001 4001 4169 4169 4169 4139 4139 4139 4139 4139 4139 4169 4169 4169 4170 4170 4170 4139 4139 4139 4170 4170 4170 4141 4141 4141 4141 4141 4141 4170 4170 4170 3946 3946 3946 4141 4141 4141 3946 3946 3946 3944 3944 3944 4008 4008 4008 4053 4053 4053 4168 4168 4168 4008 4008 4008 4168 4168 4168 4171 4171 4171 4171 4171 4171 4168 4168 4168 4155 4155 4155 4171 4171 4171 4155 4155 4155 4172 4172 4172 4172 4172 4172 4155 4155 4155 3975 3975 3975 4172 4172 4172 3975 3975 3975 3973 3973 3973 4008 4008 4008 4171 4171 4171 4173 4173 4173 4171 4171 4171 4172 4172 4172 4174 4174 4174 4172 4172 4172 3973 3973 3973 3994 3994 3994 4172 4172 4172 3994 3994 3994 4174 4174 4174 4174 4174 4174 3994 3994 3994 3993 3993 3993 4174 4174 4174 3993 3993 3993 4175 4175 4175 4175 4175 4175 3993 3993 3993 3979 3979 3979 4175 4175 4175 3979 3979 3979 4176 4176 4176 4176 4176 4176 3979 3979 3979 3981 3981 3981 4176 4176 4176 3981 3981 3981 4177 4177 4177 4177 4177 4177 3981 3981 3981 3982 3982 3982 4177 4177 4177 3982 3982 3982 4178 4178 4178 4178 4178 4178 3982 3982 3982 3957 3957 3957 4178 4178 4178 3957 3957 3957 4179 4179 4179 4179 4179 4179 3957 3957 3957 3956 3956 3956 4179 4179 4179 3956 3956 3956 4180 4180 4180 4180 4180 4180 3956 3956 3956 3940 3940 3940 4180 4180 4180 3940 3940 3940 4181 4181 4181 4181 4181 4181 3940 3940 3940 3939 3939 3939 4181 4181 4181 3939 3939 3939 4182 4182 4182 4182 4182 4182 3939 3939 3939 3961 3961 3961 4182 4182 4182 3961 3961 3961 4183 4183 4183 4183 4183 4183 3961 3961 3961 3960 3960 3960 4183 4183 4183 3960 3960 3960 4184 4184 4184 4184 4184 4184 3960 3960 3960 3959 3959 3959 4184 4184 4184 3959 3959 3959 4185 4185 4185 4185 4185 4185 3959 3959 3959 3948 3948 3948 4185 4185 4185 3948 3948 3948 4186 4186 4186 4186 4186 4186 3948 3948 3948 3946 3946 3946 4186 4186 4186 3946 3946 3946 4170 4170 4170 4171 4171 4171 4174 4174 4174 4173 4173 4173 4173 4173 4173 4174 4174 4174 4175 4175 4175 4173 4173 4173 4175 4175 4175 4187 4187 4187 4187 4187 4187 4175 4175 4175 4176 4176 4176 4187 4187 4187 4176 4176 4176 4188 4188 4188 4188 4188 4188 4176 4176 4176 4177 4177 4177 4188 4188 4188 4177 4177 4177 4189 4189 4189 4189 4189 4189 4177 4177 4177 4178 4178 4178 4189 4189 4189 4178 4178 4178 4190 4190 4190 4190 4190 4190 4178 4178 4178 4179 4179 4179 4190 4190 4190 4179 4179 4179 4191 4191 4191 4191 4191 4191 4179 4179 4179 4180 4180 4180 4191 4191 4191 4180 4180 4180 4192 4192 4192 4192 4192 4192 4180 4180 4180 4181 4181 4181 4192 4192 4192 4181 4181 4181 4193 4193 4193 4193 4193 4193 4181 4181 4181 4182 4182 4182 4193 4193 4193 4182 4182 4182 4194 4194 4194 4194 4194 4194 4182 4182 4182 4183 4183 4183 4194 4194 4194 4183 4183 4183 4195 4195 4195 4195 4195 4195 4183 4183 4183 4184 4184 4184 4195 4195 4195 4184 4184 4184 4196 4196 4196 4196 4196 4196 4184 4184 4184 4185 4185 4185 4196 4196 4196 4185 4185 4185 4197 4197 4197 4197 4197 4197 4185 4185 4185 4186 4186 4186 4197 4197 4197 4186 4186 4186 4198 4198 4198 4198 4198 4198 4186 4186 4186 4170 4170 4170 4198 4198 4198 4170 4170 4170 4169 4169 4169 4008 4008 4008 4173 4173 4173 4010 4010 4010 4010 4010 4010 4173 4173 4173 4187 4187 4187 4010 4010 4010 4187 4187 4187 4013 4013 4013 4013 4013 4013 4187 4187 4187 4188 4188 4188 4013 4013 4013 4188 4188 4188 4016 4016 4016 4016 4016 4016 4188 4188 4188 4189 4189 4189 4016 4016 4016 4189 4189 4189 4019 4019 4019 4019 4019 4019 4189 4189 4189 4190 4190 4190 4019 4019 4019 4190 4190 4190 4023 4023 4023 4023 4023 4023 4190 4190 4190 4191 4191 4191 4023 4023 4023 4191 4191 4191 4021 4021 4021 4021 4021 4021 4191 4191 4191 4192 4192 4192 4021 4021 4021 4192 4192 4192 4028 4028 4028 4028 4028 4028 4192 4192 4192 4193 4193 4193 4028 4028 4028 4193 4193 4193 4029 4029 4029 4029 4029 4029 4193 4193 4193 4194 4194 4194 4029 4029 4029 4194 4194 4194 4038 4038 4038 4038 4038 4038 4194 4194 4194 4195 4195 4195 4038 4038 4038 4195 4195 4195 4036 4036 4036 4036 4036 4036 4195 4195 4195 4196 4196 4196 4036 4036 4036 4196 4196 4196 4042 4042 4042 4042 4042 4042 4196 4196 4196 4197 4197 4197 4042 4042 4042 4197 4197 4197 4045 4045 4045 4045 4045 4045 4197 4197 4197 4198 4198 4198 4045 4045 4045 4198 4198 4198 4048 4048 4048 4048 4048 4048 4198 4198 4198 4169 4169 4169 4048 4048 4048 4169 4169 4169 4000 4000 4000 4199 4199 4199 4200 4200 4200 4201 4201 4201 4202 4202 4202 4002 4002 4002 4058 4058 4058 4203 4203 4203 4202 4202 4202 4204 4204 4204 4202 4202 4202 4058 4058 4058 4204 4204 4204 4204 4204 4204 4058 4058 4058 4060 4060 4060 4204 4204 4204 4060 4060 4060 4205 4205 4205 4205 4205 4205 4060 4060 4060 4061 4061 4061 4205 4205 4205 4061 4061 4061 4206 4206 4206 4206 4206 4206 4061 4061 4061 4063 4063 4063 4206 4206 4206 4063 4063 4063 4207 4207 4207 4207 4207 4207 4063 4063 4063 4064 4064 4064 4207 4207 4207 4064 4064 4064 4208 4208 4208 4208 4208 4208 4064 4064 4064 4066 4066 4066 4208 4208 4208 4066 4066 4066 4209 4209 4209 4209 4209 4209 4066 4066 4066 4067 4067 4067 4209 4209 4209 4067 4067 4067 4210 4210 4210 4210 4210 4210 4067 4067 4067 4069 4069 4069 4210 4210 4210 4069 4069 4069 4211 4211 4211 4211 4211 4211 4069 4069 4069 4076 4076 4076 4211 4211 4211 4076 4076 4076 4212 4212 4212 4076 4076 4076 4075 4075 4075 4212 4212 4212 4212 4212 4212 4075 4075 4075 4074 4074 4074 4212 4212 4212 4074 4074 4074 4213 4213 4213 4213 4213 4213 4074 4074 4074 4073 4073 4073 4213 4213 4213 4073 4073 4073 4214 4214 4214 4214 4214 4214 4073 4073 4073 4071 4071 4071 4214 4214 4214 4071 4071 4071 4215 4215 4215 4215 4215 4215 4071 4071 4071 4082 4082 4082 4215 4215 4215 4082 4082 4082 4216 4216 4216 4216 4216 4216 4082 4082 4082 4081 4081 4081 4216 4216 4216 4081 4081 4081 4217 4217 4217 4217 4217 4217 4081 4081 4081 4080 4080 4080 4217 4217 4217 4080 4080 4080 4218 4218 4218 4218 4218 4218 4080 4080 4080 4079 4079 4079 4218 4218 4218 4079 4079 4079 4219 4219 4219 4219 4219 4219 4079 4079 4079 4089 4089 4089 4219 4219 4219 4089 4089 4089 4220 4220 4220 4220 4220 4220 4089 4089 4089 4088 4088 4088 4220 4220 4220 4088 4088 4088 4221 4221 4221 4221 4221 4221 4088 4088 4088 4086 4086 4086 4221 4221 4221 4086 4086 4086 4222 4222 4222 4222 4222 4222 4086 4086 4086 4084 4084 4084 4222 4222 4222 4084 4084 4084 4223 4223 4223 4223 4223 4223 4084 4084 4084 4083 4083 4083 4223 4223 4223 4083 4083 4083 4224 4224 4224 4083 4083 4083 4090 4090 4090 4224 4224 4224 4224 4224 4224 4090 4090 4090 4092 4092 4092 4224 4224 4224 4092 4092 4092 4225 4225 4225 4225 4225 4225 4092 4092 4092 4093 4093 4093 4225 4225 4225 4093 4093 4093 4226 4226 4226 4226 4226 4226 4093 4093 4093 4095 4095 4095 4226 4226 4226 4095 4095 4095 4227 4227 4227 4227 4227 4227 4095 4095 4095 4096 4096 4096 4227 4227 4227 4096 4096 4096 4228 4228 4228 4228 4228 4228 4096 4096 4096 4098 4098 4098 4228 4228 4228 4098 4098 4098 4229 4229 4229 4229 4229 4229 4098 4098 4098 4099 4099 4099 4229 4229 4229 4099 4099 4099 4230 4230 4230 4230 4230 4230 4099 4099 4099 4052 4052 4052 4052 4052 4052 4199 4199 4199 4230 4230 4230 4230 4230 4230 4199 4199 4199 4201 4201 4201 4230 4230 4230 4201 4201 4201 4229 4229 4229 4229 4229 4229 4201 4201 4201 4231 4231 4231 4229 4229 4229 4231 4231 4231 4228 4228 4228 4228 4228 4228 4231 4231 4231 4232 4232 4232 4228 4228 4228 4232 4232 4232 4227 4227 4227 4227 4227 4227 4232 4232 4232 4233 4233 4233 4227 4227 4227 4233 4233 4233 4226 4226 4226 4226 4226 4226 4233 4233 4233 4234 4234 4234 4226 4226 4226 4234 4234 4234 4225 4225 4225 4225 4225 4225 4234 4234 4234 4235 4235 4235 4225 4225 4225 4235 4235 4235 4224 4224 4224 4224 4224 4224 4235 4235 4235 4236 4236 4236 4224 4224 4224 4236 4236 4236 4223 4223 4223 4223 4223 4223 4236 4236 4236 4237 4237 4237 4223 4223 4223 4237 4237 4237 4222 4222 4222 4222 4222 4222 4237 4237 4237 4238 4238 4238 4222 4222 4222 4238 4238 4238 4221 4221 4221 4221 4221 4221 4238 4238 4238 4239 4239 4239 4221 4221 4221 4239 4239 4239 4220 4220 4220 4220 4220 4220 4239 4239 4239 4240 4240 4240 4220 4220 4220 4240 4240 4240 4219 4219 4219 4219 4219 4219 4240 4240 4240 4241 4241 4241 4219 4219 4219 4241 4241 4241 4218 4218 4218 4218 4218 4218 4241 4241 4241 4242 4242 4242 4218 4218 4218 4242 4242 4242 4217 4217 4217 4217 4217 4217 4242 4242 4242 4243 4243 4243 4217 4217 4217 4243 4243 4243 4216 4216 4216 4216 4216 4216 4243 4243 4243 4244 4244 4244 4216 4216 4216 4244 4244 4244 4215 4215 4215 4215 4215 4215 4244 4244 4244 4245 4245 4245 4215 4215 4215 4245 4245 4245 4214 4214 4214 4214 4214 4214 4245 4245 4245 4246 4246 4246 4214 4214 4214 4246 4246 4246 4213 4213 4213 4213 4213 4213 4246 4246 4246 4247 4247 4247 4213 4213 4213 4247 4247 4247 4212 4212 4212 4212 4212 4212 4247 4247 4247 4248 4248 4248 4212 4212 4212 4248 4248 4248 4211 4211 4211 4211 4211 4211 4248 4248 4248 4249 4249 4249 4211 4211 4211 4249 4249 4249 4210 4210 4210 4210 4210 4210 4249 4249 4249 4250 4250 4250 4210 4210 4210 4250 4250 4250 4209 4209 4209 4209 4209 4209 4250 4250 4250 4251 4251 4251 4209 4209 4209 4251 4251 4251 4208 4208 4208 4208 4208 4208 4251 4251 4251 4252 4252 4252 4208 4208 4208 4252 4252 4252 4207 4207 4207 4207 4207 4207 4252 4252 4252 4253 4253 4253 4207 4207 4207 4253 4253 4253 4206 4206 4206 4206 4206 4206 4253 4253 4253 4254 4254 4254 4206 4206 4206 4254 4254 4254 4205 4205 4205 4205 4205 4205 4254 4254 4254 4255 4255 4255 4205 4205 4205 4255 4255 4255 4204 4204 4204 4204 4204 4204 4255 4255 4255 4256 4256 4256 4204 4204 4204 4256 4256 4256 4203 4203 4203 4203 4203 4203 4256 4256 4256 2534 2534 2534 2534 2534 2534 4256 4256 4256 2535 2535 2535 2535 2535 2535 4256 4256 4256 4255 4255 4255 2535 2535 2535 4255 4255 4255 2529 2529 2529 2529 2529 2529 4255 4255 4255 4254 4254 4254 2529 2529 2529 4254 4254 4254 2530 2530 2530 2530 2530 2530 4254 4254 4254 4253 4253 4253 2530 2530 2530 4253 4253 4253 2536 2536 2536 2536 2536 2536 4253 4253 4253 4252 4252 4252 2536 2536 2536 4252 4252 4252 2537 2537 2537 2537 2537 2537 4252 4252 4252 4251 4251 4251 2537 2537 2537 4251 4251 4251 2525 2525 2525 2525 2525 2525 4251 4251 4251 4250 4250 4250 2525 2525 2525 4250 4250 4250 2526 2526 2526 2526 2526 2526 4250 4250 4250 4249 4249 4249 2526 2526 2526 4249 4249 4249 2527 2527 2527 2527 2527 2527 4249 4249 4249 4248 4248 4248 2527 2527 2527 4248 4248 4248 2528 2528 2528 2528 2528 2528 4248 4248 4248 4247 4247 4247 2528 2528 2528 4247 4247 4247 2520 2520 2520 2520 2520 2520 4247 4247 4247 4246 4246 4246 2520 2520 2520 4246 4246 4246 2521 2521 2521 2521 2521 2521 4246 4246 4246 4245 4245 4245 2521 2521 2521 4245 4245 4245 2522 2522 2522 2522 2522 2522 4245 4245 4245 4244 4244 4244 2522 2522 2522 4244 4244 4244 2523 2523 2523 2523 2523 2523 4244 4244 4244 4243 4243 4243 2523 2523 2523 4243 4243 4243 2513 2513 2513 2513 2513 2513 4243 4243 4243 4242 4242 4242 2513 2513 2513 4242 4242 4242 2514 2514 2514 2514 2514 2514 4242 4242 4242 4241 4241 4241 2514 2514 2514 4241 4241 4241 2517 2517 2517 2517 2517 2517 4241 4241 4241 4240 4240 4240 2517 2517 2517 4240 4240 4240 2515 2515 2515 2515 2515 2515 4240 4240 4240 4239 4239 4239 2515 2515 2515 4239 4239 4239 2516 2516 2516 2516 2516 2516 4239 4239 4239 4238 4238 4238 2516 2516 2516 4238 4238 4238 2518 2518 2518 2518 2518 2518 4238 4238 4238 4237 4237 4237 2518 2518 2518 4237 4237 4237 2519 2519 2519 2519 2519 2519 4237 4237 4237 4236 4236 4236 2519 2519 2519 4236 4236 4236 2503 2503 2503 2503 2503 2503 4236 4236 4236 4235 4235 4235 2503 2503 2503 4235 4235 4235 2504 2504 2504 2504 2504 2504 4235 4235 4235 4234 4234 4234 2504 2504 2504 4234 4234 4234 2506 2506 2506 2506 2506 2506 4234 4234 4234 4233 4233 4233 2506 2506 2506 4233 4233 4233 2507 2507 2507 2507 2507 2507 4233 4233 4233 4232 4232 4232 2507 2507 2507 4232 4232 4232 2508 2508 2508 2508 2508 2508 4232 4232 4232 4231 4231 4231 2508 2508 2508 4231 4231 4231 2509 2509 2509 2509 2509 2509 4231 4231 4231 4201 4201 4201 2509 2509 2509 4201 4201 4201 2510 2510 2510 2510 2510 2510 4201 4201 4201 4200 4200 4200 2510 2510 2510 4200 4200 4200 2511 2511 2511 4202 4202 4202 4203 4203 4203 4257 4257 4257 4258 4258 4258 4259 4259 4259 4260 4260 4260 4002 4002 4002 4261 4261 4261 4003 4003 4003 4003 4003 4003 4261 4261 4261 4262 4262 4262 4003 4003 4003 4262 4262 4262 4004 4004 4004 4004 4004 4004 4262 4262 4262 4263 4263 4263 4004 4004 4004 4263 4263 4263 4005 4005 4005 4005 4005 4005 4263 4263 4263 4264 4264 4264 4005 4005 4005 4264 4264 4264 4006 4006 4006 4006 4006 4006 4264 4264 4264 4260 4260 4260 4006 4006 4006 4260 4260 4260 3998 3998 3998 3998 3998 3998 4260 4260 4260 4259 4259 4259 3998 3998 3998 4259 4259 4259 3999 3999 3999 4002 4002 4002 4202 4202 4202 4261 4261 4261 4261 4261 4261 4202 4202 4202 4257 4257 4257 4261 4261 4261 4257 4257 4257 4262 4262 4262 4262 4262 4262 4257 4257 4257 4265 4265 4265 4262 4262 4262 4265 4265 4265 4263 4263 4263 4263 4263 4263 4265 4265 4265 4266 4266 4266 4263 4263 4263 4266 4266 4266 4264 4264 4264 4264 4264 4264 4266 4266 4266 4267 4267 4267 4264 4264 4264 4267 4267 4267 4260 4260 4260 4260 4260 4260 4267 4267 4267 4268 4268 4268 4260 4260 4260 4268 4268 4268 4258 4258 4258 4258 4258 4258 4268 4268 4268 2549 2549 2549 2549 2549 2549 4268 4268 4268 2550 2550 2550 2550 2550 2550 4268 4268 4268 4267 4267 4267 2550 2550 2550 4267 4267 4267 2539 2539 2539 2539 2539 2539 4267 4267 4267 4266 4266 4266 2539 2539 2539 4266 4266 4266 2541 2541 2541 2541 2541 2541 4266 4266 4266 4265 4265 4265 2541 2541 2541 4265 4265 4265 2542 2542 2542 2542 2542 2542 4265 4265 4265 4257 4257 4257 2542 2542 2542 4257 4257 4257 2532 2532 2532 2532 2532 2532 4257 4257 4257 4203 4203 4203 2532 2532 2532 4203 4203 4203 2534 2534 2534 4269 4269 4269 4270 4270 4270 4271 4271 4271 4200 4200 4200 4199 4199 4199 4272 4272 4272 4007 4007 4007 4273 4273 4273 4054 4054 4054 4054 4054 4054 4273 4273 4273 4274 4274 4274 4054 4054 4054 4274 4274 4274 4055 4055 4055 4055 4055 4055 4274 4274 4274 4275 4275 4275 4055 4055 4055 4275 4275 4275 4056 4056 4056 4056 4056 4056 4275 4275 4275 4276 4276 4276 4056 4056 4056 4276 4276 4276 4057 4057 4057 4057 4057 4057 4276 4276 4276 4272 4272 4272 4057 4057 4057 4272 4272 4272 4051 4051 4051 4051 4051 4051 4272 4272 4272 4199 4199 4199 4051 4051 4051 4199 4199 4199 4052 4052 4052 4007 4007 4007 4269 4269 4269 4273 4273 4273 4273 4273 4273 4269 4269 4269 4271 4271 4271 4273 4273 4273 4271 4271 4271 4274 4274 4274 4274 4274 4274 4271 4271 4271 4277 4277 4277 4274 4274 4274 4277 4277 4277 4275 4275 4275 4275 4275 4275 4277 4277 4277 4278 4278 4278 4275 4275 4275 4278 4278 4278 4276 4276 4276 4276 4276 4276 4278 4278 4278 4279 4279 4279 4276 4276 4276 4279 4279 4279 4272 4272 4272 4272 4272 4272 4279 4279 4279 4280 4280 4280 4272 4272 4272 4280 4280 4280 4200 4200 4200 4200 4200 4200 4280 4280 4280 2511 2511 2511 2511 2511 2511 4280 4280 4280 2578 2578 2578 2578 2578 2578 4280 4280 4280 4279 4279 4279 2578 2578 2578 4279 4279 4279 2579 2579 2579 2579 2579 2579 4279 4279 4279 4278 4278 4278 2579 2579 2579 4278 4278 4278 2581 2581 2581 2581 2581 2581 4278 4278 4278 4277 4277 4277 2581 2581 2581 4277 4277 4277 2582 2582 2582 2582 2582 2582 4277 4277 4277 4271 4271 4271 2582 2582 2582 4271 4271 4271 2572 2572 2572 2572 2572 2572 4271 4271 4271 4270 4270 4270 2572 2572 2572 4270 4270 4270 2574 2574 2574 4259 4259 4259 4258 4258 4258 4281 4281 4281 4269 4269 4269 4007 4007 4007 4009 4009 4009 4270 4270 4270 4269 4269 4269 4282 4282 4282 4269 4269 4269 4009 4009 4009 4282 4282 4282 4282 4282 4282 4009 4009 4009 4011 4011 4011 4282 4282 4282 4011 4011 4011 4283 4283 4283 4283 4283 4283 4011 4011 4011 4012 4012 4012 4283 4283 4283 4012 4012 4012 4284 4284 4284 4284 4284 4284 4012 4012 4012 4014 4014 4014 4284 4284 4284 4014 4014 4014 4285 4285 4285 4285 4285 4285 4014 4014 4014 4015 4015 4015 4285 4285 4285 4015 4015 4015 4286 4286 4286 4286 4286 4286 4015 4015 4015 4017 4017 4017 4286 4286 4286 4017 4017 4017 4287 4287 4287 4287 4287 4287 4017 4017 4017 4018 4018 4018 4287 4287 4287 4018 4018 4018 4288 4288 4288 4288 4288 4288 4018 4018 4018 4020 4020 4020 4288 4288 4288 4020 4020 4020 4289 4289 4289 4289 4289 4289 4020 4020 4020 4027 4027 4027 4289 4289 4289 4027 4027 4027 4290 4290 4290 4027 4027 4027 4026 4026 4026 4290 4290 4290 4290 4290 4290 4026 4026 4026 4025 4025 4025 4290 4290 4290 4025 4025 4025 4291 4291 4291 4291 4291 4291 4025 4025 4025 4024 4024 4024 4291 4291 4291 4024 4024 4024 4292 4292 4292 4292 4292 4292 4024 4024 4024 4022 4022 4022 4292 4292 4292 4022 4022 4022 4293 4293 4293 4293 4293 4293 4022 4022 4022 4033 4033 4033 4293 4293 4293 4033 4033 4033 4294 4294 4294 4294 4294 4294 4033 4033 4033 4032 4032 4032 4294 4294 4294 4032 4032 4032 4295 4295 4295 4295 4295 4295 4032 4032 4032 4031 4031 4031 4295 4295 4295 4031 4031 4031 4296 4296 4296 4296 4296 4296 4031 4031 4031 4030 4030 4030 4296 4296 4296 4030 4030 4030 4297 4297 4297 4297 4297 4297 4030 4030 4030 4040 4040 4040 4297 4297 4297 4040 4040 4040 4298 4298 4298 4298 4298 4298 4040 4040 4040 4039 4039 4039 4298 4298 4298 4039 4039 4039 4299 4299 4299 4299 4299 4299 4039 4039 4039 4037 4037 4037 4299 4299 4299 4037 4037 4037 4300 4300 4300 4300 4300 4300 4037 4037 4037 4035 4035 4035 4300 4300 4300 4035 4035 4035 4301 4301 4301 4301 4301 4301 4035 4035 4035 4034 4034 4034 4301 4301 4301 4034 4034 4034 4302 4302 4302 4034 4034 4034 4041 4041 4041 4302 4302 4302 4302 4302 4302 4041 4041 4041 4043 4043 4043 4302 4302 4302 4043 4043 4043 4303 4303 4303 4303 4303 4303 4043 4043 4043 4044 4044 4044 4303 4303 4303 4044 4044 4044 4304 4304 4304 4304 4304 4304 4044 4044 4044 4046 4046 4046 4304 4304 4304 4046 4046 4046 4305 4305 4305 4305 4305 4305 4046 4046 4046 4047 4047 4047 4305 4305 4305 4047 4047 4047 4306 4306 4306 4306 4306 4306 4047 4047 4047 4049 4049 4049 4306 4306 4306 4049 4049 4049 4307 4307 4307 4307 4307 4307 4049 4049 4049 4050 4050 4050 4307 4307 4307 4050 4050 4050 4308 4308 4308 4308 4308 4308 4050 4050 4050 3999 3999 3999 3999 3999 3999 4259 4259 4259 4308 4308 4308 4308 4308 4308 4259 4259 4259 4281 4281 4281 4308 4308 4308 4281 4281 4281 4307 4307 4307 4307 4307 4307 4281 4281 4281 4309 4309 4309 4307 4307 4307 4309 4309 4309 4306 4306 4306 4306 4306 4306 4309 4309 4309 4310 4310 4310 4306 4306 4306 4310 4310 4310 4305 4305 4305 4305 4305 4305 4310 4310 4310 4311 4311 4311 4305 4305 4305 4311 4311 4311 4304 4304 4304 4304 4304 4304 4311 4311 4311 4312 4312 4312 4304 4304 4304 4312 4312 4312 4303 4303 4303 4303 4303 4303 4312 4312 4312 4313 4313 4313 4303 4303 4303 4313 4313 4313 4302 4302 4302 4302 4302 4302 4313 4313 4313 4314 4314 4314 4302 4302 4302 4314 4314 4314 4301 4301 4301 4301 4301 4301 4314 4314 4314 4315 4315 4315 4301 4301 4301 4315 4315 4315 4300 4300 4300 4300 4300 4300 4315 4315 4315 4316 4316 4316 4300 4300 4300 4316 4316 4316 4299 4299 4299 4299 4299 4299 4316 4316 4316 4317 4317 4317 4299 4299 4299 4317 4317 4317 4298 4298 4298 4298 4298 4298 4317 4317 4317 4318 4318 4318 4298 4298 4298 4318 4318 4318 4297 4297 4297 4297 4297 4297 4318 4318 4318 4319 4319 4319 4297 4297 4297 4319 4319 4319 4296 4296 4296 4296 4296 4296 4319 4319 4319 4320 4320 4320 4296 4296 4296 4320 4320 4320 4295 4295 4295 4295 4295 4295 4320 4320 4320 4321 4321 4321 4295 4295 4295 4321 4321 4321 4294 4294 4294 4294 4294 4294 4321 4321 4321 4322 4322 4322 4294 4294 4294 4322 4322 4322 4293 4293 4293 4293 4293 4293 4322 4322 4322 4323 4323 4323 4293 4293 4293 4323 4323 4323 4292 4292 4292 4292 4292 4292 4323 4323 4323 4324 4324 4324 4292 4292 4292 4324 4324 4324 4291 4291 4291 4291 4291 4291 4324 4324 4324 4325 4325 4325 4291 4291 4291 4325 4325 4325 4290 4290 4290 4290 4290 4290 4325 4325 4325 4326 4326 4326 4290 4290 4290 4326 4326 4326 4289 4289 4289 4289 4289 4289 4326 4326 4326 4327 4327 4327 4289 4289 4289 4327 4327 4327 4288 4288 4288 4288 4288 4288 4327 4327 4327 4328 4328 4328 4288 4288 4288 4328 4328 4328 4287 4287 4287 4287 4287 4287 4328 4328 4328 4329 4329 4329 4287 4287 4287 4329 4329 4329 4286 4286 4286 4286 4286 4286 4329 4329 4329 4330 4330 4330 4286 4286 4286 4330 4330 4330 4285 4285 4285 4285 4285 4285 4330 4330 4330 4331 4331 4331 4285 4285 4285 4331 4331 4331 4284 4284 4284 4284 4284 4284 4331 4331 4331 4332 4332 4332 4284 4284 4284 4332 4332 4332 4283 4283 4283 4283 4283 4283 4332 4332 4332 4333 4333 4333 4283 4283 4283 4333 4333 4333 4282 4282 4282 4282 4282 4282 4333 4333 4333 4334 4334 4334 4282 4282 4282 4334 4334 4334 4270 4270 4270 4270 4270 4270 4334 4334 4334 2574 2574 2574 2574 2574 2574 4334 4334 4334 2575 2575 2575 2575 2575 2575 4334 4334 4334 4333 4333 4333 2575 2575 2575 4333 4333 4333 2569 2569 2569 2569 2569 2569 4333 4333 4333 4332 4332 4332 2569 2569 2569 4332 4332 4332 2570 2570 2570 2570 2570 2570 4332 4332 4332 4331 4331 4331 2570 2570 2570 4331 4331 4331 2576 2576 2576 2576 2576 2576 4331 4331 4331 4330 4330 4330 2576 2576 2576 4330 4330 4330 2577 2577 2577 2577 2577 2577 4330 4330 4330 4329 4329 4329 2577 2577 2577 4329 4329 4329 2565 2565 2565 2565 2565 2565 4329 4329 4329 4328 4328 4328 2565 2565 2565 4328 4328 4328 2566 2566 2566 2566 2566 2566 4328 4328 4328 4327 4327 4327 2566 2566 2566 4327 4327 4327 2567 2567 2567 2567 2567 2567 4327 4327 4327 4326 4326 4326 2567 2567 2567 4326 4326 4326 2568 2568 2568 2568 2568 2568 4326 4326 4326 4325 4325 4325 2568 2568 2568 4325 4325 4325 2560 2560 2560 2560 2560 2560 4325 4325 4325 4324 4324 4324 2560 2560 2560 4324 4324 4324 2561 2561 2561 2561 2561 2561 4324 4324 4324 4323 4323 4323 2561 2561 2561 4323 4323 4323 2562 2562 2562 2562 2562 2562 4323 4323 4323 4322 4322 4322 2562 2562 2562 4322 4322 4322 2563 2563 2563 2563 2563 2563 4322 4322 4322 4321 4321 4321 2563 2563 2563 4321 4321 4321 2551 2551 2551 2551 2551 2551 4321 4321 4321 4320 4320 4320 2551 2551 2551 4320 4320 4320 2552 2552 2552 2552 2552 2552 4320 4320 4320 4319 4319 4319 2552 2552 2552 4319 4319 4319 2555 2555 2555 2555 2555 2555 4319 4319 4319 4318 4318 4318 2555 2555 2555 4318 4318 4318 2553 2553 2553 2553 2553 2553 4318 4318 4318 4317 4317 4317 2553 2553 2553 4317 4317 4317 2554 2554 2554 2554 2554 2554 4317 4317 4317 4316 4316 4316 2554 2554 2554 4316 4316 4316 2556 2556 2556 2556 2556 2556 4316 4316 4316 4315 4315 4315 2556 2556 2556 4315 4315 4315 2557 2557 2557 2557 2557 2557 4315 4315 4315 4314 4314 4314 2557 2557 2557 4314 4314 4314 2558 2558 2558 2558 2558 2558 4314 4314 4314 4313 4313 4313 2558 2558 2558 4313 4313 4313 2559 2559 2559 2559 2559 2559 4313 4313 4313 4312 4312 4312 2559 2559 2559 4312 4312 4312 2543 2543 2543 2543 2543 2543 4312 4312 4312 4311 4311 4311 2543 2543 2543 4311 4311 4311 2544 2544 2544 2544 2544 2544 4311 4311 4311 4310 4310 4310 2544 2544 2544 4310 4310 4310 2546 2546 2546 2546 2546 2546 4310 4310 4310 4309 4309 4309 2546 2546 2546 4309 4309 4309 2547 2547 2547 2547 2547 2547 4309 4309 4309 4281 4281 4281 2547 2547 2547 4281 4281 4281 2548 2548 2548 2548 2548 2548 4281 4281 4281 4258 4258 4258 2548 2548 2548 4258 4258 4258 2549 2549 2549 948 948 948 968 968 968 993 993 993 948 948 948 993 993 993 949 949 949 949 949 949 993 993 993 994 994 994 949 949 949 994 994 994 950 950 950 950 950 950 994 994 994 986 986 986 950 950 950 986 986 986 951 951 951 951 951 951 986 986 986 970 970 970 951 951 951 970 970 970 952 952 952 671 671 671 975 975 975 1009 1009 1009 671 671 671 1009 1009 1009 672 672 672 672 672 672 1009 1009 1009 1007 1007 1007 672 672 672 1007 1007 1007 675 675 675 675 675 675 1007 1007 1007 1005 1005 1005 675 675 675 1005 1005 1005 676 676 676 676 676 676 1005 1005 1005 966 966 966 676 676 676 966 966 966 677 677 677 954 954 954 971 971 971 989 989 989 954 954 954 989 989 989 953 953 953 953 953 953 989 989 989 988 988 988 953 953 953 988 988 988 955 955 955 955 955 955 988 988 988 985 985 985 955 955 955 985 985 985 956 956 956 956 956 956 985 985 985 974 974 974 956 956 956 974 974 974 837 837 837 670 670 670 972 972 972 1013 1013 1013 670 670 670 1013 1013 1013 669 669 669 669 669 669 1013 1013 1013 1012 1012 1012 669 669 669 1012 1012 1012 667 667 667 667 667 667 1012 1012 1012 1010 1010 1010 667 667 667 1010 1010 1010 678 678 678 678 678 678 1010 1010 1010 976 976 976 678 678 678 976 976 976 674 674 674 1315 1315 1315 1329 1329 1329 710 710 710 710 710 710 1329 1329 1329 707 707 707 1333 1333 1333 1331 1331 1331 715 715 715 715 715 715 1331 1331 1331 811 811 811 945 945 945 944 944 944 1320 1320 1320 1320 1320 1320 944 944 944 1323 1323 1323 1357 1357 1357 978 978 978 659 659 659 659 659 659 978 978 978 661 661 661 1367 1367 1367 698 698 698 1369 1369 1369 1369 1369 1369 698 698 698 798 798 798 1369 1369 1369 798 798 798 666 666 666 700 700 700 699 699 699 1362 1362 1362 1362 1362 1362 699 699 699 1363 1363 1363 703 703 703 963 963 963 1316 1316 1316 703 703 703 1316 1316 1316 704 704 704 704 704 704 1316 1316 1316 1314 1314 1314 704 704 704 1314 1314 1314 708 708 708 708 708 708 1314 1314 1314 1313 1313 1313 708 708 708 1313 1313 1313 709 709 709 709 709 709 1313 1313 1313 1315 1315 1315 709 709 709 1315 1315 1315 710 710 710 945 945 945 1320 1320 1320 946 946 946 946 946 946 1320 1320 1320 1319 1319 1319 946 946 946 1319 1319 1319 940 940 940 1319 1319 1319 1318 1318 1318 940 940 940 940 940 940 1318 1318 1318 1317 1317 1317 940 940 940 1317 1317 1317 937 937 937 937 937 937 1317 1317 1317 962 962 962 937 937 937 962 962 962 938 938 938 707 707 707 1329 1329 1329 1328 1328 1328 707 707 707 1328 1328 1328 711 711 711 711 711 711 1328 1328 1328 1327 1327 1327 711 711 711 1327 1327 1327 712 712 712 712 712 712 1327 1327 1327 1334 1334 1334 712 712 712 1334 1334 1334 714 714 714 714 714 714 1334 1334 1334 1333 1333 1333 714 714 714 1333 1333 1333 715 715 715 811 811 811 1331 1331 1331 1330 1330 1330 811 811 811 1330 1330 1330 943 943 943 943 943 943 1330 1330 1330 1326 1326 1326 943 943 943 1326 1326 1326 942 942 942 942 942 942 1326 1326 1326 1324 1324 1324 942 942 942 1324 1324 1324 941 941 941 941 941 941 1324 1324 1324 1323 1323 1323 941 941 941 1323 1323 1323 944 944 944 655 655 655 965 965 965 1358 1358 1358 655 655 655 1358 1358 1358 656 656 656 656 656 656 1358 1358 1358 1356 1356 1356 656 656 656 1356 1356 1356 657 657 657 657 657 657 1356 1356 1356 1355 1355 1355 657 657 657 1355 1355 1355 658 658 658 658 658 658 1355 1355 1355 1357 1357 1357 658 658 658 1357 1357 1357 659 659 659 700 700 700 1362 1362 1362 701 701 701 701 701 701 1362 1362 1362 1361 1361 1361 701 701 701 1361 1361 1361 694 694 694 1361 1361 1361 1360 1360 1360 694 694 694 694 694 694 1360 1360 1360 1359 1359 1359 694 694 694 1359 1359 1359 691 691 691 691 691 691 1359 1359 1359 964 964 964 691 691 691 964 964 964 692 692 692 661 661 661 978 978 978 977 977 977 661 661 661 977 977 977 663 663 663 663 663 663 977 977 977 1371 1371 1371 663 663 663 1371 1371 1371 664 664 664 664 664 664 1371 1371 1371 1370 1370 1370 664 664 664 1370 1370 1370 665 665 665 665 665 665 1370 1370 1370 1369 1369 1369 665 665 665 1369 1369 1369 666 666 666 698 698 698 1367 1367 1367 1366 1366 1366 698 698 698 1366 1366 1366 697 697 697 697 697 697 1366 1366 1366 1365 1365 1365 697 697 697 1365 1365 1365 695 695 695 695 695 695 1365 1365 1365 1364 1364 1364 695 695 695 1364 1364 1364 716 716 716 716 716 716 1364 1364 1364 1363 1363 1363 716 716 716 1363 1363 1363 699 699 699 4335 4335 4335 749 749 749 652 652 652 4335 4335 4335 652 652 652 4336 4336 4336 749 749 749 4335 4335 4335 764 764 764 764 764 764 4335 4335 4335 4337 4337 4337 764 764 764 4337 4337 4337 762 762 762 762 762 762 4337 4337 4337 760 760 760 760 760 760 4337 4337 4337 4338 4338 4338 760 760 760 4338 4338 4338 758 758 758 758 758 758 4338 4338 4338 756 756 756 756 756 756 4338 4338 4338 4339 4339 4339 756 756 756 4339 4339 4339 754 754 754 744 744 744 743 743 743 4340 4340 4340 754 754 754 4339 4339 4339 753 753 753 753 753 753 4339 4339 4339 4340 4340 4340 753 753 753 4340 4340 4340 752 752 752 752 752 752 4340 4340 4340 743 743 743 752 752 752 743 743 743 750 750 750 4340 4340 4340 4341 4341 4341 744 744 744 744 744 744 4341 4341 4341 4342 4342 4342 744 744 744 4342 4342 4342 740 740 740 740 740 740 4342 4342 4342 4343 4343 4343 740 740 740 4343 4343 4343 741 741 741 652 652 652 653 653 653 4336 4336 4336 4336 4336 4336 653 653 653 649 649 649 4336 4336 4336 649 649 649 4344 4344 4344 4344 4344 4344 649 649 649 648 648 648 4344 4344 4344 648 648 648 4345 4345 4345 4345 4345 4345 648 648 648 647 647 647 4345 4345 4345 647 647 647 4346 4346 4346 4346 4346 4346 647 647 647 738 738 738 4346 4346 4346 738 738 738 4343 4343 4343 4343 4343 4343 738 738 738 874 874 874 4343 4343 4343 874 874 874 741 741 741 4342 4342 4342 4341 4341 4341 4347 4347 4347 4347 4347 4347 4341 4341 4341 4340 4340 4340 4347 4347 4347 4340 4340 4340 4339 4339 4339 4345 4345 4345 4346 4346 4346 4347 4347 4347 4347 4347 4347 4346 4346 4346 4343 4343 4343 4347 4347 4347 4343 4343 4343 4342 4342 4342 4335 4335 4335 4336 4336 4336 4347 4347 4347 4347 4347 4347 4336 4336 4336 4344 4344 4344 4347 4347 4347 4344 4344 4344 4345 4345 4345 4339 4339 4339 4338 4338 4338 4347 4347 4347 4347 4347 4347 4338 4338 4338 4337 4337 4337 4347 4347 4347 4337 4337 4337 4335 4335 4335 4348 4348 4348 4349 4349 4349 632 632 632 4350 4350 4350 636 636 636 4351 4351 4351 4351 4351 4351 636 636 636 635 635 635 4351 4351 4351 635 635 635 4349 4349 4349 4349 4349 4349 635 635 635 633 633 633 4349 4349 4349 633 633 633 632 632 632 4352 4352 4352 638 638 638 4350 4350 4350 4350 4350 4350 638 638 638 637 637 637 4350 4350 4350 637 637 637 636 636 636 4353 4353 4353 780 780 780 4352 4352 4352 4352 4352 4352 780 780 780 778 778 778 4352 4352 4352 778 778 778 638 638 638 4354 4354 4354 784 784 784 4353 4353 4353 4353 4353 4353 784 784 784 782 782 782 4353 4353 4353 782 782 782 780 780 780 4355 4355 4355 774 774 774 4354 4354 4354 4354 4354 4354 774 774 774 785 785 785 4354 4354 4354 785 785 785 784 784 784 4356 4356 4356 771 771 771 4355 4355 4355 4355 4355 4355 771 771 771 772 772 772 4355 4355 4355 772 772 772 774 774 774 4357 4357 4357 755 755 755 4356 4356 4356 4356 4356 4356 755 755 755 748 748 748 748 748 748 746 746 746 4356 4356 4356 4356 4356 4356 746 746 746 745 745 745 4356 4356 4356 745 745 745 771 771 771 4358 4358 4358 4359 4359 4359 763 763 763 763 763 763 761 761 761 4358 4358 4358 4358 4358 4358 761 761 761 759 759 759 4358 4358 4358 759 759 759 4357 4357 4357 4357 4357 4357 759 759 759 757 757 757 4357 4357 4357 757 757 757 755 755 755 632 632 632 651 651 651 4348 4348 4348 4348 4348 4348 651 651 651 766 766 766 4348 4348 4348 766 766 766 4359 4359 4359 4359 4359 4359 766 766 766 765 765 765 4359 4359 4359 765 765 765 763 763 763 4358 4358 4358 4357 4357 4357 4360 4360 4360 4360 4360 4360 4357 4357 4357 4356 4356 4356 4360 4360 4360 4356 4356 4356 4355 4355 4355 4349 4349 4349 4348 4348 4348 4360 4360 4360 4360 4360 4360 4348 4348 4348 4359 4359 4359 4360 4360 4360 4359 4359 4359 4358 4358 4358 4352 4352 4352 4350 4350 4350 4360 4360 4360 4360 4360 4360 4350 4350 4350 4351 4351 4351 4360 4360 4360 4351 4351 4351 4349 4349 4349 4355 4355 4355 4354 4354 4354 4360 4360 4360 4360 4360 4360 4354 4354 4354 4353 4353 4353 4360 4360 4360 4353 4353 4353 4352 4352 4352 4361 4361 4361 639 639 639 4362 4362 4362 4362 4362 4362 639 639 639 641 641 641 4362 4362 4362 641 641 641 4363 4363 4363 4363 4363 4363 641 641 641 4364 4364 4364 4365 4365 4365 644 644 644 4361 4361 4361 4361 4361 4361 644 644 644 643 643 643 4361 4361 4361 643 643 643 639 639 639 4366 4366 4366 786 786 786 4367 4367 4367 4367 4367 4367 786 786 786 790 790 790 4367 4367 4367 790 790 790 4368 4368 4368 4368 4368 4368 790 790 790 788 788 788 4368 4368 4368 788 788 788 4365 4365 4365 4365 4365 4365 788 788 788 787 787 787 4365 4365 4365 787 787 787 644 644 644 4369 4369 4369 736 736 736 4366 4366 4366 4366 4366 4366 736 736 736 735 735 735 4366 4366 4366 735 735 735 786 786 786 4370 4370 4370 773 773 773 4369 4369 4369 4369 4369 4369 773 773 773 770 770 770 770 770 770 769 769 769 4369 4369 4369 4369 4369 4369 769 769 769 767 767 767 4369 4369 4369 767 767 767 736 736 736 4371 4371 4371 4372 4372 4372 781 781 781 781 781 781 783 783 783 4371 4371 4371 4371 4371 4371 783 783 783 776 776 776 4371 4371 4371 776 776 776 4370 4370 4370 4370 4370 4370 776 776 776 775 775 775 4370 4370 4370 775 775 775 773 773 773 641 641 641 642 642 642 4364 4364 4364 4364 4364 4364 642 642 642 777 777 777 4364 4364 4364 777 777 777 4372 4372 4372 4372 4372 4372 777 777 777 779 779 779 4372 4372 4372 779 779 779 781 781 781 4371 4371 4371 4370 4370 4370 4373 4373 4373 4373 4373 4373 4370 4370 4370 4369 4369 4369 4373 4373 4373 4369 4369 4369 4366 4366 4366 4363 4363 4363 4364 4364 4364 4373 4373 4373 4373 4373 4373 4364 4364 4364 4372 4372 4372 4373 4373 4373 4372 4372 4372 4371 4371 4371 4365 4365 4365 4361 4361 4361 4373 4373 4373 4373 4373 4373 4361 4361 4361 4362 4362 4362 4373 4373 4373 4362 4362 4362 4363 4363 4363 4366 4366 4366 4367 4367 4367 4373 4373 4373 4373 4373 4373 4367 4367 4367 4368 4368 4368 4373 4373 4373 4368 4368 4368 4365 4365 4365</p>
        </triangles>
      </mesh>
    </geometry>
  </library_geometries>
  <library_materials>
    <material id="4d51b043efdc4573856e806f57d07cfa" name="defaultmaterial">
      <instance_effect url="#79aef42c63574b5caaf3347517c6b9bb"/>
    </material>
  </library_materials>
  <library_visual_scenes>
    <visual_scene id="scene">
      <node id="node0" name="node0">
        <instance_geometry url="#e98a0aae461a4be3a207cadb94716838">
          <bind_material>
            <technique_common>
              <instance_material symbol="material0" target="#4d51b043efdc4573856e806f57d07cfa"/>
            </technique_common>
          </bind_material>
        </instance_geometry>
      </node>
    </visual_scene>
  </library_visual_scenes>
  <scene>
    <instance_visual_scene url="#scene"/>
  </scene>
</COLLADA>
