<COLLADA xmlns="http://www.collada.org/2005/11/COLLADASchema" version="1.4.1">
  <asset>
    <contributor/>
    <created>2026-02-14T18:48:54.708255</created>
    <modified>2026-02-14T18:48:54.708255</modified>
    <unit name="meter" meter="1.0"/>
    <up_axis>Z_UP</up_axis>
  </asset>
  <library_effects>
    <effect id="effect_joint_leg_for_soft_link___center_leg_pipe_1" name="effect_joint_leg_for_soft_link___center_leg_pipe_1">
      <profile_COMMON>
        <technique sid="common">
          <phong>
            <emission>
              <color>0.0 0.0 0.0 1.0</color>
            </emission>
            <ambient>
              <color>0.0 0.0 0.0 1.0</color>
            </ambient>
            <diffuse>
              <color>0.6784313917160034 0.7098039388656616 0.7411764860153198 1.0</color>
            </diffuse>
            <specular>
              <color>1 1 1 1.0</color>
            </specular>
            <shininess>
              <float>0.0</float>
            </shininess>
            <reflective>
              <color>0.0 0.0 0.0 1.0</color>
            </reflective>
            <reflectivity>
              <float>0.0</float>
            </reflectivity>
            <transparent>
              <color>0.0 0.0 0.0 1.0</color>
            </transparent>
            <transparency>
              <float>1.0</float>
            </transparency>
          </phong>
        </technique>
        <extra>
          <technique profile="GOOGLEEARTH">
            <double_sided>0</double_sided>
          </technique>
        </extra>
      </profile_COMMON>
    </effect>
    <effect id="effect_joint_leg_for_soft_link___leg_mount_up_1" name="effect_joint_leg_for_soft_link___leg_mount_up_1">
      <profile_COMMON>
        <technique sid="common">
          <phong>
            <emission>
              <color>0.0 0.0 0.0 1.0</color>
            </emission>
            <ambient>
              <color>0.0 0.0 0.0 1.0</color>
            </ambient>
            <diffuse>
              <color>0.6784313917160034 0.7098039388656616 0.7411764860153198 1.0</color>
            </diffuse>
            <specular>
              <color>1 1 1 1.0</color>
            </specular>
            <shininess>
              <float>0.0</float>
            </shininess>
            <reflective>
              <color>0.0 0.0 0.0 1.0</color>
            </reflective>
            <reflectivity>
              <float>0.0</float>
            </reflectivity>
            <transparent>
              <color>0.0 0.0 0.0 1.0</color>
            </transparent>
            <transparency>
              <float>1.0</float>
            </transparency>
          </phong>
        </technique>
        <extra>
          <technique profile="GOOGLEEARTH">
            <double_sided>0</double_sided>
          </technique>
        </extra>
      </profile_COMMON>
    </effect>
    <effect id="effect_joint_leg_for_soft_link___leg_mount_down_1" name="effect_joint_leg_for_soft_link___leg_mount_down_1">
      <profile_COMMON>
        <technique sid="common">
          <phong>
            <emission>
              <color>0.0 0.0 0.0 1.0</color>
            </emission>
            <ambient>
              <color>0.0 0.0 0.0 1.0</color>
            </ambient>
            <diffuse>
              <color>0.6784313917160034 0.7098039388656616 0.7411764860153198 1.0</color>
            </diffuse>
            <specular>
              <color>1 1 1 1.0</color>
            </specular>
            <shininess>
              <float>0.0</float>
            </shininess>
            <reflective>
              <color>0.0 0.0 0.0 1.0</color>
            </reflective>
            <reflectivity>
              <float>0.0</float>
            </reflectivity>
            <transparent>
              <color>0.0 0.0 0.0 1.0</color>
            </transparent>
            <transparency>
              <float>1.0</float>
            </transparency>
          </phong>
        </technique>
        <extra>
          <technique profile="GOOGLEEARTH">
            <double_sided>0</double_sided>
          </technique>
        </extra>
      </profile_COMMON>
    </effect>
  </library_effects>
  <library_geometries>
    <geometry id="geometry0" name="joint_leg_for_soft_link___center_leg_pipe_1">
      <mesh>
        <source id="cubeverts-array0">
          <float_array count="456" id="cubeverts-array0-array">0.03465242 0.01139056 0.025 0.03465242 0.01139056 0.15285 0.03469561 0.0103738 0.025 0.03469561 0.0103738 0.15285 0.03478168 0.01239999 0.025 0.03478168 0.01239999 0.15285 0.03491001 0.009378973 0.025 0.03491001 0.009378973 0.15285 0.03507968 0.01337305 0.025 0.03507968 0.01337305 0.15285 0.03515197 0.01136934 0.025 0.03515197 0.01136934 0.15285 0.03519156 0.01043731 0.025 0.03519156 0.01043731 0.15285 0.03527046 0.01229465 0.025 0.03527046 0.01229465 0.15285 0.03528946 0.008434688 0.025 0.03528946 0.008434688 0.15285 0.0353881 0.009525385 0.025 0.0353881 0.009525385 0.15285 0.03553784 0.01428175 0.025 0.03553784 0.01428175 0.15285 0.03554362 0.01318662 0.025 0.03554362 0.01318662 0.15285 0.03573592 0.008659789 0.025 0.03573592 0.008659789 0.15285 0.03582303 0.007568111 0.025 0.03582303 0.007568111 0.15285 0.0359636 0.0140196 0.025 0.0359636 0.0140196 0.15285 0.03614298 0.01509996 0.025 0.03614298 0.01509996 0.15285 0.03622503 0.007865427 0.025 0.03622503 0.007865427 0.15285 0.03649538 0.006804174 0.025 0.03649538 0.006804174 0.15285 0.03651831 0.01476962 0.025 0.03651831 0.01476962 0.15285 0.03684135 0.007165152 0.025 0.03684135 0.007165152 0.15285 0.03687769 0.01580412 0.025 0.03687769 0.01580412 0.15285 0.0371918 0.01541511 0.025 0.0371918 0.01541511 0.15285 0.03728716 0.006164852 0.025 0.03728716 0.006164852 0.15285 0.03756715 0.006579107 0.025 0.03756715 0.006579107 0.15285 0.03772084 0.01637399 0.025 0.03772084 0.01637399 0.15285 0.03796469 0.01593749 0.025 0.03796469 0.01593749 0.15285 0.03817561 0.005668539 0.025 0.03817561 0.005668539 0.15285 0.03838156 0.006124153 0.025 0.03838156 0.006124153 0.15285 0.03864817 0.01679317 0.025 0.03864817 0.01679317 0.15285 0.03881474 0.01632174 0.025 0.03881474 0.01632174 0.15285 0.03913514 0.005329513 0.025 0.03913514 0.005329513 0.15285 0.03926114 0.005813379 0.025 0.03926114 0.005813379 0.15285 0.03963301 0.01704961 0.025 0.03963301 0.01704961 0.15285 0.03971751 0.0165568 0.025 0.03971751 0.0165568 0.15285 0.04013818 0.005157525 0.025 0.04013818 0.005157525 0.15285 0.04018058 0.005655724 0.025 0.04018058 0.005655724 0.15285 0.04064701 0.00513591 0.025 0.04064701 0.00513591 0.15285 0.04064701 0.00563591 0.025 0.04064701 0.00563591 0.15285 0.04064701 0.01663591 0.025 0.04064701 0.01663591 0.15285 0.04064701 0.01713591 0.025 0.04064701 0.01713591 0.15285 0.04111345 0.005655724 0.025 0.04111345 0.005655724 0.15285 0.04115585 0.005157525 0.025 0.04115585 0.005157525 0.15285 0.04157652 0.0165568 0.025 0.04157652 0.0165568 0.15285 0.04166102 0.01704961 0.025 0.04166102 0.01704961 0.15285 0.04203289 0.005813379 0.025 0.04203289 0.005813379 0.15285 0.04215888 0.005329513 0.025 0.04215888 0.005329513 0.15285 0.04247928 0.01632174 0.025 0.04247928 0.01632174 0.15285 0.04264585 0.01679317 0.025 0.04264585 0.01679317 0.15285 0.04291247 0.006124153 0.025 0.04291247 0.006124153 0.15285 0.04311842 0.005668539 0.025 0.04311842 0.005668539 0.15285 0.04332933 0.01593749 0.025 0.04332933 0.01593749 0.15285 0.04357318 0.01637399 0.025 0.04357318 0.01637399 0.15285 0.04372688 0.006579107 0.025 0.04372688 0.006579107 0.15285 0.04400686 0.006164852 0.025 0.04400686 0.006164852 0.15285 0.04410222 0.01541511 0.025 0.04410222 0.01541511 0.15285 0.04441633 0.01580412 0.025 0.04441633 0.01580412 0.15285 0.04445267 0.007165152 0.025 0.04445267 0.007165152 0.15285 0.04477571 0.01476962 0.025 0.04477571 0.01476962 0.15285 0.04479865 0.006804174 0.025 0.04479865 0.006804174 0.15285 0.045069 0.007865427 0.025 0.045069 0.007865427 0.15285 0.04515105 0.01509996 0.025 0.04515105 0.01509996 0.15285 0.04533042 0.0140196 0.025 0.04533042 0.0140196 0.15285 0.045471 0.007568111 0.025 0.045471 0.007568111 0.15285 0.04555811 0.008659789 0.025 0.04555811 0.008659789 0.15285 0.0457504 0.01318662 0.025 0.0457504 0.01318662 0.15285 0.04575619 0.01428175 0.025 0.04575619 0.01428175 0.15285 0.04590593 0.009525385 0.025 0.04590593 0.009525385 0.15285 0.04600457 0.008434688 0.025 0.04600457 0.008434688 0.15285 0.04602357 0.01229465 0.025 0.04602357 0.01229465 0.15285 0.04610247 0.01043731 0.025 0.04610247 0.01043731 0.15285 0.04614206 0.01136934 0.025 0.04614206 0.01136934 0.15285 0.04621435 0.01337305 0.025 0.04621435 0.01337305 0.15285 0.04638401 0.009378973 0.025 0.04638401 0.009378973 0.15285 0.04651234 0.01239999 0.025 0.04651234 0.01239999 0.15285 0.04659842 0.0103738 0.025 0.04659842 0.0103738 0.15285 0.04664161 0.01139056 0.025 0.04664161 0.01139056 0.15285</float_array>
          <technique_common>
            <accessor count="152" source="#cubeverts-array0-array" stride="3">
              <param type="float" name="X"/>
              <param type="float" name="Y"/>
              <param type="float" name="Z"/>
            </accessor>
          </technique_common>
        </source>
        <source id="cubenormals-array0">
          <float_array count="912" id="cubenormals-array0-array">0 0 1 0 0 1 0 0 1 0 0 1 0 0 1 0 0 1 0 0 1 0 0 1 0 0 1 0 0 1 0 0 1 0 0 1 0 0 1 0 0 1 0 0 1 0 0 1 0 0 1 0 0 1 0 0 1 0 0 1 0 0 1 0 0 1 0 0 1 0 0 1 0 0 1 0 0 1 0 0 1 0 0 1 0 0 1 0 0 1 -0 0 1 0 0 1 -0 0 1 0 0 1 -0 0 1 0 0 1 0 0 1 -0 0 1 0 0 1 -0 0 1 0 0 1 -0 0 1 0 0 1 -0 0 1 0 0 1 -0 0 1 0 0 1 -0 0 1 0 -0 1 -0 0 1 0 -0 1 -0 0 1 0 -0 1 -0 0 1 0 0 1 0 -0 1 0 0 1 0 -0 1 0 0 1 0 -0 1 0 0 1 0 -0 1 0 0 1 0 -0 1 0 0 1 0 -0 1 0 0 1 0 -0 1 0 0 1 0 -0 1 0 0 1 0 -0 1 0 0 1 0 -0 1 0 0 1 0 0 1 0 0 -1 0 0 -1 0 0 -1 0 0 -1 0 0 -1 0 0 -1 0 0 -1 0 0 -1 0 0 -1 0 0 -1 0 0 -1 0 0 -1 0 0 -1 0 0 -1 0 -0 -1 0 0 -1 0 -0 -1 0 0 -1 0 -0 -1 0 0 -1 0 0 -1 0 -0 -1 0 0 -1 0 -0 -1 0 0 -1 0 -0 -1 0 0 -1 0 -0 -1 0 0 -1 0 -0 -1 0 0 -1 0 -0 -1 -0 0 -1 0 -0 -1 -0 0 -1 0 -0 -1 -0 0 -1 0 -0 -1 0 0 -1 -0 0 -1 0 0 -1 -0 0 -1 0 0 -1 -0 0 -1 0 0 -1 -0 0 -1 0 0 -1 -0 0 -1 0 0 -1 -0 0 -1 0 0 -1 -0 0 -1 0 0 -1 -0 0 -1 0 0 -1 -0 0 -1 0 0 -1 0 0 -1 0 0 -1 0 0 -1 0 0 -1 0 0 -1 0 0 -1 0 0 -1 0 0 -1 0 0 -1 0 0 -1 0 0 -1 0 0 -1 0 0 -1 0 0 -1 0 0 -1 0 0 -1 0 0 -1 0 0 -1 0 0 -1 0.04244118 -0.999099 0 -0.04244087 -0.999099 0 -0.04244087 -0.999099 0 -0.1690011 -0.9856159 0 -0.1690011 -0.9856159 0 -0.33314 -0.9428774 0 -0.33314 -0.9428774 0 -0.4876943 -0.8730145 0 -0.4876943 -0.8730145 0 -0.6282213 -0.7780347 0 -0.6282213 -0.7780347 0 -0.750671 -0.6606762 0 -0.750671 -0.6606762 0 -0.8515305 -0.5243051 0 -0.8515305 -0.5243051 0 -0.927888 -0.3728589 0 -0.927888 -0.3728589 0 -0.9775555 -0.2106783 0 -0.9775555 -0.2106783 0 -0.999099 -0.04244004 0 -0.999099 -0.04244004 0 -0.9919006 0.1270166 0 -0.9919006 0.1270166 0 -0.9561669 0.292822 0 -0.9561669 0.292822 0 -0.8929254 0.4502046 0 -0.8929254 0.4502046 0 -0.8039973 0.5946329 0 -0.8039973 0.5946329 0 -0.6919387 0.7219563 0 -0.6919387 0.7219563 0 -0.5599743 0.8285099 0 -0.5599743 0.8285099 0 -0.4119015 0.9112284 0 -0.4119015 0.9112284 0 -0.2519791 0.9677327 0 -0.2519791 0.9677327 0 -0.08480489 0.9963975 0 -0.08480489 0.9963975 0 0.08480521 0.9963975 0 0.08480521 0.9963975 -0 0.2519791 0.9677327 0 0.2519791 0.9677327 -0 0.4119015 0.9112284 0 0.4119015 0.9112284 -0 0.5599743 0.8285099 0 0.5599743 0.8285099 -0 0.6919387 0.7219563 0 0.6919387 0.7219563 -0 0.8039973 0.5946329 0 0.8039973 0.5946329 -0 0.8929254 0.4502046 0 0.8929254 0.4502046 -0 0.9561669 0.292822 0 0.9561669 0.292822 -0 0.9919006 0.1270166 0 0.9919006 0.1270166 -0 0.999099 -0.04244004 0 0.999099 -0.04244004 0 0.9775555 -0.2106783 0 0.9775555 -0.2106783 0 0.927888 -0.3728589 0 0.927888 -0.3728589 0 0.8515305 -0.5243051 0 0.8515305 -0.5243051 0 0.750671 -0.6606762 0 0.750671 -0.6606762 0 0.6282213 -0.7780347 0 0.6282213 -0.7780347 0 0.4876943 -0.8730145 0 0.4876943 -0.8730145 0 0.33314 -0.9428774 0 0.33314 -0.9428774 0 0.1690011 -0.9856159 0 0.1690011 -0.9856159 0 0.04244118 -0.999099 0 -0.08480649 -0.9963974 0 -0.08480649 -0.9963974 0 -0.2519784 -0.9677328 0 -0.2519784 -0.9677328 0 -0.4119014 -0.9112285 0 -0.4119014 -0.9112285 0 -0.5599745 -0.8285098 0 -0.5599745 -0.8285098 0 -0.6919385 -0.7219565 0 -0.6919385 -0.7219565 0 -0.8039983 -0.5946316 0 -0.8039983 -0.5946316 0 -0.8929243 -0.4502069 0 -0.8929243 -0.4502069 0 -0.9561671 -0.2928215 0 -0.9561671 -0.2928215 0 -0.9919007 -0.1270155 0 -0.9919007 -0.1270155 0 -0.9990991 0.04243799 0 -0.9990991 0.04243799 0 -0.9775549 0.210681 0 -0.9775549 0.210681 0 -0.9278893 0.3728556 0 -0.9278893 0.3728556 0 -0.8515286 0.5243082 0 -0.8515286 0.5243082 0 -0.7506716 0.6606755 0 -0.7506716 0.6606755 0 -0.6282213 0.7780346 0 -0.6282213 0.7780346 0 -0.487694 0.8730146 0 -0.487694 0.8730146 0 -0.3331396 0.9428775 0 -0.3331396 0.9428775 0 -0.1690009 0.9856159 0 -0.1690009 0.9856159 0 -0.0424418 0.9990989 0 -0.0424418 0.9990989 0 0.04244146 0.9990989 0 0.04244146 0.9990989 -0 0.1690009 0.9856159 0 0.1690009 0.9856159 -0 0.3331396 0.9428775 0 0.3331396 0.9428775 -0 0.487694 0.8730146 0 0.487694 0.8730146 -0 0.6282213 0.7780346 0 0.6282213 0.7780346 -0 0.7506716 0.6606755 0 0.7506716 0.6606755 -0 0.8515286 0.5243082 0 0.8515286 0.5243082 -0 0.9278893 0.3728556 0 0.9278893 0.3728556 -0 0.9775549 0.210681 0 0.9775549 0.210681 -0 0.9990991 0.04243799 0 0.9990991 0.04243799 -0 0.9919007 -0.1270155 0 0.9919007 -0.1270155 0 0.956166 -0.2928253 0 0.956166 -0.2928253 0 0.8929259 -0.4502036 0 0.8929259 -0.4502036 0 0.8039983 -0.5946316 0 0.8039983 -0.5946316 0 0.6919385 -0.7219565 0 0.6919385 -0.7219565 0 0.5599745 -0.8285098 0 0.5599745 -0.8285098 0 0.4119014 -0.9112285 0 0.4119014 -0.9112285 0 0.2519784 -0.9677328 0 0.2519784 -0.9677328 0 0.08480614 -0.9963974 0 0.08480614 -0.9963974 0</float_array>
          <technique_common>
            <accessor count="304" source="#cubenormals-array0-array" stride="3">
              <param type="float" name="X"/>
              <param type="float" name="Y"/>
              <param type="float" name="Z"/>
            </accessor>
          </technique_common>
        </source>
        <vertices id="cubeverts-array0-vertices">
          <input semantic="POSITION" source="#cubeverts-array0"/>
        </vertices>
        <triangles count="304" material="ref_joint_leg_for_soft_link___center_leg_pipe_1">
          <input offset="0" semantic="VERTEX" source="#cubeverts-array0-vertices"/>
          <input offset="1" semantic="NORMAL" source="#cubenormals-array0"/>
          <p>89 0 81 0 83 0 91 1 89 1 83 1 97 2 89 2 91 2 99 3 97 3 91 3 105 4 97 4 99 4 107 5 105 5 99 5 113 6 105 6 107 6 117 7 113 7 107 7 119 8 113 8 117 8 125 9 119 9 117 9 127 10 119 10 125 10 135 11 127 11 125 11 133 12 127 12 135 12 145 13 133 13 135 13 139 14 133 14 145 14 149 15 139 15 145 15 141 16 139 16 149 16 151 17 141 17 149 17 137 18 141 18 151 18 147 19 137 19 151 19 129 20 137 20 147 20 143 21 129 21 147 21 123 22 129 22 143 22 131 23 123 23 143 23 115 24 123 24 131 24 121 25 115 25 131 25 109 26 115 26 121 26 111 27 109 27 121 27 101 28 109 28 111 28 103 29 101 29 111 29 93 30 101 30 103 30 95 31 93 31 103 31 85 32 93 32 95 32 87 33 85 33 95 33 77 34 85 34 87 34 79 35 77 35 87 35 67 36 77 36 79 36 65 37 67 37 79 37 59 38 67 38 65 38 57 39 59 39 65 39 51 40 59 40 57 40 49 41 51 41 57 41 43 42 51 42 49 42 41 43 43 43 49 43 37 44 43 44 41 44 31 45 37 45 41 45 29 46 37 46 31 46 21 47 29 47 31 47 23 48 29 48 21 48 9 49 23 49 21 49 15 50 23 50 9 50 5 51 15 51 9 51 11 52 15 52 5 52 1 53 11 53 5 53 13 54 11 54 1 54 3 55 13 55 1 55 19 56 13 56 3 56 7 57 19 57 3 57 25 58 19 58 7 58 17 59 25 59 7 59 33 60 25 60 17 60 27 61 33 61 17 61 39 62 33 62 27 62 35 63 39 63 27 63 47 64 39 64 35 64 45 65 47 65 35 65 55 66 47 66 45 66 53 67 55 67 45 67 63 68 55 68 53 68 61 69 63 69 53 69 71 70 63 70 61 70 69 71 71 71 61 71 75 72 71 72 69 72 73 73 75 73 69 73 81 74 75 74 73 74 83 75 81 75 73 75 70 76 74 76 72 76 68 77 70 77 72 77 62 78 70 78 68 78 60 79 62 79 68 79 54 80 62 80 60 80 52 81 54 81 60 81 46 82 54 82 52 82 44 83 46 83 52 83 38 84 46 84 44 84 34 85 38 85 44 85 32 86 38 86 34 86 26 87 32 87 34 87 24 88 32 88 26 88 16 89 24 89 26 89 18 90 24 90 16 90 6 91 18 91 16 91 12 92 18 92 6 92 2 93 12 93 6 93 10 94 12 94 2 94 0 95 10 95 2 95 14 96 10 96 0 96 4 97 14 97 0 97 22 98 14 98 4 98 8 99 22 99 4 99 28 100 22 100 8 100 20 101 28 101 8 101 36 102 28 102 20 102 30 103 36 103 20 103 42 104 36 104 30 104 40 105 42 105 30 105 50 106 42 106 40 106 48 107 50 107 40 107 58 108 50 108 48 108 56 109 58 109 48 109 66 110 58 110 56 110 64 111 66 111 56 111 76 112 66 112 64 112 78 113 76 113 64 113 84 114 76 114 78 114 86 115 84 115 78 115 92 116 84 116 86 116 94 117 92 117 86 117 100 118 92 118 94 118 102 119 100 119 94 119 108 120 100 120 102 120 110 121 108 121 102 121 114 122 108 122 110 122 120 123 114 123 110 123 122 124 114 124 120 124 130 125 122 125 120 125 128 126 122 126 130 126 142 127 128 127 130 127 136 128 128 128 142 128 146 129 136 129 142 129 140 130 136 130 146 130 150 131 140 131 146 131 138 132 140 132 150 132 148 133 138 133 150 133 132 134 138 134 148 134 144 135 132 135 148 135 126 136 132 136 144 136 134 137 126 137 144 137 118 138 126 138 134 138 124 139 118 139 134 139 112 140 118 140 124 140 116 141 112 141 124 141 104 142 112 142 116 142 106 143 104 143 116 143 96 144 104 144 106 144 98 145 96 145 106 145 88 146 96 146 98 146 90 147 88 147 98 147 80 148 88 148 90 148 82 149 80 149 90 149 74 150 80 150 82 150 72 151 74 151 82 151 72 152 83 152 73 152 68 153 72 153 73 153 68 154 73 154 69 154 61 155 68 155 69 155 60 156 68 156 61 156 53 157 60 157 61 157 52 158 60 158 53 158 45 159 52 159 53 159 44 160 52 160 45 160 35 161 44 161 45 161 34 162 44 162 35 162 27 163 34 163 35 163 26 164 34 164 27 164 17 165 26 165 27 165 16 166 26 166 17 166 7 167 16 167 17 167 6 168 16 168 7 168 3 169 6 169 7 169 2 170 6 170 3 170 1 171 2 171 3 171 0 172 2 172 1 172 5 173 0 173 1 173 4 174 0 174 5 174 9 175 4 175 5 175 8 176 4 176 9 176 21 177 8 177 9 177 20 178 8 178 21 178 31 179 20 179 21 179 30 180 20 180 31 180 41 181 30 181 31 181 40 182 30 182 41 182 49 183 40 183 41 183 48 184 40 184 49 184 57 185 48 185 49 185 56 186 48 186 57 186 65 187 56 187 57 187 64 188 56 188 65 188 79 189 64 189 65 189 78 190 64 190 79 190 87 191 78 191 79 191 86 192 78 192 87 192 95 193 86 193 87 193 94 194 86 194 95 194 103 195 94 195 95 195 102 196 94 196 103 196 111 197 102 197 103 197 110 198 102 198 111 198 121 199 110 199 111 199 120 200 110 200 121 200 131 201 120 201 121 201 130 202 120 202 131 202 143 203 130 203 131 203 142 204 130 204 143 204 147 205 142 205 143 205 146 206 142 206 147 206 151 207 146 207 147 207 150 208 146 208 151 208 149 209 150 209 151 209 148 210 150 210 149 210 145 211 148 211 149 211 144 212 148 212 145 212 135 213 144 213 145 213 134 214 144 214 135 214 125 215 134 215 135 215 124 216 134 216 125 216 117 217 124 217 125 217 116 218 124 218 117 218 107 219 116 219 117 219 106 220 116 220 107 220 99 221 106 221 107 221 98 222 106 222 99 222 91 223 98 223 99 223 90 224 98 224 91 224 83 225 90 225 91 225 82 226 90 226 83 226 72 227 82 227 83 227 85 228 77 228 76 228 84 229 85 229 76 229 93 230 85 230 84 230 92 231 93 231 84 231 101 232 93 232 92 232 100 233 101 233 92 233 109 234 101 234 100 234 108 235 109 235 100 235 115 236 109 236 108 236 114 237 115 237 108 237 123 238 115 238 114 238 122 239 123 239 114 239 129 240 123 240 122 240 128 241 129 241 122 241 137 242 129 242 128 242 136 243 137 243 128 243 141 244 137 244 136 244 140 245 141 245 136 245 139 246 141 246 140 246 138 247 139 247 140 247 133 248 139 248 138 248 132 249 133 249 138 249 127 250 133 250 132 250 126 251 127 251 132 251 119 252 127 252 126 252 118 253 119 253 126 253 113 254 119 254 118 254 112 255 113 255 118 255 105 256 113 256 112 256 104 257 105 257 112 257 97 258 105 258 104 258 96 259 97 259 104 259 89 260 97 260 96 260 88 261 89 261 96 261 81 262 89 262 88 262 80 263 81 263 88 263 75 264 81 264 80 264 74 265 75 265 80 265 71 266 75 266 74 266 70 267 71 267 74 267 63 268 71 268 70 268 62 269 63 269 70 269 55 270 63 270 62 270 54 271 55 271 62 271 47 272 55 272 54 272 46 273 47 273 54 273 39 274 47 274 46 274 38 275 39 275 46 275 33 276 39 276 38 276 32 277 33 277 38 277 25 278 33 278 32 278 24 279 25 279 32 279 19 280 25 280 24 280 18 281 19 281 24 281 13 282 19 282 18 282 12 283 13 283 18 283 11 284 13 284 12 284 10 285 11 285 12 285 15 286 11 286 10 286 14 287 15 287 10 287 23 288 15 288 14 288 22 289 23 289 14 289 29 290 23 290 22 290 28 291 29 291 22 291 37 292 29 292 28 292 36 293 37 293 28 293 43 294 37 294 36 294 42 295 43 295 36 295 51 296 43 296 42 296 50 297 51 297 42 297 59 298 51 298 50 298 58 299 59 299 50 299 67 300 59 300 58 300 66 301 67 301 58 301 77 302 67 302 66 302 76 303 77 303 66 303</p>
        </triangles>
      </mesh>
    </geometry>
    <geometry id="geometry1" name="joint_leg_for_soft_link___leg_mount_up_1">
      <mesh>
        <source id="cubeverts-array1">
          <float_array count="9873" id="cubeverts-array1-array">0.02964701 0.01113591 0.14085 0.02964701 0.01113591 0.1492 0.02964701 0.01113591 0.16085 0.02964701 0.01113597 0.1525 0.02964705 0.01110791 0.1524998 0.02964706 0.01116786 0.1492003 0.02964847 0.0109571 0.1492088 0.02964856 0.01132025 0.1524906 0.02964864 0.01132533 0.1492099 0.0296496 0.01089759 0.1524842 0.0296532 0.01110919 0.1524216 0.02965321 0.01116639 0.1492785 0.02965371 0.01151981 0.1524588 0.02965388 0.01074744 0.1492422 0.02965392 0.01074625 0.1524575 0.02965425 0.01153498 0.1492446 0.0296545 0.0109653 0.1492867 0.02965459 0.0113118 0.1524127 0.02965466 0.01131664 0.1492878 0.02965554 0.01090853 0.1524066 0.02965932 0.01150216 0.1523822 0.02965947 0.0107653 0.1493188 0.0296595 0.01076417 0.1523809 0.02965981 0.01151662 0.1493211 0.02966043 0.01059278 0.1492836 0.0296627 0.01172318 0.1524019 0.02966306 0.01054201 0.1523996 0.02966346 0.01173726 0.1493031 0.02966548 0.01061785 0.1493586 0.02966756 0.01169604 0.1523274 0.02966788 0.01056946 0.1523252 0.02966825 0.01170946 0.1493773 0.02967151 0.01111047 0.1523453 0.02967152 0.01116493 0.1493548 0.02967156 0.01187037 0.1523436 0.0296719 0.01039643 0.1493586 0.029672 0.01187693 0.1493593 0.02967273 0.0109735 0.1493627 0.02967281 0.01130335 0.1523368 0.02967288 0.01130796 0.1493637 0.02967369 0.01091946 0.1523309 0.02967527 0.01034799 0.1523186 0.02967567 0.01183626 0.1522715 0.02967598 0.01043079 0.1494306 0.02967607 0.0118425 0.1494313 0.02967721 0.01148451 0.1523074 0.02967735 0.01078316 0.1493935 0.02967738 0.01078209 0.1523063 0.02967767 0.01149827 0.1493957 0.02967906 0.01038467 0.1522475 0.02968294 0.01064291 0.1494317 0.02968487 0.01166891 0.1522549 0.02968517 0.01059691 0.1522528 0.02968552 0.01168167 0.1494496 0.02968553 0.01021621 0.1522471 0.02968559 0.0120563 0.1522467 0.02968608 0.01020971 0.1494568 0.02968624 0.012064 0.149458 0.02968845 0.01025928 0.1521789 0.0296885 0.0120132 0.1521785 0.02968895 0.0102531 0.1495248 0.02968909 0.01202051 0.1495259 0.02969241 0.01180216 0.1522013 0.02969269 0.01046513 0.1495008 0.02969278 0.01180809 0.1495014 0.02969556 0.01042133 0.1521783 0.02969754 0.01008277 0.1495416 0.02969942 0.01013245 0.149606 0.0297015 0.0100424 0.1521279 0.02970153 0.01222971 0.1521277 0.02970154 0.01111172 0.1522728 0.02970155 0.0111635 0.1494272 0.02970214 0.01223583 0.1495771 0.02970269 0.01098149 0.1494349 0.02970276 0.01129511 0.1522646 0.02970283 0.01129949 0.1494358 0.02970303 0.0100941 0.1520648 0.02970305 0.01217799 0.1520646 0.0297036 0.01093011 0.152259 0.02970361 0.01218381 0.14964 0.02970426 0.01030232 0.1521125 0.02970431 0.01197012 0.1521122 0.02970472 0.01029646 0.1495911 0.02970486 0.01197706 0.1495921 0.02970694 0.01146731 0.1522365 0.02970707 0.01080057 0.1494644 0.0297071 0.01079955 0.1522353 0.02970738 0.01148038 0.1494665 0.02971237 0.01066733 0.1495011 0.02971349 0.01234337 0.1520307 0.02971395 0.01228587 0.1519718 0.02971399 0.01234798 0.1496736 0.02971413 0.009922575 0.1496748 0.0297142 0.01164247 0.1521861 0.02971441 0.01229024 0.1497323 0.02971442 0.01018207 0.1496687 0.02971449 0.01062365 0.152184 0.02971454 0.009980381 0.1497334 0.02971482 0.01165459 0.1495183 0.02971776 0.01014574 0.1520033 0.02971779 0.01212633 0.1520031 0.02971822 0.009886349 0.1519901 0.02971825 0.00994603 0.1519331 0.0297183 0.01213184 0.1497012 0.02972134 0.01176895 0.1521347 0.02972161 0.01049857 0.1495673 0.0297217 0.01177457 0.1495679 0.02972433 0.01045702 0.1521126 0.02972721 0.009810007 0.14085 0.02972721 0.009810007 0.16085 0.02972721 0.01246181 0.14085 0.02972721 0.01246181 0.16085 0.02972732 0.009809129 0.1519076 0.02972737 0.01246311 0.1519071 0.0297274 0.01246333 0.1497931 0.02972741 0.009808441 0.1497932 0.02972785 0.01222844 0.1519146 0.02972828 0.01223257 0.1497893 0.0297284 0.01003811 0.1497904 0.02972912 0.009850836 0.1518284 0.02972914 0.0124211 0.1518283 0.02972968 0.01242567 0.1498773 0.02972981 0.009844999 0.1498786 0.02973017 0.009785877 0.1518804 0.02973019 0.01248606 0.1518803 0.02973079 0.01249089 0.1498255 0.02973094 0.009779714 0.149827 0.02973183 0.01000563 0.1518776 0.02973256 0.0103442 0.1520497 0.0297326 0.01192821 0.1520493 0.029733 0.01033865 0.1496538 0.02973312 0.01193478 0.1496548 0.02974005 0.009761851 0.1499894 0.02974185 0.009915694 0.1517778 0.02974187 0.01235623 0.1517777 0.02974216 0.01023034 0.1497281 0.02974221 0.00969184 0.1499431 0.02974237 0.01236055 0.1499276 0.02974249 0.009910184 0.1499289 0.02974253 0.01111291 0.1522059 0.02974254 0.01116215 0.1494941 0.02974354 0.009734653 0.1516695 0.02974358 0.01253749 0.151669 0.02974365 0.01098908 0.1495014 0.02974372 0.01128728 0.1521981 0.02974379 0.01129145 0.1495024 0.02974396 0.01254043 0.1500356 0.02974454 0.01094024 0.1521927 0.02974531 0.01019596 0.1519452 0.02974533 0.0120761 0.151945 0.02974582 0.01208131 0.1497592 0.02974606 0.009663074 0.1517137 0.02974611 0.01260909 0.1517132 0.02974653 0.0126122 0.1499917 0.02974777 0.01145098 0.152171 0.0297479 0.0108171 0.1495298 0.02974793 0.01081613 0.1521699 0.0297482 0.0114634 0.1495319 0.02975191 0.009831739 0.1500343 0.02975274 0.01260645 0.1515497 0.02975304 0.0106905 0.149565 0.02975317 0.009662179 0.1501565 0.02975347 0.01261184 0.1501608 0.02975482 0.0116174 0.1521227 0.02975483 0.01217263 0.1518605 0.0297551 0.01064901 0.1521207 0.02975512 0.009806103 0.1516266 0.02975516 0.01246602 0.1516261 0.02975524 0.01217654 0.1498433 0.02975535 0.01009421 0.1498443 0.02975541 0.0116289 0.1495815 0.02975551 0.01246879 0.1500783 0.02975614 0.009640558 0.1514998 0.02975622 0.01268209 0.1515877 0.0297567 0.009586354 0.1501188 0.02975703 0.01268779 0.1501233 0.02975858 0.01006353 0.1518251 0.02975998 0.009563448 0.1515352 0.02976174 0.01173747 0.1520734 0.029762 0.01053027 0.1496286 0.02976208 0.01174281 0.1496291 0.02976357 0.01253097 0.1515127 0.02976366 0.01268465 0.151373 0.02976397 0.009737849 0.1501931 0.02976405 0.009584482 0.1513657 0.02976408 0.009584264 0.1503349 0.02976424 0.01253604 0.1501972 0.02976429 0.01268903 0.150339 0.02976463 0.01049084 0.1520522 0.0297667 0.009717505 0.1514653 0.02976802 0.009978655 0.15173 0.02976803 0.01229327 0.1517299 0.02976831 0.01276497 0.1514018 0.0297685 0.01229734 0.1499751 0.02976862 0.009973459 0.1499764 0.02976874 0.009503998 0.151394 0.02976877 0.009503766 0.1503066 0.02976901 0.01276961 0.1503109 0.02977012 0.009542789 0.1504679 0.02977175 0.01273999 0.1511876 0.02977199 0.00953018 0.1511803 0.02977211 0.01274243 0.1505232 0.0297726 0.01038385 0.1519919 0.02977265 0.01188853 0.1519916 0.02977303 0.01037858 0.1497114 0.02977315 0.01189477 0.1497123 0.02977359 0.01260451 0.1513451 0.02977394 0.009664783 0.1513382 0.02977397 0.009664577 0.1503624 0.02977417 0.01260862 0.1503663 0.02977547 0.009459755 0.1504467 0.02977552 0.01276516 0.1510489 0.02977561 0.009506075 0.1506556 0.02977582 0.01276715 0.1506667 0.0297765 0.009500139 0.1509917 0.02977727 0.0128237 0.1512063 0.02977747 0.009899534 0.1500767 0.02977752 0.01277835 0.1508586 0.02977752 0.009493443 0.1508474 0.02977754 0.009446366 0.1511986 0.02977767 0.01282629 0.1505051 0.0297795 0.009625623 0.1504884 0.02978049 0.009875397 0.1515861 0.02978052 0.01239671 0.1515857 0.02978085 0.01239932 0.1501185 0.02978099 0.01265648 0.1511694 0.02978121 0.009613786 0.1511626 0.02978132 0.01265877 0.1505408 0.02978145 0.01285044 0.1510599 0.02978155 0.009420763 0.1506448 0.02978179 0.01285255 0.1506565 0.0297819 0.01027596 0.1497825 0.02978255 0.009414456 0.1509996 0.02978367 0.01286446 0.1508591 0.02978368 0.009407341 0.1508473 0.02978444 0.0126801 0.1510381 0.02978452 0.009591168 0.1506661 0.02978471 0.01268197 0.1506766 0.02978495 0.01024342 0.151892 0.02978497 0.01202863 0.1518918 0.02978534 0.009585601 0.150984 0.02978544 0.01203356 0.1498122 0.02978626 0.01269248 0.1508581 0.02978627 0.009579321 0.1508475 0.02978841 0.01245781 0.1514779 0.02978879 0.00981119 0.1502277 0.02978905 0.01246258 0.1502315 0.02979134 0.009792068 0.1514329 0.02979349 0.01111401 0.1521463 0.0297935 0.0111609 0.1495538 0.02979415 0.01211996 0.151811 0.02979454 0.01212366 0.1498926 0.0297946 0.01099608 0.1495608 0.02979465 0.01014715 0.1498936 0.02979467 0.01128006 0.1521387 0.02979473 0.01128403 0.1495617 0.02979548 0.01094957 0.1521335 0.02979777 0.01011815 0.1517772 0.0297978 0.01252689 0.1513189 0.02979813 0.009742553 0.1513123 0.02979816 0.00974236 0.1503883 0.02979834 0.01253076 0.1503919 0.02979869 0.01143592 0.1521127 0.02979882 0.01083233 0.1495881 0.02979885 0.01083141 0.1521117 0.02979912 0.01144775 0.14959 0.02980333 0.009705812 0.1505077 0.02980393 0.01071184 0.1496218 0.02980472 0.01257565 0.1511524 0.02980493 0.009694713 0.1511459 0.02980503 0.0125778 0.1505573 0.02980569 0.01159431 0.1520663 0.02980597 0.01067235 0.1520644 0.02980628 0.01160526 0.1496377 0.02980688 0.01003797 0.1516865 0.0298069 0.01223394 0.1516863 0.02980735 0.01223778 0.1500184 0.02980746 0.01003307 0.1500197 0.02980794 0.01259779 0.151028 0.02980802 0.009673514 0.1506759 0.0298082 0.01259954 0.1506859 0.02980879 0.009668298 0.1509769 0.02980965 0.01260939 0.1508577 0.02980966 0.009662415 0.1508477 0.02981257 0.01170854 0.152019 0.02981283 0.0105594 0.1496829 0.02981291 0.01171361 0.1496834 0.02981544 0.01052191 0.1519987 0.02981601 0.009963326 0.1501153 0.02981891 0.009940572 0.1515493 0.02981895 0.01233152 0.1515488 0.02981927 0.01233398 0.1501552 0.02982335 0.01042021 0.1519408 0.0298234 0.01185214 0.1519405 0.02982377 0.01041521 0.1497623 0.0298239 0.01185806 0.1497633 0.02982655 0.01238907 0.1514463 0.02982691 0.009880092 0.150259 0.02982716 0.01239356 0.1502627 0.02982937 0.009862094 0.1514035 0.02983258 0.01031774 0.1498305 0.02983559 0.01245407 0.151295 0.02983561 0.01028684 0.151845 0.02983563 0.0119852 0.1518448 0.02983591 0.00981552 0.1512887 0.02983593 0.009815339 0.1504118 0.0298361 0.01198988 0.149859 0.02983611 0.0124577 0.1504152 0.02984091 0.009780993 0.1505252 0.02984224 0.01249989 0.1511369 0.02984245 0.009770569 0.1511307 0.02984254 0.0125019 0.1505723 0.02984475 0.01207186 0.1517674 0.02984513 0.01207536 0.149936 0.02984524 0.0101955 0.149937 0.02984534 0.01252067 0.1510189 0.02984541 0.009750665 0.1506849 0.02984559 0.01252232 0.1506943 0.02984615 0.009745769 0.1509703 0.02984698 0.01253155 0.1508573 0.02984698 0.009740248 0.1508478 0.02984834 0.01016799 0.1517351 0.02985315 0.01111498 0.1520953 0.02985316 0.01115978 0.1496047 0.02985427 0.01100232 0.1496115 0.02985435 0.01127363 0.1520881 0.02985441 0.01127742 0.1496123 0.02985517 0.01095789 0.1520831 0.02985738 0.01009201 0.1516482 0.02985739 0.0121799 0.1516481 0.02985784 0.01218354 0.1500564 0.02985796 0.01008736 0.1500576 0.02985843 0.01142252 0.152063 0.02985856 0.01084589 0.1496377 0.02985859 0.01084501 0.1520621 0.02985886 0.01143382 0.1496396 0.02986375 0.0107308 0.1496702 0.02986554 0.01157381 0.1520184 0.02986582 0.01069309 0.1520166 0.02986614 0.01158426 0.1496855 0.02986643 0.01002132 0.1501491 0.02986931 0.009999783 0.1515171 0.02986935 0.01227229 0.1515167 0.02986966 0.01227462 0.1501871 0.02987253 0.01168288 0.1519728 0.02987279 0.01058523 0.1497289 0.02987287 0.01168773 0.1497295 0.02987544 0.01054944 0.1519533 0.02987689 0.01232673 0.1514187 0.02987725 0.009942575 0.1502864 0.02987749 0.01233098 0.1502899 0.02987968 0.009925562 0.1513778 0.02988349 0.01045235 0.1518977 0.02988353 0.01181997 0.1518974 0.02988392 0.01044758 0.1498053 0.02988404 0.01182563 0.1498062 0.02988585 0.01238816 0.1512743 0.02988616 0.009881554 0.1512683 0.02988619 0.009881383 0.1504322 0.02988636 0.01239159 0.1504355 0.02989112 0.00984895 0.1505403 0.02989245 0.01243142 0.1511235 0.02989265 0.00983911 0.1511176 0.02989274 0.01243332 0.1505853 0.02989287 0.01035456 0.1498709 0.02989552 0.01245104 0.151011 0.02989559 0.009820328 0.1506926 0.02989576 0.01245259 0.1507016 0.02989595 0.01032508 0.1518056 0.02989597 0.01194695 0.1518054 0.02989632 0.009815708 0.1509647 0.02989645 0.01195142 0.1498983 0.02989714 0.0124613 0.1508569 0.02989715 0.009810499 0.1508479 0.02990524 0.01202962 0.151731 0.02990564 0.01203296 0.1499723 0.02990575 0.01023794 0.1499732 0.0299089 0.01021171 0.1516999 0.0299181 0.01013925 0.1516165 0.02991812 0.01213265 0.1516164 0.02991858 0.01213612 0.150088 0.02991869 0.01013482 0.1500891 0.02992005 0.01111582 0.1520543 0.02992006 0.01115883 0.1496457 0.02992121 0.01100765 0.1496522 0.02992128 0.01126814 0.1520473 0.02992136 0.01127178 0.1496531 0.02992214 0.01096499 0.1520425 0.02992551 0.0114111 0.1520232 0.02992564 0.01085745 0.1496776 0.02992568 0.0108566 0.1520222 0.02992595 0.01142195 0.1496793 0.02992732 0.01007187 0.150177 0.02993026 0.01005135 0.1514904 0.02993029 0.01222071 0.1514901 0.02993061 0.01222293 0.1502136 0.02993101 0.01074692 0.1497089 0.02993286 0.01155639 0.1519801 0.02993315 0.01071071 0.1519784 0.02993348 0.01156643 0.1497236 0.02993798 0.01227258 0.1513959 0.02993834 0.009996845 0.1503089 0.02993859 0.01227662 0.1503123 0.02994009 0.01166116 0.1519362 0.02994036 0.0106071 0.1497655 0.02994045 0.01166581 0.149766 0.02994083 0.009980638 0.1513567 0.02994311 0.01057271 0.1519174 0.02994711 0.01233109 0.1512573 0.02994744 0.009938725 0.1512516 0.02994746 0.009938561 0.1504489 0.02994764 0.01233435 0.1504521 0.02995144 0.01047944 0.1518637 0.02995149 0.01179287 0.1518634 0.02995188 0.01047485 0.1498393 0.02995201 0.0117983 0.1498401 0.0299525 0.009907681 0.1505528 0.02995385 0.01237228 0.1511125 0.02995405 0.009898313 0.1511069 0.02995415 0.01237409 0.1505959 0.02995698 0.01239095 0.1510045 0.02995705 0.009880432 0.1506989 0.02995723 0.01239243 0.1507076 0.0299578 0.009876035 0.1509601 0.02995864 0.01240073 0.1508567 0.02995864 0.009871077 0.150848 0.02996116 0.01038545 0.1499025 0.02996436 0.01035711 0.1517747 0.02996438 0.01191491 0.1517746 0.02996488 0.0119192 0.149929 0.02996665 0.008503438 0.14085 0.02996665 0.008503438 0.16085 0.02996665 0.01376838 0.14085 0.02996665 0.01376838 0.16085 0.02997401 0.01199439 0.1517027 0.02997442 0.01199761 0.1500005 0.02997453 0.01027333 0.1500014 0.02997781 0.0102481 0.1516727 0.02998737 0.01017841 0.151592 0.02998739 0.0120935 0.1515919 0.02998786 0.01209683 0.1501124 0.02998798 0.01017415 0.1501134 0.02999253 0.01111649 0.1520243 0.02999254 0.01115806 0.1496757 0.02999375 0.01101193 0.149682 0.02999383 0.01126373 0.1520175 0.0299939 0.01126725 0.1496828 0.02999472 0.01097068 0.1520129 0.02999697 0.01011357 0.1501984 0.02999825 0.01140196 0.1519942 0.02999839 0.0108667 0.1497065 0.02999843 0.01086588 0.1519933 0.02999872 0.01141245 0.1497083 0.03000002 0.01009382 0.1514702 0.03000006 0.01217824 0.1514698 0.03000039 0.01218037 0.1502338 0.03000401 0.01075979 0.1497368 0.03000595 0.0115425 0.1519525 0.03000626 0.01072475 0.1519508 0.0300066 0.01155222 0.1497511 0.03000807 0.01222817 0.1513787 0.03000845 0.01004134 0.150326 0.03000871 0.01223207 0.1503293 0.03001104 0.01002573 0.1513407 0.03001353 0.01164392 0.1519099 0.03001381 0.01062445 0.1497917 0.0300139 0.01164843 0.1497922 0.03001669 0.01059115 0.1518917 0.0300176 0.01228452 0.1512445 0.03001794 0.009985362 0.151239 0.03001796 0.009985205 0.1504615 0.03001815 0.01228767 0.1504646 0.03002322 0.009955452 0.1505621 0.03002463 0.01232421 0.1511043 0.03002484 0.009946424 0.1510988 0.03002494 0.01232596 0.1506038 0.03002544 0.01050075 0.1518396 0.03002549 0.01177154 0.1518393 0.03002591 0.01049631 0.1498632 0.03002604 0.0117768 0.149864 0.0300279 0.01234221 0.1509997 0.03002798 0.009929192 0.1507036 0.03002817 0.01234363 0.150712 0.03002876 0.009924953 0.1509567 0.03002964 0.01235163 0.1508565 0.03002964 0.009920175 0.150848 0.03003566 0.01040959 0.1499246 0.03003902 0.01038208 0.1517533 0.03003905 0.01188993 0.1517531 0.03003957 0.0118941 0.1499503 0.03004918 0.01196713 0.1516833 0.03004961 0.01197025 0.1500198 0.03004973 0.01030071 0.1500207 0.03005318 0.01027619 0.1516541 0.03006327 0.01020838 0.1515755 0.03006328 0.01206352 0.1515754 0.03006378 0.01206677 0.1501287 0.03006391 0.01020423 0.1501297 0.03006883 0.01111698 0.152006 0.03006884 0.01115751 0.149694 0.03007011 0.01101505 0.1497002 0.03007019 0.0112605 0.1519994 0.03007027 0.01126394 0.1497009 0.03007113 0.01097484 0.1519949 0.0300734 0.01014523 0.1502126 0.03007486 0.01139531 0.1519767 0.030075 0.01087343 0.149724 0.03007504 0.01087263 0.1519758 0.03007534 0.01140554 0.1497256 0.03007663 0.01012597 0.1514568 0.03007667 0.01214608 0.1514564 0.03007702 0.01214816 0.1502471 0.03008092 0.01076909 0.1497534 0.03008297 0.01153249 0.1519362 0.0300833 0.01073486 0.1519345 0.03008366 0.01154198 0.1497673 0.03008514 0.01219479 0.1513675 0.03008555 0.01007478 0.1503371 0.03008582 0.01219859 0.1503403 0.03008829 0.01005954 0.1513304 0.03009097 0.01163161 0.1518948 0.03009127 0.01063684 0.1498068 0.03009137 0.01163602 0.1498073 0.03009432 0.01060426 0.151877 0.03009524 0.01224983 0.1512363 0.0300956 0.0100201 0.1512309 0.03009563 0.01001995 0.1504695 0.03009582 0.0122529 0.1504725 0.03010121 0.009990855 0.1505679 0.0301027 0.01228864 0.1510991 0.03010293 0.009982022 0.1510938 0.03010304 0.01229035 0.1506088 0.03010357 0.01051575 0.1518262 0.03010362 0.01175653 0.1518259 0.03010406 0.0105114 0.1498766 0.0301042 0.01176169 0.1498774 0.03010618 0.01230625 0.1509967 0.03010626 0.009965157 0.1507066 0.03010646 0.01230765 0.1507148 0.03010709 0.009961007 0.1509545 0.03010803 0.01231548 0.1508563 0.03010803 0.009956327 0.1508481 0.03011438 0.01042634 0.1499366 0.03011794 0.01039934 0.1517418 0.03011797 0.01187267 0.1517417 0.03011852 0.01187677 0.1499617 0.03012871 0.01194858 0.1516732 0.03012917 0.01195165 0.1500298 0.0301293 0.01031933 0.1500306 0.03013296 0.01029519 0.1516446 0.03014368 0.01022835 0.1515675 0.0301437 0.01204355 0.1515674 0.03014423 0.01204676 0.1501366 0.03014437 0.01022425 0.1501377 0.03014701 0.01113591 0.1497 0.03014705 0.01111728 0.1519998 0.03014706 0.01115716 0.1497002 0.03014795 0.01103837 0.1519958 0.03014795 0.01123344 0.1519958 0.0301484 0.01101695 0.1497062 0.03014849 0.01125855 0.1519934 0.03014857 0.01126193 0.1497069 0.03014948 0.01097736 0.151989 0.03015072 0.01094154 0.1497165 0.03015072 0.01133028 0.1497165 0.03015341 0.01139132 0.1519713 0.03015356 0.01087746 0.1497294 0.0301536 0.01087668 0.1519704 0.03015392 0.0114014 0.1497311 0.03015447 0.01016596 0.1502191 0.03015525 0.01084612 0.1519629 0.03015525 0.0114257 0.1519629 0.03015791 0.01014692 0.1514506 0.03015795 0.01212513 0.1514503 0.03015833 0.01212719 0.1502531 0.03015982 0.01077457 0.1497582 0.03016141 0.01075278 0.1497657 0.03016141 0.01151903 0.1497657 0.03016199 0.01152662 0.1519316 0.03016233 0.0107408 0.15193 0.03016272 0.01153598 0.1497718 0.03016699 0.01217338 0.1513626 0.03016742 0.01009621 0.1503419 0.03016772 0.01217715 0.1503451 0.03016903 0.0116096 0.1518979 0.03016903 0.0106622 0.1518979 0.03017035 0.0100811 0.151326 0.03017044 0.01162454 0.151891 0.03017076 0.01064395 0.1498105 0.03017086 0.0116289 0.149811 0.03017398 0.01061171 0.1518736 0.03017778 0.01222801 0.151233 0.0301779 0.01057504 0.149846 0.0301779 0.01169678 0.149846 0.03017816 0.01004193 0.1512276 0.03017819 0.01004178 0.1504728 0.0301784 0.01223106 0.1504758 0.03018378 0.01052404 0.1518237 0.03018383 0.01174824 0.1518234 0.03018416 0.01001285 0.1505703 0.0301843 0.01051972 0.149879 0.03018445 0.01175336 0.1498798 0.03018576 0.01226661 0.1510971 0.030186 0.01000406 0.1510918 0.03018612 0.01226831 0.1506108 0.03018775 0.01049193 0.1518028 0.03018775 0.01177989 0.1518028 0.03018949 0.01228415 0.1509955 0.03018957 0.009987259 0.1507077 0.03018978 0.01228554 0.1507159 0.03019046 0.009983124 0.1509537 0.03019146 0.01229334 0.1508563 0.03019147 0.00997846 0.1508481 0.03019525 0.01043527 0.1499381 0.0301983 0.01041345 0.1499553 0.0301983 0.01185837 0.1499553 0.03019902 0.01040841 0.1517406 0.03019905 0.0118636 0.1517405 0.03019964 0.01186767 0.1499629 0.03020927 0.01034018 0.1516803 0.03020927 0.01193164 0.1516803 0.03021046 0.01193922 0.1516729 0.03021095 0.01194229 0.1500301 0.03021108 0.01032869 0.1500309 0.03021498 0.01030459 0.1516446 0.03022032 0.01027264 0.1500902 0.03022032 0.01199918 0.1500902 0.03022639 0.01023775 0.1515682 0.03022641 0.01203415 0.1515681 0.03022698 0.01203736 0.1501359 0.03022712 0.01023365 0.150137 0.03023115 0.01021132 0.1515338 0.03023115 0.0120605 0.1515338 0.03023789 0.01017519 0.1502179 0.03024144 0.01015666 0.150247 0.03024156 0.01015605 0.151452 0.0302416 0.012116 0.1514516 0.030242 0.01211807 0.1502518 0.03025089 0.01010906 0.1513678 0.03025126 0.01216456 0.1513642 0.03025172 0.01010501 0.1503403 0.03025203 0.01216836 0.1503435 0.03025485 0.01008977 0.1513276 0.03025923 0.01006885 0.1504212 0.03025923 0.01220297 0.1504212 0.0302628 0.0122197 0.1512346 0.0302632 0.01005022 0.1512292 0.03026324 0.01005006 0.1504713 0.03026346 0.01222279 0.1504743 0.03026621 0.01003632 0.1511868 0.03026621 0.01223549 0.1511868 0.03026963 0.01002078 0.150569 0.03027135 0.01225878 0.1510983 0.03027161 0.01001187 0.151093 0.03027164 0.01001172 0.1506077 0.03027173 0.0122605 0.1506096 0.03027534 0.01227657 0.1509963 0.03027535 0.009995226 0.1509961 0.03027543 0.009994842 0.150707 0.03027566 0.01227798 0.1507151 0.03027639 0.009990645 0.1509543 0.03027723 0.009986946 0.1508012 0.03027723 0.01228487 0.1508012 0.03027746 0.01228589 0.1508563 0.03027747 0.009985911 0.1508481 0.03036183 0.007235256 0.14085 0.03036183 0.007235256 0.16085 0.03036183 0.01503656 0.14085 0.03036183 0.01503656 0.16085 0.030907 0.006023955 0.14085 0.030907 0.006023955 0.16085 0.030907 0.01624787 0.14085 0.030907 0.01624787 0.16085 0.03159419 0.004887198 0.14085 0.03159419 0.004887198 0.16085 0.03159419 0.01738462 0.14085 0.03159419 0.01738462 0.16085 0.03216173 0.00413591 0.16085 0.03216173 0.00413591 0.16285 0.03216173 0.00413591 0.16885 0.03216173 0.00858591 0.16085 0.03216173 0.00858591 0.16885 0.03216173 0.01368591 0.16085 0.03216173 0.01368591 0.16885 0.03216173 0.01813591 0.16085 0.03216173 0.01813591 0.16285 0.03216173 0.01813591 0.16885 0.03216686 0.004129697 0.1626925 0.03216688 0.01814215 0.1626921 0.03218211 0.004111286 0.1625371 0.03218211 0.01816053 0.1625371 0.03220768 0.01819124 0.1623828 0.03220792 0.004080294 0.1623816 0.03224344 0.004038022 0.162232 0.03224344 0.0182338 0.162232 0.03229002 0.003983244 0.1620836 0.0322902 0.01828879 0.1620831 0.03234637 0.003917922 0.161942 0.03234637 0.0183539 0.161942 0.03241339 0.003841561 0.14085 0.03241339 0.003841561 0.1618056 0.03241339 0.01843026 0.14085 0.03241339 0.01843026 0.1618056 0.03249186 0.003753943 0.1616744 0.03249186 0.01851788 0.1616744 0.0326811 0.003550122 0.1614358 0.0326811 0.0187217 0.1614358 0.03291537 0.00331148 0.161232 0.03291537 0.01896034 0.161232 0.03319589 0.00304389 0.161068 0.03319589 0.01922793 0.161068 0.03335126 0.002903535 0.1610032 0.03335126 0.01936828 0.1610032 0.03335266 0.002902292 0.14085 0.03335266 0.01936953 0.14085 0.03352362 0.002753944 0.1609479 0.03352362 0.01951788 0.1609479 0.03389914 0.002448779 0.1608746 0.03389914 0.01982304 0.1608746 0.03392357 0.01813591 0.1649232 0.03393599 0.01813591 0.1646309 0.03394854 0.00413591 0.1649221 0.03394854 0.00858591 0.1649221 0.03394854 0.01368591 0.1649221 0.03394854 0.01811091 0.1649221 0.03396073 0.01813591 0.1652134 0.03396078 0.00413591 0.1646341 0.03396078 0.00858591 0.1646341 0.03396078 0.01368591 0.1646341 0.03396078 0.01811091 0.1646341 0.03398517 0.00413591 0.1652082 0.03398517 0.00858591 0.1652082 0.03398517 0.01368591 0.1652082 0.03398517 0.01811091 0.1652082 0.03399762 0.01813591 0.1643449 0.03402153 0.00413591 0.1643522 0.03402153 0.00858591 0.1643522 0.03402153 0.01368591 0.1643522 0.03402153 0.01811091 0.1643522 0.03404641 0.01813591 0.1654932 0.0340696 0.00413591 0.1654839 0.0340696 0.00858591 0.1654839 0.0340696 0.01368591 0.1654839 0.0340696 0.01811091 0.1654839 0.03410672 0.01813591 0.1640734 0.03412904 0.00413591 0.1640847 0.03412904 0.00858591 0.1640847 0.03412904 0.01368591 0.1640847 0.03412904 0.01811091 0.1640847 0.03417812 0.01813591 0.1657544 0.03419941 0.00413591 0.1657413 0.03419941 0.00858591 0.1657413 0.03419941 0.01368591 0.1657413 0.03419941 0.01811091 0.1657413 0.03426012 0.01813591 0.1638243 0.03428022 0.00413591 0.1638391 0.03428022 0.00858591 0.1638391 0.03428022 0.01368591 0.1638391 0.03428022 0.01811091 0.1638391 0.03432246 0.002135911 0.16085 0.03432246 0.02013591 0.16085 0.0343521 0.01813591 0.1659897 0.03437087 0.00413591 0.1659731 0.03437087 0.00858591 0.1659731 0.03437087 0.01368591 0.1659731 0.03437087 0.01811091 0.1659731 0.0343983 0.002083088 0.14085 0.0343983 0.002083088 0.16085 0.0343983 0.02018873 0.14085 0.0343983 0.02018873 0.16085 0.03445342 0.01813591 0.1636046 0.03447072 0.00413591 0.1636227 0.03447072 0.00858591 0.1636227 0.03447072 0.01368591 0.1636227 0.03447072 0.01811091 0.1636227 0.03456333 0.01813591 0.1661921 0.03457904 0.00413591 0.1661727 0.03457904 0.00858591 0.1661727 0.03457904 0.01368591 0.1661727 0.03457904 0.01811091 0.1661727 0.03468106 0.01813591 0.1634208 0.03469506 0.00413591 0.1634415 0.03469506 0.00858591 0.1634415 0.03469506 0.01368591 0.1634415 0.03469506 0.01811091 0.1634415 0.03480574 0.01813591 0.1663559 0.03481793 0.00413591 0.1663341 0.03481793 0.00858591 0.1663341 0.03481793 0.01368591 0.1663341 0.03481793 0.01811091 0.1663341 0.03493648 0.01813591 0.1632781 0.03494678 0.00413591 0.1633009 0.03494678 0.00858591 0.1633009 0.03494678 0.01368591 0.1633009 0.03494678 0.01811091 0.1633009 0.03507235 0.01813591 0.1664765 0.03508068 0.00413591 0.1664529 0.03508068 0.00858591 0.1664529 0.03508068 0.01368591 0.1664529 0.03508068 0.01811091 0.1664529 0.03521235 0.01813591 0.1631807 0.03521865 0.00413591 0.1632048 0.03521865 0.00858591 0.1632048 0.03521865 0.01368591 0.1632048 0.03521865 0.01811091 0.1632048 0.03535549 0.01813591 0.1665502 0.03535971 0.00413591 0.1665255 0.03535971 0.00858591 0.1665255 0.03535971 0.01368591 0.1665255 0.03535971 0.01811091 0.1665255 0.03550072 0.01813591 0.1631312 0.03550284 0.00413591 0.1631561 0.03550284 0.00858591 0.1631561 0.03550284 0.01368591 0.1631561 0.03550284 0.01811091 0.1631561 0.03553506 0.001395894 0.14085 0.03553506 0.001395894 0.16085 0.03553506 0.02087593 0.14085 0.03553506 0.02087593 0.16085 0.03564701 0.00413591 0.16655 0.03564701 0.00858591 0.16315 0.03564701 0.00858591 0.16655 0.03564701 0.01368591 0.16655 0.03564701 0.01811091 0.16655 0.03564701 0.01813591 0.166575 0.03579118 0.00413591 0.1631561 0.03579118 0.00858591 0.1631561 0.03579118 0.01368591 0.1631561 0.03579118 0.01811091 0.1631561 0.0357933 0.01813591 0.1631312 0.03593431 0.00413591 0.1665255 0.03593431 0.00858591 0.1665255 0.03593431 0.01368591 0.1665255 0.03593431 0.01811091 0.1665255 0.03593854 0.01813591 0.1665502 0.03607537 0.00413591 0.1632048 0.03607537 0.00858591 0.1632048 0.03607537 0.01368591 0.1632048 0.03607537 0.01811091 0.1632048 0.03608168 0.01813591 0.1631807 0.03609701 0.0111359 0.1497 0.03609701 0.01113591 0.152 0.03609703 0.01112671 0.152 0.03609745 0.01117964 0.1497008 0.03609895 0.01104349 0.1497037 0.03609917 0.01103837 0.1519958 0.03609917 0.01123346 0.1519958 0.03610054 0.01101109 0.1519932 0.03610072 0.01126396 0.1519928 0.03610438 0.01131632 0.1497142 0.03610489 0.01094942 0.1497152 0.03610557 0.01094153 0.1497166 0.0361058 0.01133286 0.149717 0.03611225 0.01087658 0.1519704 0.03611265 0.01139857 0.1519696 0.03611605 0.01142573 0.1519629 0.03611606 0.01084605 0.1519629 0.03612045 0.01081448 0.1497458 0.0361218 0.01146647 0.1497485 0.03612545 0.01148993 0.1519442 0.03613036 0.01075267 0.1497657 0.03613036 0.01151915 0.1497657 0.03613179 0.0107446 0.1519314 0.03614333 0.01068455 0.1497923 0.03614505 0.0115955 0.1497958 0.03614807 0.01160964 0.1518979 0.03614807 0.01066216 0.1518979 0.03615035 0.01162005 0.1518931 0.03615343 0.01063806 0.1518867 0.03616156 0.01060363 0.1498306 0.03616875 0.01169683 0.1498461 0.03616876 0.01057498 0.1498461 0.03617469 0.01171939 0.149859 0.03617525 0.01112689 0.1520061 0.03617563 0.01117879 0.1496946 0.03617701 0.01104526 0.1496974 0.03617849 0.01101346 0.1519996 0.03617866 0.01126153 0.1519993 0.03618113 0.01174289 0.1518268 0.03618203 0.01131296 0.1497076 0.0361825 0.01095289 0.1497085 0.03618334 0.01132922 0.1497102 0.03618467 0.01051643 0.1518189 0.03618931 0.01088122 0.1519776 0.03618968 0.01139387 0.1519769 0.03619182 0.01177991 0.1518028 0.03619183 0.01049189 0.1518027 0.03619466 0.01048246 0.1499037 0.0361969 0.01082 0.149738 0.03619815 0.01146083 0.1497407 0.03619972 0.01180591 0.1499153 0.03620154 0.011484 0.1519523 0.03620189 0.01181287 0.1517796 0.03620741 0.01075093 0.1519399 0.03621335 0.00413591 0.1664529 0.03621335 0.00858591 0.1664529 0.03621335 0.01368591 0.1664529 0.03621335 0.01811091 0.1664529 0.03621667 0.01185842 0.1499553 0.03621668 0.0104134 0.1499553 0.03621814 0.0106914 0.1497831 0.03621973 0.01158859 0.1497866 0.03622025 0.01040285 0.1517361 0.03622168 0.01813591 0.1664765 0.03622466 0.01161299 0.1519026 0.03622753 0.01064519 0.1518963 0.03623121 0.01037139 0.1499909 0.0362351 0.0106109 0.1498205 0.03623655 0.01191524 0.1500043 0.03623927 0.01192268 0.1516887 0.03624258 0.01034018 0.1516803 0.03624258 0.01193164 0.1516803 0.03624457 0.01033485 0.1516751 0.03624735 0.01171206 0.1498484 0.03625154 0.01112697 0.1520244 0.03625189 0.01117844 0.1496763 0.03625317 0.011046 0.149679 0.03625336 0.01173557 0.1518377 0.03625452 0.01101444 0.1520181 0.03625468 0.01126053 0.1520177 0.03625475 0.01030814 0.1500517 0.03625667 0.01052372 0.1518299 0.0362578 0.01131159 0.149689 0.03625823 0.0109543 0.1496899 0.03625901 0.01132774 0.1496916 0.03626452 0.01088305 0.1519964 0.03626486 0.01139203 0.1519957 0.03626601 0.01048963 0.1498923 0.03626884 0.01027266 0.1500902 0.03626884 0.01199918 0.1500902 0.03627075 0.01179881 0.1499038 0.03627153 0.01082208 0.149719 0.0362727 0.01145873 0.1497216 0.03627279 0.01180581 0.1517912 0.03627475 0.0120136 0.1501069 0.03627583 0.01148185 0.1519714 0.03627732 0.01201979 0.1515857 0.03628128 0.01075314 0.1519591 0.0362826 0.01023945 0.1515703 0.03628999 0.01040947 0.1517481 0.03629123 0.0106936 0.1497637 0.0362925 0.01021636 0.1501594 0.03629271 0.0115864 0.1497671 0.03629468 0.01021136 0.1515339 0.03629469 0.01206049 0.1515338 0.03629663 0.01206493 0.1501722 0.03629729 0.01161086 0.1519222 0.03629996 0.01064728 0.1519159 0.03630029 0.01037767 0.1499787 0.03630238 0.01207788 0.1515097 0.03630531 0.01190914 0.149992 0.03630701 0.01061285 0.1498008 0.03630787 0.01191668 0.1517011 0.03631285 0.01034065 0.1516875 0.03631842 0.01171041 0.1498286 0.03631905 0.01015736 0.1514541 0.03631936 0.01211512 0.150247 0.03631936 0.01015669 0.150247 0.03632244 0.01031353 0.1500392 0.03632402 0.01112694 0.1520545 0.03632404 0.0117341 0.1518575 0.03632435 0.01117858 0.1496463 0.03632553 0.01104569 0.149649 0.03632679 0.01101402 0.152048 0.03632693 0.01126097 0.1520477 0.03632713 0.01052509 0.1518497 0.03632762 0.01013913 0.1502765 0.03632983 0.01131224 0.149659 0.03633023 0.01095361 0.14966 0.03633094 0.01132847 0.1496617 0.03633144 0.0121407 0.1502906 0.03633586 0.01049067 0.1498725 0.03633607 0.010882 0.1520263 0.03633638 0.0113931 0.1520255 0.03633639 0.01215096 0.1513905 0.03633838 0.01011676 0.1513828 0.03634029 0.01179796 0.149884 0.0363413 0.01200911 0.1500945 0.03634214 0.01216274 0.1513678 0.03634214 0.01010907 0.1513678 0.0363422 0.01180504 0.151811 0.03634259 0.01082065 0.1496893 0.03634367 0.01146022 0.1496919 0.03634372 0.01201543 0.1515981 0.03634658 0.0114835 0.1520011 0.03634724 0.00413591 0.1633009 0.03634724 0.00858591 0.1633009 0.03634724 0.01368591 0.1633009 0.03634724 0.01811091 0.1633009 0.03634871 0.01024356 0.1515827 0.03635165 0.01075119 0.1519887 0.03635194 0.01008932 0.1503734 0.03635754 0.01813591 0.1632781 0.03635806 0.01021995 0.1501472 0.03635833 0.01040951 0.1517677 0.03636094 0.0106911 0.1497343 0.03636156 0.01220148 0.1504175 0.03636198 0.01206155 0.15016 0.0363623 0.01006889 0.1504211 0.03636232 0.01158899 0.1497378 0.03636518 0.01220851 0.1512648 0.0363666 0.0116137 0.1519514 0.03636689 0.01005999 0.1512561 0.0363674 0.01207481 0.1515217 0.036368 0.01037723 0.1499593 0.03636909 0.01064429 0.1519451 0.03637271 0.01190983 0.1499727 0.03637512 0.0119175 0.1517203 0.03637568 0.01060945 0.1497719 0.03637728 0.0122317 0.1505011 0.03637744 0.01003981 0.150502 0.03637927 0.01003636 0.1511869 0.03637928 0.01223547 0.1511868 0.03637981 0.01033958 0.1517066 0.0363832 0.01015948 0.1514656 0.03638462 0.01224549 0.1511522 0.03638637 0.01171448 0.1498001 0.03638861 0.0100189 0.1511235 0.03638884 0.01031196 0.1500204 0.03639092 0.0111268 0.1520955 0.03639122 0.01117922 0.1496053 0.03639132 0.01014075 0.1502653 0.03639164 0.01173851 0.1518858 0.03639233 0.01104434 0.1496081 0.03639249 0.01001174 0.1506076 0.03639249 0.01226008 0.1506076 0.03639352 0.01101219 0.1520889 0.03639365 0.01126284 0.1520885 0.03639453 0.01052049 0.1518779 0.03639495 0.01213931 0.1502796 0.03639538 0.01226537 0.1506336 0.03639544 0.01000633 0.1506342 0.03639637 0.01131491 0.1496184 0.03639674 0.01095086 0.1496193 0.03639742 0.01133138 0.1496211 0.03639926 0.009999383 0.1510255 0.03639964 0.01214987 0.1514013 0.03639987 0.01227355 0.1510182 0.03640153 0.01011772 0.1513935 0.03640155 0.00999523 0.1509961 0.03640155 0.01227659 0.1509961 0.03640223 0.01087811 0.1520665 0.03640252 0.01139703 0.1520658 0.03640273 0.01048554 0.1498447 0.03640448 0.009989938 0.1507538 0.03640516 0.0122831 0.1507696 0.03640615 0.009986947 0.1508012 0.03640615 0.01228487 0.1508012 0.03640633 0.009986624 0.1508905 0.03640646 0.01228543 0.1508831 0.03640662 0.01201173 0.1500764 0.0364069 0.01180336 0.1498564 0.03640836 0.01081576 0.1496494 0.03640869 0.01181056 0.1518385 0.03640891 0.01201819 0.1516161 0.03640938 0.01146526 0.1496521 0.03641212 0.01148894 0.1520406 0.03641362 0.01024051 0.1516005 0.03641441 0.01008943 0.1503635 0.0364169 0.01074511 0.1520279 0.03642246 0.01021635 0.1501298 0.03642355 0.01220199 0.1504083 0.03642388 0.01040297 0.1517944 0.03642566 0.01068395 0.1496957 0.03642616 0.01206539 0.1501429 0.03642696 0.01159629 0.1496993 0.03642699 0.01220926 0.1512736 0.03642862 0.01005913 0.1512648 0.036431 0.01162145 0.1519896 0.03643129 0.01207898 0.1515385 0.03643299 0.01037007 0.1499331 0.03643335 0.01063627 0.151983 0.03643744 0.01191729 0.1499468 0.03643851 0.01223326 0.1504934 0.03643866 0.01003825 0.1504944 0.03643958 0.01060077 0.1497345 0.03643971 0.01192511 0.1517461 0.03644415 0.01033166 0.1517321 0.0364455 0.01224755 0.151159 0.03644625 0.01015433 0.1514814 0.0364493 0.01001657 0.1511296 0.0364497 0.01172418 0.1497634 0.03645058 0.01112657 0.1521464 0.03645087 0.01118034 0.1495544 0.03645193 0.01104198 0.1495573 0.03645268 0.01030345 0.1499955 0.03645306 0.011009 0.1521395 0.0364532 0.01126611 0.1521392 0.03645395 0.01013508 0.1502501 0.03645469 0.0117487 0.151922 0.03645575 0.01226817 0.1506287 0.0364558 0.01131951 0.1495681 0.03645581 0.01000353 0.1506293 0.03645616 0.01094609 0.1495691 0.03645681 0.01133642 0.1495709 0.03645739 0.01214521 0.1502647 0.03645744 0.01051004 0.1519139 0.03645945 0.009996316 0.1510296 0.03646003 0.01227666 0.151022 0.03646142 0.01087148 0.1521162 0.0364617 0.01140376 0.1521154 0.03646185 0.01215607 0.1514158 0.03646364 0.0101114 0.1514078 0.03646443 0.009986503 0.1507516 0.03646508 0.01228658 0.1507678 0.03646521 0.01047436 0.1498095 0.03646619 0.009983058 0.1508914 0.03646632 0.01228901 0.1508839 0.0364673 0.01080752 0.1496005 0.03646827 0.01147374 0.1496033 0.03646917 0.01181491 0.1498215 0.03646951 0.01202141 0.1500528 0.03647087 0.01182226 0.1518732 0.03647091 0.01149803 0.1520891 0.03647168 0.01202802 0.1516395 0.03647549 0.01073505 0.1520759 0.03647588 0.01008226 0.1503505 0.03647609 0.00413591 0.1663341 0.03647609 0.00858591 0.1663341 0.03647609 0.01368591 0.1663341 0.03647609 0.01811091 0.1663341 0.03647614 0.01023036 0.1516235 0.03648391 0.01067232 0.1496489 0.03648454 0.01020562 0.1501076 0.03648457 0.01220977 0.1503963 0.03648516 0.01160813 0.1496526 0.03648531 0.01038999 0.1518277 0.03648784 0.01221727 0.1512852 0.03648804 0.01207637 0.150121 0.03648829 0.01813591 0.1663559 0.03648904 0.01163395 0.1520358 0.03648939 0.01005101 0.1512761 0.03649131 0.01062342 0.152029 0.03649292 0.01209031 0.1515599 0.03649398 0.01035635 0.1499007 0.0364973 0.010587 0.1496893 0.03649822 0.01193137 0.1499148 0.0364988 0.01224205 0.1504836 0.03649895 0.01002944 0.1504845 0.03650039 0.01193938 0.1517778 0.03650153 0.01112624 0.1522061 0.03650182 0.0111819 0.1494948 0.03650287 0.01103867 0.1494979 0.03650398 0.01100454 0.1521988 0.03650411 0.01127069 0.1521984 0.03650461 0.01031705 0.1517634 0.03650546 0.01225682 0.1511676 0.03650668 0.01132595 0.1495093 0.03650703 0.01093944 0.1495103 0.03650704 0.01173931 0.1497195 0.03650714 0.010142 0.1515013 0.03650767 0.01134344 0.1495123 0.03650908 0.01000704 0.1511375 0.03651185 0.01176446 0.1519653 0.03651221 0.01086225 0.152174 0.03651249 0.0114131 0.1521732 0.03651275 0.01028817 0.1499651 0.03651447 0.01012223 0.1502312 0.03651449 0.01049395 0.1519568 0.03651523 0.01227814 0.1506224 0.03651529 0.009993552 0.1506231 0.03651775 0.0121583 0.1502462 0.036518 0.01079613 0.1495436 0.03651875 0.009986083 0.1510347 0.03651896 0.01148545 0.1495466 0.03651931 0.01228693 0.1510269 0.03652156 0.01151055 0.1521454 0.03652199 0.01216946 0.1514338 0.03652199 0.01045735 0.1497675 0.03652351 0.009975923 0.1507488 0.0365237 0.01009789 0.1514255 0.03652412 0.01229721 0.1507654 0.03652519 0.009972355 0.1508926 0.03652531 0.01229972 0.1508848 0.03652581 0.01183236 0.1497801 0.03652607 0.01072125 0.1521314 0.03652745 0.0118399 0.1519144 0.03652882 0.01203797 0.1500243 0.0365309 0.01204475 0.1516677 0.03653436 0.01065648 0.1495947 0.03653516 0.0102133 0.1516511 0.03653536 0.01006792 0.1503345 0.03653559 0.01162425 0.1495987 0.03653942 0.01165089 0.1520891 0.03654138 0.01037083 0.151867 0.03654165 0.01060602 0.1520819 0.03654253 0.01112582 0.152273 0.03654282 0.01118388 0.1494279 0.03654318 0.01018794 0.150081 0.03654365 0.0122247 0.1503817 0.03654389 0.0110345 0.1494313 0.03654502 0.01099891 0.1522652 0.03654515 0.01127647 0.1522648 0.03654654 0.0120943 0.1500949 0.03654677 0.01223242 0.1512992 0.03654755 0.01056846 0.1496374 0.03654776 0.01133407 0.1494435 0.03654812 0.01093105 0.1494446 0.03654825 0.01003575 0.1512899 0.03654876 0.01135229 0.1494466 0.03654976 0.01033633 0.1498626 0.03655122 0.0121086 0.1515854 0.03655338 0.01085066 0.1522387 0.03655366 0.01142483 0.1522378 0.03655385 0.0119518 0.1498774 0.03655595 0.01196001 0.151815 0.03655714 0.01175953 0.1496693 0.03655724 0.01225795 0.1504716 0.03655738 0.01001354 0.1504727 0.03655927 0.01078185 0.1494801 0.03656003 0.01029602 0.1517999 0.03656024 0.01150012 0.1494833 0.03656188 0.01178544 0.1520147 0.03656287 0.01152621 0.1522082 0.0365636 0.01227316 0.1511779 0.03656448 0.01047256 0.1520058 0.03656483 0.01012269 0.1515247 0.03656707 0.009990442 0.1511469 0.03656746 0.01070402 0.1521932 0.0365679 0.01026641 0.1499298 0.03657186 0.0101024 0.1502088 0.03657187 0.01043488 0.1497198 0.03657256 0.01112533 0.1523454 0.03657286 0.01118622 0.1493555 0.03657294 0.01229515 0.1506149 0.036573 0.009976538 0.1506156 0.03657398 0.01102956 0.1493591 0.036575 0.01217836 0.1502244 0.03657517 0.01099224 0.1523371 0.03657531 0.0112833 0.1523366 0.03657562 0.01185535 0.149733 0.03657585 0.01063678 0.1495346 0.03657632 0.009968832 0.1510407 0.03657685 0.01230422 0.1510327 0.0365771 0.01164428 0.1495388 0.03657724 0.01186311 0.1519613 0.03657804 0.01134366 0.1493722 0.03657842 0.01092114 0.1493734 0.03657907 0.01218981 0.1514549 0.03657911 0.01136275 0.1493756 0.03658071 0.01007742 0.1514463 0.03658087 0.009958349 0.1507455 0.03658098 0.01167191 0.1521482 0.03658146 0.01231482 0.1507626 0.03658248 0.009954667 0.150894 0.03658259 0.01231742 0.150886 0.03658324 0.01058446 0.1521405 0.03658345 0.01206111 0.1499914 0.03658395 0.01083698 0.1523087 0.03658424 0.01143868 0.1523077 0.03658546 0.01206806 0.1517003 0.03658921 0.01054555 0.1495799 0.03658959 0.01018964 0.151683 0.03659011 0.01076503 0.1494116 0.03659087 0.01112477 0.1524217 0.03659096 0.01034587 0.1519114 0.03659113 0.01151739 0.1494149 0.03659121 0.01118887 0.1492793 0.03659191 0.01004664 0.1503158 0.03659241 0.01102397 0.1492832 0.0365937 0.01098472 0.1524127 0.03659385 0.01129102 0.1524122 0.03659389 0.01154464 0.1522759 0.0365968 0.0113545 0.1492972 0.03659701 0.01113585 0.1492 0.03659701 0.01113591 0.14085 0.03659701 0.01113591 0.1525 0.03659701 0.01113591 0.15285 0.03659703 0.01112417 0.1525 0.03659721 0.01090995 0.1492986 0.03659736 0.01016363 0.1500504 0.0365974 0.01119176 0.1492012 0.03659795 0.01137456 0.1493009 0.03659867 0.01068377 0.1522599 0.03659873 0.01101788 0.1492053 0.03659892 0.0117844 0.1496137 0.03659897 0.00413591 0.1634415 0.03659897 0.00858591 0.1634415 0.03659897 0.01368591 0.1634415 0.03659897 0.01811091 0.1634415 0.03659922 0.01031041 0.1498197 0.03659987 0.01224654 0.1503647 0.03660015 0.0109765 0.1524902 0.03660032 0.01129945 0.1524897 0.03660062 0.01211887 0.1500649 0.03660287 0.01225448 0.1513156 0.03660316 0.01082154 0.1523822 0.03660324 0.01197817 0.1498352 0.03660348 0.01145432 0.1523811 0.03660357 0.01136631 0.1492204 0.0366037 0.01181119 0.1520693 0.03660402 0.01089774 0.1492218 0.0366043 0.0100136 0.1513059 0.03660483 0.01138744 0.1492244 0.03660514 0.01213353 0.1516146 0.0366053 0.0119866 0.1518568 0.03660633 0.01044635 0.1520599 0.03660744 0.01061369 0.1494698 0.03660875 0.01166776 0.1494743 0.03660933 0.010269 0.151841 0.0366098 0.01074607 0.1493396 0.03661058 0.01080471 0.1524575 0.0366109 0.01153686 0.1493432 0.03661093 0.01147135 0.1524564 0.03661279 0.01169651 0.1522118 0.03661294 0.0122807 0.1504579 0.03661297 0.01813591 0.1634208 0.03661308 0.009990775 0.1504589 0.03661378 0.01040743 0.1496672 0.03661386 0.01156541 0.152347 0.03661514 0.01055923 0.1522036 0.03661708 0.01023859 0.1498901 0.03661758 0.0118834 0.1496812 0.03661787 0.01072541 0.1492658 0.03661835 0.01009673 0.1515515 0.036619 0.01066098 0.1523299 0.03661906 0.01229634 0.1511899 0.03661908 0.01155807 0.1492696 0.03661921 0.01189141 0.1520127 0.03662136 0.01051878 0.1495182 0.03662233 0.01158803 0.1524199 0.0366224 0.009967034 0.1511577 0.03662516 0.01007593 0.1501834 0.03662796 0.01063616 0.1524015 0.03662805 0.01231895 0.1506064 0.03662811 0.009952739 0.150607 0.03662821 0.01220505 0.1501996 0.0366284 0.01058772 0.1494019 0.0366298 0.01169415 0.1494067 0.0366313 0.009944817 0.1510477 0.03663144 0.01181339 0.1495542 0.03663181 0.01232827 0.1510394 0.03663216 0.0122168 0.1514788 0.0366324 0.0120904 0.1499547 0.03663305 0.01031562 0.1519601 0.03663375 0.01005032 0.1514699 0.03663412 0.01172416 0.1522785 0.03663437 0.01209753 0.1517366 0.03663568 0.009934037 0.1507416 0.03663625 0.01233917 0.1507594 0.03663641 0.01184116 0.1521278 0.03663663 0.01053089 0.1522697 0.03663723 0.00993025 0.1508957 0.03663734 0.01234184 0.1508873 0.03663824 0.01055947 0.1493324 0.03663844 0.01015981 0.1517186 0.03663914 0.01041586 0.1521178 0.03663977 0.01172286 0.1493375 0.03664137 0.0102791 0.1497727 0.03664327 0.01048875 0.1494535 0.03664449 0.01175421 0.1523466 0.03664462 0.01001877 0.1502947 0.03664543 0.01200997 0.1497891 0.0366461 0.01013314 0.1500164 0.03664687 0.01037556 0.149611 0.03664723 0.0105001 0.1523374 0.0366475 0.01201864 0.1519025 0.0366493 0.01214964 0.1500315 0.0366508 0.01191592 0.1496258 0.03665155 0.01023649 0.1518858 0.03665235 0.01227495 0.1503456 0.03665248 0.0119242 0.1520677 0.03665376 0.01216467 0.151647 0.03665402 0.01184585 0.1494919 0.03665447 0.01045613 0.1493874 0.03665527 0.01228309 0.1513339 0.03665527 0.01045146 0.14085 0.03665527 0.01045146 0.15285 0.03665527 0.01182036 0.14085 0.03665527 0.01182036 0.15285 0.03665549 0.01045017 0.1523091 0.03665549 0.01182169 0.1493909 0.03665551 0.01182179 0.152309 0.03665665 0.009984891 0.1513239 0.0366593 0.0118747 0.1521889 0.03665935 0.01020523 0.1498469 0.0366622 0.01038175 0.1521783 0.03666505 0.01230997 0.1504424 0.03666518 0.009961496 0.1504435 0.03666616 0.01188108 0.1494281 0.03666677 0.01006457 0.151581 0.03666679 0.01028069 0.152012 0.03667041 0.01033996 0.1495523 0.03667099 0.012326 0.1512033 0.03667189 0.01191109 0.1522514 0.03667348 0.01004327 0.1501554 0.03667424 0.00993716 0.1511698 0.03667458 0.01195223 0.149568 0.03667476 0.01212531 0.1499148 0.03667504 0.01034476 0.1522401 0.03667538 0.01024303 0.1497227 0.03667637 0.01196081 0.1521252 0.03667648 0.01223794 0.1501723 0.03667675 0.01213262 0.1517761 0.03667957 0.01204656 0.14974 0.03667974 0.01234918 0.1505968 0.03667979 0.009922507 0.1505975 0.03668037 0.01224997 0.1515052 0.03668083 0.01012434 0.1517571 0.03668171 0.0120555 0.1519511 0.03668194 0.01001703 0.1514958 0.0366829 0.009914387 0.1510555 0.0366834 0.01235873 0.1510469 0.03668393 0.01030137 0.1494922 0.03668588 0.01019914 0.1519336 0.03668716 0.009903337 0.1507374 0.03668771 0.01236991 0.1507559 0.03668843 0.01199157 0.149509 0.03668852 0.01009699 0.1499796 0.03668866 0.009899456 0.1508974 0.03668877 0.01237264 0.1508887 0.03669037 0.01200047 0.1521838 0.03669151 0.01024179 0.1520661 0.03669175 0.01218606 0.1499955 0.03669265 0.00998474 0.1502715 0.03669391 0.01016697 0.149801 0.03669622 0.01220146 0.151682 0.03670026 0.01230948 0.1503246 0.03670058 0.01020291 0.1496706 0.03670314 0.01231781 0.151354 0.0367045 0.009950079 0.1513435 0.036705 0.01208724 0.1496888 0.03670671 0.01019971 0.1521213 0.03670725 0.01209646 0.1520018 0.03670927 0.01002675 0.1516129 0.03670975 0.01216518 0.1498725 0.03671165 0.01015766 0.1519832 0.0367118 0.01217269 0.1518179 0.03671277 0.01234531 0.1504256 0.0367129 0.00992615 0.1504267 0.03671498 0.00413591 0.1661727 0.03671498 0.00858591 0.1661727 0.03671498 0.01368591 0.1661727 0.03671498 0.01811091 0.1661727 0.03671599 0.01008389 0.1517979 0.03671601 0.01000495 0.1501253 0.03671647 0.01015953 0.1496174 0.03671863 0.0123617 0.1512178 0.03671902 0.01227647 0.150143 0.0367201 0.01012454 0.1497533 0.03672121 0.0121312 0.1496367 0.03672182 0.009901266 0.151183 0.03672292 0.01228877 0.1515335 0.03672364 0.01214071 0.1520534 0.03672388 0.01005584 0.1499407 0.03672449 0.009978118 0.1515237 0.03672718 0.01222749 0.1499573 0.03672724 0.0123854 0.1505864 0.03672729 0.009886286 0.1505871 0.03672836 0.01011286 0.1520338 0.03673035 0.009877986 0.1510639 0.03673069 0.01813591 0.1661921 0.03673084 0.01239516 0.1510549 0.03673177 0.01224327 0.1517191 0.03673455 0.009866693 0.1507328 0.0367351 0.01240658 0.150752 0.03673522 0.009945107 0.1502467 0.03673603 0.009862726 0.1508994 0.03673614 0.01240938 0.1508903 0.03673674 0.01220929 0.1498286 0.03673742 0.01007876 0.1497046 0.03673888 0.01221699 0.1518613 0.03674286 0.0123496 0.1503021 0.03674328 0.01003918 0.1518403 0.03674514 0.009983914 0.1516465 0.03674573 0.01235811 0.1513755 0.03674636 0.000850731 0.14085 0.03674636 0.000850731 0.16085 0.03674636 0.02142109 0.14085 0.03674636 0.02142109 0.16085 0.03674709 0.009909703 0.1513645 0.03675154 0.01001042 0.1499003 0.03675203 0.009961621 0.1500935 0.036755 0.0122732 0.1499178 0.03675511 0.01232001 0.150112 0.03675522 0.01225682 0.1497838 0.03675538 0.01238618 0.1504076 0.0367555 0.009885276 0.1504088 0.03675751 0.01226473 0.1519056 0.0367591 0.01233258 0.1515633 0.0367598 0.01228936 0.1517574 0.0367607 0.009934204 0.1515531 0.03676124 0.01240291 0.1512334 0.0367622 0.009991029 0.1518835 0.03676444 0.009859886 0.151197 0.03676986 0.01242707 0.1505753 0.03676991 0.009844609 0.1505761 0.03677102 0.009961535 0.1498591 0.03677166 0.009900501 0.1502206 0.03677298 0.009836145 0.1510729 0.03677347 0.01243703 0.1510635 0.03677377 0.009936793 0.1516813 0.0367747 0.01232237 0.1498775 0.03677718 0.009824633 0.1507278 0.03677772 0.01244867 0.1507479 0.03677866 0.00982059 0.1509015 0.03677877 0.01245152 0.150892 0.03677945 0.01239467 0.1502785 0.03677981 0.01233892 0.1517965 0.03678095 0.009914009 0.1500606 0.03678239 0.01240334 0.1513981 0.03678378 0.009864389 0.1513866 0.03678416 0.01236784 0.15008 0.03678831 0.01238067 0.1515942 0.03678999 0.009886014 0.1515835 0.03679222 0.01243195 0.1503887 0.03679235 0.009839495 0.1503899 0.03679465 0.009886186 0.1517168 0.0367982 0.01244899 0.1512497 0.0368014 0.009851635 0.1501936 0.03680146 0.009813639 0.1512117 0.03680228 0.00986291 0.1500271 0.03680568 0.01241914 0.1500474 0.03680698 0.01247359 0.1505637 0.03680703 0.009798088 0.1505645 0.03680949 0.01244398 0.1502542 0.03681008 0.01243224 0.1516255 0.03681015 0.009789476 0.1510823 0.03681065 0.01248372 0.1510726 0.03681186 0.009834338 0.1516144 0.03681254 0.01245281 0.1514214 0.03681398 0.009814843 0.1514095 0.03681442 0.009777765 0.1507227 0.03681498 0.01249556 0.1507436 0.03681593 0.009773654 0.1509036 0.03681604 0.01249846 0.1508938 0.03682275 0.01248193 0.1503692 0.03682288 0.009789506 0.1503705 0.03682331 0.00413591 0.1636227 0.03682331 0.00858591 0.1636227 0.03682331 0.01368591 0.1636227 0.03682331 0.01811091 0.1636227 0.03682393 0.009799292 0.1501662 0.03682836 0.009786694 0.14085 0.03682836 0.009786694 0.15285 0.03682836 0.01248513 0.14085 0.03682836 0.01248513 0.15285 0.03682895 0.01249926 0.1512665 0.03682914 0.009784496 0.1514961 0.03683232 0.009763211 0.1512269 0.03683249 0.01249676 0.1502294 0.03683571 0.01250575 0.1514451 0.03683723 0.009761835 0.1514326 0.03683804 0.01252427 0.1505517 0.03683809 0.009747408 0.1505525 0.03684061 0.01813591 0.1636046 0.03684132 0.009738659 0.151092 0.03684184 0.01253456 0.1510818 0.03684575 0.009726767 0.1507174 0.03684632 0.01254659 0.1507392 0.03684648 0.01253536 0.1503494 0.03684663 0.00973607 0.1503508 0.03684731 0.009722592 0.1509059 0.03684742 0.01254953 0.1508956 0.03685301 0.01255297 0.1512836 0.03685657 0.009709355 0.1512424 0.03686259 0.01257836 0.1505395 0.03686265 0.009693313 0.1505404 0.03686604 0.009684436 0.1511018 0.03686659 0.01258881 0.1510913 0.0368707 0.009672373 0.150712 0.0368713 0.012601 0.1507347 0.03687234 0.00966814 0.1509081 0.03687246 0.01260398 0.1508975 0.03692316 0.00413591 0.1659731 0.03692316 0.00858591 0.1659731 0.03692316 0.01368591 0.1659731 0.03692316 0.01811091 0.1659731 0.03694192 0.01813591 0.1659897 0.03701381 0.00413591 0.1638391 0.03701381 0.00858591 0.1638391 0.03701381 0.01368591 0.1638391 0.03701381 0.01811091 0.1638391 0.03703391 0.01813591 0.1638243 0.03709461 0.00413591 0.1657413 0.03709461 0.00858591 0.1657413 0.03709461 0.01368591 0.1657413 0.03709461 0.01811091 0.1657413 0.03711131 0.009160746 0.14085 0.03711131 0.009160746 0.15285 0.03711131 0.01311107 0.14085 0.03711131 0.01311107 0.15285 0.0371159 0.01813591 0.1657544 0.03716499 0.00413591 0.1640847 0.03716499 0.00858591 0.1640847 0.03716499 0.01368591 0.1640847 0.03716499 0.01811091 0.1640847 0.03718731 0.01813591 0.1640734 0.03722442 0.00413591 0.1654839 0.03722442 0.00858591 0.1654839 0.03722442 0.01368591 0.1654839 0.03722442 0.01811091 0.1654839 0.03724762 0.01813591 0.1654932 0.0372725 0.00413591 0.1643522 0.0372725 0.00858591 0.1643522 0.0372725 0.01368591 0.1643522 0.0372725 0.01811091 0.1643522 0.0372964 0.01813591 0.1643449 0.03730886 0.00413591 0.1652082 0.03730886 0.00858591 0.1652082 0.03730886 0.01368591 0.1652082 0.03730886 0.01811091 0.1652082 0.03733324 0.00413591 0.1646341 0.03733324 0.00858591 0.1646341 0.03733324 0.01368591 0.1646341 0.03733324 0.01811091 0.1646341 0.03733329 0.01813591 0.1652134 0.03734548 0.00413591 0.1649221 0.03734548 0.00858591 0.1649221 0.03734548 0.01368591 0.1649221 0.03734548 0.01811091 0.1649221 0.03735804 0.01813591 0.1646309 0.03737046 0.01813591 0.1649232 0.03749597 0.008591619 0.14085 0.03749597 0.008591619 0.15285 0.03749597 0.0136802 0.14085 0.03749597 0.0136802 0.15285 0.03797128 0.008095687 0.14085 0.03797128 0.008095687 0.15285 0.03797128 0.01417613 0.14085 0.03797128 0.01417613 0.15285 0.03801454 0.0004555503 0.14085 0.03801454 0.0004555503 0.16085 0.03801454 0.02181627 0.14085 0.03801454 0.02181627 0.16085 0.03852357 0.007687217 0.14085 0.03852357 0.007687217 0.15285 0.03852357 0.0145846 0.14085 0.03852357 0.0145846 0.15285 0.03913694 0.007377959 0.14085 0.03913694 0.007377959 0.15285 0.03913694 0.01489386 0.14085 0.03913694 0.01489386 0.15285 0.03932111 0.0002161129 0.14085 0.03932111 0.0002161129 0.16085 0.03932111 0.02205571 0.14085 0.03932111 0.02205571 0.16085 0.03979376 0.007176811 0.14085 0.03979376 0.007176811 0.15285 0.03979376 0.01509501 0.14085 0.03979376 0.01509501 0.15285 0.04047512 0.00708956 0.14085 0.04047512 0.00708956 0.15285 0.04047512 0.01518226 0.14085 0.04047512 0.01518226 0.15285 0.04064701 0.0001359101 0.14085 0.04064701 0.0001359101 0.16085 0.04064701 0.01113591 0.15285 0.04064701 0.02213591 0.14085 0.04064701 0.02213591 0.16085 0.04116143 0.007118713 0.14085 0.04116143 0.007118713 0.15285 0.04116143 0.01515311 0.14085 0.04116143 0.01515311 0.15285 0.04183295 0.007263435 0.14085 0.04183295 0.007263435 0.15285 0.04183295 0.01500839 0.14085 0.04183295 0.01500839 0.15285 0.04197292 0.0002161129 0.14085 0.04197292 0.0002161129 0.16085 0.04197292 0.02205571 0.14085 0.04197292 0.02205571 0.16085 0.04247034 0.00751956 0.14085 0.04247034 0.00751956 0.15285 0.04247034 0.01475226 0.14085 0.04247034 0.01475226 0.15285 0.04305528 0.007879722 0.14085 0.04305528 0.007879722 0.15285 0.04305528 0.0143921 0.14085 0.04305528 0.0143921 0.15285 0.04327948 0.0004555503 0.14085 0.04327948 0.0004555503 0.16085 0.04327948 0.02181627 0.14085 0.04327948 0.02181627 0.16085 0.04357093 0.008333558 0.14085 0.04357093 0.008333558 0.15285 0.04357093 0.01393826 0.14085 0.04357093 0.01393826 0.15285 0.04392357 0.01813591 0.1649232 0.04393599 0.01813591 0.1646309 0.04394854 0.00413591 0.1649221 0.04394854 0.00858591 0.1649221 0.04394854 0.01368591 0.1649221 0.04394854 0.01811091 0.1649221 0.04396073 0.01813591 0.1652134 0.04396078 0.00413591 0.1646341 0.04396078 0.00858591 0.1646341 0.04396078 0.01368591 0.1646341 0.04396078 0.01811091 0.1646341 0.04398517 0.00413591 0.1652082 0.04398517 0.00858591 0.1652082 0.04398517 0.01368591 0.1652082 0.04398517 0.01811091 0.1652082 0.04399762 0.01813591 0.1643449 0.04400248 0.008868012 0.14085 0.04400248 0.008868012 0.15285 0.04400248 0.01340381 0.14085 0.04400248 0.01340381 0.15285 0.04402153 0.00413591 0.1643522 0.04402153 0.00858591 0.1643522 0.04402153 0.01368591 0.1643522 0.04402153 0.01811091 0.1643522 0.04404641 0.01813591 0.1654932 0.0440696 0.00413591 0.1654839 0.0440696 0.00858591 0.1654839 0.0440696 0.01368591 0.1654839 0.0440696 0.01811091 0.1654839 0.04410672 0.01813591 0.1640734 0.04412904 0.00413591 0.1640847 0.04412904 0.00858591 0.1640847 0.04412904 0.01368591 0.1640847 0.04412904 0.01811091 0.1640847 0.04417812 0.01813591 0.1657544 0.04419941 0.00413591 0.1657413 0.04419941 0.00858591 0.1657413 0.04419941 0.01368591 0.1657413 0.04419941 0.01811091 0.1657413 0.04426012 0.01813591 0.1638243 0.04428022 0.00413591 0.1638391 0.04428022 0.00858591 0.1638391 0.04428022 0.01368591 0.1638391 0.04428022 0.01811091 0.1638391 0.04433749 0.00946771 0.14085 0.04433749 0.00946771 0.15285 0.04433749 0.01280411 0.14085 0.04433749 0.01280411 0.15285 0.0443521 0.01813591 0.1659897 0.04437087 0.00413591 0.1659731 0.04437087 0.00858591 0.1659731 0.04437087 0.01368591 0.1659731 0.04437087 0.01811091 0.1659731 0.04442157 0.01260398 0.1508025 0.04442168 0.00966814 0.1507919 0.04442273 0.012601 0.1509653 0.04442333 0.009672373 0.150988 0.04442744 0.01258881 0.1506087 0.04442798 0.009684436 0.1505982 0.04443138 0.009693313 0.1511596 0.04443143 0.01257836 0.1511605 0.04443745 0.009709355 0.1504576 0.04444101 0.01255297 0.1504164 0.04444661 0.01254953 0.1508044 0.04444672 0.009722592 0.1507941 0.0444474 0.00973607 0.1513492 0.04444754 0.01253536 0.1513506 0.04444771 0.01254659 0.1509608 0.04444828 0.009726767 0.1509826 0.04445219 0.01253456 0.1506181 0.04445271 0.009738659 0.150608 0.04445342 0.01813591 0.1636046 0.04445593 0.009747408 0.1511475 0.04445599 0.01252427 0.1511483 0.04445679 0.009761835 0.1502674 0.04445832 0.01250575 0.1502549 0.04446154 0.01249676 0.1514706 0.0444617 0.009763211 0.1504731 0.04446508 0.01249926 0.1504335 0.04447009 0.009799292 0.1515338 0.04447072 0.00413591 0.1636227 0.04447072 0.00858591 0.1636227 0.04447072 0.01368591 0.1636227 0.04447072 0.01811091 0.1636227 0.04447114 0.009789506 0.1513295 0.04447128 0.01248193 0.1513308 0.04447799 0.01249846 0.1508062 0.0444781 0.009773654 0.1507964 0.04447905 0.01249556 0.1509564 0.04447961 0.009777765 0.1509773 0.04448004 0.009814843 0.1502906 0.04448149 0.01245281 0.1502786 0.04448217 0.009834338 0.1500856 0.04448338 0.01248372 0.1506274 0.04448388 0.009789476 0.1506177 0.04448394 0.01243224 0.1500744 0.04448454 0.01244398 0.1514458 0.044487 0.009798088 0.1511355 0.04448705 0.01247359 0.1511363 0.04448834 0.01241914 0.1516526 0.04449174 0.00986291 0.1516729 0.04449257 0.009813639 0.1504883 0.04449263 0.009851635 0.1515064 0.04449583 0.01244899 0.1504503 0.04449937 0.009886186 0.1499832 0.04450167 0.009839495 0.1513101 0.0445018 0.01243195 0.1513113 0.04450404 0.009886014 0.1501165 0.04450571 0.01238067 0.1501058 0.04450986 0.01236784 0.15162 0.04451025 0.009864389 0.1503134 0.04451164 0.01240334 0.1503019 0.04451307 0.009914009 0.1516394 0.04451422 0.01233892 0.1499035 0.04451457 0.01239467 0.1514214 0.04451526 0.01245152 0.150808 0.04451537 0.00982059 0.1507985 0.0445163 0.01244867 0.1509521 0.04451685 0.009824633 0.1509722 0.04451933 0.01232237 0.1518225 0.04452026 0.009936793 0.1500187 0.04452056 0.01243703 0.1506365 0.04452105 0.009836145 0.1506271 0.04452236 0.009900501 0.1514794 0.04452301 0.009961535 0.1518409 0.04452411 0.009844609 0.1511239 0.04452416 0.01242707 0.1511247 0.04452958 0.009859886 0.150503 0.04453182 0.009991029 0.1498165 0.04453278 0.01240291 0.1504666 0.04453332 0.009934204 0.1501469 0.04453423 0.01228936 0.1499426 0.04453493 0.01233258 0.1501367 0.04453652 0.01226473 0.1497944 0.04453852 0.009885276 0.1512912 0.04453865 0.01238618 0.1512924 0.04453881 0.01225682 0.1519162 0.04453891 0.01232001 0.151588 0.04453902 0.0122732 0.1517822 0.04454199 0.009961621 0.1516065 0.04454248 0.01001042 0.1517997 0.04454693 0.009909703 0.1503355 0.04454766 0.000850731 0.14085 0.04454766 0.000850731 0.16085 0.04454766 0.02142109 0.14085 0.04454766 0.02142109 0.16085 0.04454829 0.01235811 0.1503245 0.04454889 0.009983914 0.1500535 0.04455075 0.01003918 0.1498597 0.04455117 0.0123496 0.1513979 0.04455515 0.01221699 0.1498387 0.04455661 0.01007876 0.1519954 0.04455729 0.01220929 0.1518714 0.04455788 0.01240938 0.1508097 0.04455799 0.009862726 0.1508006 0.0445588 0.009945107 0.1514533 0.04455893 0.01240658 0.150948 0.04455947 0.009866693 0.1509672 0.04456225 0.01224327 0.1499809 0.04456318 0.01239516 0.1506451 0.04456333 0.01813591 0.1661921 0.04456367 0.009877986 0.1506361 0.04456567 0.01011286 0.1496662 0.04456598 0.01215778 0.1520351 0.04456613 0.01011463 0.1520358 0.04456633 0.0101154 0.14085 0.04456633 0.0101154 0.15285 0.04456633 0.01215642 0.14085 0.04456633 0.01215642 0.15285 0.04456673 0.009886286 0.1511129 0.04456678 0.0123854 0.1511136 0.04456684 0.01222749 0.1517427 0.04456953 0.009978118 0.1501763 0.04457014 0.01005584 0.1517593 0.04457039 0.01214071 0.1496466 0.04457111 0.01228877 0.1501665 0.0445722 0.009901266 0.150517 0.04457281 0.0121312 0.1520633 0.04457393 0.01012454 0.1519467 0.044575 0.01227647 0.151557 0.0445754 0.0123617 0.1504822 0.04457756 0.01015953 0.1520826 0.04457802 0.01000495 0.1515747 0.04457803 0.01008389 0.1499021 0.04457904 0.00413591 0.1661727 0.04457904 0.00858591 0.1661727 0.04457904 0.01368591 0.1661727 0.04457904 0.01811091 0.1661727 0.04458113 0.00992615 0.1512733 0.04458126 0.01234531 0.1512744 0.04458223 0.01217269 0.1498821 0.04458238 0.01015766 0.1497168 0.04458427 0.01216518 0.1518275 0.04458475 0.01002675 0.1500871 0.04458677 0.01209646 0.1496982 0.04458732 0.01019971 0.1495787 0.04458903 0.01208724 0.1520112 0.04458953 0.009950079 0.1503565 0.04459089 0.01231781 0.150346 0.04459344 0.01020291 0.1520294 0.04459376 0.01230948 0.1513754 0.04459781 0.01220146 0.150018 0.04460011 0.01016697 0.151899 0.04460138 0.00998474 0.1514285 0.04460228 0.01218606 0.1517045 0.04460251 0.01024179 0.1496339 0.04460366 0.01200047 0.1495162 0.04460526 0.01237264 0.1508112 0.04460536 0.009899456 0.1508026 0.0446055 0.01009699 0.1517204 0.04460559 0.01199157 0.152191 0.04460632 0.01236991 0.1509441 0.04460687 0.009903337 0.1509626 0.04460815 0.01019914 0.1497664 0.0446101 0.01030137 0.1522077 0.04461063 0.01235873 0.1506532 0.04461113 0.009914387 0.1506445 0.04461209 0.01001703 0.1502042 0.04461232 0.0120555 0.1497489 0.04461319 0.01012434 0.1499429 0.04461366 0.01224997 0.1501949 0.04461424 0.009922507 0.1511025 0.04461429 0.01234918 0.1511032 0.04461446 0.01204656 0.1519601 0.04461728 0.01213262 0.1499239 0.04461754 0.01223794 0.1515277 0.04461766 0.01196081 0.1495748 0.04461864 0.01024303 0.1519773 0.04461899 0.01034476 0.1494599 0.04461927 0.01212531 0.1517852 0.04461945 0.01195223 0.152132 0.04461979 0.00993716 0.1505302 0.04462054 0.01004327 0.1515446 0.04462214 0.01191109 0.1494485 0.04462303 0.012326 0.1504967 0.04462361 0.01033996 0.1521477 0.04462723 0.01028069 0.149688 0.04462726 0.01006457 0.150119 0.04462787 0.01188108 0.1522719 0.04462885 0.009961496 0.1512565 0.04462898 0.01230997 0.1512576 0.04463182 0.01038175 0.1495217 0.04463467 0.01020523 0.1518531 0.04463472 0.0118747 0.1495111 0.04463737 0.009984891 0.1503761 0.04463876 0.01228309 0.1503661 0.04463956 0.01045613 0.1523126 0.04464001 0.01184585 0.1522081 0.04464027 0.01216467 0.150053 0.04464154 0.0119242 0.1496323 0.04464167 0.01227495 0.1513544 0.04464248 0.01023649 0.1498141 0.04464323 0.01191592 0.1520742 0.04464472 0.01214964 0.1516685 0.04464652 0.01201864 0.1497975 0.04464679 0.0105001 0.1493626 0.04464716 0.01037556 0.152089 0.04464793 0.01013314 0.1516835 0.0446486 0.01200997 0.1519109 0.04464941 0.01001877 0.1514053 0.04464954 0.01175421 0.1493533 0.04465075 0.01048875 0.1522465 0.04465266 0.0102791 0.1519273 0.04465425 0.01172286 0.1523625 0.04465489 0.01041586 0.1495822 0.04465559 0.01015981 0.1499814 0.04465578 0.01055947 0.1523676 0.04465668 0.01234184 0.1508127 0.0446568 0.00993025 0.1508044 0.04465739 0.01053089 0.1494303 0.04465762 0.01184116 0.1495722 0.04465778 0.01233917 0.1509406 0.04465834 0.009934037 0.1509584 0.04465965 0.01209753 0.1499633 0.04465991 0.01172416 0.1494216 0.04466027 0.01005032 0.1502301 0.04466098 0.01031562 0.1497399 0.04466163 0.0120904 0.1517453 0.04466187 0.0122168 0.1502212 0.04466221 0.01232827 0.1506606 0.04466258 0.01181339 0.1521458 0.04466272 0.009944817 0.1506523 0.04466423 0.01169415 0.1522933 0.04466563 0.01058772 0.1522981 0.04466581 0.01220505 0.1515004 0.04466592 0.009952739 0.151093 0.04466597 0.01231895 0.1510936 0.04466606 0.01063616 0.1492985 0.04466886 0.01007593 0.1515166 0.04467163 0.009967034 0.1505423 0.0446717 0.01158803 0.1492801 0.04467267 0.01051878 0.1521818 0.04467482 0.01189141 0.1496873 0.04467495 0.01155807 0.1524304 0.04467497 0.01229634 0.1505101 0.04467502 0.01066098 0.1493701 0.04467568 0.01009673 0.1501485 0.04467616 0.01072541 0.1524342 0.04467645 0.0118834 0.1520188 0.04467695 0.01023859 0.1518099 0.04467889 0.01055923 0.1494964 0.04468016 0.01156541 0.149353 0.04468024 0.01040743 0.1520328 0.04468095 0.009990775 0.1512411 0.04468106 0.01813591 0.1634208 0.04468108 0.0122807 0.1512421 0.04468124 0.01169651 0.1494882 0.04468236 0.01148011 0.152454 0.04468237 0.01079176 0.1524541 0.04468242 0.01079245 0.14085 0.04468242 0.01079245 0.15285 0.04468242 0.01147937 0.14085 0.04468242 0.01147937 0.15285 0.0446831 0.01147135 0.1492436 0.04468313 0.01153686 0.1523568 0.04468345 0.01080471 0.1492425 0.04468423 0.01074607 0.1523605 0.0446847 0.010269 0.149859 0.04468528 0.01166776 0.1522257 0.04468658 0.01061369 0.1522302 0.0446877 0.01044635 0.1496401 0.04468872 0.0119866 0.1498432 0.04468888 0.01213353 0.1500854 0.04468919 0.01138744 0.1524756 0.04468973 0.0100136 0.1503941 0.04469 0.01089774 0.1524782 0.04469033 0.01181119 0.1496307 0.04469045 0.01136631 0.1524796 0.04469054 0.01145432 0.1493189 0.04469078 0.01197817 0.1518648 0.04469086 0.01082154 0.1493178 0.04469115 0.01225448 0.1503844 0.04469341 0.01211887 0.1516351 0.04469371 0.01129945 0.1492103 0.04469387 0.0109765 0.1492097 0.04469415 0.01224654 0.1513353 0.04469481 0.01031041 0.1518803 0.04469506 0.00413591 0.1634415 0.04469506 0.00858591 0.1634415 0.04469506 0.01368591 0.1634415 0.04469506 0.01811091 0.1634415 0.04469511 0.0117844 0.1520863 0.04469529 0.01101788 0.1524947 0.04469535 0.01068377 0.1494401 0.04469608 0.01137456 0.1523991 0.04469663 0.01119176 0.1524988 0.04469667 0.01016363 0.1516496 0.04469682 0.01090995 0.1524014 0.04469699 0.01112417 0.1492001 0.04469701 0.01113591 0.1492 0.04469722 0.0113545 0.1524028 0.04470014 0.01154464 0.1494241 0.04470018 0.01129102 0.1492878 0.04470033 0.01098472 0.1492873 0.04470161 0.01102397 0.1524168 0.04470212 0.01004664 0.1513842 0.04470282 0.01118887 0.1524207 0.0447029 0.01151739 0.152285 0.04470307 0.01034587 0.1497886 0.04470315 0.01112477 0.1492783 0.04470392 0.01076503 0.1522884 0.04470444 0.01018964 0.150017 0.04470481 0.01054555 0.1521201 0.04470857 0.01206806 0.1499997 0.04470979 0.01143868 0.1493923 0.04471008 0.01083698 0.1493913 0.04471058 0.01206111 0.1517086 0.04471079 0.01058446 0.1495595 0.04471143 0.01231742 0.150814 0.04471155 0.009954667 0.150806 0.04471257 0.01231482 0.1509374 0.04471305 0.01167191 0.1495518 0.04471316 0.009958349 0.1509545 0.04471331 0.01007742 0.1502537 0.04471492 0.01136275 0.1523244 0.04471495 0.01218981 0.1502451 0.0447156 0.01092114 0.1523266 0.04471598 0.01134366 0.1523278 0.04471679 0.01186311 0.1497387 0.04471692 0.01164428 0.1521612 0.04471717 0.01230422 0.1506673 0.0447177 0.009968832 0.1506593 0.04471817 0.01063678 0.1521654 0.0447184 0.01185535 0.151967 0.04471872 0.0112833 0.1493634 0.04471885 0.01099224 0.1493629 0.04471902 0.01217836 0.1514756 0.04472004 0.01102956 0.1523409 0.04472102 0.009976538 0.1510844 0.04472108 0.01229515 0.1510851 0.04472116 0.01118622 0.1523445 0.04472147 0.01112533 0.1493546 0.04472216 0.01043488 0.1519802 0.04472216 0.0101024 0.1514912 0.04472613 0.01026641 0.1517702 0.04472657 0.01070402 0.1495068 0.04472696 0.009990442 0.1505531 0.04472919 0.01012269 0.1501753 0.04472955 0.01047256 0.1496942 0.04473042 0.01227316 0.150522 0.04473115 0.01152621 0.1494918 0.04473215 0.01178544 0.1496853 0.04473379 0.01150012 0.1522167 0.044734 0.01029602 0.1499001 0.04473476 0.01078185 0.1522198 0.04473664 0.01001354 0.1512273 0.04473678 0.01225795 0.1512284 0.04473688 0.01175953 0.1520307 0.04473808 0.01196001 0.149885 0.04474017 0.0119518 0.1518226 0.04474036 0.01142483 0.1494622 0.04474064 0.01085066 0.1494613 0.04474281 0.0121086 0.1501146 0.04474426 0.01033633 0.1518374 0.04474526 0.01135229 0.1522534 0.04474577 0.01003575 0.1504101 0.04474591 0.01093105 0.1522554 0.04474627 0.01133407 0.1522566 0.04474647 0.01056846 0.1520626 0.04474725 0.01223242 0.1504008 0.04474748 0.0120943 0.1516051 0.04474887 0.01127647 0.1494352 0.044749 0.01099891 0.1494348 0.04475014 0.0110345 0.1522687 0.04475038 0.0122247 0.1513183 0.04475084 0.01018794 0.151619 0.0447512 0.01118388 0.152272 0.0447515 0.01112582 0.149427 0.04475238 0.01060602 0.1496181 0.04475265 0.01037083 0.149833 0.04475461 0.01165089 0.1496109 0.04475843 0.01162425 0.1521013 0.04475866 0.01006792 0.1513655 0.04475887 0.0102133 0.1500489 0.04475967 0.01065648 0.1521053 0.04476313 0.01204475 0.1500323 0.04476521 0.01203797 0.1516757 0.04476658 0.0118399 0.1497856 0.04476795 0.01072125 0.1495686 0.04476822 0.01183236 0.1519199 0.04476871 0.01229972 0.1508152 0.04476884 0.009972355 0.1508074 0.0447699 0.01229721 0.1509346 0.04477033 0.01009789 0.1502745 0.04477052 0.009975923 0.1509512 0.04477203 0.01045735 0.1519325 0.04477204 0.01216946 0.1502662 0.04477246 0.01151055 0.1495546 0.04477472 0.01228693 0.1506731 0.04477506 0.01148545 0.1521534 0.04477527 0.009986083 0.1506653 0.04477602 0.01079613 0.1521564 0.04477628 0.0121583 0.1514538 0.04477874 0.009993552 0.151077 0.0447788 0.01227814 0.1510776 0.04477953 0.01049395 0.1497432 0.04477955 0.01012223 0.1514688 0.04478128 0.01028817 0.1517348 0.04478154 0.0114131 0.1495268 0.04478182 0.01086225 0.149526 0.04478218 0.01176446 0.1497347 0.04478494 0.01000704 0.1505625 0.04478636 0.01134344 0.1521878 0.04478688 0.010142 0.1501987 0.04478698 0.01173931 0.1519805 0.04478699 0.01093944 0.1521897 0.04478735 0.01132595 0.1521907 0.04478857 0.01225682 0.1505324 0.04478942 0.01031705 0.1499366 0.04478991 0.01127069 0.1495016 0.04479004 0.01100454 0.1495012 0.04479116 0.01103867 0.1522021 0.0447922 0.0111819 0.1522052 0.04479249 0.01112624 0.1494939 0.04479364 0.01193938 0.1499222 0.04479508 0.01002944 0.1512155 0.04479522 0.01224205 0.1512164 0.0447958 0.01193137 0.1517852 0.04479672 0.010587 0.1520107 0.04480004 0.01035635 0.1517993 0.0448011 0.01209031 0.1501401 0.04480272 0.01062342 0.149671 0.04480464 0.01005101 0.1504239 0.04480498 0.01163395 0.1496642 0.04480574 0.01813591 0.1663559 0.04480598 0.01207637 0.1515789 0.04480619 0.01221727 0.1504148 0.04480872 0.01038999 0.1498723 0.04480887 0.01160813 0.1520474 0.04480946 0.01220977 0.1513037 0.04480949 0.01020562 0.1515924 0.04481012 0.01067232 0.1520511 0.04481788 0.01023036 0.1500765 0.04481793 0.00413591 0.1663341 0.04481793 0.00858591 0.1663341 0.04481793 0.01368591 0.1663341 0.04481793 0.01811091 0.1663341 0.04481815 0.01008226 0.1513495 0.04481853 0.01073505 0.1496241 0.04482234 0.01202802 0.1500605 0.04482312 0.01149803 0.1496109 0.04482315 0.01182226 0.1498268 0.04482451 0.01202141 0.1516472 0.04482486 0.01181491 0.1518785 0.04482575 0.01147374 0.1520967 0.04482673 0.01080752 0.1520995 0.04482771 0.01228901 0.1508161 0.04482784 0.009983058 0.1508085 0.04482881 0.01047436 0.1518905 0.04482895 0.01228658 0.1509322 0.04482959 0.009986503 0.1509484 0.04483038 0.0101114 0.1502922 0.04483218 0.01215607 0.1502842 0.04483233 0.01140376 0.1495846 0.04483261 0.01087148 0.1495838 0.044834 0.01227666 0.150678 0.04483458 0.009996316 0.1506704 0.04483659 0.01051004 0.1497861 0.04483663 0.01214521 0.1514353 0.04483722 0.01133642 0.1521291 0.04483787 0.01094609 0.1521309 0.04483822 0.01000353 0.1510707 0.04483823 0.01131951 0.1521319 0.04483828 0.01226817 0.1510713 0.04483934 0.0117487 0.149778 0.04484007 0.01013508 0.1514499 0.04484083 0.01126611 0.1495608 0.04484096 0.011009 0.1495605 0.04484135 0.01030345 0.1517045 0.04484209 0.01104198 0.1521427 0.04484315 0.01118034 0.1521456 0.04484344 0.01112657 0.1495536 0.04484432 0.01172418 0.1519366 0.04484472 0.01001657 0.1505704 0.04484777 0.01015433 0.1502186 0.04484853 0.01224755 0.150541 0.04484988 0.01033166 0.1499679 0.04485431 0.01192511 0.1499539 0.04485444 0.01060077 0.1519655 0.04485537 0.01003825 0.1512056 0.04485552 0.01223326 0.1512066 0.04485658 0.01191729 0.1517532 0.04486067 0.01063627 0.149717 0.04486103 0.01037007 0.1517669 0.04486273 0.01207898 0.1501615 0.04486303 0.01162145 0.1497104 0.04486541 0.01005913 0.1504352 0.04486703 0.01220926 0.1504264 0.04486707 0.01159629 0.1520007 0.04486787 0.01206539 0.1515571 0.04486837 0.01068395 0.1520043 0.04487015 0.01040297 0.1499056 0.04487048 0.01220199 0.1512917 0.04487157 0.01021635 0.1515702 0.04487712 0.01074511 0.1496721 0.04487962 0.01008943 0.1513365 0.04488041 0.01024051 0.1500995 0.0448819 0.01148894 0.1496594 0.04488465 0.01146526 0.1520479 0.04488512 0.01201819 0.1500838 0.04488534 0.01181056 0.1498615 0.04488567 0.01081576 0.1520506 0.04488713 0.01180336 0.1518436 0.04488741 0.01201173 0.1516237 0.04488756 0.01228543 0.1508169 0.0448877 0.009986624 0.1508095 0.04488787 0.009986947 0.1508012 0.04488787 0.01228487 0.1508012 0.04488886 0.0122831 0.1509304 0.04488954 0.009989938 0.1509462 0.0448913 0.01048554 0.1518553 0.0448915 0.01139703 0.1496342 0.0448918 0.01087811 0.1496335 0.04489248 0.009995233 0.1509961 0.04489248 0.01227659 0.1509962 0.04489249 0.01011772 0.1503065 0.04489415 0.01227355 0.1506818 0.04489439 0.01214987 0.1502987 0.04489477 0.009999383 0.1506745 0.04489661 0.01133138 0.1520789 0.04489729 0.01095086 0.1520807 0.04489766 0.01131491 0.1520816 0.04489858 0.01000633 0.1510658 0.04489865 0.01226537 0.1510664 0.04489908 0.01213931 0.1514204 0.04489949 0.01052049 0.1498221 0.04490037 0.01126284 0.1496115 0.04490051 0.01101219 0.1496111 0.04490153 0.01001173 0.1506077 0.04490154 0.01226007 0.1506076 0.04490169 0.01104434 0.1520919 0.04490239 0.01173851 0.1498142 0.04490271 0.01014075 0.1514347 0.0449028 0.01117922 0.1520947 0.04490311 0.0111268 0.1496045 0.04490519 0.01031196 0.1516796 0.04490541 0.0100189 0.1505765 0.04490766 0.01171448 0.1518999 0.04490941 0.01224549 0.1505478 0.04491083 0.01015948 0.1502344 0.04491422 0.01033958 0.1499934 0.04491474 0.01003633 0.1511868 0.04491474 0.01223549 0.1511868 0.04491658 0.01003981 0.151198 0.04491674 0.0122317 0.1511989 0.04491835 0.01060945 0.1519281 0.04491891 0.0119175 0.1499797 0.04492131 0.01190983 0.1517273 0.04492494 0.01064429 0.1497549 0.04492603 0.01037723 0.1517407 0.04492662 0.01207481 0.1501783 0.04492714 0.01005999 0.1504439 0.04492743 0.0116137 0.1497486 0.04492885 0.01220851 0.1504352 0.04493171 0.01220296 0.1504212 0.04493171 0.01006887 0.1504211 0.04493171 0.01158899 0.1519622 0.04493205 0.01206155 0.1515399 0.04493246 0.01220148 0.1512825 0.04493309 0.0106911 0.1519657 0.0449357 0.01040951 0.1499323 0.04493596 0.01021995 0.1515528 0.04493648 0.01813591 0.1632781 0.04494208 0.01008932 0.1513266 0.04494238 0.01075119 0.1497113 0.04494532 0.01024356 0.1501173 0.04494678 0.00413591 0.1633009 0.04494678 0.00858591 0.1633009 0.04494678 0.01368591 0.1633009 0.04494678 0.01811091 0.1633009 0.04494744 0.0114835 0.1496989 0.0449503 0.01201543 0.1501019 0.04495036 0.01146022 0.1520081 0.04495144 0.01082065 0.1520107 0.04495183 0.01180504 0.149889 0.04495189 0.01010908 0.1513678 0.0449519 0.01216272 0.1513678 0.04495273 0.01200911 0.1516055 0.04495373 0.01179796 0.151816 0.04495564 0.01011676 0.1503172 0.04495764 0.01215096 0.1503095 0.04495765 0.0113931 0.1496745 0.04495796 0.010882 0.1496737 0.04495817 0.01049067 0.1518275 0.04496258 0.0121407 0.1514094 0.04496308 0.01132847 0.1520384 0.0449638 0.01095361 0.15204 0.0449642 0.01131224 0.152041 0.0449664 0.01013913 0.1514235 0.0449669 0.01052509 0.1498503 0.04496709 0.01126097 0.1496523 0.04496724 0.01101402 0.1496519 0.04496849 0.01104569 0.152051 0.04496968 0.01117858 0.1520537 0.04496999 0.0117341 0.1498425 0.04497 0.01112694 0.1496455 0.04497158 0.01031353 0.1516608 0.04497467 0.01211511 0.1502469 0.04497498 0.01015736 0.1502459 0.0449756 0.01171041 0.1518714 0.04498117 0.01034065 0.1500125 0.04498616 0.01191668 0.1499989 0.04498701 0.01061285 0.1518992 0.04498872 0.01190914 0.151708 0.04499165 0.01207788 0.1501903 0.04499373 0.01037767 0.1517213 0.04499406 0.01064728 0.1497841 0.04499673 0.01161086 0.1497778 0.04499739 0.01206493 0.1515278 0.04499933 0.0120605 0.1515338 0.04499933 0.01021133 0.1515338 0.04500132 0.0115864 0.1519329 0.04500153 0.01021636 0.1515406 0.0450028 0.0106936 0.1519363 0.04500403 0.01040947 0.1499519 0.04501143 0.01023945 0.1501297 0.04501275 0.01075314 0.1497409 0.0450167 0.01201979 0.1501143 0.04501819 0.01148185 0.1497286 0.04501928 0.0120136 0.1515931 0.04502124 0.01180581 0.1499088 0.04502133 0.01145873 0.1519784 0.04502249 0.01082208 0.151981 0.04502327 0.01179881 0.1517962 0.04502518 0.01199918 0.1500902 0.04502518 0.01027265 0.1500902 0.04502802 0.01048963 0.1518077 0.04502917 0.01139203 0.1497043 0.04502951 0.01088305 0.1497036 0.04503502 0.01132774 0.1520084 0.0450358 0.0109543 0.1520101 0.04503623 0.01131159 0.152011 0.04503735 0.01052372 0.1498701 0.04503927 0.01030814 0.1516483 0.04503934 0.01126053 0.1496823 0.0450395 0.01101444 0.1496819 0.04504066 0.01173557 0.1498623 0.04504086 0.011046 0.152021 0.04504214 0.01117844 0.1520237 0.04504249 0.01112697 0.1496756 0.04504668 0.01171206 0.1518516 0.04504945 0.01033485 0.1500249 0.04505144 0.01034017 0.1516802 0.04505145 0.01193164 0.1516803 0.04505476 0.01192268 0.1500113 0.04505748 0.01191524 0.1516957 0.04505892 0.0106109 0.1518795 0.04506281 0.01037139 0.1517091 0.04506649 0.01064519 0.1498037 0.04506936 0.01161299 0.1497973 0.04507235 0.01813591 0.1664765 0.04507378 0.01040285 0.1499639 0.04507429 0.01158859 0.1519134 0.04507589 0.0106914 0.1519169 0.04507735 0.01185841 0.1499553 0.04507736 0.01041343 0.1499553 0.04508067 0.00413591 0.1664529 0.04508067 0.00858591 0.1664529 0.04508067 0.01368591 0.1664529 0.04508067 0.01811091 0.1664529 0.04508661 0.01075093 0.1497601 0.04509213 0.01181287 0.1499204 0.04509249 0.011484 0.1497477 0.0450943 0.01180591 0.1517847 0.04509587 0.01146083 0.1519594 0.04509713 0.01082 0.151962 0.04509937 0.01048246 0.1517963 0.0451022 0.01177992 0.1518028 0.0451022 0.01049191 0.1518028 0.04510435 0.01139387 0.1497231 0.04510471 0.01088122 0.1497224 0.04510936 0.01051643 0.1498811 0.04511068 0.01132922 0.1519898 0.04511152 0.01095289 0.1519915 0.04511199 0.01131296 0.1519925 0.04511289 0.01174289 0.1498732 0.04511537 0.01126153 0.1497007 0.04511554 0.01101346 0.1497004 0.04511701 0.01104526 0.1520026 0.0451184 0.01117879 0.1520054 0.04511878 0.01112689 0.1496939 0.04511933 0.01171939 0.151841 0.04512526 0.01057495 0.1498461 0.04512526 0.01169687 0.1498461 0.04513246 0.01060363 0.1518694 0.04514059 0.01063806 0.1498134 0.04514368 0.01162005 0.1498069 0.04514596 0.01066218 0.1518979 0.04514596 0.01160965 0.1518979 0.04514898 0.0115955 0.1519042 0.04515069 0.01068455 0.1519077 0.04516224 0.0107446 0.1497686 0.04516367 0.01151912 0.1497657 0.04516368 0.01075277 0.1497657 0.04516857 0.01148993 0.1497558 0.04517223 0.01146647 0.1519515 0.04517358 0.01081448 0.1519542 0.04517797 0.01084606 0.1519629 0.04517797 0.01142578 0.1519629 0.04518138 0.01139857 0.1497304 0.04518177 0.01087658 0.1497296 0.04518823 0.01133286 0.151983 0.04518845 0.01094147 0.1497166 0.04518845 0.01133035 0.1497166 0.04518914 0.01094942 0.1519848 0.04518964 0.01131632 0.1519858 0.0451933 0.01126396 0.1497072 0.04519349 0.01101109 0.1497068 0.04519486 0.01123349 0.1519958 0.04519508 0.01104349 0.1519963 0.04519658 0.01117964 0.1519992 0.04519699 0.01112671 0.1497 0.04519701 0.01113591 0.1497 0.04521235 0.01813591 0.1631807 0.04521865 0.00413591 0.1632048 0.04521865 0.00858591 0.1632048 0.04521865 0.01368591 0.1632048 0.04521865 0.01811091 0.1632048 0.04535549 0.01813591 0.1665502 0.04535971 0.00413591 0.1665255 0.04535971 0.00858591 0.1665255 0.04535971 0.01368591 0.1665255 0.04535971 0.01811091 0.1665255 0.04550072 0.01813591 0.1631312 0.04550284 0.00413591 0.1631561 0.04550284 0.00858591 0.1631561 0.04550284 0.01368591 0.1631561 0.04550284 0.01811091 0.1631561 0.04564701 0.00413591 0.16655 0.04564701 0.00858591 0.16315 0.04564701 0.00858591 0.16655 0.04564701 0.01368591 0.16655 0.04564701 0.01811091 0.16655 0.04564701 0.01813591 0.166575 0.04575897 0.001395894 0.14085 0.04575897 0.001395894 0.16085 0.04575897 0.02087593 0.14085 0.04575897 0.02087593 0.16085 0.04579118 0.00413591 0.1631561 0.04579118 0.00858591 0.1631561 0.04579118 0.01368591 0.1631561 0.04579118 0.01811091 0.1631561 0.0457933 0.01813591 0.1631312 0.04593431 0.00413591 0.1665255 0.04593431 0.00858591 0.1665255 0.04593431 0.01368591 0.1665255 0.04593431 0.01811091 0.1665255 0.04593854 0.01813591 0.1665502 0.04607537 0.00413591 0.1632048 0.04607537 0.00858591 0.1632048 0.04607537 0.01368591 0.1632048 0.04607537 0.01811091 0.1632048 0.04608168 0.01813591 0.1631807 0.04621335 0.00413591 0.1664529 0.04621335 0.00858591 0.1664529 0.04621335 0.01368591 0.1664529 0.04621335 0.01811091 0.1664529 0.04622168 0.01813591 0.1664765 0.04634724 0.00413591 0.1633009 0.04634724 0.00858591 0.1633009 0.04634724 0.01368591 0.1633009 0.04634724 0.01811091 0.1633009 0.04635754 0.01813591 0.1632781 0.04647609 0.00413591 0.1663341 0.04647609 0.00858591 0.1663341 0.04647609 0.01368591 0.1663341 0.04647609 0.01811091 0.1663341 0.04648829 0.01813591 0.1663559 0.04659897 0.00413591 0.1634415 0.04659897 0.00858591 0.1634415 0.04659897 0.01368591 0.1634415 0.04659897 0.01811091 0.1634415 0.04661297 0.01813591 0.1634208 0.04671499 0.00413591 0.1661727 0.04671499 0.00858591 0.1661727 0.04671499 0.01368591 0.1661727 0.04671499 0.01811091 0.1661727 0.04673069 0.01813591 0.1661921 0.04682331 0.00413591 0.1636227 0.04682331 0.00858591 0.1636227 0.04682331 0.01368591 0.1636227 0.04682331 0.01811091 0.1636227 0.04684061 0.01813591 0.1636046 0.04689573 0.002083088 0.14085 0.04689573 0.002083088 0.16085 0.04689573 0.02018873 0.14085 0.04689573 0.02018873 0.16085 0.04692316 0.00413591 0.1659731 0.04692316 0.00858591 0.1659731 0.04692316 0.01368591 0.1659731 0.04692316 0.01811091 0.1659731 0.04694192 0.01813591 0.1659897 0.04697157 0.002135911 0.16085 0.04697157 0.02013591 0.16085 0.04701381 0.00413591 0.1638391 0.04701381 0.00858591 0.1638391 0.04701381 0.01368591 0.1638391 0.04701381 0.01811091 0.1638391 0.04703391 0.01813591 0.1638243 0.04709461 0.00413591 0.1657413 0.04709461 0.00858591 0.1657413 0.04709461 0.01368591 0.1657413 0.04709461 0.01811091 0.1657413 0.0471159 0.01813591 0.1657544 0.04716499 0.00413591 0.1640847 0.04716499 0.00858591 0.1640847 0.04716499 0.01368591 0.1640847 0.04716499 0.01811091 0.1640847 0.04718731 0.01813591 0.1640734 0.04722442 0.00413591 0.1654839 0.04722442 0.00858591 0.1654839 0.04722442 0.01368591 0.1654839 0.04722442 0.01811091 0.1654839 0.04724762 0.01813591 0.1654932 0.0472725 0.00413591 0.1643522 0.0472725 0.00858591 0.1643522 0.0472725 0.01368591 0.1643522 0.0472725 0.01811091 0.1643522 0.0472964 0.01813591 0.1643449 0.04730886 0.00413591 0.1652082 0.04730886 0.00858591 0.1652082 0.04730886 0.01368591 0.1652082 0.04730886 0.01811091 0.1652082 0.04733324 0.00413591 0.1646341 0.04733324 0.00858591 0.1646341 0.04733324 0.01368591 0.1646341 0.04733324 0.01811091 0.1646341 0.04733329 0.01813591 0.1652134 0.04734548 0.00413591 0.1649221 0.04734548 0.00858591 0.1649221 0.04734548 0.01368591 0.1649221 0.04734548 0.01811091 0.1649221 0.04735804 0.01813591 0.1646309 0.04737046 0.01813591 0.1649232 0.04739488 0.002448779 0.1608746 0.04739488 0.01982304 0.1608746 0.0477704 0.002753944 0.1609479 0.0477704 0.01951788 0.1609479 0.04794136 0.002902292 0.14085 0.04794136 0.01936953 0.14085 0.04794276 0.002903535 0.1610032 0.04794276 0.01936828 0.1610032 0.04809813 0.00304389 0.161068 0.04809813 0.01922793 0.161068 0.04837865 0.00331148 0.161232 0.04837865 0.01896034 0.161232 0.04861293 0.003550122 0.1614358 0.04861293 0.0187217 0.1614358 0.04880217 0.003753943 0.1616744 0.04880217 0.01851788 0.1616744 0.04888063 0.003841561 0.14085 0.04888063 0.003841561 0.1618056 0.04888063 0.01843026 0.14085 0.04888063 0.01843026 0.1618056 0.04894765 0.003917922 0.161942 0.04894765 0.0183539 0.161942 0.04900382 0.003983026 0.1620831 0.04900401 0.01828858 0.1620836 0.04905058 0.004038022 0.162232 0.04905058 0.0182338 0.162232 0.04908611 0.01819153 0.1623816 0.04908634 0.004080576 0.1623828 0.04911192 0.004111286 0.1625371 0.04911192 0.01816053 0.1625371 0.04912714 0.004129671 0.1626921 0.04912717 0.01814212 0.1626925 0.04913229 0.00413591 0.16085 0.04913229 0.00413591 0.16285 0.04913229 0.00413591 0.16885 0.04913229 0.00858591 0.16085 0.04913229 0.00858591 0.16885 0.04913229 0.01368591 0.16085 0.04913229 0.01368591 0.16885 0.04913229 0.01813591 0.16085 0.04913229 0.01813591 0.16285 0.04913229 0.01813591 0.16885 0.04969984 0.004887198 0.14085 0.04969984 0.004887198 0.16085 0.04969984 0.01738462 0.14085 0.04969984 0.01738462 0.16085 0.05038703 0.006023955 0.14085 0.05038703 0.006023955 0.16085 0.05038703 0.01624787 0.14085 0.05038703 0.01624787 0.16085 0.05093219 0.007235256 0.14085 0.05093219 0.007235256 0.16085 0.05093219 0.01503656 0.14085 0.05093219 0.01503656 0.16085 0.05101656 0.01228591 0.1508481 0.05101656 0.009985928 0.1508563 0.0510168 0.009986946 0.1508012 0.0510168 0.01228487 0.1508012 0.05101764 0.01228117 0.1509543 0.05101836 0.009993846 0.1507151 0.05101859 0.01227698 0.150707 0.05101868 0.01227659 0.1509961 0.05101868 0.009995255 0.1509963 0.05102229 0.01001132 0.1506096 0.05102238 0.0122601 0.1506077 0.05102242 0.01225995 0.151093 0.05102268 0.01001304 0.1510983 0.0510244 0.01225104 0.150569 0.05102781 0.01003633 0.1511868 0.05102781 0.0122355 0.1511868 0.05103056 0.01004903 0.1504743 0.05103079 0.01222176 0.1504713 0.05103082 0.0122216 0.1512292 0.05103123 0.01005212 0.1512346 0.05103479 0.01006885 0.1504212 0.05103479 0.01220297 0.1504212 0.05103917 0.01218205 0.1513276 0.05104199 0.01010346 0.1503435 0.05104231 0.01216681 0.1503403 0.05104277 0.01010726 0.1513642 0.05104314 0.01216276 0.1513678 0.05105202 0.01015375 0.1502518 0.05105242 0.01015582 0.1514516 0.05105247 0.01211577 0.151452 0.05105259 0.01211516 0.150247 0.05105614 0.01209663 0.1502179 0.05106287 0.01021132 0.1515338 0.05106287 0.0120605 0.1515338 0.0510669 0.01203817 0.150137 0.05106705 0.01023446 0.1501359 0.05106762 0.01023767 0.1515681 0.05106763 0.01203407 0.1515682 0.0510737 0.01027264 0.1500902 0.0510737 0.01199918 0.1500902 0.05107904 0.01196723 0.1516446 0.05108294 0.01194313 0.1500309 0.05108308 0.01032953 0.1500301 0.05108356 0.0103326 0.1516729 0.05108476 0.01034018 0.1516803 0.05108476 0.01193164 0.1516803 0.05109439 0.01040415 0.1499629 0.05109497 0.01040822 0.1517405 0.051095 0.01186341 0.1517406 0.05109572 0.01041345 0.1499553 0.05109572 0.01185837 0.1499553 0.05109878 0.01183655 0.1499381 0.05110256 0.01229336 0.1508481 0.05110256 0.009978476 0.1508563 0.05110357 0.0122887 0.1509537 0.05110424 0.009986278 0.1507159 0.05110445 0.01228456 0.1507077 0.05110454 0.009987667 0.1509955 0.05110628 0.01049193 0.1518028 0.05110628 0.01177989 0.1518028 0.05110791 0.01000351 0.1506108 0.05110802 0.01226776 0.1510918 0.05110826 0.01000521 0.1510971 0.05110957 0.01051846 0.1498798 0.05110973 0.0117521 0.149879 0.05110987 0.01225897 0.1505703 0.05111019 0.01052358 0.1518234 0.05111025 0.01174778 0.1518237 0.05111563 0.01004076 0.1504758 0.05111583 0.01223004 0.1504728 0.05111586 0.01222989 0.1512276 0.05111613 0.01057504 0.149846 0.05111613 0.01169678 0.149846 0.05111625 0.01004381 0.151233 0.05112004 0.01166011 0.1518736 0.05112316 0.01064292 0.149811 0.05112326 0.01162788 0.1498105 0.05112358 0.01064728 0.151891 0.05112367 0.01219072 0.151326 0.05112499 0.01066222 0.1518979 0.05112499 0.01160962 0.1518979 0.05112631 0.01009467 0.1503451 0.05112661 0.01217561 0.1503419 0.05112703 0.01009844 0.1513626 0.05113131 0.01073584 0.1497718 0.0511317 0.01153102 0.15193 0.05113204 0.0107452 0.1519316 0.05113261 0.01075279 0.1497657 0.05113261 0.01151904 0.1497657 0.0511342 0.01149725 0.1497582 0.0511357 0.01014463 0.1502531 0.05113607 0.01014669 0.1514503 0.05113612 0.0121249 0.1514506 0.05113878 0.01084612 0.1519629 0.05113878 0.0114257 0.1519629 0.05113956 0.01210586 0.1502191 0.0511401 0.01087042 0.1497311 0.05114042 0.01139514 0.1519704 0.05114046 0.01139436 0.1497294 0.05114062 0.0108805 0.1519713 0.05114331 0.01094154 0.1497165 0.05114331 0.01133028 0.1497165 0.05114455 0.01129446 0.151989 0.05114546 0.01100989 0.1497069 0.05114554 0.01101327 0.1519934 0.05114563 0.01125487 0.1497062 0.05114608 0.01103838 0.1519958 0.05114608 0.01123345 0.1519958 0.05114697 0.01111466 0.1497002 0.05114698 0.01115454 0.1519998 0.05114701 0.01113591 0.1497 0.05114966 0.01204757 0.1501377 0.05114979 0.01022506 0.1501366 0.05115033 0.01022827 0.1515674 0.05115034 0.01204347 0.1515675 0.05116106 0.01197663 0.1516446 0.05116473 0.01195249 0.1500306 0.05116486 0.01032017 0.1500298 0.05116531 0.01032325 0.1516732 0.05117551 0.01039505 0.1499617 0.05117606 0.01039915 0.1517417 0.05117608 0.01187248 0.1517418 0.05117964 0.01184548 0.1499366 0.051186 0.01231549 0.1508481 0.051186 0.009956344 0.1508563 0.05118694 0.01231081 0.1509545 0.05118756 0.009964171 0.1507148 0.05118776 0.01230666 0.1507066 0.05118784 0.009965566 0.1509967 0.05118982 0.01051013 0.1498774 0.05118997 0.01176042 0.1498766 0.05119041 0.01051529 0.1518259 0.05119046 0.01175607 0.1518262 0.05119099 0.009981471 0.1506088 0.0511911 0.0122898 0.1510938 0.05119132 0.00998318 0.1510991 0.05119282 0.01228096 0.1505679 0.0511982 0.01001892 0.1504725 0.05119839 0.01225187 0.1504695 0.05119843 0.01225172 0.1512309 0.05119878 0.01002199 0.1512363 0.05119971 0.01166756 0.151877 0.05120266 0.0106358 0.1498073 0.05120275 0.01163498 0.1498068 0.05120305 0.01064021 0.1518948 0.05120573 0.01221228 0.1513304 0.0512082 0.01007323 0.1503403 0.05120848 0.01219704 0.1503371 0.05120888 0.01007703 0.1513675 0.05121036 0.01072984 0.1497673 0.05121073 0.01153696 0.1519345 0.05121105 0.01073933 0.1519362 0.0512131 0.01150273 0.1497534 0.051217 0.01012366 0.1502471 0.05121736 0.01012574 0.1514564 0.0512174 0.01214585 0.1514568 0.05121868 0.01086628 0.1497256 0.05121899 0.01139919 0.1519758 0.05121902 0.01139839 0.149724 0.05121917 0.01087652 0.1519767 0.05122063 0.01212659 0.1502126 0.0512229 0.01129698 0.1519949 0.05122375 0.01100788 0.1497009 0.05122383 0.01101132 0.1519994 0.05122392 0.01125677 0.1497002 0.05122519 0.01111432 0.149694 0.0512252 0.01115484 0.152006 0.05123011 0.01206759 0.1501297 0.05123024 0.01020505 0.1501287 0.05123074 0.0102083 0.1515754 0.05123076 0.01206344 0.1515755 0.05124085 0.01199564 0.1516541 0.0512443 0.01197111 0.1500207 0.05124442 0.01030157 0.1500198 0.05124485 0.01030469 0.1516833 0.05125446 0.01037772 0.1499503 0.05125498 0.01038189 0.1517531 0.051255 0.01188974 0.1517533 0.05125837 0.01186223 0.1499246 0.05126438 0.01235165 0.150848 0.05126439 0.00992019 0.1508565 0.05126527 0.01234687 0.1509567 0.05126586 0.009928185 0.150712 0.05126604 0.01234263 0.1507036 0.05126612 0.009929609 0.1509997 0.05126798 0.01049502 0.149864 0.05126812 0.01177551 0.1498632 0.05126854 0.01050028 0.1518393 0.05126859 0.01177107 0.1518396 0.05126908 0.00994586 0.1506038 0.05126918 0.0123254 0.1510988 0.0512694 0.009947606 0.1511043 0.05127081 0.01231637 0.1505621 0.05127588 0.00998415 0.1504646 0.05127606 0.01228662 0.1504615 0.05127609 0.01228646 0.151239 0.05127643 0.009987296 0.1512445 0.05127733 0.01168067 0.1518917 0.05128012 0.01062339 0.1497922 0.05128021 0.01164737 0.1497917 0.0512805 0.0106279 0.1519099 0.05128299 0.01224609 0.1513407 0.05128532 0.01003975 0.1503293 0.05128558 0.01223048 0.150326 0.05128596 0.01004365 0.1513787 0.05128742 0.0107196 0.1497511 0.05128777 0.01154707 0.1519508 0.05128807 0.01072932 0.1519525 0.05129002 0.01151203 0.1497368 0.05129363 0.01009145 0.1502338 0.05129396 0.01009358 0.1514698 0.051294 0.01217801 0.1514702 0.05129531 0.01085937 0.1497083 0.0512956 0.01140594 0.1519933 0.05129564 0.01140512 0.1497065 0.05129577 0.01086986 0.1519942 0.05129706 0.01215825 0.1501984 0.0512993 0.01130114 0.1520129 0.05130012 0.01100457 0.1496828 0.05130019 0.01100809 0.1520175 0.05130027 0.01125989 0.149682 0.05130148 0.01111376 0.1496757 0.05130149 0.01115533 0.1520243 0.05130604 0.01209767 0.1501134 0.05130616 0.01017499 0.1501124 0.05130664 0.01017832 0.1515919 0.05130665 0.01209341 0.151592 0.05131622 0.01202372 0.1516727 0.0513195 0.01199849 0.1500014 0.05131961 0.01027421 0.1500005 0.05132002 0.01027743 0.1517027 0.05132737 0.008503438 0.14085 0.05132737 0.008503438 0.16085 0.05132737 0.01376838 0.14085 0.05132737 0.01376838 0.16085 0.05132915 0.01035262 0.149929 0.05132964 0.01035691 0.1517746 0.05132967 0.01191471 0.1517747 0.05133286 0.01188637 0.1499025 0.05133538 0.01240074 0.150848 0.05133538 0.009871094 0.1508567 0.05133623 0.01239579 0.1509601 0.0513368 0.009879388 0.1507076 0.05133697 0.01239139 0.1506989 0.05133704 0.009880866 0.1510045 0.05133988 0.009897727 0.1505959 0.05133997 0.01237351 0.1511069 0.05134018 0.00989954 0.1511125 0.05134153 0.01236414 0.1505528 0.05134201 0.01047352 0.1498401 0.05134214 0.01179697 0.1498393 0.05134254 0.01047895 0.1518634 0.05134259 0.01179238 0.1518637 0.05134639 0.009937466 0.1504521 0.05134656 0.01233326 0.1504489 0.05134659 0.0123331 0.1512516 0.05134691 0.009940732 0.1512573 0.05135092 0.01169911 0.1519174 0.0513532 0.01229118 0.1513567 0.05135358 0.01060601 0.149766 0.05135366 0.01166472 0.1497655 0.05135394 0.01061066 0.1519362 0.05135543 0.009995196 0.1503123 0.05135568 0.01227497 0.1503089 0.05135604 0.00999924 0.1513959 0.05136054 0.01070539 0.1497236 0.05136087 0.01156111 0.1519784 0.05136116 0.01071543 0.1519801 0.05136302 0.0115249 0.1497089 0.05136341 0.01004889 0.1502136 0.05136373 0.01005111 0.1514901 0.05136377 0.01222047 0.1514904 0.0513667 0.01219995 0.150177 0.05136807 0.01084987 0.1496793 0.05136835 0.01141522 0.1520222 0.05136838 0.01141437 0.1496776 0.05136852 0.01086072 0.1520232 0.05137189 0.01130684 0.1520425 0.05137267 0.01100004 0.1496531 0.05137274 0.01100368 0.1520473 0.05137281 0.01126417 0.1496522 0.05137397 0.01111299 0.1496457 0.05137398 0.011156 0.1520543 0.05137534 0.012137 0.1500891 0.05137545 0.0101357 0.150088 0.05137591 0.01013917 0.1516164 0.05137592 0.01213257 0.1516165 0.05138512 0.01206011 0.1516999 0.05138828 0.01203388 0.1499732 0.05138839 0.01023886 0.1499723 0.05138878 0.0102422 0.151731 0.05139688 0.01246132 0.1508479 0.05139688 0.009810516 0.1508569 0.05139758 0.01032041 0.1498983 0.05139771 0.01245611 0.1509647 0.05139806 0.01032487 0.1518054 0.05139808 0.01194674 0.1518056 0.05139826 0.009819231 0.1507016 0.05139844 0.01245149 0.1506926 0.05139851 0.009820784 0.151011 0.05140116 0.01191726 0.1498709 0.05140128 0.009838496 0.1505853 0.05140138 0.01243271 0.1511176 0.05140158 0.0098404 0.1511235 0.0514029 0.01242287 0.1505403 0.05140766 0.009880232 0.1504355 0.05140784 0.01239044 0.1504322 0.05140786 0.01239027 0.1512683 0.05140818 0.009883662 0.1512743 0.05140998 0.01044619 0.1498062 0.05141011 0.01182424 0.1498053 0.05141049 0.01045185 0.1518974 0.05141054 0.01181947 0.1518977 0.05141434 0.01234626 0.1513778 0.05141653 0.009940845 0.1502899 0.05141678 0.01232924 0.1502864 0.05141714 0.009945089 0.1514187 0.05141858 0.01172238 0.1519533 0.05142115 0.01058409 0.1497295 0.05142123 0.01168659 0.1497289 0.0514215 0.01058894 0.1519728 0.05142437 0.009997199 0.1501871 0.05142468 0.009999526 0.1515167 0.05142471 0.01227204 0.1515171 0.05142759 0.0122505 0.1501491 0.05142788 0.01068756 0.1496855 0.0514282 0.01157873 0.1520166 0.05142848 0.01069801 0.1520184 0.05143028 0.01154102 0.1496702 0.05143516 0.010838 0.1496396 0.05143543 0.01142681 0.1520621 0.05143546 0.01142593 0.1496377 0.05143559 0.0108493 0.152063 0.05143607 0.01218446 0.1500576 0.05143618 0.01008828 0.1500564 0.05143663 0.01009192 0.1516481 0.05143665 0.01217981 0.1516482 0.05143886 0.01131393 0.1520831 0.05143961 0.0109944 0.1496123 0.05143968 0.01099819 0.1520881 0.05143975 0.0112695 0.1496115 0.05144087 0.01111204 0.1496047 0.05144088 0.01115684 0.1520953 0.05144569 0.01210383 0.1517351 0.05144704 0.01253157 0.1508478 0.05144704 0.009740266 0.1508573 0.05144788 0.01252605 0.1509703 0.05144844 0.009749503 0.1506943 0.05144861 0.01252116 0.1506849 0.05144868 0.009751147 0.1510189 0.05144878 0.01207632 0.149937 0.05144889 0.01019646 0.149936 0.05144928 0.01019996 0.1517674 0.05145148 0.009769917 0.1505723 0.05145158 0.01250125 0.1511307 0.05145178 0.009771935 0.1511369 0.05145312 0.01249083 0.1505252 0.05145792 0.009814121 0.1504152 0.05145792 0.01028194 0.149859 0.0514581 0.01245648 0.1504118 0.05145812 0.0124563 0.1512887 0.05145839 0.01028662 0.1518448 0.05145842 0.01198498 0.151845 0.05145844 0.009817752 0.151295 0.05146144 0.01195409 0.1498305 0.05146465 0.01240973 0.1514035 0.05146687 0.009878261 0.1502627 0.05146711 0.01239173 0.150259 0.05146748 0.009882751 0.1514463 0.05147013 0.01041376 0.1497633 0.05147025 0.01185661 0.1497623 0.05147063 0.01041968 0.1519405 0.05147067 0.01185161 0.1519408 0.05147476 0.009937841 0.1501552 0.05147508 0.009940301 0.1515488 0.05147511 0.01233125 0.1515493 0.05147802 0.01230849 0.1501153 0.05147859 0.01174991 0.1519987 0.05148112 0.01055821 0.1496834 0.0514812 0.01171242 0.1496829 0.05148146 0.01056328 0.152019 0.05148437 0.009662435 0.1508577 0.05148437 0.01260941 0.1508477 0.05148524 0.01260352 0.1509769 0.05148582 0.009672276 0.1506859 0.05148601 0.01259831 0.1506759 0.05148608 0.009674028 0.151028 0.05148656 0.01223875 0.1500197 0.05148668 0.01003404 0.1500184 0.05148713 0.01003788 0.1516863 0.05148714 0.01223385 0.1516865 0.05148774 0.01066656 0.1496377 0.05148806 0.01159947 0.1520644 0.05148833 0.01067751 0.1520663 0.05148899 0.009694019 0.1505573 0.05148909 0.01257711 0.1511459 0.0514893 0.009696167 0.1511524 0.0514901 0.01155998 0.1496218 0.05149069 0.01256601 0.1505077 0.05149491 0.01082407 0.14959 0.05149517 0.01144041 0.1521117 0.0514952 0.01143949 0.1495881 0.05149533 0.0108359 0.1521127 0.05149569 0.009741064 0.1503919 0.05149587 0.01252946 0.1503883 0.0514959 0.01252927 0.1513123 0.05149622 0.009744926 0.1513189 0.05149625 0.01215367 0.1517772 0.05149855 0.01132225 0.1521335 0.05149929 0.01098779 0.1495617 0.05149936 0.01099176 0.1521387 0.05149937 0.01212467 0.1498936 0.05149943 0.01127574 0.1495608 0.05149948 0.01014817 0.1498926 0.05149987 0.01015186 0.151811 0.05150053 0.01111092 0.1495538 0.05150054 0.01115781 0.1521463 0.05150269 0.01247975 0.1514329 0.05150498 0.009809244 0.1502315 0.05150524 0.01246063 0.1502277 0.05150561 0.009814013 0.1514779 0.05150776 0.0126925 0.1508475 0.05150776 0.009579342 0.1508581 0.05150858 0.01023826 0.1498122 0.05150869 0.01268622 0.150984 0.05150906 0.01024319 0.1518918 0.05150908 0.0120284 0.151892 0.05150932 0.009589847 0.1506766 0.05150951 0.01268065 0.1506661 0.05150959 0.009591718 0.1510381 0.05151035 0.01286448 0.1508473 0.05151035 0.009407365 0.1508591 0.05151148 0.01285736 0.1509996 0.05151213 0.01199586 0.1497825 0.05151224 0.009419267 0.1506565 0.05151247 0.01285106 0.1506448 0.05151257 0.009421385 0.1510599 0.05151271 0.009613046 0.1505408 0.05151281 0.01265803 0.1511626 0.05151304 0.009615337 0.1511694 0.05151318 0.009872499 0.1501185 0.0515135 0.009875109 0.1515857 0.05151354 0.01239642 0.1515861 0.05151452 0.0126462 0.1504884 0.05151636 0.009445529 0.1505051 0.05151649 0.01282545 0.1511986 0.0515165 0.01277838 0.1508474 0.05151651 0.009493465 0.1508586 0.05151655 0.01237229 0.1500767 0.05151676 0.009448121 0.1512063 0.05151752 0.01277168 0.1509917 0.05151821 0.009504666 0.1506667 0.05151842 0.01276575 0.1506556 0.05151851 0.00950666 0.1510489 0.05151856 0.01281207 0.1504467 0.05151986 0.009663197 0.1503663 0.05152005 0.01260724 0.1503624 0.05152008 0.01260704 0.1513382 0.05152044 0.009667312 0.1513451 0.05152087 0.01037705 0.1497123 0.051521 0.01189324 0.1497114 0.05152138 0.01038329 0.1519916 0.05152142 0.01188797 0.1519919 0.05152192 0.009529391 0.1505232 0.05152203 0.01274164 0.1511803 0.05152228 0.009531833 0.1511876 0.0515239 0.01272903 0.1504679 0.05152502 0.009502208 0.1503109 0.05152525 0.01276805 0.1503066 0.05152529 0.01276782 0.151394 0.05152541 0.01229836 0.1499764 0.05152553 0.009974485 0.1499751 0.05152571 0.009506853 0.1514018 0.051526 0.009978554 0.1517299 0.05152601 0.01229317 0.15173 0.05152733 0.01255431 0.1514653 0.0515294 0.01178098 0.1520522 0.05152973 0.009582794 0.150339 0.05152978 0.00973578 0.1501972 0.05152995 0.01268756 0.1503349 0.05152998 0.01268734 0.1513657 0.05153006 0.01253397 0.1501931 0.05153036 0.009587174 0.151373 0.05153046 0.009740853 0.1515127 0.05153194 0.01052901 0.1496291 0.05153202 0.01174155 0.1496286 0.05153228 0.01053435 0.1520734 0.05153404 0.01270837 0.1515352 0.05153545 0.01220829 0.1518251 0.05153699 0.009584025 0.1501233 0.05153732 0.01268547 0.1501188 0.0515378 0.009589735 0.1515877 0.05153788 0.01263126 0.1514998 0.05153852 0.009803025 0.1500783 0.05153861 0.01064292 0.1495815 0.05153868 0.01217761 0.1498443 0.05153879 0.01009528 0.1498433 0.05153887 0.009805798 0.1516261 0.05153891 0.01246572 0.1516266 0.05153893 0.01162281 0.1521207 0.05153919 0.01009919 0.1518605 0.05153921 0.01065442 0.1521227 0.05154055 0.009659981 0.1501608 0.05154086 0.01260964 0.1501565 0.05154099 0.01158132 0.149565 0.05154129 0.009665371 0.1515497 0.05154211 0.01244008 0.1500343 0.05154583 0.01080842 0.1495319 0.05154609 0.01145569 0.1521699 0.05154613 0.01145472 0.1495298 0.05154625 0.01082084 0.152171 0.0515475 0.009659618 0.1499917 0.05154792 0.00966273 0.1517132 0.05154797 0.01260875 0.1517137 0.0515482 0.01019051 0.1497592 0.05154869 0.01019572 0.151945 0.05154871 0.01207586 0.1519452 0.05154949 0.01133158 0.1521927 0.05155006 0.009731388 0.1500356 0.05155024 0.01098037 0.1495024 0.0515503 0.01098454 0.1521981 0.05155038 0.01128274 0.1495014 0.05155045 0.009734329 0.151669 0.05155049 0.01253717 0.1516695 0.05155149 0.01110967 0.1494941 0.05155149 0.01115891 0.1522059 0.05155153 0.01236164 0.1499289 0.05155166 0.009911272 0.1499276 0.05155181 0.01257998 0.1499431 0.05155187 0.01204148 0.1497281 0.05155216 0.009915586 0.1517777 0.05155217 0.01235613 0.1517778 0.05155398 0.01250997 0.1499894 0.0515609 0.01033704 0.1496548 0.05156103 0.01193317 0.1496538 0.05156142 0.01034361 0.1520493 0.05156147 0.01192762 0.1520497 0.05156219 0.01226619 0.1518776 0.05156309 0.01249211 0.149827 0.05156324 0.009780931 0.1498255 0.05156384 0.009785757 0.1518803 0.05156385 0.01248594 0.1518804 0.05156421 0.01242682 0.1498786 0.05156435 0.009846151 0.1498773 0.05156489 0.009850721 0.1518283 0.0515649 0.01242098 0.1518284 0.05156562 0.01223371 0.1497904 0.05156574 0.01003925 0.1497893 0.05156617 0.01004338 0.1519146 0.05156662 0.01246338 0.1497932 0.05156663 0.009808493 0.1497931 0.05156665 0.009808709 0.1519071 0.0515667 0.01246269 0.1519076 0.05156681 0.009810007 0.14085 0.05156681 0.009810007 0.16085 0.05156681 0.01246181 0.14085 0.05156681 0.01246181 0.16085 0.0515697 0.0118148 0.1521126 0.05157233 0.01049725 0.1495679 0.05157241 0.01177325 0.1495673 0.05157268 0.01050287 0.1521347 0.05157572 0.01013998 0.1497012 0.05157577 0.01232579 0.1519331 0.05157581 0.01238547 0.1519901 0.05157624 0.01014549 0.1520031 0.05157626 0.01212608 0.1520033 0.05157921 0.01061723 0.1495183 0.05157949 0.01229144 0.1497334 0.05157953 0.01164817 0.152184 0.05157961 0.01208975 0.1496687 0.05157962 0.009981581 0.1497323 0.05157982 0.01062935 0.1521861 0.05157989 0.01234925 0.1496748 0.05158003 0.00992384 0.1496736 0.05158008 0.00998595 0.1519718 0.05158054 0.009928447 0.1520307 0.05158165 0.01160449 0.1495011 0.05158665 0.01079144 0.1494665 0.05158692 0.01147227 0.1522353 0.05158696 0.01147125 0.1494644 0.05158709 0.01080451 0.1522365 0.05158917 0.01029476 0.1495921 0.0515893 0.01197536 0.1495911 0.05158972 0.0103017 0.1521122 0.05158977 0.0119695 0.1521125 0.05159041 0.01008801 0.14964 0.05159042 0.01134171 0.152259 0.05159097 0.01009383 0.1520646 0.051591 0.01217772 0.1520648 0.05159119 0.01097233 0.1494358 0.05159126 0.01097671 0.1522646 0.05159134 0.01129033 0.1494349 0.05159188 0.01003599 0.1495771 0.05159248 0.01110832 0.1494272 0.05159249 0.0111601 0.1522728 0.05159249 0.01004211 0.1521277 0.05159253 0.01222942 0.1521279 0.05159461 0.01213937 0.149606 0.05159648 0.01218905 0.1495416 0.05159847 0.01185049 0.1521783 0.05160124 0.01046374 0.1495014 0.05160133 0.01180669 0.1495008 0.05160162 0.01046966 0.1522013 0.05160493 0.01025131 0.1495259 0.05160508 0.01201872 0.1495248 0.05160553 0.01025862 0.1521785 0.05160558 0.01201254 0.1521789 0.05160779 0.01020782 0.149458 0.05160795 0.01206211 0.1494568 0.05160844 0.01021552 0.1522467 0.0516085 0.01205561 0.1522471 0.05160851 0.01059015 0.1494496 0.05160885 0.01167491 0.1522528 0.05160915 0.01060291 0.1522549 0.05161109 0.01162891 0.1494317 0.05161496 0.01188715 0.1522475 0.05161636 0.01077355 0.1493957 0.05161665 0.01148973 0.1523063 0.05161668 0.01148866 0.1493935 0.05161682 0.01078731 0.1523074 0.05161795 0.01042932 0.1494313 0.05161805 0.01184103 0.1494306 0.05161835 0.01043556 0.1522715 0.05161876 0.01192383 0.1523186 0.05162033 0.01135236 0.1523309 0.05162115 0.01096386 0.1493637 0.05162122 0.01096847 0.1523368 0.0516213 0.01129832 0.1493627 0.05162202 0.01039489 0.1493593 0.05162213 0.01187539 0.1493586 0.05162247 0.01040145 0.1523436 0.0516225 0.01110689 0.1493548 0.05162251 0.01116135 0.1523453 0.05162577 0.01056236 0.1493773 0.05162614 0.01170236 0.1523252 0.05162647 0.01057578 0.1523274 0.05162855 0.01165397 0.1493586 0.05163056 0.01053456 0.1493031 0.05163097 0.01172981 0.1523996 0.05163132 0.01054864 0.1524019 0.05163359 0.01167904 0.1492836 0.05163421 0.0107552 0.1493211 0.05163452 0.01150765 0.1523809 0.05163456 0.01150652 0.1493188 0.05163471 0.01076966 0.1523822 0.05163849 0.01136329 0.1524066 0.05163936 0.01095518 0.1492878 0.05163944 0.01096002 0.1524127 0.05163952 0.01130652 0.1492867 0.05163977 0.01073684 0.1492446 0.05164011 0.01152557 0.1524575 0.05164015 0.01152438 0.1492422 0.05164031 0.01075201 0.1524588 0.05164082 0.01110543 0.1492785 0.05164082 0.01116263 0.1524216 0.05164443 0.01137423 0.1524842 0.05164538 0.01094649 0.1492099 0.05164547 0.01095157 0.1524906 0.05164556 0.01131472 0.1492088 0.05164697 0.01110396 0.1492003 0.05164698 0.01116391 0.1524998 0.05164701 0.01113585 0.1525 0.05164701 0.01113591 0.14085 0.05164701 0.01113591 0.1492 0.05164701 0.01113591 0.16085</float_array>
          <technique_common>
            <accessor count="3291" source="#cubeverts-array1-array" stride="3">
              <param type="float" name="X"/>
              <param type="float" name="Y"/>
              <param type="float" name="Z"/>
            </accessor>
          </technique_common>
        </source>
        <source id="cubenormals-array1">
          <float_array count="19806" id="cubenormals-array1-array">1 0 0 1 0 0 1 -0 0 -1 0 0 -1 0 0 -1 0 0 0 0 1 0 -0 1 -0 0 1 0 0 1 0 0 1 0 0 1 0 0 1 0 -0 1 0 -0 1 0 -0 1 0 0 1 0 0 1 0 0 1 0 0 1 0 0 1 0 0 1 0 0 1 0 -0 1 0 0 1 0 -0 1 0 -0 1 0 0 1 0 0 1 0 0 1 0 0 1 0 0 1 0 0 1 -0 0 1 0 0 1 0 0 1 0 0 1 0 0 1 0 0 1 0 0 1 0 0 1 0 -0 1 -0 0 1 -0 0 1 0 0 1 0 0 1 0 0 1 -0.5943769 0.8041866 -0.0001300491 -0.6167192 0.7871826 -0.0009975085 -0.6307065 0.7760214 -0.0003630169 -0.7138761 0.7002717 -0.0006305525 -0.6907789 0.7230639 -0.00179217 -0.707106 0.7071074 -0.000530717 -0.6703418 0.7420524 -9.041557e-07 -0.6554555 0.7552338 9.464374e-07 -0.797917 0.6027662 -0.001169116 -0.7702301 0.6377662 -6.742605e-06 -0.7712083 0.6365829 0 -0.7685379 0.6398042 -5.692328e-05 -0.7659998 0.6428407 -0.0002426322 -0.7627845 0.6466524 -0.0007027259 -0.7589359 0.6511632 -0.001662978 -0.7545723 0.656208 -0.003407835 -0.7600681 0.6498434 0 -0.7449634 0.6671053 0 -0.7328907 0.6803464 -0.0001011984 -0.9879832 0.1545005 -0.004329552 -0.9891746 0.146648 -0.005271536 -0.9866834 0.1626165 -0.00344563 -0.9854384 0.1700115 -0.00269969 -0.9832829 0.1820779 -0.001532169 -0.7871835 0.6167188 0 -0.8557808 0.5173386 0 -0.8557808 0.5173386 0 -0.9119 0.4104125 0 -0.9119 0.4104125 0 -0.9547212 0.2975019 0 -0.9547212 0.2975019 0 -0.9801205 0.1984033 0 -0.9836119 0.1802903 0.001702709 -0.985547 0.1693797 0.0027623 -0.9867641 0.1621243 0.003496955 -0.9880664 0.1539661 0.004390706 -0.9945017 0.104721 0.0001417785 -0.9892369 0.1462262 0.00532508 -0.9905435 0.1370443 0.006521584 -0.9836197 0.1802561 0.0001614405 -0.9925714 0.121664 7.424334e-08 -0.9933413 0.1152088 -8.756411e-07 -0.9957691 0.09188972 0.0004869589 -0.9971166 0.07587475 0.00124833 -0.9981361 0.06098421 0.002290325 -0.9989471 -0.04573233 0.003622727 -0.9995498 -0.02950533 0.005438238 -0.9989722 0.04517728 0.003678729 -0.9996259 0.0267411 0.005754105 -0.998175 0.06037823 0.001146951 -0.9999649 0.008383631 6.223845e-08 -0.9981756 -0.06037831 -4.480478e-07 -0.999955 -0.001362644 0.009388218 -0.9998906 -0.01266997 0.007630068 -0.997969 -0.0636672 0.002061727 -0.9969346 -0.07823193 0.00113699 -0.9957736 -0.09184058 0.0004888134 -0.9943028 -0.1065921 9.144413e-05 -0.9931193 -0.117107 -3.598038e-07 -0.9836197 -0.180256 5.956233e-06 -0.9914397 -0.13035 0.007502082 -0.9905472 -0.1370165 0.006525425 -0.9890522 -0.1474762 0.005161697 -0.9878312 -0.1554723 0.004224657 -0.9867111 -0.1624476 0.003463157 -0.9852817 -0.1709187 0.002607515 -0.9828669 -0.1843118 0.001323723 -0.9857234 -0.1683486 -0.00286169 -0.9868692 -0.161482 -0.003568768 -0.9880156 -0.1542926 -0.004353249 -0.9894139 -0.1450178 -0.005468545 -0.9906912 -0.1359642 -0.006683313 -0.9836197 -0.180256 -0.0002005468 -0.8557808 -0.5173386 0 -0.9118999 -0.4104126 0 -0.9118999 -0.4104126 0 -0.9547212 -0.2975019 0 -0.9547212 -0.2975019 0 -0.9801203 -0.1984043 0 -0.9835193 -0.1807956 -0.001654307 -0.7710515 -0.6367729 0 -0.7702785 -0.6377077 -5.305209e-06 -0.7627937 -0.6466416 -0.0007018627 -0.7660035 -0.6428362 -0.0002425377 -0.7685173 -0.6398291 -5.753413e-05 -0.7871833 -0.6167186 -0.0008287153 -0.7979177 -0.6027664 -0 -0.8557808 -0.5173386 0 -0.7138748 -0.7002731 -0.0006306222 -0.7328922 -0.6803448 -0.0001011853 -0.7449634 -0.6671053 -0 -0.7600679 -0.6498437 0 -0.7545696 -0.6562111 -0.003409342 -0.758941 -0.6511573 -0.001661363 -0.5944459 -0.8041331 -0.001989211 -0.5715119 -0.8205853 -0.003731706 -0.6307046 -0.7760228 -0.0003630611 -0.6554561 -0.7552332 9.371507e-07 -0.7071062 -0.7071073 -5.630935e-06 -0.6710928 -0.7413661 -0.003276155 -0.6907785 -0.7230643 -0.001792186 -0.6167195 -0.7871829 -0 -0.517338 -0.8557811 0 -0.517338 -0.8557811 -0 -0.4104123 -0.9119 0 -0.4104123 -0.9119 -0 -0.2975028 -0.954721 0 -0.2975028 -0.954721 -0 -0.180255 -0.9836199 0 -0.180255 -0.9836199 -0 -0.06037868 -0.9981756 0 -0.06037868 -0.9981756 -0 0.06037885 -0.9981756 0 0.06037885 -0.9981756 0 0.180255 -0.9836199 0 0.180255 -0.9836199 0 0.2975028 -0.954721 0 0.2975028 -0.954721 0 0.4104123 -0.9119 0 0.4104123 -0.9119 0 0.517338 -0.8557811 0 0.517338 -0.8557811 0 0.6307046 -0.7760228 -0.0003630611 0.6167192 -0.7871826 -0.0009974705 0.5943772 -0.8041865 -0.0001300217 0.5715159 -0.820591 0 0.7138748 -0.7002731 -0.0006306222 0.6907785 -0.7230643 -0.001792186 0.7071062 -0.7071072 -0.0005306947 0.6703444 -0.7420502 -9.132507e-07 0.6554561 -0.7552332 9.371222e-07 0.7979162 -0.6027673 -0.001169098 0.7702228 -0.6377749 -6.957634e-06 0.7712322 -0.6365539 0 0.7685379 -0.6398042 -5.692328e-05 0.7660061 -0.6428332 -0.0002421737 0.7627839 -0.6466532 -0.000703264 0.7589363 -0.6511627 -0.001663283 0.7545696 -0.6562111 -0.003409355 0.7600679 -0.6498437 0 0.7449634 -0.6671053 0 0.7328923 -0.6803447 -0.0001011853 0.987986 -0.1544825 -0.004331524 0.9891748 -0.1466477 -0.005271366 0.9866834 -0.1626165 -0.00344563 0.985423 -0.1701005 -0.00269071 0.9833052 -0.1819578 -0.001543422 0.7871829 -0.6167197 0 0.8557822 -0.5173365 0 0.8557822 -0.5173365 0 0.9118989 -0.410415 0 0.9118989 -0.410415 0 0.9547212 -0.2975019 0 0.9547212 -0.2975019 0 0.9801205 -0.1984033 0 0.9836223 -0.1802339 0.001708 0.9855471 -0.1693791 0.002762189 0.9867643 -0.1621238 0.003496808 0.9880665 -0.1539657 0.004390545 0.9945017 -0.104721 0.0001417895 0.9892401 -0.1462046 0.005327438 0.9905418 -0.1370567 0.006519558 0.98362 -0.1802546 0.0001614555 0.9925613 -0.1217455 3.109233e-07 0.9933431 -0.1151934 -6.537888e-07 0.9957681 -0.09190039 0.0004866821 0.9971166 -0.07587487 0.001248554 0.9981369 -0.06097176 0.002291426 0.9989471 0.04573239 0.003622942 0.9995498 0.02950537 0.005438458 0.9989722 -0.04517709 0.003678751 0.999626 -0.02673184 0.005755146 0.9981748 -0.06037971 0.001146528 0.9999648 -0.008404329 6.239212e-08 0.9981754 0.0603797 -4.487192e-07 0.999955 0.001430521 0.009377667 0.9998907 0.01266101 0.007631462 0.997969 0.06366729 0.002061937 0.9969335 0.07824536 0.001136351 0.9957736 0.09184107 0.0004887901 0.9943028 0.1065921 9.143264e-05 0.9931193 0.117107 -3.722941e-07 0.9836199 0.1802547 5.938676e-06 0.9914486 0.1302815 0.007512114 0.9905472 0.1370165 0.006525425 0.9890522 0.1474762 0.005161697 0.9878273 0.1554967 0.004221801 0.9867151 0.1624237 0.003465554 0.9852817 0.1709187 0.002607515 0.9828669 0.1843118 0.001323723 0.9857234 0.1683478 -0.00286156 0.9868693 0.1614815 -0.003568618 0.9880157 0.1542923 -0.00435309 0.9894161 0.1450029 -0.005470135 0.9906864 0.1359998 -0.006678134 0.98362 0.1802548 -0.0002007322 0.8557822 0.5173365 -0 0.911899 0.4104149 0 0.911899 0.4104149 -0 0.9547212 0.2975019 0 0.9547212 0.2975019 -0 0.9801203 0.1984043 0 0.9835299 0.1807384 -0.00165967 0.77126 0.6365204 -0 0.7702158 0.6377833 -7.164111e-06 0.7627967 0.646638 -0.0007009928 0.7659944 0.6428472 -0.0002434121 0.7685218 0.6398237 -5.740052e-05 0.7871825 0.6167195 -0.0008286854 0.7979166 0.6027679 0 0.8557822 0.5173365 0 0.7138761 0.7002717 -0.0006305525 0.7328907 0.6803464 -0.0001011984 0.7449634 0.6671053 0 0.7600681 0.6498434 0 0.7545723 0.656208 -0.003407835 0.758939 0.6511596 -0.001661721 0.5944456 0.8041334 -0.001989262 0.5715066 0.8205889 -0.003732127 0.6307064 0.7760214 -0.0003630168 0.6554555 0.7552338 9.461589e-07 0.7071061 0.7071075 -5.62203e-06 0.6710903 0.7413684 -0.003276346 0.6907789 0.7230639 -0.001792168 -0.5715106 0.8205946 0 -0.5173386 0.8557808 0 -0.5173386 0.8557808 0 -0.410412 0.9119002 0 -0.410412 0.9119002 0 -0.2975021 0.9547212 0 -0.2975021 0.9547212 0 -0.1802561 0.9836197 0 -0.1802561 0.9836197 0 -0.06037822 0.9981756 0 -0.06037822 0.9981756 0 0.0603784 0.9981756 0 0.0603784 0.9981756 -0 0.1802561 0.9836197 0 0.1802561 0.9836197 -0 0.2975021 0.9547212 0 0.2975021 0.9547212 -0 0.410412 0.9119002 0 0.410412 0.9119002 -0 0.5173386 0.8557808 0 0.5173386 0.8557808 -0 0.6167195 0.7871829 0 0.9925407 0.1219137 -1.655272e-07 0.9933075 0.1154995 9.732174e-07 0.9946668 0.1031402 -0.0001586966 0.9959081 0.09036996 -0.0005636997 0.9970812 0.07633807 -0.001220956 0.9982421 0.05921877 -0.002408397 0.9990503 0.0433999 -0.003883055 0.9996268 0.02670478 -0.005752981 0.9981749 0.06037966 -0.001118047 0.9999669 0.008128034 0 0.9981754 -0.06037974 0 0.9999549 -0.001637019 -0.009344904 0.9999127 -0.01054032 -0.007964848 0.9996009 -0.02768532 -0.005631146 0.998912 -0.04649903 -0.003547953 0.9980796 -0.06190437 -0.002221216 0.9970689 -0.07649885 -0.001211509 0.9957126 -0.09250052 -0.0004655374 0.9944502 -0.105208 -0.0001328567 0.993315 -0.1154356 7.896249e-07 0.9836199 -0.1802546 -1.03862e-05 0.9914058 -0.1306096 -0.0074633 0.9904934 -0.1374081 -0.006471676 -0.9925327 -0.1219786 -1.900701e-07 -0.9933075 -0.1154995 9.608667e-07 -0.9946656 -0.1031518 -0.0001585576 -0.9959107 -0.09034105 -0.000564845 -0.9970797 -0.07635773 -0.001219823 -0.9982421 -0.05921886 -0.002408621 -0.9990513 -0.04337593 -0.003885517 -0.9996268 -0.02670475 -0.005752761 -0.998175 -0.06037828 -0.001118017 -0.9999669 -0.008128034 -0 -0.9981756 0.06037826 0 -0.9999551 0.001517788 -0.009363609 -0.9999126 0.0105523 -0.007963208 -0.999601 0.02767643 -0.005632353 -0.9989116 0.0465082 -0.003547158 -0.9980796 0.06190437 -0.00222121 -0.9970682 0.0765086 -0.001210826 -0.9957126 0.09249987 -0.0004653368 -0.9944502 0.1052087 -0.0001326213 -0.993315 0.1154354 1.013824e-06 -0.9836197 0.1802561 -1.015791e-05 -0.9914132 0.130552 -0.0074719 -0.9904934 0.1374084 -0.006471852 0 0 1 0 0 1 0 0 1 0 0 1 0 0 1 0 0 1 0 0 1 -0 0 1 0 0 1 -0 0 1 -0 0 1 0 -0 -1 0 0 -1 0 -0 -1 0 0 -1 0 0 -1 0 0 -1 0 0 -1 0 0 -1 0 0 -1 0 0 -1 0 0 -1 0 0 -1 0 0 -1 0 0 -1 0 0 -1 0 0 -1 -0 0 -1 0 0 -1 -0 0 -1 0 0 -1 0 0 -1 -0 0 -1 0 0 -1 -0 0 -1 0 0 -1 -0 0 -1 -0 0 -1 0 -0 -1 0 0 -1 0 -0 -1 0 0 -1 0 0 -1 0 -0 -1 0 0 -1 0 -0 -1 0 0 -1 0 -0 -1 0 0 -1 0 0 -1 0 0 -1 -0 0 -1 0 0 -1 -0 0 -1 -0 0 -1 0 -0 -1 0 0 -1 0 -0 -1 0 0 -1 0 0 -1 0 0 -1 0 0 -1 0 0 -1 0 0 -1 0 0 -1 -0 0 -1 0 0 -1 0 0 -1 -0 0 -1 0 0 -1 -0 0 -1 -0 0 -1 -0 0 -1 0 -0 -1 -0 0 -1 0 -0 -1 -0 0 -1 -0 0 -1 0 -0 -1 -0 0 -1 0 -0 -1 -0 0 -1 0 -0 -1 0 -0 -1 0 0 -1 0 0 -1 0 0 -1 0 0 -1 0 0 -1 0 0 -1 0 0 -1 0 0 -1 0 0 -1 0 0 -1 0 -0 -1 -0 0 -1 0 -0 -1 -0 0 -1 0 -0 -1 0 -0 -1 -0.999997 0.001633461 0.001814638 -0.9999985 0 0.001745153 -0.9997752 0.02118655 0.0009030937 -0.9769377 0.2135241 0.0002867221 -0.9842108 0.1769953 0.00130433 -0.9899221 0.1415816 0.002958709 -0.9856148 0.1690026 0.001217646 -0.9947224 0.1026016 -2.834524e-05 -0.9981631 0.06058306 3.349284e-05 -0.9456022 0.3249878 -0.01480919 -0.9403974 0.3399554 -0.009102051 -0.9359096 0.3521963 -0.005566104 -0.9316074 0.3634518 -0.003238363 -0.928156 0.3721868 -0.001880888 -0.9307102 0.365757 0.0005084837 -0.9334524 0.3587007 0.0006908227 -0.9371762 0.348855 0.0009771998 -0.9426666 0.3337325 0.00151906 -0.9477891 0.3188905 0.002188498 -0.9538639 0.3002228 0.003151504 -0.9428767 0.3331405 0.0009921737 -0.963506 0.2676868 4.900351e-06 -0.9703079 0.2418733 -3.036439e-06 -0.9809505 0.1939635 -0.01068708 -0.9974141 0.07186773 1.933654e-05 -0.9956473 0.0932015 -1.796577e-05 -0.9855399 0.1689898 -0.01238965 -0.9884373 0.1423441 -0.05224908 -0.9852335 0.1690642 -0.02705812 -0.9744222 0.2247214 -0.001335816 -0.9691054 0.2466469 2.963151e-06 -0.9428772 0.3331406 -8.517248e-05 -0.9553665 0.2933146 -0.03523441 -0.9516947 0.3060085 -0.02521674 -0.9972938 -0.07351986 1.738059e-05 -0.9981867 -0.06010444 -0.003293162 -0.9992777 -0.03651452 -0.01051667 -0.9991829 0 -0.04041707 -0.9994882 0.008411638 -0.03086541 -0.9989562 0.04503925 -0.007609247 -0.9733944 -0.2291352 -0.0006734052 -0.9791584 -0.2029572 -0.007565561 -0.9841522 -0.1760909 -0.02089184 -0.9852442 -0.1689388 -0.02744954 -0.9918697 -0.127107 -0.006173824 -0.9955106 -0.09465023 -2.208092e-05 -0.9498616 -0.3126608 0.002476605 -0.9279892 -0.3726026 -0.001815689 -0.943059 -0.3326218 0.001563906 -0.9378083 -0.3471517 0.001035498 -0.9338449 -0.3576776 0.0007162793 -0.9235646 -0.3834426 -0.000447373 -0.9316227 -0.3634124 -0.003245695 -0.9349938 -0.354628 -0.005067615 -0.9392432 -0.3431591 -0.008005111 -0.9449291 -0.326979 -0.01392326 -0.9495845 -0.3127797 -0.02140442 -0.9428468 -0.3331299 -0.008025495 -0.9643561 -0.2646081 -2.503294e-05 -0.9685109 -0.2489712 2.779125e-06 -0.9997945 -0.02025385 0.0009139834 -0.9980996 -0.06162159 2.138678e-05 -0.9856156 -0.1690025 -8.226023e-05 -0.9950667 -0.09904151 0.005759315 -0.9910247 -0.1336365 0.003376265 -0.9849349 -0.1729196 0.001458581 -0.979204 -0.2028771 0.0005666411 -0.9729903 -0.2308458 3.655403e-05 -0.9428771 -0.3331406 -0.0001600859 -0.9630688 -0.2692054 0.005196259 -0.956178 -0.2927635 0.003622296 0.9899793 0.1411964 -0.002124704 0.9940333 0.1078831 -0.01609147 0.9957111 0.08475117 -0.03710156 0.9977328 0.06432372 -0.01979481 0.9997756 0.0211704 -0.000655807 0.9488019 0.3158715 -0.0004890641 0.9543204 0.2987776 -0.002153937 0.9610879 0.2761436 -0.007402337 0.9663397 0.2567848 -0.0157823 0.971436 0.2355646 -0.02866058 0.9676557 0.2519538 -0.01271292 0.9832275 0.1823836 -3.725538e-05 0.9866039 0.1631343 9.751356e-06 0.9020868 0.4315509 0.001750948 0.9117768 0.4106569 -0.004900757 0.9167842 0.3992811 -0.009010991 0.9214125 0.3883524 -0.01347383 0.9112267 0.4119022 -0.001517215 0.9416676 0.3365444 -4.92892e-06 0.9448551 0.327489 1.159876e-05 0.9610341 0.2764286 0.0007522175 0.9675512 0.2526702 0.001602803 0.9531515 0.3024935 0.0001961977 0.9466642 0.3222218 1.391912e-05 0.9112278 0.4119027 -0.0001241867 0.9365823 0.3504139 0.00487246 0.9307684 0.3655896 0.003791517 0.9967488 0.0805526 0.001807319 0.992525 0.1220404 0.0004380148 0.9879 0.1550926 7.840923e-06 0.9677339 0.2519741 -4.705972e-05 0.981712 0.1903041 0.005073337 0.9741254 0.2259905 0.002821278 0.9921869 -0.1247599 0.0003785845 0.9964955 -0.08362941 0.001678421 0.9981921 -0.06003273 0.002908501 0.9993492 -0.03582394 0.004228851 0.996397 -0.08480955 0.0005211617 0.9999763 -0.006891564 -4.958752e-08 0.9963972 0.08480956 6.105072e-07 0.9998732 0.01484268 0.005759581 0.9990019 0.04451083 0.003742423 0.9522988 -0.305167 0.0001584334 0.9583515 -0.2855909 0.0005473454 0.9649062 -0.2625925 0.001188745 0.9730032 -0.2307771 0.002569004 0.9796367 -0.2007303 0.00438884 0.9677339 -0.2519741 0.0005553513 0.9842679 -0.176683 1.426127e-06 0.9875781 -0.1571287 -1.689504e-06 0.911227 -0.4119024 -0.00127808 0.9221033 -0.3866804 -0.0142787 0.9172924 -0.398103 -0.009415673 0.9114009 -0.4114937 -0.004619468 0.9248939 -0.3802148 0.002836938 0.9307909 -0.3655322 0.003795511 0.9112278 -0.4119027 0.0004398466 0.9401452 -0.3407742 8.511814e-06 0.945223 -0.3264254 -1.15195e-05 0.9684772 -0.2483012 -0.0199605 0.9620183 -0.2728529 -0.008495924 0.9562431 -0.2925526 -0.003465557 0.9507701 -0.3098959 -0.0008063336 0.9443459 -0.3289542 0.0001127102 0.9999986 0.001624034 0 0.999796 -0.02019649 0 0.9959679 -0.08477303 -0.02934892 0.9962569 -0.07105563 -0.04922763 0.9944223 -0.1035112 -0.02024319 0.991008 -0.1337534 -0.003646563 0.9869563 -0.1609885 1.942148e-05 0.967734 -0.2519741 -0.0002300026 0.9758601 -0.2122208 -0.05157012 0.9729878 -0.2280959 -0.03559449 0.9024852 -0.4307185 0.001464064 0.9048386 -0.4257546 0 0.8285097 -0.5599746 0 0.8285097 -0.5599746 0 0.7219566 -0.6919383 0 0.7219566 -0.6919383 0 0.5946332 -0.803997 0 0.5946332 -0.803997 0 0.4502032 -0.8929261 0 0.4502032 -0.8929261 0 0.2928223 -0.9561669 0 0.2928223 -0.9561669 0 0.1270176 -0.9919004 0 0.1270176 -0.9919004 0 -0.04244083 -0.999099 0 -0.04244083 -0.999099 0 -0.2106779 -0.9775556 0 -0.2106779 -0.9775556 0 -0.3728578 -0.9278885 0 -0.3728578 -0.9278885 0 -0.524306 -0.8515299 0 -0.524306 -0.8515299 0 -0.660676 -0.7506711 0 -0.660676 -0.7506711 0 -0.7780365 -0.6282191 0 -0.7780365 -0.6282191 0 -0.8730143 -0.4876945 0 -0.8730143 -0.4876945 0 -0.9219385 -0.3873365 0 -0.9305178 -0.3662463 0.0004965615 -0.9238349 0.3827907 -0.0005161623 -0.9219535 0.3873006 0 -0.8730147 0.4876939 0 -0.8730147 0.4876939 0 -0.7780359 0.6282197 0 -0.7780359 0.6282197 0 -0.6606768 0.7506705 0 -0.6606768 0.7506705 0 -0.5243055 0.8515302 0 -0.5243055 0.8515302 0 -0.3728578 0.9278885 0 -0.3728578 0.9278885 0 -0.2106785 0.9775554 0 -0.2106785 0.9775554 0 -0.04244083 0.999099 0 -0.04244083 0.999099 0 0.1270176 0.9919004 0 0.1270176 0.9919004 -0 0.2928223 0.9561669 0 0.2928223 0.9561669 -0 0.4502038 0.8929259 0 0.4502038 0.8929259 -0 0.5946327 0.8039975 0 0.5946327 0.8039975 -0 0.7219566 0.6919383 0 0.7219566 0.6919383 -0 0.8285097 0.5599746 0 0.8285097 0.5599746 -0 0.904926 0.4255689 0 0.925244 0.3793615 0.002892883 0 0 -1 0 0 -1 0 0 -1 0 0 -1 0 0 -1 0 0 -1 0 0 -1 0 0 -1 0 0 -1 0 0 -1 0 0 -1 0 0 -1 0 0 -1 0 0 -1 0 0 -1 0 0 -1 0 0 -1 0 0 -1 0 0 -1 0 0 -1 -0 0 -1 0 0 -1 0 0 -1 -0 0 -1 -0 0 -1 0 0 -1 -0 0 -1 -0 0 -1 0 0 -1 0 -0 -1 -0 0 -1 0 0 -1 0 -0 -1 0 -0 -1 0 0 -1 0 -0 -1 0 -0 -1 1 0 -0 1 0 0 1 0 -0 0 1 0 0 1 0 0 1 0 0 1 -0 0 1 0 0 1 0 0 1 0 0 1 0 0 1 0 -0 1 0 0 1 0 0 1 -0 0 1 0 0 1 -0 0 1 -0 0 1 0 0 1 0 0 1 0 0 1 0 0 1 0 0 1 0 -0 1 0 -0 1 0 0 1 0 0 1 0 0 1 0 0 1 0 0 1 0 0 1 0 0 1 0 0 1 0 0 1 0 0 1 0 -0 1 0 -0 1 0 0 1 0 -0 1 0 -0 1 0 0 1 0 0 1 -0 0 1 -0 0 1 0 0 1 -0 0 1 -0 0 1 0 0 1 0 -0 1 0 0 1 0 0 1 0 0 1 0 0 1 0 0 1 0 0 1 -0 0 1 0 0 1 -0 0 1 0 -0 1 0 0 1 0 0 1 0 0 1 0 -0 1 -0 0 1 -0 0 1 0 0 1 0 0 1 0 0 1 0 -0 1 0 0 1 0 -0 1 0 -0 1 0 0 1 0 0 1 0 0 1 0 0 1 0 -0 1 0 0 1 0 -0 1 0 0 1 0 -0 1 0 0 1 0 -1 0 -0 -1 0 0 -1 -0 -0 0 -1 0 0 -1 0 0 -1 0 0 -1 0 0 -1 -0 0 -1 -0 0 -1 0 0 -1 0 0 -1 0 0 -1 0 0 -1 0 0 -1 0 0 -1 0 0 -1 0 0 -1 0 0 -1 0 0 -1 0 0 -1 0 0 -1 0 -0 -1 -0 0 -1 0 0 -1 0 0 -1 0 0 -1 0 0 -1 0 0 -1 0 0 -1 0 0 -1 0 0 -1 0 0 -1 0 -0 -1 -0 -0 -1 -0 0 -1 0 -0 -1 -0 -0 -1 -0 0 -1 0 0 -1 -0 0 -1 -0 0 -1 0 0 -1 -0 0 -1 -0 0 -1 0 0 -1 0 0 -1 0 -0 -1 0 0 -1 0 0 -1 0 0 -1 0 0 -1 0 0 -1 0 -0 -1 0 -0 -1 0 0 -1 0 -0 -1 0 0 -1 0 -0 -1 0 -0 -1 0 0 -1 0 -0 -1 0 -0 -1 0 -0 -1 0 0 -1 0 0 -1 0 0 -1 0 0 -1 0 0 -1 0 0 -1 0 0 -1 0 0 -1 0 0 -1 0 0 -1 0 0 -1 0 0 -1 0 0 -1 0 0 -1 0 0 -1 0 0 -1 -0 0 -1 0 -0 -1 0 -0 -1 0 0 0 1 -0 0 1 0 1 -0 0 1 0 0 1 0 0 1 0 0 1 0 0 1 0 0 1 0 0 1 0 0 1 0 -0 1 0 0 1 0 0 1 -0 0 1 -0 0 1 0 0 1 -0 0 1 -0 0 1 0 0 1 0 0 1 0 0 1 0 0 1 0 -0 1 0 0 1 -0 0 1 -0 0 1 0 0 1 0 0 1 0 0 1 0 0 1 0 0 1 0 0 1 0 -0 1 0 -0 1 0 0 1 0 0 1 -0 0 1 0 0 1 0 0 1 0 0 1 0 0 1 -0 0 1 -0 0 1 0 0 1 0 0 1 0 0 1 0 0 1 0 0 1 0 0 1 0 0 1 0 0 1 0 0 1 0 0 1 0 0 1 0 0 1 0 -0 1 0 -0 1 0 0 1 0 0 1 0 0 1 0 -0 1 -0 -0 1 -0 0 1 0 0 1 0 0 1 0 0 1 0 0 1 0 0 1 0 0 1 0 0 1 0 0 1 0 0 1 0 -0 1 0 -0 1 0 0 1 0 0 1 0 0 1 0 0 1 0 0 1 0 0 1 0 0 1 0 0 1 0 0 1 0 0 -1 0 0 -1 0 0 -1 0 0 -1 0 0 -1 0 0 -1 -0 0 -1 -0 0 -1 0 0 -1 -0 0 -1 -0 0 -1 0 0 -1 -0 0 -1 -0 -0 -1 0 0 -1 -0 0 -1 -0 0 -1 0 0 -1 0 0 -1 0 0 -1 0 0 -1 0 0 -1 0 0 -1 0 0 -1 0 0 -1 -0 0 -1 -0 0 -1 0 0 -1 -0 0 -1 -0 0 -1 0 0 -1 -0 0 -1 -0 0 -1 -0 0 -1 0 0 -1 0 0 -1 0 0 -1 0 0 -1 0 0 -1 0 -0 -1 0 -0 -1 0 0 -1 0 -0 -1 0 -0 -1 0 0 -1 0 0 -1 0 0 -1 0 0 -1 0 0 -1 0 0 -1 0 0 -1 0 0 -1 0 0 -1 0 -0 -1 0 -0 -1 0 0 -1 0 0 -1 0 0 -1 -0 0 -1 0 -0 -1 -0 -0 -1 0 0 -1 0 0 -1 0 -0 -1 0 0 -1 0 0 -1 0 0 -1 0 0 -1 0 0 -1 0 0 -1 0 0 -1 0 0 -1 0 0 -1 0 0 -1 0 0 -1 0 0 -1 0 0 -1 0 0 -1 0 0 -1 0 0 -1 0 -0.1689734 0 0.9856207 -0.04250798 0 0.9990961 -0 0.001378433 0.999999 0.0425091 0 0.9990961 0.1689734 0 0.9856207 0.1689734 0 0.9856207 0.3331287 0 0.9428813 0.3331287 0 0.9428813 0.4877039 0 0.8730091 0.4877039 0 0.8730091 0.6282444 0 0.778016 0.6282444 0 0.778016 0.7506623 0 0.6606861 0.7506623 0 0.6606861 0.851532 0 0.5243027 0.851532 0 0.5243027 0.9278889 0 0.3728569 0.9278889 0 0.3728569 0.9775527 0 0.2106909 0.9775527 0 0.2106909 0.999099 0 0.04244054 0.999099 0 0.04244054 0.9919005 0 -0.1270171 0.9919005 0 -0.1270171 0.9561632 0 -0.2928343 0.9561632 0 -0.2928343 0.8929245 0 -0.4502064 0.8929245 0 -0.4502064 0.8040018 0 -0.5946269 0.8040018 0 -0.5946269 0.6919246 0 -0.7219698 0.6919246 0 -0.7219698 0.559989 0 -0.8285 0.559989 0 -0.8285 0.4119241 0 -0.9112182 0.4119241 0 -0.9112182 0.2519501 0 -0.9677402 0.2519501 0 -0.9677402 0.08483001 0 -0.9963954 0.08483001 0 -0.9963954 -0.08482889 0 -0.9963955 -0.08482889 -0 -0.9963955 -0.2519501 0 -0.9677402 -0.2519501 -0 -0.9677402 -0.4119241 0 -0.9112182 -0.4119241 -0 -0.9112182 -0.5599828 0 -0.8285042 -0.5599828 -0 -0.8285042 -0.6919312 0 -0.7219634 -0.6919312 -0 -0.7219634 -0.8040018 0 -0.5946269 -0.8040018 -0 -0.5946269 -0.8929245 0 -0.4502064 -0.8929245 -0 -0.4502064 -0.9561632 0 -0.2928343 -0.9561632 -0 -0.2928343 -0.9919005 0 -0.1270171 -0.9919005 -0 -0.1270171 -0.999099 0 0.04244054 -0.999099 0 0.04244054 -0.9775527 0 0.2106909 -0.9775527 0 0.2106909 -0.9278889 0 0.3728569 -0.9278889 0 0.3728569 -0.851532 0 0.5243027 -0.851532 0 0.5243027 -0.7506623 0 0.6606861 -0.7506623 0 0.6606861 -0.6282444 0 0.778016 -0.6282444 0 0.778016 -0.4877039 0 0.8730091 -0.4877039 0 0.8730091 -0.3331287 0 0.9428813 -0.3331287 0 0.9428813 -0.1689734 0 0.9856207 -0.0848289 0 -0.9963956 -0.0848289 -0 -0.9963956 -0.2519501 0 -0.9677402 -0.2519501 -0 -0.9677402 -0.4119242 0 -0.9112181 -0.4119242 -0 -0.9112181 -0.5599828 0 -0.8285042 -0.5599828 -0 -0.8285042 -0.6919312 0 -0.7219634 -0.6919312 -0 -0.7219634 -0.8040018 0 -0.5946269 -0.8040018 -0 -0.5946269 -0.8929245 0 -0.4502064 -0.8929245 -0 -0.4502064 -0.9561632 0 -0.2928342 -0.9561632 -0 -0.2928342 -0.9919005 0 -0.1270171 -0.9919005 -0 -0.1270171 -0.999099 0 0.04244054 -0.999099 0 0.04244054 -0.9775528 0 0.2106909 -0.9775528 0 0.2106909 -0.9278888 0 0.3728569 -0.9278888 0 0.3728569 -0.851532 0 0.5243026 -0.851532 0 0.5243026 -0.7506624 0 0.6606861 -0.7506624 0 0.6606861 -0.6282443 0 0.778016 -0.6282443 0 0.778016 -0.4877039 0 0.8730091 -0.4877039 0 0.8730091 -0.3331288 0 0.9428813 -0.3331288 0 0.9428813 -0.1689734 0 0.9856206 -0.1689734 0 0.9856206 0 0 1 -0 0 1 0.1689734 0 0.9856206 0.1689734 0 0.9856206 0.3331288 0 0.9428813 0.3331288 0 0.9428813 0.4877039 0 0.8730091 0.4877039 0 0.8730091 0.6282443 0 0.778016 0.6282443 0 0.778016 0.7506624 0 0.6606861 0.7506624 0 0.6606861 0.851532 0 0.5243026 0.851532 0 0.5243026 0.9278888 0 0.3728569 0.9278888 0 0.3728569 0.9775528 0 0.2106909 0.9775528 0 0.2106909 0.999099 0 0.04244054 0.999099 0 0.04244054 0.9919005 0 -0.1270171 0.9919005 0 -0.1270171 0.9561632 0 -0.2928342 0.9561632 0 -0.2928342 0.8929245 0 -0.4502064 0.8929245 0 -0.4502064 0.8040018 0 -0.5946269 0.8040018 0 -0.5946269 0.6919246 0 -0.7219697 0.6919246 0 -0.7219697 0.559989 0 -0.8285001 0.559989 0 -0.8285001 0.4119242 0 -0.9112181 0.4119242 0 -0.9112181 0.2519501 0 -0.9677402 0.2519501 0 -0.9677402 0.08483001 0 -0.9963954 0.08483001 0 -0.9963954 -0.1784684 0.7058632 -0.685497 -0.1784654 0.7058703 -0.6854905 -0.2917846 0.7058659 -0.6454573 -0.291842 0.7057646 -0.6455421 -0.3967161 0.7057678 -0.5869483 -0.396638 0.7058793 -0.5868669 -0.4901213 0.7058733 -0.5113942 -0.4901011 0.705898 -0.5113794 -0.5695002 0.7058794 -0.4211932 -0.5695263 0.7058505 -0.4212064 -0.6325105 0.705853 -0.3189074 -0.632518 0.7058454 -0.3189098 -0.6773168 0.7058418 -0.2074348 -0.6773613 0.7057975 -0.2074405 -0.7026705 0.705803 -0.08997999 -0.7026089 0.7058638 -0.08998264 -0.7077257 0.7058473 0.03006335 -0.7077664 0.7058063 0.03007213 -0.692507 0.7058023 0.1492553 -0.6924331 0.7058811 0.1492255 -0.6572457 0.7058878 0.2641034 -0.6572587 0.7058725 0.2641115 -0.6031628 0.7058849 0.3713775 -0.6032242 0.7058039 0.3714316 -0.5317804 0.7057961 0.4680398 -0.5317344 0.7058687 0.4679828 -0.4450107 0.7058713 0.5510999 -0.445062 0.7057673 0.5511918 -0.3455154 0.7057579 0.618486 -0.3455452 0.705669 0.6185707 -0.2360422 0.7056491 0.6680893 -0.2360272 0.7057371 0.6680018 -0.1197151 0.7057259 0.6982974 -0.1197152 0.7059436 0.6980772 -0 0.705944 0.7082676 -0 0.705944 0.7082676 0.1196782 0.7059453 0.698082 0.1197516 0.7057275 0.6982895 0.2360128 0.7057378 0.6680061 0.2360562 0.7056497 0.6680838 0.3455589 0.7056683 0.6185639 0.3455024 0.7057572 0.6184941 0.4450763 0.7057667 0.5511811 0.4449973 0.7058706 0.5511117 0.5317258 0.7058691 0.4679918 0.5317883 0.7057967 0.4680302 0.603232 0.7058033 0.3714201 0.6031561 0.7058842 0.3713897 0.6572598 0.7058724 0.2641091 0.6572447 0.7058877 0.2641058 0.6924298 0.7058816 0.1492386 0.6925092 0.705803 0.149242 0.7077669 0.7058059 0.0300651 0.7077797 0.7057932 0.03006346 0.7026631 0.7058105 -0.08997903 0.7026702 0.7058029 -0.08998124 0.6773593 0.7057972 -0.2074478 0.6773193 0.7058415 -0.2074277 0.6325175 0.7058452 -0.318911 0.6325112 0.7058529 -0.3189063 0.5695235 0.7058504 -0.4212104 0.5695033 0.7058792 -0.4211894 0.4900995 0.7058979 -0.5113809 0.4900923 0.7059109 -0.5113701 0.3966407 0.7059107 -0.5868273 0.3966998 0.7057685 -0.5869582 0.2918265 0.7057638 -0.64555 0.2918008 0.7058651 -0.6454508 0.1784666 0.7058703 -0.6854901 0.1784672 0.7058634 -0.6854972 0.06008867 0.7058693 -0.7057889 0.06007826 0.7057487 -0.7059103 -0.06009814 0.7057479 -0.7059094 -0.06006737 0.7058684 -0.7057916 -0.1784684 0.7058632 -0.685497 -0.1784654 0.7058703 -0.6854905 -0.2917846 0.7058659 -0.6454573 -0.291842 0.7057646 -0.6455421 -0.3967205 0.7057675 -0.5869454 -0.396621 0.7059097 -0.5868418 -0.4900906 0.705911 -0.5113716 -0.4901011 0.705898 -0.5113794 -0.5695002 0.7058794 -0.4211932 -0.5695263 0.7058505 -0.4212064 -0.6325105 0.705853 -0.3189074 -0.632518 0.7058454 -0.3189098 -0.6773168 0.7058418 -0.2074348 -0.6773613 0.7057975 -0.2074405 -0.7026705 0.705803 -0.08997999 -0.7026089 0.7058638 -0.08998264 -0.7077257 0.7058473 0.03006335 -0.7077664 0.7058063 0.03007213 -0.692507 0.7058023 0.1492553 -0.6924331 0.7058811 0.1492255 -0.6572457 0.7058878 0.2641034 -0.6572587 0.7058725 0.2641115 -0.6031628 0.7058849 0.3713775 -0.6032242 0.7058039 0.3714316 -0.5317804 0.7057961 0.4680398 -0.5317344 0.7058687 0.4679828 -0.4450107 0.7058713 0.5510999 -0.445062 0.7057673 0.5511918 -0.3455154 0.7057579 0.618486 -0.3455452 0.705669 0.6185707 -0.2360422 0.7056491 0.6680893 -0.2360272 0.7057371 0.6680018 -0.1197151 0.7057259 0.6982974 -0.1197152 0.7059436 0.6980772 -0 0.705944 0.7082676 -0 0.705944 0.7082676 0.1196782 0.7059453 0.698082 0.1197516 0.7057275 0.6982895 0.2360128 0.7057378 0.6680061 0.2360562 0.7056497 0.6680838 0.3455589 0.7056683 0.6185639 0.3455024 0.7057572 0.6184941 0.4450763 0.7057667 0.5511811 0.4449973 0.7058706 0.5511117 0.5317258 0.7058691 0.4679918 0.5317883 0.7057967 0.4680302 0.603232 0.7058033 0.3714201 0.6031561 0.7058842 0.3713897 0.6572598 0.7058724 0.2641091 0.6572447 0.7058877 0.2641058 0.6924298 0.7058816 0.1492386 0.6925092 0.705803 0.149242 0.7077669 0.7058059 0.0300651 0.7077797 0.7057932 0.03006346 0.7026631 0.7058105 -0.08997903 0.7026702 0.7058029 -0.08998124 0.6773593 0.7057972 -0.2074478 0.6773193 0.7058415 -0.2074277 0.6325175 0.7058452 -0.318911 0.6325112 0.7058529 -0.3189063 0.5695235 0.7058504 -0.4212104 0.5695033 0.7058792 -0.4211894 0.4900995 0.7058979 -0.5113809 0.4900923 0.7059109 -0.5113701 0.3966407 0.7059107 -0.5868273 0.3966998 0.7057685 -0.5869582 0.291823 0.7057638 -0.6455516 0.2917916 0.7058875 -0.6454306 0.1784654 0.7058841 -0.6854763 0.1784672 0.7058634 -0.6854972 0.06008788 0.7058692 -0.705789 0.06007748 0.7057487 -0.7059104 -0.06009893 0.7057478 -0.7059094 -0.06006815 0.7058684 -0.7057915 -0.08483001 0 -0.9963954 -0.08483001 -0 -0.9963954 -0.2519501 0 -0.9677402 -0.2519501 -0 -0.9677402 -0.4119242 0 -0.9112181 -0.4119242 -0 -0.9112181 -0.559989 0 -0.8285001 -0.559989 -0 -0.8285001 -0.6919246 0 -0.7219697 -0.6919246 -0 -0.7219697 -0.8040018 0 -0.5946269 -0.8040018 -0 -0.5946269 -0.8929245 0 -0.4502064 -0.8929245 -0 -0.4502064 -0.9561632 0 -0.2928342 -0.9561632 -0 -0.2928342 -0.9919005 0 -0.1270171 -0.9919005 -0 -0.1270171 -0.999099 0 0.04244054 -0.999099 0 0.04244054 -0.9775528 0 0.2106909 -0.9775528 0 0.2106909 -0.9278888 0 0.3728569 -0.9278888 0 0.3728569 -0.851532 0 0.5243026 -0.851532 0 0.5243026 -0.7506624 0 0.6606861 -0.7506624 0 0.6606861 -0.6282443 0 0.778016 -0.6282443 0 0.778016 -0.4877039 0 0.8730091 -0.4877039 0 0.8730091 -0.3331288 0 0.9428813 -0.3331288 0 0.9428813 -0.1689734 0 0.9856206 -0.1689734 0 0.9856206 0 0 1 -0 0 1 0.1689734 0 0.9856206 0.1689734 0 0.9856206 0.3331288 0 0.9428813 0.3331288 0 0.9428813 0.4877039 0 0.8730091 0.4877039 0 0.8730091 0.6282443 0 0.778016 0.6282443 0 0.778016 0.7506624 0 0.6606861 0.7506624 0 0.6606861 0.851532 0 0.5243026 0.851532 0 0.5243026 0.9278888 0 0.3728569 0.9278888 0 0.3728569 0.9775528 0 0.2106909 0.9775528 0 0.2106909 0.999099 0 0.04244054 0.999099 0 0.04244054 0.9919005 0 -0.1270171 0.9919005 0 -0.1270171 0.9561632 0 -0.2928342 0.9561632 0 -0.2928342 0.8929245 0 -0.4502064 0.8929245 0 -0.4502064 0.8040018 0 -0.5946269 0.8040018 0 -0.5946269 0.6919246 0 -0.7219697 0.6919246 0 -0.7219697 0.559989 0 -0.8285001 0.559989 0 -0.8285001 0.4119192 0 -0.9112204 0.4119192 0 -0.9112204 0.2519533 0 -0.9677394 0.2519533 0 -0.9677394 0.0848289 0 -0.9963956 0.0848289 0 -0.9963956 -0.1689734 0 0.9856207 -0.0425091 0 0.9990961 -0 0.001378433 0.999999 0.04250798 0 0.9990961 0.1689734 0 0.9856207 0.1689734 0 0.9856207 0.3331287 0 0.9428813 0.3331287 0 0.9428813 0.4877039 0 0.8730091 0.4877039 0 0.8730091 0.6282444 0 0.778016 0.6282444 0 0.778016 0.7506623 0 0.6606861 0.7506623 0 0.6606861 0.851532 0 0.5243027 0.851532 0 0.5243027 0.9278889 0 0.3728569 0.9278889 0 0.3728569 0.9775527 0 0.2106909 0.9775527 0 0.2106909 0.999099 0 0.04244054 0.999099 0 0.04244054 0.9919005 0 -0.1270171 0.9919005 0 -0.1270171 0.9561632 0 -0.2928343 0.9561632 0 -0.2928343 0.8929245 0 -0.4502064 0.8929245 0 -0.4502064 0.8040018 0 -0.5946269 0.8040018 0 -0.5946269 0.6919246 0 -0.7219698 0.6919246 0 -0.7219698 0.559989 0 -0.8285 0.559989 0 -0.8285 0.4119192 0 -0.9112204 0.4119192 0 -0.9112204 0.2519533 0 -0.9677393 0.2519533 0 -0.9677393 0.08482889 0 -0.9963955 0.08482889 0 -0.9963955 -0.08483001 0 -0.9963954 -0.08483001 -0 -0.9963954 -0.2519501 0 -0.9677402 -0.2519501 -0 -0.9677402 -0.4119241 0 -0.9112182 -0.4119241 -0 -0.9112182 -0.559989 0 -0.8285 -0.559989 -0 -0.8285 -0.6919246 0 -0.7219698 -0.6919246 -0 -0.7219698 -0.8040018 0 -0.5946269 -0.8040018 -0 -0.5946269 -0.8929245 0 -0.4502064 -0.8929245 -0 -0.4502064 -0.9561632 0 -0.2928343 -0.9561632 -0 -0.2928343 -0.9919005 0 -0.1270171 -0.9919005 -0 -0.1270171 -0.999099 0 0.04244054 -0.999099 0 0.04244054 -0.9775527 0 0.2106909 -0.9775527 0 0.2106909 -0.9278889 0 0.3728569 -0.9278889 0 0.3728569 -0.851532 0 0.5243027 -0.851532 0 0.5243027 -0.7506623 0 0.6606861 -0.7506623 0 0.6606861 -0.6282444 0 0.778016 -0.6282444 0 0.778016 -0.4877039 0 0.8730091 -0.4877039 0 0.8730091 -0.3331287 0 0.9428813 -0.3331287 0 0.9428813 -0.1689734 0 0.9856207 0.001588503 0.139221 0.9902601 0.0001042993 0.06409828 0.9979436 -1.555783e-05 0.004977675 0.9999876 -0.0009549484 0.05826094 0.998301 9.802231e-07 0.1389176 0.9903039 2.674153e-07 0.2001036 0.9797747 -3.167469e-05 0.1975347 0.9802958 6.123564e-05 0.2824722 0.9592755 -8.044631e-07 0.2797243 0.9600804 -9.784742e-07 0.3402307 0.940342 0.0001560679 0.3886946 0.9213666 -0.0009391777 0.3375125 0.9413206 0.001492705 0.4581996 0.888848 -0.002543888 0.6333755 0.7738404 0.001583922 0.7263015 0.6873745 -0.0009590745 0.3872334 0.9219813 1.931906e-06 0.4605439 0.887637 8.343737e-07 0.5125169 0.8586772 1.365238e-05 0.5135179 0.8580789 -2.012763e-05 0.583526 0.8120945 2.057543e-07 0.5843047 0.8115344 -4.044943e-08 0.6324465 0.7746041 9.691752e-05 0.6693857 0.7429152 -7.810767e-07 0.9081481 0.4186493 0.0002403449 0.9134353 0.4069841 -0.0002339597 0.8691797 0.4944963 5.47126e-05 0.8768395 0.4807834 -7.416917e-05 0.8167735 0.5769585 8.600528e-05 0.8204985 0.5716488 -3.387672e-05 0.7653216 0.6436482 -5.281115e-07 0.7674937 0.6410564 -7.118545e-07 0.7242188 0.6895703 -0.00117875 0.6677285 0.7444041 -0.002415744 0.9319286 0.3626337 0.0007960515 0.9633003 0.2684247 1.397333e-08 0.9367877 0.3498982 -0.0004162511 0.9552141 0.2959152 -5.110562e-06 0.974524 0.2242832 1.499776e-05 0.9865692 0.163344 -0.0003170466 0.9833525 0.1817079 0.0003707626 0.9968008 0.07992535 -8.83491e-08 0.995217 0.0976878 5.877042e-08 0.9992452 0.03884681 -2.755952e-05 0.9998293 0.0184768 0.0002987449 0.999706 -0.0242447 -0.000321773 0.9977884 -0.06646904 -4.103216e-07 0.9944303 -0.1053962 1.168426e-06 0.9875362 -0.1573921 -0.0001662626 0.985139 -0.1717592 0.000215719 0.9706144 -0.2406399 1.188494e-07 0.9670494 -0.2545888 1.627687e-09 0.9546655 -0.2976809 -0.0001246285 0.9332938 -0.3591138 0.001057875 0.9494925 -0.3137879 -0.001023801 0.9017695 -0.4322159 4.150886e-05 0.9201837 -0.3914867 -2.034061e-05 0.880132 -0.474729 -0.0001571722 0.8742065 -0.4855544 0.0002319376 0.8367255 -0.5476224 5.214848e-07 0.8289111 -0.5593805 1.267418e-06 0.6955358 -0.7184916 0.0001158884 0.7411778 -0.6713087 -0.001167589 0.7061046 -0.7081065 0.001152397 0.7925971 -0.6097445 -8.924641e-05 0.7611961 -0.6485218 5.042529e-07 0.8015206 -0.5979671 1.321438e-06 0.6785594 -0.7345456 -0.0005614079 0.6178108 -0.7863266 0.001231868 0.6627052 -0.7488794 -0.0007070586 0.5639619 -0.8258004 3.317001e-07 0.5970523 -0.8022023 7.178434e-07 0.5122502 -0.8588362 0.0008717278 0.546199 -0.837655 -0.001053718 0.4377111 -0.899115 0.0001874331 0.4795237 -0.8775289 -1.51537e-07 0.418433 -0.9082477 -3.695542e-08 0.40218 -0.9155607 -0.000287783 0.336662 -0.9416255 0.000863351 0.3760958 -0.9265804 -0.0005576604 0.2660532 -0.9639582 -3.984916e-07 0.2962113 -0.9551224 5.146174e-07 0.207244 -0.9782892 0.0005434082 0.2370714 -0.9714921 -0.0008433058 0.12145 -0.9925972 0.0003654097 0.1645857 -0.9863627 -0.001592259 -0.120972 -0.9926547 0.002326465 -0.2384642 -0.9711486 0.0007331079 -0.1817816 -0.9833387 -7.850523e-07 -0.1113402 -0.9937824 -4.327406e-07 -0.06137352 -0.9981149 -9.818492e-05 -0.05060217 -0.9987189 0.0002046841 0.02117555 -0.9997758 -4.220618e-05 0.03439647 -0.9994082 1.063413e-05 0.09557962 -0.9954218 -0.0007795406 -0.1638828 -0.9864795 -1.080752e-07 -0.2118487 -0.9773025 -1.229426e-06 -0.2981476 -0.9545197 -0.0005424293 -0.2701276 -0.9628243 0.0007587002 -0.3779381 -0.9258306 0.002223612 -0.5459111 -0.8378401 -0.0001721688 -0.3441274 -0.9389229 4.539895e-07 -0.406047 -0.9138522 2.915077e-07 -0.4340274 -0.9008996 0.0006384088 -0.4943407 -0.8692681 -0.001011585 -0.4604829 -0.887668 -5.649728e-07 -0.5339209 -0.8455344 -9.946421e-07 -0.5968836 -0.8023278 -0.0005413654 -0.571627 -0.8205135 0.0008573748 -0.6627308 -0.7488571 -0.0002644176 -0.6313849 -0.7754695 0 -0.6847089 -0.7288167 1.069102e-06 -0.7840559 -0.6206902 0.0001737603 -0.792555 -0.6098003 -0.0003515778 -0.7286427 -0.6848939 0.0005499963 -0.7526429 -0.6584287 -0 -0.7076746 -0.7065385 -0.002639929 -0.8057673 -0.5922265 0.001381185 -0.8731779 -0.4873998 8.86578e-07 -0.8288208 -0.559514 -0.0006113293 -0.9105263 -0.4134505 0.0004129681 -0.9502926 -0.3113579 -0.0006298147 -0.8424726 -0.5387388 -1.250538e-07 -0.8834812 -0.4684666 5.495141e-07 -0.9014292 -0.4329267 0.0004813671 -0.9278659 -0.3729135 -9.147533e-05 -0.9404367 -0.3399687 1.490953e-07 -0.9545013 -0.2982066 2.76276e-07 -0.967653 -0.2522849 0.0001870367 -0.9705548 -0.2408803 -0.0001372792 -0.9855631 -0.1693083 -5.806202e-07 -0.9874848 -0.1577143 3.692229e-08 -0.9940563 -0.1088666 7.162812e-05 -0.9951351 -0.09851932 -0.000140033 -0.9990075 -0.04454328 0.0001820908 -0.9997882 -0.02057884 -3.468636e-05 -0.9997566 0.02206165 6.690276e-08 -0.9993665 0.03558791 -8.033508e-08 -0.9955283 0.09446444 0.0002155982 -0.9965082 0.08349355 -0.000181382 -0.9839258 0.1785777 8.71124e-07 -0.9858412 0.1676821 -0.001549747 -0.9304006 0.3665411 0.001797494 -0.973723 0.2277285 -0.0007869983 -0.9500883 0.3119801 -2.13288e-07 -0.9715334 0.2369026 1.197385e-06 -0.8749246 0.4842593 -0.0002637233 -0.8675337 0.4973783 0.0003063029 -0.9128338 0.4083312 -4.106943e-07 -0.9065536 0.4220907 -5.349401e-10 -0.936294 0.3512172 0.0005928698 -0.9578839 0.2871552 5.496365e-08 -0.8356605 0.5492464 -0.0007932203 -0.794652 0.6070646 0.001514414 -0.8434605 0.537189 -0.001480178 -0.7600455 0.6498682 0.0007019608 -0.8106927 0.5854716 -1.373996e-06 -0.7678514 0.640628 -1.529536e-06 -0.7181798 0.6958576 0.0002259654 -0.7267907 0.6868589 -0.0002306769 -0.6567798 0.7540823 -1.176216e-06 -0.6658839 0.7460554 -5.086179e-07 -0.6085555 0.7935113 -0.0005862291 -0.5587469 0.829338 0.001167654 -0.6186115 0.7856961 -0.001379865 -0.5081341 0.8612769 0.0007816924 -0.573068 0.8195074 1.252529e-06 -0.5120218 0.8589725 2.412354e-06 -0.4548125 0.8905872 5.248523e-05 -0.4579013 0.889003 -7.558216e-05 -0.377439 0.9260345 -4.465326e-07 -0.3809613 0.9245909 4.852416e-07 -0.3208379 0.9471341 -0.0002821827 -0.2683983 0.963308 0.0009436331 -0.3239068 0.9460885 -0.001286481 -0.1989492 0.980009 -0 0.009332809 0.9999565 0 -0.05175159 0.9986601 8.112744e-05 -0.05579714 0.9984421 -4.317143e-05 -0.1363131 0.9906658 9.205665e-07 -0.1401925 0.9901243 2.401775e-07 -0.1970336 0.9803967 0.0008196327 -0.2697154 0.9629397 -1.15618e-06 -0.6057713 0.7956389 0 -0.7151796 0.6989406 -0.001553533 -0.2370201 -0.9715034 0.0015062 -0.09814106 -0.9951714 -4.830588e-07 -0.3604928 -0.932762 -0.0003628242 -0.3761323 -0.9265658 0.0002988104 -0.2800277 -0.9599919 -9.758501e-07 -0.2962112 -0.9551225 -1.29232e-06 -0.2404263 -0.9706674 0.0003354107 -0.1701607 -0.9854162 -0.001946384 -0.5461048 -0.8377146 0.001684973 -0.4160329 -0.909348 -0.0001877389 -0.4795237 -0.8775289 -1.154285e-07 -0.4184329 -0.9082477 0 -0.6875989 -0.7260908 0.000136394 -0.6376697 -0.7703099 -0.0007166892 -0.6627488 -0.7488413 0.0004822046 -0.5746001 -0.8184341 -4.719661e-08 -0.5970523 -0.8022022 -3.181426e-07 -0.5439608 -0.8391107 0.0005855599 -0.4754203 -0.8797587 -0 -0.6955359 -0.7184914 -0.000114775 -0.7411779 -0.6713087 0.0002468506 -0.7314899 -0.6818522 -0.0001082316 -0.7926676 -0.6096541 -9.897735e-07 -0.7866324 -0.6174217 -1.043352e-06 -0.8289066 -0.5593871 0.0004946715 -0.8116114 -0.5841976 -0.0008434702 -0.8741633 -0.4856313 0.0003585048 -0.8525087 -0.5227129 9.281723e-06 -0.8877583 -0.4603099 -4.165316e-05 -0.9201837 -0.3914867 0.0003325407 -0.9139252 -0.4058825 -0.0001887159 -0.9495115 -0.313732 1.683901e-07 -0.9450395 -0.3269564 -6.263674e-07 -0.9670494 -0.2545888 0.0003618285 -0.9606077 -0.2779076 -0.0006267327 -0.9851335 -0.1717893 0.000248704 -0.978797 -0.2048325 0.002332008 -0.9799562 0.1991993 0.0003782248 -0.9916155 0.1292226 1.398735e-07 -0.9984205 0.05618228 4.60008e-08 -0.9998293 0.01847691 -0.0001047046 -0.9999766 0.006834722 0.0002157491 -0.9977884 -0.06647065 1.625609e-06 -0.9969533 -0.07800049 -4.464249e-07 -0.9906221 -0.1366302 0.002569703 -0.7572505 0.6531194 -0.0008592161 -0.8204511 0.5717161 0 -0.7675016 0.641047 -0.001511183 -0.9967989 0.07993492 -1.541293e-05 -0.9865692 0.163344 1.622305e-05 -0.9663106 0.2573789 0.0002257373 -0.963315 0.2683731 -0.0001220905 -0.9404239 0.3400042 -1.724511e-05 -0.9367872 0.3498994 4.126119e-05 -0.9018384 0.4320736 -0.0006163413 -0.9134221 0.407013 0.0004693054 -0.8628827 0.5054041 -4.495676e-05 -0.8768398 0.4807826 3.841404e-05 -0.8302902 0.5573313 0.001220507 -0.7862797 0.6178695 -7.806131e-07 -0.6324464 0.7746041 0.001685971 -0.6535926 0.7568447 -0.001583684 -0.7262958 0.6873804 -9.739679e-05 -0.6693856 0.7429151 0.0008052576 -0.5457316 0.8379596 -0.0004886414 -0.5834816 0.8121262 0.0001907321 -0.4975345 0.8674442 -2.132021e-07 -0.5125169 0.8586771 -9.573087e-07 -0.4442531 0.8959013 -0.0002991135 -0.4582978 0.8887987 0.0003187856 -0.3667026 0.9303381 -0.0001958133 -0.06409755 0.9979436 0.0007577703 -0.01919157 0.9998155 -0.0009126251 -0.1392419 0.990258 -0.000154444 -0.3886948 0.9213666 1.715438e-06 -0.3402307 0.9403419 1.089689e-06 -0.3103359 0.950627 0.0002715305 -0.2824917 0.9592697 -0.0003449339 -0.2297048 0.9732602 1.136864e-05 -0.2001041 0.9797747 -4.47176e-06 -0.164703 0.9863432 0.0001564042 -0.09755878 0.9952297 -2.314175e-06 0.1660037 0.9861251 5.812971e-05 0.1214011 0.9926035 -0.0002015003 0.1363057 0.9906668 0.0002303691 0.04026277 0.9991891 9.124301e-08 0.05175159 0.99866 -1.64539e-08 -0.009332389 0.9999565 -2.028334e-06 0.4755412 0.8796935 0.0002873434 0.4279909 0.9037831 -0.0003941769 0.4578683 0.8890199 0.0003798298 0.3632209 0.931703 2.637815e-06 0.3809643 0.9245897 1.056918e-06 0.3064124 0.9518989 -0.000200004 0.3239555 0.9460723 0.0005239905 0.2246399 0.9744416 -0.0008223968 0.2697152 0.9629397 -2.259741e-06 0.1970335 0.9803967 1.447599e-06 0.7354255 0.6776056 0.0005293624 0.6928713 0.7210611 -0.0005917737 0.7267563 0.6868951 0.0004792763 0.6467541 0.7626985 -1.876662e-07 0.665888 0.7460517 -1.158163e-06 0.5987442 0.8009403 -0.0003618669 0.618665 0.7856549 0.0007083283 0.5286503 0.8488394 -0.0007823994 0.5730723 0.8195044 -1.509952e-06 0.5120218 0.8589724 1.174116e-06 0.7678514 0.640628 -0.0007024018 0.8106926 0.5854716 0.0008210863 0.7759005 0.6308548 -0.0005447732 0.8435152 0.5371052 -1.680362e-07 0.8264127 0.5630648 -1.019967e-06 0.8749246 0.4842593 0.0005506124 0.8593058 0.5114617 -0.0008336524 0.9128153 0.4083719 0.0005962696 0.889469 0.456995 7.157345e-07 0.9191955 0.3938016 -1.44434e-07 0.936294 0.3512172 -0.0005939215 0.9578839 0.2871553 0.0007684854 0.941196 0.3378603 -0.0005400617 0.973739 0.2276669 3.035888e-07 0.9664244 0.2569509 -6.320676e-07 0.985841 0.1676821 0.0005253399 0.9799832 0.1990799 -0.0008790413 0.9965069 0.08350606 0.0005658664 0.9907383 0.135784 1.651519e-09 0.9980111 0.06303905 -1.465906e-07 0.9999934 0.003619297 -0.0002689126 0.9997566 0.02206318 0.0004461663 0.9966976 -0.08120181 -0.0004432798 0.999007 -0.04454919 -7.666736e-08 0.9940563 -0.1088666 8.015025e-08 0.9901711 -0.139861 0.0002732149 0.9807326 -0.1953548 -0.0002878685 0.9855604 -0.1693243 0.0002154606 0.9641311 -0.2654261 -6.986491e-07 0.967653 -0.2522849 8.434711e-07 0.9463344 -0.323189 -0.0001491286 0.9502982 -0.3113409 0.0003070367 0.915544 -0.4022177 -0.0004804535 0.9278661 -0.3729135 -3.713827e-07 0.9014292 -0.4329267 -0.002129896 0.7924224 -0.6099691 0.002622272 0.6948144 -0.7191844 0.0006181369 0.7396066 -0.6730393 1.27563e-07 0.7918164 -0.6107593 -4.695386e-07 0.8288209 -0.559514 1.857953e-05 0.8281677 -0.5604805 -1.685968e-05 0.873243 -0.487285 0.0001185433 0.8691663 -0.4945199 -2.183536e-07 0.8895695 -0.4567999 0.002385202 0.4227878 -0.9062256 -0.002222565 0.5459113 -0.83784 -0.000549996 0.7526429 -0.6584287 0 0.7076745 -0.7065385 0 0.6650858 -0.7467669 4.254939e-05 0.6628068 -0.7487904 -5.520011e-05 0.5994358 -0.8004228 9.345724e-08 0.5968835 -0.8023279 -4.062177e-07 0.5495055 -0.8354901 0.0003581259 0.4867736 -0.8735282 0.002399586 0.09644917 -0.995335 -0.002327836 0.238464 -0.9711485 -0.0007341561 0.1817816 -0.9833387 1.427368e-07 0.1113402 -0.9937824 5.971822e-08 0.04658251 -0.9989144 -5.97375e-05 0.05060038 -0.998719 1.525448e-05 0.003318483 -0.9999945 0.0001333315 -0.03439717 -0.9994082 1.22617e-07 -0.04250932 -0.999096 2.756975e-07 -0.09557985 -0.9954217 -0.0002943703 -0.1645883 -0.9863623 -0.0006374621 0.4943408 -0.8692679 5.392371e-07 0.4340275 -0.9008996 9.715627e-08 0.3764116 -0.9264525 -2.535336e-05 0.3779918 -0.9258089 3.334952e-05 0.2964844 -0.9550377 1.086434e-06 0.2981476 -0.9545197 3.411833e-07 0.2387797 -0.9710737 0.0003842702 0.1673427 -0.9858987 -3.552039e-08 0.9992198 0.03949309 7.932902e-07 0.9992234 0.03940416 -7.676556e-07 0.9930402 0.1177762 -0 0.9930499 0.1176936 0 0.9807114 0.1954614 -2.817352e-06 0.98077 0.1951669 2.826225e-06 0.9623501 0.2718132 -0 0.9624326 0.2715209 0 0.9380444 0.3465149 1.452746e-06 0.9380976 0.346371 -1.194645e-06 0.9079707 0.4190336 -0 0.9080241 0.4189177 0 0.8725851 0.4884622 -0 0.8725851 0.4884622 0 0.8315682 0.5554227 -0 0.8315682 0.5554227 0 0.7603931 0.649463 -0 0.7603932 0.649463 0 0.649459 0.7603965 -0 0.6494591 0.7603965 0 0.5224797 0.8526517 -0 0.5224797 0.8526517 0 0.4192741 0.9078597 0 0.4192741 0.9078597 0 0.3466435 0.937997 -0 0.3466435 0.937997 0 0.2334718 0.9723636 -0 0.2334718 0.9723636 0 0.07842481 0.99692 -0 0.0784248 0.99692 3.552038e-08 -0.9992197 0.03949611 -7.932304e-07 -0.9992232 0.03940718 7.675682e-07 -0.9930406 0.1177732 0 -0.9930503 0.1176906 0 -0.9807121 0.1954585 2.789644e-06 -0.98077 0.1951669 -2.85407e-06 -0.9623477 0.2718217 0 -0.962431 0.2715265 0 -0.9380449 0.3465136 -1.479652e-06 -0.938099 0.3463671 1.168464e-06 -0.9079707 0.4190336 0 -0.9080231 0.4189203 0 -0.8725876 0.4884575 0 -0.8725877 0.4884575 0 -0.8315682 0.5554227 0 -0.8315682 0.5554227 0 -0.7603917 0.6494648 0 -0.7603917 0.6494648 0 -0.6494605 0.7603952 0 -0.6494606 0.7603953 0 -0.52248 0.8526515 0 -0.52248 0.8526515 0 -0.4192718 0.9078608 0 -0.4192718 0.9078608 0 -0.3466431 0.9379972 0 -0.346643 0.9379972 0 -0.2334729 0.9723634 0 -0.2334728 0.9723634 0 -0.07842475 0.9969199 0 -0.07842475 0.99692 -0.2341883 0.1543825 0.9598551 -0.08136532 -0.3813519 0.9208422 -0.07820441 -0.5042501 0.8600093 -0.08450158 -0.659897 0.7465892 -0.07678744 0.2646332 0.9612871 -0.08185054 0.6095152 0.7885377 -0.07751196 0.5646503 0.8216824 -0.08364521 0.5676113 0.8190365 -0.07826825 0.5037512 0.8602957 -0.05270316 0.4811689 0.8750423 -0.08169156 0.4496752 0.8894485 -0.07613747 0.3681444 0.926646 -0.06472231 0.3754053 0.9245982 -0.07948299 0.3177389 0.944841 -0.9970506 -0.01260037 0.0757066 -0.9967425 -0.02144301 0.07774647 -0.9970419 -0.02068449 0.0740242 -0.9966332 -0.02887672 0.07673568 -0.997105 -0.02889217 0.07033405 -0.9965788 -0.03672414 0.07404125 -0.9970981 -0.03768469 0.0661451 -0.9966155 -0.04343285 0.06979303 -0.9970364 -0.04412009 0.06302213 -0.9966432 -0.04821166 0.06616632 -0.9970453 -0.05113992 0.05731812 -0.9967549 -0.05376681 0.05990701 -0.9970375 -0.05645239 0.05224209 -0.0655336 0.6589383 0.7493369 -0.07731088 0.6520209 0.7542492 -0.08459304 0.7175856 0.6913139 -0.05617195 0.742533 0.6674499 -0.08075342 0.7595347 0.6454347 -0.08642641 0.8051221 0.5867783 -0.08025049 0.8030276 0.5905138 -0.9967893 -0.05952755 0.05355028 -0.9969025 -0.05863246 0.05241745 -0.9970536 -0.06129611 0.0461184 -0.9970955 -0.06097674 0.04563299 -0.08456961 0.8358127 0.5424621 -0.06728701 0.8644841 0.4981361 -0.08139415 0.868197 0.4894988 -0.9972886 -0.0642851 0.0358174 -0.9973731 -0.06742496 0.02647243 -0.08680885 0.9063666 0.4134777 -0.06029981 0.9199176 0.3874473 -0.08404613 0.93075 0.3558661 -0.08750277 0.9534686 0.2885151 -0.08398733 0.9529861 0.2911419 -0.08640569 0.9690994 0.2310421 -0.06663546 0.980444 0.1851738 -0.08521552 0.9817117 0.1702366 -0.08692076 0.9925981 0.08481728 -0.06393519 0.995946 0.06327739 -0.08629076 0.9960179 0.02241457 -0.08623774 0.9952681 -0.04477094 -0.08682422 0.9951952 -0.045256 -0.08596442 0.9901431 -0.1105746 -0.06493448 0.9863054 -0.1516085 -0.08721552 0.9812393 -0.1719387 -0.08438282 0.9630067 -0.2559253 -0.0647561 0.9602401 -0.2715619 -0.08619506 0.9449385 -0.3156925 -0.08303353 0.9235928 -0.374275 -0.08735179 0.921746 -0.377828 -0.08345873 0.8950482 -0.4380906 -0.06130796 0.8801097 -0.4707952 -0.08669811 0.8658364 -0.4927582 -0.9972612 -0.07015306 0.02342327 -0.9974989 -0.06857008 0.01714806 -0.9973307 -0.07142525 0.01516729 -0.9975123 -0.07025252 0.005819637 -0.9974402 -0.07131017 0.005271815 -0.997447 -0.07129575 -0.004063405 -0.9974896 -0.07071275 -0.003759416 -0.9973398 -0.0716097 -0.01361618 -0.9975433 -0.06885562 -0.01289952 -0.9971728 -0.07123687 -0.02391151 -0.997526 -0.06631902 -0.02331435 -0.997049 -0.06953657 -0.03252745 -0.9974136 -0.06440756 -0.03189992 -0.9968897 -0.06801733 -0.03980612 -0.997354 -0.060277 -0.04064264 -0.9967883 -0.06448275 -0.04748761 -0.997204 -0.05589283 -0.04959991 -0.9967848 -0.05931008 -0.05387457 -0.9970412 -0.05632721 -0.05230946 -0.08069783 0.8213316 -0.5647145 -0.0630227 0.8152975 -0.5756024 -0.08424617 0.7840739 -0.6149232 -0.07975802 0.7476831 -0.6592485 -0.08550387 0.7435638 -0.6631758 -0.07822606 0.4264625 -0.9011162 -0.08245896 0.4857349 -0.870208 -0.07739518 0.4900744 -0.8682379 -0.08138123 0.5372192 -0.8395073 -0.06136208 0.5807189 -0.8117883 -0.07747908 0.5883332 -0.8048981 -0.08593748 0.6730512 -0.7345862 -0.03807487 0.6591113 -0.7510809 -0.08040193 0.6989135 -0.7106726 -0.03164487 0.3754882 -0.9262868 -0.08235992 0.3961641 -0.9144785 -0.07680663 0.2925602 -0.9531575 -0.06093826 0.2833006 -0.9570931 -0.07922868 0.233806 -0.9690498 -0.07725689 0.1798969 -0.980647 -0.07945734 0.1780868 -0.9808015 -0.9967685 -0.05518189 -0.05837279 -0.9967651 -0.05521139 -0.05840366 -0.996941 -0.04686902 -0.06254549 -0.9968241 -0.04804723 -0.06350812 -0.9968255 -0.04072525 -0.06841282 -0.9968419 -0.04053037 -0.06829038 -0.9968094 -0.03545112 -0.07151243 -0.996958 -0.03336034 -0.0704416 -0.9967496 -0.02864887 -0.07529598 -0.9970121 -0.0237499 -0.07350352 -0.996774 -0.02070832 -0.07754248 -0.9969773 -0.01502253 -0.07622717 -0.996844 -0.01345664 -0.07823681 -0.9969916 -0.006359729 -0.07724833 -0.996896 -0.005762456 -0.07851796 -0.9969189 -0.0006902422 -0.07843653 -0.9968052 0.003332963 -0.07980138 -0.07921164 -0.2323544 -0.9694003 -0.07661547 -0.1613506 -0.9839187 -0.07939155 -0.1627895 -0.9834615 -0.07835715 -0.0936108 -0.9925206 -0.06164568 -0.04499589 -0.9970833 -0.0782005 -0.03368673 -0.9963683 -0.07843498 0.07630447 -0.9939948 -0.02926386 0.05024705 -0.998308 -0.07800373 0.1090669 -0.9909691 -0.05394736 -0.2924918 -0.9547452 -0.07618805 -0.2786363 -0.9573699 -0.08108483 -0.3690025 -0.9258847 -0.06991623 -0.3797576 -0.9224401 -0.07927622 -0.410927 -0.9082149 -0.08343568 -0.4745937 -0.8762416 -0.07584025 -0.4718251 -0.8784243 -0.9969682 0.004389467 -0.07768684 -0.9968158 0.01322191 -0.0786339 -0.9970424 0.01259667 -0.07581389 -0.9967055 0.02221095 -0.07800413 -0.9970938 0.02177146 -0.07300644 -0.9966609 0.0299485 -0.07596067 -0.9970555 0.0294771 -0.07079169 -0.9965814 0.03652972 -0.07410207 -0.9970974 0.03743586 -0.06629585 -0.9965894 0.0435111 -0.07011707 -0.9970709 0.0455843 -0.06141444 -0.9966689 0.04962594 -0.06471736 -0.9970261 0.05108499 -0.0577009 -0.996753 0.05356318 -0.06012014 -0.9970338 0.05642387 -0.05234325 -0.08687729 -0.7352403 -0.6722158 -0.08151485 -0.6865645 -0.7224849 -0.07428804 -0.6618797 -0.7459198 -0.08413988 -0.6533447 -0.7523704 -0.07670538 -0.579119 -0.8116264 -0.05691519 -0.5911268 -0.8045682 -0.08141371 -0.5373796 -0.8394015 -0.08840652 -0.9152285 -0.393117 -0.08158515 -0.8674374 -0.4908117 -0.08710359 -0.8689556 -0.4871643 -0.08068706 -0.8214201 -0.5645872 -0.06299182 -0.8154135 -0.5754414 -0.08414779 -0.7841963 -0.6147808 -0.07783569 -0.7330183 -0.6757408 -0.05266703 -0.9649505 -0.2570928 -0.08631972 -0.9441161 -0.3181095 -0.0819753 -0.914438 -0.3963371 -0.08371361 -0.9572439 -0.2769048 -0.08736574 -0.9811022 -0.1726437 -0.08515581 -0.9809901 -0.1743761 -0.08725622 -0.9939417 -0.06683064 -0.04652628 -0.9956549 0.08066332 -0.08631876 -0.9960907 0.01877226 -0.08610654 -0.993995 -0.06752569 -0.0871718 -0.9946011 0.0563013 -0.08522714 -0.9827506 0.1641265 -0.08732813 -0.9822708 0.1658848 -0.08381258 -0.9593299 0.2695583 -0.0398295 -0.9113419 0.4097189 -0.08404528 -0.9312578 0.3545354 -0.0881641 -0.9581547 0.2723353 -0.08847251 -0.9182745 0.3859332 -0.08187839 -0.8722087 0.4822324 -0.08695206 -0.8694822 0.4862509 -0.07970978 -0.8157774 0.5728469 -0.08742558 -0.8120068 0.5770628 -0.08085418 -0.7591682 0.6458532 -0.9967899 0.05925132 -0.05384416 -0.9969474 0.0579951 -0.05227257 -0.9970354 0.06271365 -0.04457963 -0.9970768 0.06240765 -0.04408111 -0.9971061 0.06543546 -0.03869954 -0.9972799 0.06419543 -0.03621903 -0.9971377 0.06886994 -0.03119409 -0.9974319 0.06688762 -0.02560796 -0.9972419 0.07077464 -0.02235044 -0.9974673 0.06933718 -0.01585153 -0.9973581 0.0712411 -0.01419613 -0.9975137 0.07020614 -0.00613466 -0.9974372 0.07133356 -0.005541559 -0.9974436 0.0712755 0.005110264 -0.9975179 0.07025442 0.004733791 -0.9973366 0.07143562 0.01472155 -0.9975093 0.06915458 0.01388493 -0.997177 0.07125034 0.0236907 -0.9975258 0.06640731 0.02307566 -0.9970042 0.06988661 0.03314431 -0.9974494 0.06318783 0.03319753 -0.9969036 0.06705321 0.04107415 -0.9973022 0.06083574 0.04107719 -0.9967912 0.0646022 0.04726261 -0.9972085 0.05607747 0.04929866 -0.9967883 0.05949119 0.05360807 -0.9970371 0.05644999 0.05225361 -0.03195483 -0.7235578 0.6895238 -0.0869549 -0.7379671 0.6692109 -0.07881146 -0.6643989 0.7432112 -0.08474267 -0.5820407 0.808732 -0.06703133 -0.5763657 0.8144381 -0.0808498 -0.6234013 0.7777109 -0.02339383 -0.4562812 0.889528 -0.08346202 -0.4786824 0.8740122 -0.07719229 -0.3849633 0.9196981 -0.232909 0.03997739 0.9716765 -0.2333705 -0.05975356 0.9705503 -0.2328241 -0.06017964 0.9706551 -0.2343584 -0.1589218 0.9590725 -0.2320575 -0.1603749 0.95939 -0.2360776 -0.2707429 0.9332554 -0.2325683 -0.273129 0.9334412 -0.237707 -0.363712 0.9006714 -0.2346437 -0.3665717 0.9003153 -0.2403619 -0.4537819 0.858084 -0.234981 -0.4576483 0.8575209 -0.2431024 -0.553455 0.7966108 -0.2371012 -0.5578072 0.795383 -0.2448058 -0.6328892 0.7345212 -0.2405342 -0.6368082 0.7325425 -0.2480584 -0.7059402 0.663412 -0.2418363 -0.7101988 0.6611603 -0.2507824 -0.7821831 0.5703489 -0.2449608 -0.7859176 0.5677391 -0.2522975 -0.8392255 0.4817122 -0.2484638 -0.8419364 0.4789665 -0.2547066 -0.8864644 0.3864006 -0.2502369 -0.8888161 0.3839109 -0.2561127 -0.9279542 0.2707533 -0.2528374 -0.9294255 0.2687779 -0.2564789 -0.9523426 0.1651119 -0.2549281 -0.9529809 0.1638263 -0.2566978 -0.9648286 0.05667344 -0.2559685 -0.9650493 0.05621295 -0.2558563 -0.9643714 -0.06727143 -0.2567089 -0.9641823 -0.06673005 -0.2547569 -0.9512888 -0.1736334 -0.2564308 -0.9510941 -0.1722302 -0.2525409 -0.9267426 -0.2781572 -0.2561321 -0.9264048 -0.2759899 -0.2498775 -0.8846408 -0.3936647 -0.254746 -0.8845132 -0.3908207 -0.2482171 -0.8376498 -0.4865502 -0.2522962 -0.838227 -0.4834481 -0.2444867 -0.7815494 -0.5739397 -0.2509907 -0.7820341 -0.5704615 -0.2414564 -0.7049368 -0.6669055 -0.2481865 -0.7058428 -0.6634678 -0.2400672 -0.6310039 -0.7377003 -0.2451338 -0.6327398 -0.7345404 -0.2368123 -0.5510326 -0.8001768 -0.2431595 -0.5525088 -0.7972499 -0.2346355 -0.4509649 -0.8611486 -0.2402884 -0.4526426 -0.8587062 -0.2341552 -0.3586462 -0.9036283 -0.2376874 -0.3604603 -0.9019828 -0.2323191 -0.2631827 -0.9363561 -0.2360431 -0.2647015 -0.9349956 -0.2322032 -0.153631 -0.9604578 -0.2341809 -0.1546132 -0.9598198 -0.2322641 -0.04221365 -0.9717363 -0.2329085 -0.04255627 -0.9715671 -0.2332112 0.07190446 -0.969764 -0.2323069 0.07244297 -0.969941 -0.2345907 0.1695122 -0.9572006 -0.2328225 0.1710221 -0.9573637 -0.2360199 0.2660654 -0.9346142 -0.2324437 0.2684748 -0.9348214 -0.2382123 0.3748493 -0.8959592 -0.2337799 0.3779944 -0.8958054 -0.2401315 0.4641026 -0.8526111 -0.2363459 0.4676832 -0.8517119 -0.2430349 0.5493522 -0.7994661 -0.2370938 0.5536389 -0.7982923 -0.2459343 0.6420798 -0.7261198 -0.2397099 0.6465021 -0.7242751 -0.2476525 0.7147579 -0.654056 -0.2432964 0.7185103 -0.6515749 -0.250742 0.7797524 -0.573685 -0.2448653 0.783519 -0.5710858 -0.2531562 0.8448466 -0.4713239 -0.2479565 0.8478775 -0.4686376 -0.2543471 0.8914218 -0.3750663 -0.2511654 0.8933499 -0.372615 -0.2561302 0.9271753 -0.2733921 -0.2528063 0.9286703 -0.2714045 -0.2567739 0.9542924 -0.1529481 -0.2548197 0.9550118 -0.1517213 -0.2565612 0.9654763 -0.04507653 -0.2561385 0.965605 -0.04472022 -0.2558896 0.9645918 0.06389937 -0.2567153 0.9644067 0.06337899 -0.2542827 0.9489374 0.1867035 -0.2566769 0.948585 0.185212 -0.2528493 0.9231362 0.2896325 -0.2555621 0.9230841 0.2874087 -0.2499751 0.8865884 0.3891959 -0.2548196 0.8864401 0.3863819 -0.2469589 0.83117 0.4981644 -0.2527772 0.8313627 0.494914 -0.24528 0.7737786 0.5840414 -0.2499436 0.7748004 0.5807 -0.2415391 0.7083811 0.6632158 -0.2483464 0.7092634 0.6597496 -0.2386669 0.62204 0.745724 -0.2453593 0.6233135 0.7424816 -0.2375433 0.5405154 0.8071035 -0.242297 0.542433 0.8043995 -0.2346577 0.4540062 0.859543 -0.240347 0.4556677 0.8570883 -0.2331156 0.3483027 0.907933 -0.07841133 -0.00914183 0.9968792 -0.07849203 -0.06277397 0.9949364 -0.07763499 -0.06343152 0.9949619 -0.07893701 -0.1364029 0.9875035 -0.05068336 -0.1698769 0.9841611 -0.07770616 -0.1961328 0.9774936 -0.08089674 -0.2867243 0.9545916 -0.06202401 -0.2782974 0.9584903 -0.07881135 -0.333804 0.9393421 -0.232334 0.03966839 0.9718269 -0.07732003 0.04209615 0.9961172 -0.06180895 0.05093408 0.9967875 -0.996755 0.05372652 0.05994004 -0.9967512 0.05376035 0.05997331 -0.9969424 0.04716168 0.06230297 -0.9968207 0.04837963 0.06330776 -0.9968312 0.04100833 0.06816024 -0.9969012 0.04017628 0.06763071 -0.9967631 0.03422034 0.07274845 -0.996909 0.03206223 0.07172457 -0.9967927 0.02817426 0.07490408 -0.9970086 0.02416381 0.07341556 -0.9967712 0.02104807 0.07748663 -0.9970189 0.01414542 0.0758486 -0.996834 0.01259016 0.07850681 -0.9969628 0.005276476 0.07770085 -0.9969004 0.004786495 0.07852864 -0.9969175 0.0007165016 0.0784538 -0.9967951 -0.003125339 0.07993618 -0.9969658 -0.004256598 0.0777256 -0.9968144 -0.01320375 0.07865565 -0.9858598 0.07691406 0.1488784 -0.9845687 0.0667074 0.1617856 -0.983245 0.0697474 0.1684185 -0.9818766 0.05735336 0.1806346 -0.9804639 0.05954622 0.1874697 -0.979513 0.04948046 0.1952075 -0.9784358 0.04992109 0.2004281 -0.9776448 0.04067868 0.2062906 -0.9763275 0.04133815 0.2123105 -0.9756277 0.03091569 0.2172438 -0.9745295 0.03085544 0.2221267 -0.974117 0.02237664 0.224934 -0.9734691 0.02172731 0.2277846 -0.9731757 0.01358106 0.2296617 -0.9726385 0.01306318 0.2319563 -0.9724827 0.003522739 0.2329484 -0.9723514 0.00332384 0.2334991 -0.9723806 -0.005356081 0.2333396 -0.9725211 -0.004988401 0.2327611 -0.9726764 -0.01447065 0.2317138 -0.9731828 -0.01318339 0.2296551 -0.9736103 -0.02505812 0.2268371 -0.9743688 -0.02258942 0.2238197 -0.9749975 -0.0339467 0.2196073 -0.9756217 -0.03086029 0.2172787 -0.9764626 -0.04358223 0.2112377 -0.9774849 -0.0387885 0.2074097 -0.9787884 -0.05427111 0.197555 -0.9797998 -0.04844553 0.1940242 -0.9812203 -0.06240125 0.1825179 -0.9818378 -0.05715762 0.1809073 -0.9834167 -0.07171741 0.166578 -0.9842843 -0.06487955 0.1642407 -0.9862583 -0.08084527 0.1440781 -0.9869836 -0.07411153 0.1427268 -0.9887502 -0.08689609 0.1217458 -0.9891465 -0.08199055 0.1219289 -0.9907468 -0.0935623 0.09832036 -0.9912145 -0.08832607 0.09844943 -0.992741 -0.09850253 0.06901176 -0.9930661 -0.09473632 0.06960382 -0.9940354 -0.1006412 0.04201064 -0.9941868 -0.098823 0.04273963 -0.9946634 -0.1021601 0.01441979 -0.9947388 -0.1013799 0.01472829 -0.9947196 -0.1012029 -0.01705316 -0.9946215 -0.1020814 -0.01753766 -0.9941486 -0.09871011 -0.04387624 -0.9939424 -0.1001749 -0.04520562 -0.9930506 -0.09472325 -0.06984298 -0.9925725 -0.09773552 -0.07243942 -0.9912192 -0.08861777 -0.09813946 -0.9904932 -0.09220531 -0.1020857 -0.9892102 -0.0828431 -0.1208314 -0.9884945 -0.08511811 -0.1250339 -0.9871334 -0.07526553 -0.1410773 -0.985986 -0.07884116 -0.147023 -0.9844481 -0.06633297 -0.1626711 -0.9831235 -0.06931363 -0.1693041 -0.9819925 -0.05885918 -0.179517 -0.9809219 -0.05989813 -0.1849447 -0.9799291 -0.05010118 -0.1929476 -0.9785129 -0.05162012 -0.1996193 -0.9775743 -0.04039904 -0.2066792 -0.9762705 -0.04101737 -0.2126348 -0.9756805 -0.03206246 -0.2168399 -0.9748002 -0.03161738 -0.2208277 -0.9743477 -0.02327084 -0.2238414 -0.9734782 -0.02287226 -0.2276337 -0.9731557 -0.0136028 -0.2297453 -0.9726545 -0.01307989 -0.231888 -0.9724963 -0.003751593 -0.2328879 -0.9723516 -0.003536118 -0.2334948 -0.9723755 0.00646094 -0.2333326 -0.9726104 0.005973376 -0.232365 -0.9728187 0.01537778 -0.2310571 -0.9731902 0.01413099 -0.2295673 -0.9735516 0.024627 -0.227136 -0.97431 0.02219562 -0.2241146 -0.9750191 0.03540061 -0.2192819 -0.9759589 0.03162047 -0.2156487 -0.9768668 0.04412748 -0.2092466 -0.9775396 0.04008339 -0.2069051 -0.9786719 0.05385658 -0.1982441 -0.9797024 0.04799685 -0.1946269 -0.9813182 0.06425752 -0.1813437 -0.9822688 0.05768361 -0.1783835 -0.9839087 0.07182095 -0.1636015 -0.984454 0.06637176 -0.1626197 -0.9861637 0.08053883 -0.1448955 -0.9868938 0.07381443 -0.1434992 -0.9888703 0.08848974 -0.1196042 -0.9894483 0.08241951 -0.1191599 -0.9910718 0.09337209 -0.0951755 -0.9913851 0.0892965 -0.09582088 -0.9927024 0.09841927 -0.06968177 -0.993034 0.09458608 -0.07026281 -0.9940871 0.1013473 -0.03898305 -0.9942759 0.09923752 -0.03959157 -0.9947382 0.1018074 -0.01145258 -0.9947847 0.1013211 -0.01172283 -0.9947268 0.1012705 0.01620913 -0.9946339 0.1021069 0.01666345 -0.9940414 0.09829295 0.0471195 -0.9937469 0.1004806 0.0486908 -0.992869 0.09441835 0.07277556 -0.9924897 0.09649478 0.07518713 -0.9913046 0.08886462 0.09704763 -0.9429717 0.1911633 0.2725085 -0.9400018 0.1642657 0.2990206 -0.9382378 0.1656726 0.3037472 -0.9360158 0.1417756 0.3221397 -0.9346966 0.1419742 0.3258615 -0.9326077 0.1179811 0.3410622 -0.9310465 0.1183341 0.3451802 -0.9291413 0.08995444 0.3586148 -0.927838 0.08982326 0.3620064 -0.9266525 0.06490789 0.3702731 -0.9258991 0.06438299 0.3722441 -0.9249709 0.03938418 0.3779918 -0.9244037 0.03901498 0.3794149 -0.9239361 0.01020732 0.3824106 -0.9237556 0.01003032 0.3828511 -0.9238696 -0.01538047 0.3823981 -0.9240453 -0.01509075 0.381985 -0.9244438 -0.04115248 0.3790912 -0.9250427 -0.04021943 0.3777278 -0.9261373 -0.07052273 0.3705351 -0.927065 -0.06874108 0.3685447 -0.9285675 -0.09521228 0.3587437 -0.9293901 -0.09293567 0.3572074 -0.9311559 -0.1201852 0.3442444 -0.9324936 -0.1167833 0.3417857 -0.9351406 -0.1481637 0.3218067 -0.9365824 -0.1439384 0.3195234 -0.9393069 -0.1702628 0.2978477 -0.940278 -0.1664922 0.2969136 -0.943052 -0.1924839 0.2712986 -0.944432 -0.1876207 0.2699016 -0.9478741 -0.2154335 0.2347829 -0.9491295 -0.2106374 0.2340621 -0.9521363 -0.2320747 0.1989418 -0.9529067 -0.2286223 0.1992505 -0.9554741 -0.2475487 0.1605891 -0.956372 -0.2438878 0.1608457 -0.9588597 -0.2604599 0.1129098 -0.9595082 -0.2578284 0.1134392 -0.9611239 -0.2673827 0.06890054 -0.9614286 -0.2661382 0.06946493 -0.9621459 -0.2715038 0.02368275 -0.9622881 -0.2709791 0.02391266 -0.9622536 -0.2707021 -0.02807632 -0.9620849 -0.2712662 -0.02841215 -0.9613498 -0.2656876 -0.07222538 -0.9609916 -0.2667087 -0.07322248 -0.9594132 -0.2573725 -0.1152638 -0.9586367 -0.2594174 -0.1171247 -0.9562603 -0.2434396 -0.1621834 -0.9551621 -0.2458597 -0.1649795 -0.9528524 -0.2286788 -0.1994447 -0.9518541 -0.2301877 -0.2024535 -0.9491615 -0.2110606 -0.2335504 -0.947606 -0.2134266 -0.2376802 -0.9444968 -0.1881444 -0.2693094 -0.9427714 -0.1901088 -0.2739358 -0.9403242 -0.1671318 -0.2964075 -0.9390183 -0.1677362 -0.3001819 -0.9366154 -0.1443966 -0.3192196 -0.9348726 -0.1453477 -0.3238631 -0.932517 -0.1171756 -0.3415874 -0.9309317 -0.1175094 -0.345771 -0.9293295 -0.09277045 -0.3574078 -0.9283366 -0.09238012 -0.3600795 -0.9269719 -0.06771618 -0.3689683 -0.9259498 -0.06736441 -0.3715898 -0.9249844 -0.03945258 -0.3779514 -0.9244117 -0.03905005 -0.3793918 -0.9239284 -0.0108539 -0.3824114 -0.9237539 -0.01068553 -0.3828374 -0.9238263 0.01853422 -0.382363 -0.9241108 0.01816292 -0.3816926 -0.9247107 0.04379902 -0.3781426 -0.9251495 0.04290197 -0.3771708 -0.9260288 0.06934863 -0.3710273 -0.926974 0.06755722 -0.3689922 -0.9286392 0.09850074 -0.3576685 -0.9298226 0.09581286 -0.3553167 -0.9318071 0.1226151 -0.3416153 -0.9327585 0.1196034 -0.340083 -0.9349688 0.1469549 -0.3228583 -0.9363945 0.1428151 -0.3205764 -0.9394684 0.1736938 -0.2953466 -0.9408966 0.1690091 -0.2935123 -0.9438814 0.1943307 -0.2670645 -0.9448199 0.1904007 -0.2665761 -0.9477065 0.214691 -0.2361361 -0.9489675 0.2098955 -0.235382 -0.9523019 0.2346343 -0.1951097 -0.9533728 0.2303385 -0.1949986 -0.956082 0.2483233 -0.1557007 -0.9567078 0.2455296 -0.1562863 -0.9587858 0.2602508 -0.1140141 -0.9594426 0.2575885 -0.1145344 -0.9611487 0.2685358 -0.06388726 -0.9615353 0.2670282 -0.06438717 -0.9623348 0.271214 -0.01883098 -0.962415 0.2709171 -0.01901256 -0.9622662 0.2707997 0.02666959 -0.962099 0.2713607 0.02699869 -0.9611123 0.2650155 0.07765262 -0.9606033 0.2665179 0.07880063 -0.9591531 0.256181 0.119986 -0.9585611 0.2575745 0.1217212 -0.9564093 0.2440536 0.1603719 -0.9553122 0.2464965 0.1631501 -0.9524686 0.2263783 0.2038538 -0.8710504 0.2674314 0.4120093 -0.8676296 0.2302794 0.4406702 -0.866627 0.2302915 0.4426323 -0.8632658 0.1921235 0.4667556 -0.8619482 0.1922376 0.4691375 -0.8588865 0.1466379 0.4907252 -0.8578349 0.1464888 0.4926057 -0.8559322 0.1057486 0.5061594 -0.8553287 0.1053953 0.5072521 -0.8537681 0.06425036 0.516674 -0.8532008 0.06394919 0.5176475 -0.8524327 0.01661085 0.5225728 -0.852323 0.016527 0.5227547 -0.8525473 -0.02504299 0.5220498 -0.852706 -0.02484399 0.5218001 -0.8533124 -0.06681562 0.5171012 -0.8538163 -0.06623235 0.5163438 -0.8555545 -0.1142288 0.5049537 -0.8563555 -0.1131121 0.503846 -0.8587204 -0.1539921 0.4887593 -0.8593954 -0.152663 0.4879892 -0.8620137 -0.1937087 0.4684115 -0.863196 -0.191618 0.4670924 -0.8671169 -0.238042 0.4375435 -0.8683544 -0.2355887 0.4364155 -0.8723305 -0.2735256 0.4052446 -0.8731928 -0.2713308 0.4048629 -0.877065 -0.308019 0.3686207 -0.8783647 -0.3050714 0.3679767 -0.883173 -0.343895 0.3189695 -0.8842896 -0.3412271 0.3187414 -0.888476 -0.3707121 0.2705235 -0.8892233 -0.3686799 0.2708447 -0.8926685 -0.3943624 0.2182232 -0.893536 -0.3922378 0.2185018 -0.8969116 -0.414718 0.1534882 -0.8975446 -0.413198 0.1538865 -0.8997716 -0.4261684 0.09376296 -0.900059 -0.4254809 0.09412642 -0.9009739 -0.4326748 0.03222825 -0.9011161 -0.4323669 0.03238257 -0.90107 -0.4319848 -0.03823627 -0.9008981 -0.4323234 -0.03846057 -0.8999371 -0.4247589 -0.09845359 -0.8996158 -0.4253021 -0.09904333 -0.8973719 -0.4123031 -0.1572569 -0.8966644 -0.4134186 -0.1583608 -0.8933345 -0.3910454 -0.221443 -0.8923361 -0.3923762 -0.223108 -0.8890865 -0.3679047 -0.2723441 -0.8882314 -0.3686761 -0.2740858 -0.884257 -0.3407832 -0.3193061 -0.8828683 -0.3420749 -0.3217583 -0.8782683 -0.3047371 -0.3684836 -0.876791 -0.3057593 -0.3711452 -0.8731159 -0.2709002 -0.4053168 -0.8720379 -0.2711429 -0.4074694 -0.8682529 -0.2348344 -0.4370238 -0.8668254 -0.2352694 -0.4396157 -0.8631111 -0.1908665 -0.4675566 -0.8618097 -0.1909649 -0.469911 -0.8592634 -0.1510781 -0.4887144 -0.8584214 -0.1507674 -0.4902876 -0.856151 -0.1104242 -0.5047891 -0.8553494 -0.1101728 -0.5062009 -0.8537729 -0.06434397 -0.5166544 -0.8532584 -0.06405018 -0.5175399 -0.8524555 -0.01764677 -0.5225018 -0.8523601 -0.01757503 -0.5226598 -0.852482 0.03014267 -0.5218869 -0.8527149 0.02991255 -0.5215194 -0.8537199 0.07113281 -0.5158511 -0.8540882 0.07057305 -0.5153181 -0.8554377 0.1122862 -0.5055869 -0.8562108 0.1112216 -0.5045125 -0.8587927 0.1590901 -0.4869962 -0.8598014 0.1574655 -0.485743 -0.8628387 0.1978662 -0.4651433 -0.8636523 0.1960834 -0.4643877 -0.8668537 0.2362345 -0.4390421 -0.8681412 0.2337028 -0.4378515 -0.872592 0.278357 -0.4013734 -0.8738614 0.2756177 -0.400501 -0.8781258 0.31139 -0.3632233 -0.8789603 0.3091669 -0.3631043 -0.8829195 0.3428333 -0.3208092 -0.8840981 0.3400272 -0.3205498 -0.8886951 0.3740869 -0.2651036 -0.889695 0.3716388 -0.265193 -0.8934383 0.3961607 -0.2117181 -0.8940706 0.39448 -0.2121869 -0.8968284 0.4143398 -0.1549889 -0.8974603 0.412823 -0.1553773 -0.8997679 0.4276272 -0.08690629 -0.9001272 0.4268044 -0.08722997 -0.9012554 0.4325304 -0.02561648 -0.9013491 0.4323266 -0.02575783 -0.9010914 0.4321057 0.03631818 -0.9009266 0.4324312 0.03653083 -0.8995759 0.4237413 0.1058613 -0.8991016 0.4245726 0.1065576 -0.8971428 0.4103222 0.163617 -0.896588 0.4111025 0.1646963 -0.8934994 0.3920386 0.2190083 -0.8925289 0.3933452 0.2206166 -0.8884772 0.364707 0.2785624 -0.8872386 0.3660724 0.2807111 -0.8836244 0.3371981 0.3248159 -0.7758456 0.3125909 0.5480424 -0.7712839 0.261263 0.5803989 -0.7707896 0.261258 0.5810574 -0.7666473 0.1995801 0.610262 -0.7661728 0.1994936 0.6108859 -0.7636058 0.143945 0.6294331 -0.7633658 0.1438154 0.6297538 -0.7611947 0.08743534 0.6426024 -0.7610635 0.08737282 0.6427661 -0.760018 0.02258583 0.6495094 -0.7599863 0.02256511 0.6495472 -0.7603263 -0.03398212 0.6486517 -0.7603074 -0.03400194 0.6486729 -0.7610984 -0.09078985 0.642251 -0.7612913 -0.09060789 0.6420481 -0.7636331 -0.1551075 0.6267424 -0.7640405 -0.1546538 0.626358 -0.7672142 -0.2088685 0.6064291 -0.7674979 -0.208427 0.6062221 -0.7708929 -0.2621328 0.5805262 -0.7713338 -0.2615307 0.580212 -0.7764263 -0.3217061 0.5419108 -0.7769526 -0.3209167 0.5416246 -0.7820835 -0.3695132 0.5018024 -0.7825086 -0.3687045 0.5017344 -0.7873617 -0.4149785 0.4559103 -0.7878572 -0.4141569 0.4558014 -0.7939026 -0.4628611 0.3943074 -0.7944368 -0.4619457 0.3943048 -0.7996785 -0.498689 0.3344005 -0.8000106 -0.49805 0.3345582 -0.8042249 -0.5296832 0.2695516 -0.8046105 -0.529026 0.2696913 -0.8087732 -0.55672 0.1896013 -0.809024 -0.5563069 0.1897441 -0.8117989 -0.5723338 0.1158303 -0.8119448 -0.5720963 0.1159809 -0.8130371 -0.5808482 0.03982499 -0.8130884 -0.5807732 0.03986942 -0.8130322 -0.5802978 -0.04725735 -0.8129578 -0.5803958 -0.04733214 -0.8118024 -0.5711016 -0.1217363 -0.8116531 -0.5712692 -0.1219466 -0.8088049 -0.5549499 -0.1945896 -0.8085024 -0.5552666 -0.1949432 -0.8043106 -0.5271394 -0.274242 -0.8039031 -0.5274976 -0.2747472 -0.799818 -0.4964882 -0.3373288 -0.7993997 -0.4967235 -0.3379731 -0.7942405 -0.4607945 -0.3960436 -0.7936888 -0.4611259 -0.3967632 -0.7877188 -0.4127038 -0.4573561 -0.7871343 -0.4129563 -0.4581337 -0.7823478 -0.3672365 -0.5030599 -0.7818272 -0.3672729 -0.503842 -0.7767534 -0.3189511 -0.5430693 -0.776128 -0.3190461 -0.5439071 -0.7711378 -0.2594906 -0.5813873 -0.7707188 -0.2594827 -0.5819461 -0.7673031 -0.2054722 -0.6074761 -0.7669567 -0.205342 -0.6079574 -0.763836 -0.1503596 -0.6276516 -0.7633861 -0.1502191 -0.6282322 -0.7612327 -0.08753437 -0.6425439 -0.7611386 -0.08748628 -0.6426619 -0.7600394 -0.0240762 -0.6494308 -0.7598953 -0.02398332 -0.6496029 -0.7600643 0.04099664 -0.6485534 -0.7601562 0.04092117 -0.6484504 -0.7615536 0.09675803 -0.6408384 -0.7617527 0.09651038 -0.6406392 -0.763531 0.1523947 -0.6275319 -0.7638363 0.1520585 -0.6272417 -0.7672744 0.2156691 -0.6039677 -0.7677693 0.215044 -0.6035614 -0.7717781 0.2678684 -0.5767192 -0.7720298 0.2674409 -0.5765808 -0.7761368 0.319297 -0.5437474 -0.7767137 0.3184377 -0.5434274 -0.7824191 0.3755841 -0.4967463 -0.7829524 0.3747298 -0.4965512 -0.7883886 0.4200189 -0.4494749 -0.7888013 0.4192137 -0.4495024 -0.7937157 0.4612825 -0.3965273 -0.7942181 0.4604242 -0.396519 -0.7999414 0.5028033 -0.3275401 -0.800395 0.502021 -0.3276323 -0.8050465 0.5323912 -0.2616482 -0.8052892 0.531942 -0.2618149 -0.8086553 0.5562679 -0.1914225 -0.808955 0.5557743 -0.1915899 -0.81179 0.5739971 -0.1073516 -0.8119485 0.5737506 -0.1074701 -0.8133675 0.580888 -0.03165981 -0.8134017 0.580838 -0.03170048 -0.8130452 0.580467 0.04489345 -0.8129793 0.5805544 0.04495918 -0.811293 0.5697947 0.1309113 -0.8110756 0.5700486 0.1311527 -0.8086545 0.5523396 0.2024821 -0.808447 0.5525306 0.2027892 -0.8045229 0.5284095 0.2711575 -0.8040634 0.5288179 0.2717233 -0.7989057 0.4924715 0.3452847 -0.7984182 0.4928226 0.3459107 -0.7938104 0.4557658 0.4026695 -0.7933787 0.4559292 0.4033348 -0.787992 0.41485 0.4549374 -0.6599544 0.3235363 0.678074 -0.6548285 0.2473089 0.7141694 -0.6554245 0.2474421 0.7135763 -0.6522492 0.1784554 0.7366984 -0.6525502 0.1786143 0.7363934 -0.6498402 0.1084783 0.7522899 -0.6500041 0.1085527 0.7521377 -0.648702 0.02797048 0.7605284 -0.6488381 0.02805113 0.7604092 -0.6492757 -0.04211561 0.7593862 -0.6491683 -0.04221499 0.7594724 -0.6501384 -0.1125203 0.7514382 -0.6499315 -0.1126888 0.7515919 -0.6528156 -0.1919693 0.732789 -0.6523791 -0.19238 0.7330698 -0.6562658 -0.2584951 0.7088692 -0.6559228 -0.2589432 0.7090231 -0.6600249 -0.3238957 0.6778338 -0.6594705 -0.3245147 0.6780773 -0.6655982 -0.3968324 0.6320626 -0.6649214 -0.3976475 0.6322626 -0.6710362 -0.4555036 0.5850017 -0.6705434 -0.4562517 0.5849837 -0.6762645 -0.5107158 0.5308821 -0.6755876 -0.5115882 0.5309038 -0.6827006 -0.5688168 0.4586581 -0.6821002 -0.569602 0.4585769 -0.6882124 -0.6124927 0.3888655 -0.687769 -0.6131389 0.3886317 -0.6926659 -0.649732 0.3131489 -0.6921974 -0.6503227 0.3129586 -0.6970263 -0.6824127 0.2201526 -0.6966907 -0.6828153 0.2199668 -0.6998982 -0.7014665 0.1344883 -0.6997319 -0.7016617 0.1343354 -0.700983 -0.711678 0.04623139 -0.700903 -0.7117606 0.04617128 -0.7008231 -0.7112213 -0.05487513 -0.7009212 -0.7111311 -0.05479232 -0.6995753 -0.7004276 -0.1414054 -0.6997479 -0.700296 -0.1412042 -0.6964127 -0.6810721 -0.226164 -0.6968086 -0.6807907 -0.2257912 -0.6918738 -0.6477368 -0.3189791 -0.6923696 -0.6474471 -0.3184912 -0.6875079 -0.610809 -0.3927407 -0.6880012 -0.6106461 -0.3921297 -0.681835 -0.5675952 -0.4614506 -0.6825178 -0.5673383 -0.4607567 -0.6753374 -0.5091867 -0.5335243 -0.6760904 -0.5089991 -0.5327492 -0.6702827 -0.4536144 -0.5873289 -0.6708695 -0.4536441 -0.5866355 -0.6646552 -0.3944615 -0.6345342 -0.6653351 -0.3944368 -0.6338366 -0.6592034 -0.3212737 -0.6798781 -0.6598546 -0.3213363 -0.6792164 -0.6556384 -0.2546475 -0.7108396 -0.6560425 -0.2548083 -0.710409 -0.6521479 -0.1864431 -0.7348076 -0.6525848 -0.1865852 -0.7343835 -0.649913 -0.1085823 -0.752212 -0.6500952 -0.1086707 -0.7520418 -0.6487236 -0.02983632 -0.760439 -0.6488351 -0.0299015 -0.7603413 -0.6490504 0.05084936 -0.7590441 -0.6489866 0.05089538 -0.7590955 -0.6507289 0.1198207 -0.7497965 -0.6504573 0.1201139 -0.7499853 -0.6526294 0.1887288 -0.7337958 -0.6523101 0.1890262 -0.7340032 -0.6565109 0.2666294 -0.7056218 -0.655929 0.2672389 -0.7059324 -0.6607934 0.3311184 -0.6735819 -0.660386 0.3316892 -0.6737006 -0.6653093 0.3938771 -0.6342116 -0.6646431 0.3946741 -0.6344146 -0.6714464 0.4627363 -0.5788219 -0.6708206 0.4635266 -0.5789151 -0.6772408 0.5170075 -0.523496 -0.6767227 0.5177997 -0.5233831 -0.6824808 0.5669562 -0.4612815 -0.6818804 0.5677395 -0.461206 -0.6885629 0.6171807 -0.3807482 -0.6879594 0.6179616 -0.3805723 -0.6933742 0.6533179 -0.3039868 -0.6930858 0.6537151 -0.3037906 -0.6969669 0.6817819 -0.2222848 -0.6965826 0.6822427 -0.2220754 -0.6998722 0.7033123 -0.1246223 -0.6996675 0.7035404 -0.1244842 -0.7013175 0.7119002 -0.03676626 -0.7012655 0.7119543 -0.03671275 -0.7008403 0.7114108 0.05212881 -0.7009348 0.7113237 0.05204994 -0.6989664 0.6987976 0.1520784 -0.6992326 0.6985839 0.1518366 -0.6964025 0.6779669 0.2353389 -0.6966895 0.6777926 0.2349913 -0.6920561 0.64928 0.3154266 -0.6926039 0.6489557 0.3148909 -0.6864978 0.6059155 0.4019791 -0.6871084 0.6056314 0.4013636 -0.6816031 0.5615003 0.4691849 -0.6820796 0.5614105 0.4685995 -0.6755703 0.5118031 0.5307187 -0.6763723 0.5115965 0.5298958 -0.6692206 0.4470107 0.5935699 -0.5282568 0.2891155 0.7983464 -0.5245293 0.2085123 0.8254645 -0.5254615 0.2090095 0.8247455 -0.5222983 0.1267108 0.8432965 -0.5232127 0.1271213 0.8426675 -0.5216933 0.0327584 0.852504 -0.5217829 0.03280849 0.8524472 -0.5222781 -0.04930671 0.8513486 -0.5221462 -0.04941913 0.851423 -0.5232983 -0.1312996 0.8419735 -0.5222995 -0.1320287 0.8424795 -0.525655 -0.2241259 0.8206427 -0.524421 -0.2251438 0.8211533 -0.5288884 -0.3014408 0.793354 -0.5276254 -0.3028804 0.7936466 -0.5323597 -0.3773225 0.7577737 -0.5304397 -0.3791374 0.7582141 -0.5374324 -0.461583 0.7057673 -0.5352265 -0.4637898 0.7059969 -0.5421215 -0.5293386 0.6526139 -0.5405501 -0.5313172 0.6523094 -0.547014 -0.5924785 0.5913924 -0.5447746 -0.594795 0.5911341 -0.5527205 -0.6588199 0.5103493 -0.5504807 -0.6611232 0.5097913 -0.5572531 -0.7089203 0.4323205 -0.5558444 -0.7105266 0.4314961 -0.5613145 -0.7510017 0.3477394 -0.5596969 -0.7525464 0.3470064 -0.565035 -0.7880692 0.2442997 -0.5638227 -0.7891464 0.2436225 -0.5673261 -0.8098675 0.149183 -0.5667578 -0.8103554 0.1486928 -0.5681881 -0.8213006 0.05125834 -0.5679307 -0.8214898 0.05108135 -0.5678308 -0.820893 -0.06085187 -0.5681434 -0.8206939 -0.0606191 -0.5665819 -0.808926 -0.1569191 -0.5672223 -0.808603 -0.156269 -0.563552 -0.7870131 -0.2510367 -0.5648353 -0.7864165 -0.2500203 -0.5592866 -0.7493727 -0.3544559 -0.5611102 -0.7487075 -0.3529763 -0.555591 -0.7074764 -0.4368016 -0.5571042 -0.7072493 -0.4352393 -0.550133 -0.6582728 -0.5138391 -0.5525628 -0.6577791 -0.5118604 -0.5443725 -0.5914504 -0.5948486 -0.5468756 -0.591189 -0.5928092 -0.5401674 -0.5276378 -0.6556047 -0.541989 -0.5279188 -0.6538729 -0.5348181 -0.4593645 -0.7091923 -0.5373828 -0.4595205 -0.7071496 -0.530275 -0.3746519 -0.7605553 -0.5323156 -0.3749892 -0.7589619 -0.5273781 -0.2972545 -0.7959347 -0.5287105 -0.2978269 -0.794836 -0.5241703 -0.2177523 -0.823304 -0.5255594 -0.2182341 -0.8222902 -0.5224274 -0.1269239 -0.8431844 -0.5231481 -0.1272681 -0.8426855 -0.5215473 -0.03488208 -0.8525091 -0.5217553 -0.03499689 -0.8523771 -0.5220091 0.05939534 -0.8508694 -0.5215923 0.05967018 -0.8511057 -0.5236098 0.1401267 -0.8403555 -0.5231326 0.1405907 -0.8405751 -0.525677 0.2202284 -0.8216832 -0.5243323 0.2213263 -0.8222471 -0.5291844 0.3108601 -0.7895125 -0.5274302 0.3124396 -0.7900626 -0.5329905 0.3857561 -0.7530692 -0.5315903 0.387438 -0.7531955 -0.5372224 0.4581535 -0.7081578 -0.5350353 0.4603277 -0.7084036 -0.5427395 0.5373724 -0.6454957 -0.5403814 0.5397995 -0.645449 -0.5475702 0.599968 -0.5832713 -0.5460015 0.6019181 -0.5827324 -0.552471 0.6567593 -0.5132669 -0.5502816 0.6590061 -0.5127388 -0.5577307 0.7140561 -0.4231553 -0.555859 0.715922 -0.4224646 -0.5618182 0.7552249 -0.3376324 -0.5605937 0.7565149 -0.3367787 -0.5649363 0.787405 -0.2466583 -0.5637349 0.7884727 -0.2459955 -0.5673602 0.8117864 -0.1382222 -0.5666562 0.8123544 -0.1377713 -0.568423 0.8217266 -0.04075425 -0.5682842 0.821829 -0.04062491 -0.5678601 0.8210934 0.05779616 -0.568146 0.8209105 0.05758521 -0.5659423 0.8069903 0.168748 -0.5668515 0.8065 0.1680396 -0.5636407 0.7836108 0.2612725 -0.5646192 0.7832435 0.2602588 -0.5594553 0.751123 0.3504626 -0.5612303 0.7504648 0.3490316 -0.5543278 0.7019538 0.4471929 -0.5565153 0.7013593 0.4454051 -0.5502135 0.6513036 0.5225599 -0.5520096 0.651239 0.5207428 -0.544611 0.5944122 0.5916696 -0.5471455 0.5941298 0.5896112 -0.5389315 0.5200089 0.662679 -0.5414572 0.5199805 0.6606393 -0.5350583 0.4503491 0.7147714 -0.3853101 0.2342831 0.8925511 -0.3818089 0.141814 0.9132966 -0.3832903 0.1424882 0.9125709 -0.3815823 0.03667618 0.9236069 -0.3819621 0.03688215 0.9234418 -0.3824698 -0.0551745 0.9223192 -0.3820106 -0.05554485 0.9224872 -0.3833502 -0.1470285 0.9118252 -0.3820271 -0.1479175 0.9122366 -0.385767 -0.2505277 0.88793 -0.3833333 -0.2523335 0.8884725 -0.3882159 -0.336778 0.8578281 -0.3860363 -0.3390048 0.8579346 -0.3913133 -0.4209415 0.8183411 -0.3876519 -0.4239381 0.8185369 -0.3953186 -0.5143121 0.761056 -0.3914478 -0.5175928 0.7608326 -0.3988666 -0.5889005 0.7029236 -0.3958601 -0.5921122 0.7019244 -0.4029297 -0.6581506 0.6359917 -0.3987205 -0.6616926 0.6349684 -0.4073021 -0.7306794 0.5479167 -0.4034342 -0.7338352 0.5465592 -0.4106103 -0.7851781 0.4635671 -0.4080001 -0.7875318 0.4618762 -0.4139216 -0.8306535 0.3724025 -0.4108912 -0.8328373 0.3708778 -0.4165943 -0.8707256 0.2613161 -0.4144225 -0.8721356 0.2600642 -0.4180667 -0.8943017 0.1595141 -0.4169827 -0.8949686 0.1586079 -0.4186065 -0.9065142 0.05477687 -0.4181149 -0.9067604 0.05445683 -0.4180224 -0.9061057 -0.06503587 -0.4186189 -0.9058594 -0.06463055 -0.4168736 -0.8933516 -0.1677477 -0.4179828 -0.8930227 -0.1667358 -0.4141233 -0.8697057 -0.2685403 -0.4165307 -0.8690636 -0.2668908 -0.4105549 -0.8290844 -0.3795573 -0.4137852 -0.8284873 -0.377347 -0.4076861 -0.7838073 -0.4684423 -0.4105663 -0.7838152 -0.4659067 -0.4030609 -0.7302292 -0.5516404 -0.4073853 -0.7299817 -0.5487842 -0.3984023 -0.657296 -0.6397167 -0.4029636 -0.6573879 -0.6367586 -0.3954826 -0.5873144 -0.7061552 -0.3988221 -0.5881486 -0.7035781 -0.390943 -0.5120113 -0.7648581 -0.3952926 -0.5126579 -0.7621848 -0.3873754 -0.4182991 -0.8215632 -0.3911806 -0.4191789 -0.8193088 -0.385586 -0.3321519 -0.8608127 -0.3881732 -0.3333641 -0.8591797 -0.3831412 -0.2435774 -0.8909955 -0.3855298 -0.2444723 -0.889719 -0.3820021 -0.142007 -0.9131858 -0.3834928 -0.1427264 -0.9124486 -0.3817108 -0.03903865 -0.923457 -0.3821242 -0.03926031 -0.9232766 -0.3824097 0.06640895 -0.9216033 -0.3816165 0.06690077 -0.9218965 -0.383816 0.1568139 -0.9099971 -0.3827073 0.1578135 -0.9102912 -0.385592 0.2462458 -0.8892029 -0.3832017 0.2480021 -0.8897479 -0.3885801 0.3471906 -0.8535012 -0.3854122 0.3497019 -0.8539122 -0.3914779 0.4305223 -0.8132622 -0.3889929 0.4331478 -0.8130606 -0.3952186 0.5104045 -0.7637339 -0.3911382 0.5138428 -0.7635289 -0.3995362 0.5977432 -0.6950352 -0.3953794 0.6012889 -0.6943535 -0.4030833 0.6664651 -0.6271747 -0.4001659 0.6694729 -0.625838 -0.4072024 0.7283551 -0.5510764 -0.4032459 0.731578 -0.5497148 -0.4112352 0.7906436 -0.453617 -0.4077711 0.7933117 -0.4520833 -0.4140528 0.8353524 -0.361589 -0.4118274 0.8371507 -0.3599679 -0.416544 0.8699825 -0.2638591 -0.4143102 0.8714335 -0.2625848 -0.4181815 0.896269 -0.1477367 -0.4169168 0.8969883 -0.1469433 -0.4187182 0.9070697 -0.04358286 -0.4183931 0.9072335 -0.04329817 -0.4180366 0.9063277 0.06177095 -0.4186079 0.90609 0.061386 -0.4162551 0.8911741 0.1803897 -0.4178579 0.8906468 0.179285 -0.4143051 0.8661368 0.2795681 -0.4161565 0.8657928 0.2778791 -0.4106804 0.8309669 0.3752807 -0.4139348 0.8303486 0.3730673 -0.4064442 0.777709 0.4795537 -0.410421 0.7772686 0.4768732 -0.4034552 0.7227104 0.5611717 -0.406601 0.7230137 0.558504 -0.3985717 0.6605783 0.6362208 -0.4030766 0.6606427 0.6333091 -0.3940004 0.5788921 0.713896 -0.398616 0.5793204 0.7109804 -0.3914376 0.5021095 0.7711437 -0.3946679 0.5031663 0.7688049 -0.3874762 0.421124 0.8200713 -0.9971418 -0.06895857 0.03086987 -0.9905812 0.09248674 0.1009706 -0.9890258 0.08148184 0.1232421 -0.9510804 0.2288885 0.2074998 -0.9485669 0.2090314 0.2377535 -0.8826292 0.3378419 0.3268465 -0.8785217 0.3063281 0.366555 -0.787379 0.4151214 0.4557505 -0.7814801 0.3617891 0.5083281 -0.6699587 0.4469154 0.5928087 -0.6644452 0.3866292 0.639555 -0.536798 0.4507868 0.7131895 -0.5302882 0.3772601 0.7592556 -0.3913599 0.4220011 0.817773 -0.3846755 0.3226549 0.8648229 -0.2378566 0.3500037 0.9060473 -0.2331796 0.2521115 0.9391843 -0.0802893 0.2667849 0.9604059 -0.0777338 0.1931182 0.9780914 -0.9970661 -0.0658612 0.03900522 -0.9880611 0.08518468 0.1283704 -0.9867415 0.07492796 0.1439684 -0.9474077 0.2103125 0.2412204 -0.9446869 0.1891728 0.2679184 -0.8770459 0.3073706 0.3692069 -0.8725513 0.2667232 0.4092835 -0.7808703 0.3619559 0.5091458 -0.7763631 0.3126367 0.5472829 -0.6650599 0.3867358 0.6388512 -0.6594437 0.3234909 0.6785924 -0.5324553 0.3776049 0.7575658 -0.5264747 0.2886409 0.7996942 -0.3877281 0.3236046 0.8631031 -0.3834889 0.233279 0.8935979 -0.2358465 0.2536549 0.9381021 -0.2321439 0.153422 0.9605055 -0.05069534 0.1638355 0.9851842 -0.07890664 0.1335065 0.9879017 0.07596937 0.2470125 -0.9660297 0.07876586 -0.1017397 -0.9916879 0.9969155 0.001924834 -0.0784586 0.07901827 -0.2897575 -0.9538326 0.074719 -0.428057 -0.9006577 0.9788207 -0.1947715 -0.06304019 0.07311717 -0.5878358 -0.8056692 0.07539329 -0.7430279 -0.6650003 0.2199145 0.4015968 -0.8890206 0.3641312 0.4022982 -0.839979 0.5001638 0.3938038 -0.7712035 0.6245011 0.3759308 -0.684598 0.7343035 0.3493392 -0.5820312 0.8270627 0.3144246 -0.4659449 0.9005629 0.2721673 -0.338986 0.9531133 0.2234974 -0.2040196 0.9834222 0.1695656 -0.06425188 0.982623 0.1688254 -0.07713637 0.9782319 0.1976111 -0.06334266 0.9779284 0.2015216 -0.05518226 0.07068574 0.3874238 -0.919188 0.06541286 0.3905146 -0.9182699 0.0752937 0.4348621 -0.8973438 0.06616041 0.4908992 -0.8687006 0.0474482 0.5905872 -0.8055778 0.06915264 0.5621932 -0.8241097 0.08110866 0.5009161 -0.8616869 0.05809872 0.7422484 -0.6676016 0.0680196 0.7057466 -0.7051916 0.07148518 0.6724957 -0.7366407 0.06258045 0.676125 -0.7341245 0.07748568 0.6133723 -0.7859837 0.00981933 0.8295148 -0.5583984 0.06186912 0.8001191 -0.596642 0.07601882 0.7509316 -0.65599 0.9721467 0.2244511 -0.06747196 0.9664733 0.2518731 -0.049893 0.9638691 0.2572532 -0.06911714 0.9573866 0.2851047 -0.0461126 0.9556673 0.2881866 -0.06040139 0.9496406 0.3110009 -0.03822654 0.9454545 0.3207828 -0.05669491 0.9395386 0.3409848 -0.03156824 0.9346531 0.352351 -0.04767028 0.9307994 0.3644471 -0.02812115 0.0748348 0.8202055 -0.5671533 0.05905204 0.8704824 -0.4886442 0.06797719 0.8749475 -0.4794226 0.06161718 0.89408 -0.4436489 0.9229741 0.3839173 -0.02695095 0.9261332 0.3762864 -0.02619231 0.9282348 0.3700348 -0.03813506 0.03715089 0.9178924 -0.3950866 0.06948312 0.913303 -0.4013102 0.05753823 0.9478704 -0.3134187 0.02747144 0.9546801 -0.2963635 0.06303152 0.9645441 -0.2562844 0.05712882 0.9796376 -0.1924745 0.06260288 0.9800849 -0.1884529 0.06119179 0.9794377 0.1922428 0.05668526 0.9897074 0.1314004 0.06163666 0.9891465 0.1333796 0.05935572 0.9963809 0.0608463 0.0282559 0.9993063 0.02425935 0.05940778 0.9982277 0.003493664 0.06066434 0.9938679 -0.09244651 0.02749643 0.9964192 -0.0799548 0.05947305 0.9890502 -0.1350655 0.03931697 0.9670548 0.2515135 0.05508946 0.9686477 0.2422539 0.06497272 0.9429643 0.3264918 0.02934743 0.9327489 0.3593301 0.05887831 0.922168 0.3822821 0.06950165 0.8908024 0.4490442 0.05560773 0.8936369 0.4453323 0.07246155 0.6594255 0.7482696 0.06140383 0.7032527 0.7082832 0.07540633 0.6980518 0.7120657 0.0627583 0.7453072 0.6637609 0.03568529 0.7609484 0.6478302 0.07147955 0.7856019 0.6145896 0.05577324 0.8363946 0.5452828 0.04360386 0.8317995 0.5533609 0.06539144 0.8653446 0.496893 0.03652953 0.6057922 0.7947839 0.06175444 0.6213968 0.7810585 0.07847034 0.5426149 0.8363082 0.04852777 0.5180634 0.8539645 0.07091343 0.4880663 0.869921 0.08004835 0.4337728 0.8974594 0.06932843 0.439624 0.8955022 0.07869519 0.3750079 0.9236754 0.04945179 0.3377279 0.9399438 0.07361799 0.3162606 0.9458116 0.9192051 0.3931026 -0.02307319 0.9181947 0.395812 -0.01585843 0.9140148 0.4050424 -0.02275077 0.9129297 0.4079735 -0.01081231 0.910771 0.4126627 -0.01434727 0.9102302 0.4140695 -0.005238096 0.9086767 0.417445 -0.006794647 0.9085679 0.4177347 0.001398412 0.908991 0.4168122 0.001688471 0.9092044 0.4162704 0.008148643 0.9113179 0.4115996 0.009233273 0.9117734 0.4104011 0.01549993 0.9159411 0.4009854 0.01620532 0.9168266 0.3985758 0.02379712 0.9225898 0.3850852 0.02318058 0.9238005 0.381637 0.03075388 0.9292333 0.3682835 0.02987848 0.9310768 0.3626638 0.03963492 0.9382102 0.3442966 0.03494939 0.9413229 0.3339775 0.04868399 0.9483051 0.3146445 0.04142849 0.9513044 0.3036986 0.05279214 0.9557915 0.2899133 0.04912153 0.9593977 0.2750919 0.06229167 0.9649665 0.2571911 0.05188752 0.9702929 0.2317526 0.06944343 0.9745609 0.2164257 0.05823245 0.9788916 0.1915664 0.07122861 0.9812271 0.1814842 0.06524409 0.9852905 0.1521881 0.07772547 0.9874132 0.1427774 0.06804316 0.9917122 0.1001848 0.08043642 0.992829 0.09456106 0.07313494 0.9953134 0.05478481 0.07968562 0.08200399 0.2329335 0.969029 0.06882294 0.223597 0.9722489 0.07745811 0.1720237 0.9820428 0.08024237 0.1233868 0.9891091 0.07699036 0.1258252 0.9890604 0.9979595 0.01733603 0.06145191 0.9967396 0.00918636 0.08016121 0.9956857 0.05220883 0.07670904 0.07945076 0.04179082 0.9959624 0.05635626 0.02134349 0.9981825 0.07876226 -0.01990726 0.9966946 0.0775394 -0.09915477 0.9920464 0.08095712 -0.1012985 0.9915566 0.07743527 -0.1658634 0.9831038 0.07818039 -0.1707038 0.9822158 0.074161 -0.232846 0.9696819 0.0821972 -0.2382811 0.9677115 0.9968643 -0.008544912 0.07866834 0.9960468 -0.0437619 0.0773021 0.9957899 -0.0424329 0.08125205 0.9943659 -0.07354369 0.07634078 0.9944629 -0.07094363 0.07752691 0.9921732 -0.1019476 0.07210415 0.9916244 -0.1003063 0.08136228 0.9863057 -0.1510931 0.0661217 0.9803669 -0.1880474 0.05932002 0.9795941 -0.1912125 0.06191334 0.9853922 -0.1505392 0.07962442 0.06538382 -0.6177527 0.7836494 0.07790659 -0.559642 0.8250645 0.06634732 -0.5499048 0.832588 0.07382029 -0.5106919 0.8565888 0.06268733 -0.4578013 0.8868417 0.06752475 -0.4558734 0.8874794 0.08302036 -0.3495231 0.9332423 0.0245415 -0.3706226 0.9284593 0.07374094 -0.3202997 0.9444419 0.0007248228 -0.6534007 0.7570119 0.08048704 -0.6377515 0.7660254 0.05852224 -0.7248645 0.6864012 0.05884381 -0.72479 0.6864524 0.06742929 -0.7667571 0.6383861 0.06097249 -0.7887149 0.6117279 0.07074268 -0.7954993 0.6018109 0.05789436 -0.8369446 0.5442169 0.03763512 -0.8423507 0.537614 0.0663831 -0.868829 0.4906419 0.05462855 -0.9024605 0.4272946 0.06935292 -0.9059798 0.4176012 0.05744781 -0.9403406 0.3353495 0.0650939 -0.9422871 0.3284171 0.05582584 -0.9667569 0.2495284 0.04245311 -0.9686952 0.2445961 0.06112972 -0.97938 0.1925567 0.05629309 -0.9902602 0.1273408 0.06147135 -0.990294 0.1246555 0.06217243 -0.9612544 -0.2685603 0.05499956 -0.9785464 -0.1985493 0.06350595 -0.9775072 -0.2011138 0.05966695 -0.9894615 -0.1319311 0.03980802 -0.9953999 -0.0871454 0.06041588 -0.995333 -0.075247 0.05936002 -0.9980316 0.02023218 0.03277268 -0.9994403 0.006705501 0.05963998 -0.9967464 0.05421982 0.03754362 -0.9464526 -0.3206526 0.05574444 -0.9497365 -0.3080475 0.06746867 -0.9173243 -0.3923827 0.03830386 -0.9091803 -0.414637 0.06107516 -0.8923313 -0.44723 0.07303854 -0.8549632 -0.5135205 0.05397711 -0.8580132 -0.5107837 0.9511946 0.2223817 -0.2139512 0.9424166 0.2767347 -0.1877999 0.9392769 0.2778431 -0.2014003 0.9290119 0.3295286 -0.1683683 0.9250222 0.332764 -0.1833086 0.9164647 0.3697972 -0.1527829 0.9138556 0.3714596 -0.1639685 0.9055214 0.4027503 -0.1335044 0.9003432 0.4092793 -0.1478943 0.8917458 0.4386027 -0.1114321 0.8861117 0.4465185 -0.124207 0.8804221 0.4645512 -0.09512703 0.8775299 0.46832 -0.1030422 0.8727989 0.4820036 -0.07677619 0.8676851 0.4897714 -0.08512659 0.8636076 0.5011552 -0.05500279 0.8593901 0.5077342 -0.06045243 0.8572161 0.5136757 -0.03629912 0.8550564 0.5170561 -0.03913454 0.8537476 0.5203947 -0.01744792 0.852192 0.522894 -0.018723 0.8518803 0.5237169 0.004530493 0.852298 0.5230347 0.004769138 0.8529926 0.5212911 0.02567336 0.8550682 0.5178338 0.02657889 0.8565608 0.5138763 0.04727371 0.8606308 0.5069705 0.04791189 0.8632853 0.4997455 0.07065961 0.86895 0.4898799 0.0703104 0.8723001 0.4803927 0.09118722 0.8777383 0.4704839 0.09066645 0.8819981 0.4574292 0.1133046 0.8893358 0.4438613 0.1098591 0.8955181 0.423373 0.1371229 0.902953 0.4090535 0.1317234 0.9087134 0.3882137 0.1533952 0.9134992 0.377865 0.150789 0.9196895 0.3522262 0.1735165 0.9260808 0.3389548 0.1657827 0.9344819 0.2988636 0.193453 0.9397802 0.2873466 0.1850545 0.9465012 0.2491699 0.2050604 0.9494565 0.2414069 0.2006366 0.9553631 0.1984085 0.2188959 0.9584396 0.1912619 0.2116898 0.9644915 0.1314052 0.2291043 0.9663875 0.1269765 0.2235449 0.9698879 0.07213468 0.2326243 0.9705638 0.07010475 0.2304156 0.97192 0.01262875 0.2349722 0.9720749 0.01229931 0.234348 0.9710719 -0.05786629 0.2316694 0.9704227 -0.05674165 0.2346488 0.9687145 -0.09712853 0.2283821 0.9687075 -0.09489309 0.2293492 0.9656133 -0.1349051 0.222242 0.9641671 -0.1333134 0.2293676 0.957228 -0.1995838 0.2094776 0.9551054 -0.198636 0.2198126 0.9461837 -0.2596102 0.1932331 0.9432799 -0.2601562 0.2062567 0.9345229 -0.3081431 0.1780865 0.9321062 -0.3085484 0.1896732 0.9228585 -0.3505699 0.1594771 0.9185308 -0.3547364 0.1745372 0.9085235 -0.3943735 0.1380383 0.9034221 -0.4006094 0.1527764 0.8961479 -0.426597 0.1222049 0.8933747 -0.4295081 0.131926 0.8868669 -0.4503292 0.1032986 0.8813163 -0.4583154 0.1150152 0.8750787 -0.4771021 0.08130681 0.8697526 -0.4851452 0.09035738 0.8659944 -0.4959625 0.0638353 0.8631709 -0.5001457 0.0692116 0.8603694 -0.5076211 0.04566587 0.8567356 -0.5133339 0.04992247 0.8548529 -0.5183172 0.02395657 0.8527907 -0.5216157 0.02579063 0.8522199 -0.5231698 0.003830658 0.8519231 -0.523651 0.004064885 0.8521403 -0.5230535 -0.01649441 0.8536237 -0.5206071 -0.01716756 0.8548764 -0.5173488 -0.039199 0.8583193 -0.5115553 -0.03998809 0.8604302 -0.5059519 -0.06060078 0.8648511 -0.4982914 -0.0611405 0.8678433 -0.4898804 -0.08285651 0.8742101 -0.478617 -0.08174659 0.8787007 -0.4652784 -0.1067748 0.8858631 -0.4521674 -0.1038814 0.8905779 -0.4372508 -0.1252306 0.8959617 -0.4266053 -0.1235337 0.8983155 0.2709318 -0.3458687 0.8876452 0.3367322 -0.3141614 0.8841874 0.3368641 -0.3236284 0.8716236 0.4000608 -0.2832378 0.8674539 0.4015676 -0.2937129 0.8570176 0.4469834 -0.2563719 0.8543177 0.4475541 -0.2642663 0.8438407 0.4866078 -0.2261543 0.8388156 0.4904006 -0.2364224 0.827713 0.5282278 -0.1893848 0.822553 0.5329603 -0.198393 0.8151582 0.556581 -0.1604207 0.8124838 0.5588022 -0.1661628 0.8059962 0.5773749 -0.1304161 0.8014382 0.5822989 -0.1364724 0.7955832 0.598621 -0.09327614 0.7918969 0.6028607 -0.09725321 0.788674 0.6117517 -0.06126311 0.7868212 0.6139228 -0.06333382 0.7847554 0.6191067 -0.0294263 0.7834575 0.6207041 -0.03034545 0.782943 0.6220472 0.007598168 0.7833018 0.6215929 0.007778797 0.7844752 0.6186797 0.04282758 0.7862065 0.6164302 0.04350944 0.7887141 0.6097478 0.07834247 0.7921803 0.6051672 0.07888627 0.7965581 0.5932513 0.1163957 0.8014449 0.5866553 0.1162817 0.8068942 0.5713111 0.1500843 0.8115262 0.5647646 0.149887 0.8181229 0.5444664 0.185017 0.8245304 0.5354716 0.1828107 0.8336716 0.5051938 0.2230937 0.8402908 0.495683 0.219567 0.8487145 0.4654182 0.2511366 0.8530415 0.4583156 0.2495337 0.8616501 0.422432 0.2812656 0.8676027 0.4135257 0.2761559 0.8789049 0.3596444 0.3133401 0.8840461 0.3517955 0.3077375 0.8930187 0.3012283 0.3343337 0.8958689 0.2958651 0.3314857 0.9034688 0.2401557 0.3550626 0.9067141 0.2350831 0.3501504 0.9143779 0.1594125 0.372157 0.9164122 0.1562969 0.3684562 0.9208578 0.08776058 0.3798935 0.9215911 0.08631127 0.3784446 0.9232143 0.01537559 0.3839779 0.923372 0.01516026 0.3836069 0.9221554 -0.07055748 0.3803303 0.921418 -0.06971908 0.3822671 0.9194886 -0.118226 0.3749176 0.9194137 -0.1162493 0.3757186 0.9155676 -0.1645364 0.3669655 0.9138792 -0.1631859 0.371746 0.9054857 -0.2432955 0.347711 0.9029827 -0.2421833 0.3549221 0.8921651 -0.3160676 0.3227114 0.8889056 -0.3158471 0.3317942 0.8783528 -0.3739508 0.2977536 0.87571 -0.3736501 0.3058068 0.8643203 -0.4251071 0.2687647 0.8598697 -0.4272535 0.2794254 0.8473397 -0.4768364 0.2337573 0.8423987 -0.480373 0.2441438 0.8332873 -0.5131408 0.2057154 0.8306012 -0.5146576 0.2126718 0.8221084 -0.5415995 0.175521 0.8170303 -0.5464832 0.1838961 0.8085624 -0.5719475 0.1382138 0.8038188 -0.5769991 0.1447324 0.7986206 -0.5920973 0.1078236 0.79612 -0.5947299 0.1117549 0.7919932 -0.6056118 0.07733727 0.7888706 -0.6092747 0.08042055 0.7859606 -0.616955 0.04040457 0.7841568 -0.6191545 0.04178305 0.783254 -0.6216685 0.006442528 0.7830037 -0.6219819 0.006615192 0.7833506 -0.6209686 -0.02756316 0.7846282 -0.6193303 -0.02808102 0.7867295 -0.613858 -0.06507723 0.7896684 -0.6100043 -0.06571525 0.7932195 -0.6006256 -0.1002581 0.7969953 -0.5955222 -0.1007564 0.8018573 -0.5818018 -0.1361309 0.8072386 -0.5744573 -0.1355158 0.8142545 -0.5536209 -0.1746242 0.8205568 -0.5448279 -0.1727688 0.8278019 -0.5220453 -0.2054574 0.8325124 -0.5148886 -0.2044818 0.8252593 0.3134125 -0.469808 0.8129621 0.3890217 -0.4333068 0.8101429 0.3886485 -0.4388858 0.7955636 0.4619396 -0.3920338 0.7923285 0.4622997 -0.3981138 0.7802324 0.5151268 -0.3547982 0.7781608 0.5150585 -0.3594171 0.7657882 0.5609493 -0.3144908 0.7620604 0.5626073 -0.3205261 0.7486706 0.6081741 -0.2638496 0.7449144 0.6104332 -0.2692098 0.7359579 0.6392142 -0.2230951 0.734021 0.6402199 -0.2265648 0.7259018 0.6632807 -0.1820035 0.7227355 0.6657411 -0.1855863 0.7152019 0.686698 -0.1301235 0.7126165 0.6889185 -0.1325484 0.7084087 0.7006277 -0.08531001 0.7071135 0.7017779 -0.08659241 0.7043028 0.7087172 -0.04095595 0.7034292 0.7095521 -0.04151077 0.7027145 0.7113936 0.01055861 0.7029519 0.7111574 0.01066799 0.7045889 0.7071292 0.05935261 0.7057749 0.7059084 0.05979233 0.7092487 0.6965968 0.1082559 0.7116588 0.6940725 0.1086515 0.7176933 0.6776448 0.1603555 0.7210223 0.6740925 0.1603942 0.7284833 0.6531717 0.206588 0.7317304 0.6495274 0.2066031 0.7405349 0.6223435 0.2535676 0.7450235 0.6174222 0.2524476 0.7569508 0.5779426 0.3049717 0.7616636 0.5727051 0.3031128 0.7726008 0.5336232 0.3439975 0.7756837 0.5296154 0.3432524 0.7865433 0.4841835 0.3832961 0.7909151 0.4792057 0.3805461 0.8048762 0.4127305 0.4264126 0.8086591 0.4083768 0.423437 0.819684 0.346587 0.4560653 0.8218972 0.3433538 0.4545253 0.8310252 0.2762152 0.4828065 0.8334109 0.2734272 0.4802748 0.8425218 0.1836574 0.5063862 0.8441528 0.1817909 0.5043393 0.8494243 0.101277 0.5179009 0.8500254 0.10037 0.5170905 0.8518919 0.01777855 0.5234159 0.8520203 0.01764467 0.5232114 0.8506206 -0.08155096 0.519417 0.849965 -0.08096027 0.5205814 0.8478531 -0.1361111 0.5124636 0.847829 -0.1357503 0.5125991 0.8434086 -0.1901606 0.5024945 0.8419361 -0.1891406 0.5053411 0.8323 -0.2811626 0.4777283 0.830283 -0.2802254 0.4817717 0.8178339 -0.3651914 0.444728 0.8152254 -0.3646493 0.4499317 0.8030956 -0.4315748 0.4108292 0.8009472 -0.4309889 0.4156105 0.7876878 -0.4906889 0.3725218 0.7843235 -0.4913903 0.3786454 0.7695374 -0.5498153 0.3248312 0.7658303 -0.5513324 0.3309631 0.7550719 -0.5902222 0.2854892 0.7530537 -0.590758 0.2896811 0.7427385 -0.6232661 0.2447015 0.7390779 -0.6256354 0.2496883 0.728544 -0.6572803 0.1928894 0.7252305 -0.6597962 0.1967479 0.7186842 -0.678929 0.1501617 0.7169148 -0.6802617 0.1525688 0.7115191 -0.6943421 0.1078406 0.7093504 -0.6962644 0.1097173 0.7054626 -0.7065077 0.05629745 0.704246 -0.7076541 0.05712679 0.703013 -0.7111206 0.008957219 0.7028512 -0.7112794 0.009058664 0.7033158 -0.7098483 -0.03824012 0.7041557 -0.7089978 -0.03855691 0.707072 -0.7013882 -0.09002116 0.7091053 -0.6992759 -0.09045917 0.7140425 -0.6862814 -0.1384238 0.7166333 -0.6834981 -0.1388057 0.7232817 -0.6646852 -0.1872354 0.7270665 -0.6606117 -0.1869935 0.7364897 -0.6326374 -0.2394845 0.7408425 -0.6278825 -0.2385706 0.7505042 -0.5976586 -0.2820419 0.7538061 -0.5936786 -0.2816418 0.7334848 0.348858 -0.5833508 0.7198865 0.4324666 -0.5428959 0.7188662 0.4322102 -0.5444498 0.7026203 0.5137593 -0.492317 0.7012786 0.5136778 -0.4943111 0.6877661 0.5727516 -0.4460196 0.6869172 0.5725759 -0.4475508 0.6729298 0.6243072 -0.3967441 0.6714766 0.6246325 -0.3986897 0.6560736 0.6769789 -0.3335673 0.6546128 0.6775195 -0.3353348 0.6442601 0.7109151 -0.2820078 0.64355 0.7111195 -0.2831121 0.6339653 0.7381884 -0.2305773 0.6327569 0.738849 -0.2317776 0.6236765 0.7640709 -0.1649951 0.6227084 0.7646844 -0.1658071 0.6175756 0.7790453 -0.1081145 0.6171118 0.7793546 -0.1085331 0.613601 0.78791 -0.05188211 0.6132506 0.7881691 -0.05208717 0.6123564 0.7904689 0.01336272 0.6124349 0.7904075 0.01339681 0.6145186 0.7853266 0.07502633 0.6149844 0.7849459 0.07519393 0.6193773 0.7731219 0.1365809 0.6202329 0.772409 0.1367316 0.627834 0.7517163 0.2018592 0.6290793 0.7506594 0.2019153 0.6384302 0.7245095 0.2597941 0.6396726 0.7233909 0.2598548 0.650541 0.6897619 0.3178441 0.6522349 0.6882945 0.3175537 0.6667346 0.6403298 0.3813694 0.6685148 0.6387744 0.3808611 0.6817391 0.5916579 0.430317 0.682934 0.5903975 0.4301533 0.6958493 0.5362849 0.4776948 0.6975055 0.5348094 0.476933 0.7138262 0.4571699 0.5305167 0.7152601 0.4558785 0.5296959 0.7280822 0.3841302 0.5677502 0.7289234 0.3831312 0.5673457 0.7393973 0.3061139 0.5996549 0.7404547 0.3051366 0.5988477 0.7507898 0.2034707 0.6284221 0.7514016 0.2029102 0.6278718 0.7573453 0.1122786 0.6432896 0.7575205 0.1120608 0.6431213 0.7596238 0.01974081 0.650063 0.7597791 0.01960615 0.6498857 0.7582352 -0.09044536 0.6456772 0.7579612 -0.09023137 0.6460288 0.7555786 -0.1518308 0.6372193 0.7554959 -0.1509171 0.6375343 0.7506304 -0.2110734 0.6261007 0.7500873 -0.2107216 0.6268695 0.7394442 -0.3123423 0.5963762 0.7386661 -0.3119584 0.5975403 0.7248922 -0.4059017 0.5565743 0.7238315 -0.4055753 0.5581905 0.7104077 -0.4796668 0.5150153 0.7095732 -0.479342 0.516466 0.6947638 -0.5458615 0.468336 0.6933088 -0.5458891 0.4704549 0.6765934 -0.6119088 0.4096207 0.6752301 -0.6121706 0.4114748 0.6630334 -0.6563305 0.3600236 0.6622636 -0.6563678 0.3613697 0.6503544 -0.6937155 0.3095124 0.6489193 -0.6943108 0.3111853 0.6365023 -0.7315543 0.2443217 0.6352066 -0.7322385 0.2456404 0.6274315 -0.7550862 0.1901957 0.6267926 -0.7554209 0.1909723 0.6202266 -0.7724159 0.1367208 0.6194123 -0.7729564 0.1373557 0.6145979 -0.7856071 0.07134964 0.6141287 -0.7859474 0.07164282 0.6126082 -0.7903054 0.01133727 0.6125344 -0.790362 0.01138048 0.6131064 -0.7885191 -0.04835491 0.6134616 -0.7882349 -0.04848333 0.6171473 -0.7785971 -0.1136466 0.6178862 -0.7779872 -0.1138094 0.6241481 -0.7615706 -0.1744973 0.6250879 -0.7607635 -0.1746538 0.6334293 -0.7371156 -0.2354311 0.6348976 -0.7358602 -0.2354035 0.646576 -0.7012308 -0.3003578 0.6481628 -0.6998593 -0.3001366 0.6600626 -0.6627545 -0.3536578 0.6613107 -0.6615407 -0.3535987 0.6254466 0.3765193 -0.6834105 0.6108725 0.4661225 -0.6399723 0.6120871 0.4665443 -0.6385027 0.5945616 0.5545119 -0.5822483 0.5961207 0.5548167 -0.5803607 0.5814815 0.6186938 -0.5282966 0.5824333 0.6190251 -0.526858 0.5671727 0.6754227 -0.4712954 0.5687912 0.6753425 -0.4694561 0.5516927 0.733361 -0.3972616 0.5533002 0.7330633 -0.3955717 0.5417068 0.7704474 -0.3361018 0.5425037 0.7703685 -0.3349957 0.5316466 0.8009267 -0.2754419 0.5329771 0.8004492 -0.2742562 0.5225074 0.8294877 -0.1973229 0.52354 0.8290242 -0.1965319 0.5175515 0.8458242 -0.1293128 0.5181032 0.8455573 -0.1288488 0.513956 0.8555673 -0.06207969 0.5143099 0.8553687 -0.06188462 0.5132405 0.8580962 0.0159716 0.5131317 0.8581622 0.0159261 0.5156051 0.852125 0.08963457 0.5151117 0.852442 0.08945819 0.5203673 0.8382633 0.1628878 0.5194452 0.8388693 0.1627112 0.5284926 0.8142295 0.2402619 0.5271675 0.8151185 0.240159 0.538263 0.7841598 0.3088149 0.5369135 0.7851328 0.3086911 0.5496976 0.7455723 0.3767685 0.5478195 0.7468556 0.3769622 0.5646328 0.6912658 0.450934 0.5627072 0.6925912 0.451307 0.5779378 0.6383551 0.5084198 0.5765011 0.6396003 0.508486 0.5912649 0.5777817 0.5626491 0.5895169 0.579014 0.5632162 0.607841 0.4919299 0.6233251 0.606201 0.4931079 0.6239912 0.620481 0.4131043 0.6665944 0.6193846 0.4141942 0.6669378 0.6310463 0.3288117 0.7026119 0.6299254 0.3296587 0.7032206 0.6412442 0.2184942 0.735572 0.6404569 0.2190956 0.7360789 0.646876 0.1206333 0.7529934 0.6466633 0.1208616 0.7531394 0.6489933 0.02109624 0.7605016 0.6488934 0.02117208 0.7605847 0.6472486 -0.09710824 0.7560683 0.6476241 -0.09737565 0.7557123 0.6450273 -0.1624669 0.7466889 0.6450741 -0.1628928 0.7465556 0.6399877 -0.2268663 0.7341304 0.6406128 -0.2272608 0.7334629 0.6292154 -0.3360784 0.7008132 0.6301745 -0.3365835 0.6997082 0.6154088 -0.43729 0.6557816 0.6166292 -0.4377663 0.6543158 0.6021945 -0.517321 0.608063 0.6032526 -0.517836 0.6065739 0.5873051 -0.5895022 0.5545809 0.5888695 -0.5897043 0.5527039 0.5705743 -0.6618348 0.4862302 0.5721626 -0.6618012 0.4844059 0.5587521 -0.7103536 0.4280116 0.5596338 -0.710465 0.4266725 0.5464167 -0.7518512 0.368983 0.5479419 -0.7515036 0.3674259 0.5338876 -0.7936119 0.291795 0.5353154 -0.7931262 0.2904965 0.5264161 -0.8193024 0.2272213 0.527187 -0.819044 0.2263642 0.5195704 -0.8386315 0.1635356 0.5204064 -0.8382298 0.1629357 0.5147381 -0.8530862 0.08537365 0.5152184 -0.8528242 0.08509261 0.513395 -0.8580452 0.01356496 0.5135059 -0.8579798 0.01350299 0.514188 -0.855728 -0.05779514 0.5137916 -0.8559755 -0.05765453 0.5182074 -0.8444341 -0.1356181 0.5174192 -0.8449464 -0.1354366 0.5249001 -0.8253734 -0.207939 0.5238581 -0.8260846 -0.2077424 0.5337685 -0.7979506 -0.2799393 0.5322073 -0.7990055 -0.2799028 0.5459259 -0.7582978 -0.3562995 0.5441883 -0.759483 -0.3564335 0.5580908 -0.7161821 -0.4190679 0.5566695 -0.7173036 -0.41904 0.5030496 0.3957139 -0.7683434 0.4879107 0.4891302 -0.7229764 0.4923381 0.491042 -0.7186661 0.4739387 0.5833277 -0.6596294 0.4787981 0.5848373 -0.6547655 0.4633382 0.6521009 -0.6000684 0.4665366 0.653612 -0.5959321 0.4503929 0.7133935 -0.5368574 0.4557011 0.7139185 -0.5316548 0.4372773 0.7763975 -0.4538672 0.4424723 0.7762568 -0.4490474 0.4298673 0.8168581 -0.3846518 0.4325535 0.8170313 -0.3812578 0.4206762 0.8504552 -0.3158443 0.4249504 0.8496128 -0.3123706 0.4132708 0.8819554 -0.2266314 0.4166296 0.8809851 -0.2242433 0.4098491 0.8999676 -0.1486006 0.4115034 0.8994293 -0.1472815 0.4068264 0.9107124 -0.07138048 0.4079861 0.9102413 -0.07076825 0.4067433 0.913358 0.01835541 0.4064461 0.9134927 0.01823343 0.4092967 0.906576 0.1029372 0.4077758 0.9073233 0.1023879 0.4138319 0.8909799 0.1868101 0.410776 0.8925268 0.186169 0.4211637 0.8642841 0.2750166 0.4167858 0.8665572 0.2745327 0.429425 0.8312936 0.3529094 0.4251993 0.8337026 0.352343 0.4396896 0.788877 0.4293554 0.4336866 0.7920601 0.4296006 0.4525152 0.7298142 0.5124463 0.4461544 0.7332206 0.5131605 0.4630334 0.6729814 0.5767982 0.4589583 0.6758947 0.5766485 0.475327 0.607636 0.6362724 0.4690532 0.6111281 0.6375826 0.4890215 0.5162706 0.7030808 0.4835501 0.5194202 0.7045438 0.4988903 0.4330292 0.7507291 0.495711 0.4357219 0.7512769 0.5083359 0.343997 0.7894686 0.5046054 0.3463455 0.7908338 0.5166379 0.2283102 0.8252029 0.5141228 0.2299543 0.8263164 0.5208157 0.1258664 0.8443392 0.5198877 0.1267526 0.8447784 0.5224349 0.02204237 0.8523943 0.5221083 0.02226657 0.8525884 0.5204 -0.1014365 0.8478764 0.5214283 -0.102126 0.8471616 0.5185575 -0.1697175 0.8380299 0.5187454 -0.171216 0.8376086 0.5136829 -0.2370466 0.824584 0.5159724 -0.2384882 0.8227369 0.5041112 -0.3517484 0.7887617 0.5073876 -0.3535936 0.7858304 0.4919964 -0.45858 0.7400297 0.4961554 -0.460511 0.7360431 0.4810098 -0.5436291 0.6878204 0.4843088 -0.5455302 0.6839896 0.4676071 -0.6207877 0.6292585 0.4727046 -0.6220896 0.6241434 0.4532726 -0.6986772 0.5535287 0.4585491 -0.6993336 0.5483294 0.4441828 -0.7512285 0.4882187 0.4470882 -0.7520385 0.4843039 0.4328824 -0.7965816 0.4219841 0.4379905 -0.7962347 0.4173424 0.4225545 -0.8423861 0.3344151 0.4269595 -0.8416007 0.3307775 0.4170752 -0.8706693 0.2607356 0.419388 -0.8702723 0.2583404 0.4109087 -0.8920924 0.1879498 0.4137454 -0.8911799 0.1860459 0.4073281 -0.9079915 0.09816059 0.4089319 -0.9073663 0.09726746 0.406843 -0.9133654 0.01557187 0.4070227 -0.913287 0.01547432 0.4078087 -0.910651 -0.06638339 0.4067609 -0.9111465 -0.06601225 0.4118464 -0.8978674 -0.1556171 0.4092312 -0.8991724 -0.1549802 0.4177995 -0.876738 -0.2382733 0.4144595 -0.8785146 -0.2375614 0.4258083 -0.8463221 -0.3200409 0.420953 -0.8488649 -0.3197295 0.4365294 -0.8027168 -0.40631 0.4307032 -0.8058001 -0.4064245 0.4463488 -0.7570552 -0.4771166 0.441929 -0.7598733 -0.4767509 0.3697267 0.4062487 -0.835622 0.3543972 0.501109 -0.7894887 0.3620228 0.5050074 -0.7835222 0.3431852 0.5995046 -0.7230616 0.3519171 0.6031364 -0.7158079 0.335943 0.6722552 -0.6597084 0.3416232 0.6756027 -0.6533412 0.3250022 0.7374274 -0.5920933 0.3344955 0.7396362 -0.5839956 0.3151315 0.8052276 -0.5022954 0.3242476 0.8062797 -0.4947489 0.3108211 0.8493198 -0.4266687 0.3155996 0.8503432 -0.4210857 0.3029552 0.8859648 -0.351119 0.3103221 0.885589 -0.3455899 0.2976462 0.9206868 -0.2524725 0.3035143 0.9198384 -0.2485487 0.2960564 0.9406802 -0.1657446 0.2990165 0.9401411 -0.1634741 0.2938613 0.9525245 -0.07964087 0.2958508 0.9519932 -0.07862055 0.2944854 0.9554364 0.02048578 0.2939598 0.9556027 0.02027117 0.2971117 0.9479192 0.1147777 0.2944337 0.9488737 0.113787 0.3012237 0.930592 0.207997 0.2958377 0.9325943 0.2067555 0.3073685 0.9011882 0.3055885 0.2998725 0.9040743 0.3045096 0.3138398 0.8650705 0.3913536 0.3063752 0.8683366 0.3900332 0.3223707 0.8189614 0.4747413 0.3120617 0.8230529 0.4745539 0.3325899 0.7553049 0.564711 0.3213063 0.7598633 0.5651283 0.3395219 0.6945827 0.6342553 0.3321114 0.698931 0.6334016 0.3497919 0.625609 0.6973228 0.3388868 0.6303166 0.6984674 0.3600748 0.5297117 0.7679529 0.3502606 0.5342075 0.7693763 0.3662923 0.443184 0.8181797 0.3607567 0.4472218 0.818442 0.3740911 0.3513026 0.8582786 0.3673364 0.3548791 0.8597236 0.3798001 0.232682 0.8953273 0.3752236 0.2352849 0.8965759 0.3819784 0.1280813 0.9152528 0.3801906 0.129633 0.9157786 0.3829335 0.02249373 0.9235021 0.3827139 0.02263328 0.9235897 0.3809797 -0.1031993 0.918806 0.3828463 -0.1044044 0.9178935 0.3796764 -0.1731469 0.9087718 0.3798412 -0.1743439 0.9084738 0.3749372 -0.2414531 0.8950545 0.379302 -0.244237 0.8924563 0.367275 -0.3590332 0.8580235 0.373251 -0.3626361 0.8539196 0.357597 -0.4693597 0.8073574 0.364912 -0.4732731 0.8017805 0.3494015 -0.557952 0.7527338 0.3553334 -0.5618843 0.7470102 0.338294 -0.6389862 0.6908355 0.3474487 -0.6423724 0.6831084 0.3273118 -0.7216587 0.60998 0.3367712 -0.7240763 0.6019125 0.3216975 -0.7781719 0.5394062 0.3267665 -0.7803003 0.5332496 0.3118711 -0.8271425 0.4675166 0.3206519 -0.8278136 0.4603338 0.3041528 -0.8771303 0.3716632 0.3120258 -0.8768771 0.3656862 0.3012954 -0.9082861 0.2902369 0.3053793 -0.9081916 0.2862366 0.296172 -0.9318769 0.2094935 0.3011348 -0.9309907 0.2063349 0.2940457 -0.9494979 0.1095026 0.2967578 -0.9488209 0.1080443 0.2944021 -0.9555233 0.01739724 0.2948006 -0.9554043 0.01718402 0.2956975 -0.9524063 -0.0740629 0.2937784 -0.9530532 -0.07337449 0.2994528 -0.9382306 -0.1733538 0.2949498 -0.939871 -0.1721829 0.3044982 -0.9148962 -0.2650392 0.2986738 -0.917217 -0.2636415 0.3113039 -0.8814422 -0.3551753 0.3026599 -0.8848097 -0.3542723 0.3198071 -0.8339821 -0.4496638 0.3097456 -0.8379609 -0.4493096 0.3268161 -0.7846217 -0.5268397 0.3190281 -0.78857 -0.525717 0.2276529 0.4074404 -0.8844017 0.2125301 0.5016074 -0.8385826 0.2240754 0.5084131 -0.8314484 0.2052607 0.6027669 -0.7710642 0.2180248 0.6093659 -0.7623242 0.2018716 0.6787437 -0.7060842 0.2101057 0.6845455 -0.6980351 0.1933876 0.747118 -0.6359371 0.2071136 0.7520508 -0.6257185 0.1872339 0.8193892 -0.5417977 0.2005376 0.822714 -0.5319082 0.1865189 0.8673326 -0.4614595 0.1932266 0.8697311 -0.4541269 0.180127 0.9069254 -0.3808417 0.1909697 0.907861 -0.3732543 0.1775094 0.9450763 -0.2744472 0.1859804 0.9449959 -0.2690614 0.1779168 0.9673659 -0.1804126 0.1821102 0.9671645 -0.1772814 0.1766242 0.980446 -0.08677381 0.1795157 0.9800486 -0.08531586 0.1780201 0.9837736 0.02232273 0.1772517 0.9839194 0.02200672 0.1806508 0.9755751 0.1249738 0.176788 0.9764707 0.1234947 0.1841836 0.9565266 0.2261263 0.1765353 0.9584236 0.2241864 0.1890782 0.9243008 0.331538 0.1781218 0.9271721 0.3295825 0.1931506 0.8850396 0.4235538 0.1825672 0.8883957 0.4212152 0.1998449 0.8352839 0.5122135 0.1846318 0.8394817 0.5110593 0.2064512 0.7674118 0.6070065 0.1902687 0.7720344 0.6064327 0.2093926 0.7030278 0.6796371 0.1987143 0.7080901 0.6775848 0.2173976 0.631157 0.7445664 0.2017299 0.6361994 0.7446848 0.2236758 0.532053 0.8166325 0.2092527 0.5371927 0.8170907 0.2256043 0.4433801 0.8674772 0.2174397 0.4485327 0.8669131 0.2312064 0.3506131 0.9075319 0.2213331 0.3550152 0.9082819 0.233922 0.2315736 0.9442744 0.2275735 0.2347479 0.9450417 0.2341828 0.1272735 0.9638256 0.2315443 0.1293885 0.9641814 0.2344413 0.02219287 0.9718769 0.2336956 0.02263892 0.9720462 0.2319784 -0.1024156 0.9673144 0.2348004 -0.1041988 0.9664426 0.2314439 -0.1711357 0.9576776 0.2318748 -0.174062 0.9570457 0.2273195 -0.2401119 0.9437543 0.2335472 -0.2441819 0.941186 0.2216407 -0.3578151 0.9071074 0.2303281 -0.3634295 0.9027004 0.2148133 -0.4692906 0.8565171 0.2256558 -0.4758566 0.8500823 0.2101377 -0.5600438 0.8013695 0.2189181 -0.5666329 0.7943564 0.2019621 -0.6437919 0.7380672 0.2151475 -0.6501116 0.7287431 0.194763 -0.7304283 0.6546311 0.2084991 -0.7356479 0.6444768 0.1930567 -0.7907328 0.5809224 0.2005396 -0.7948974 0.5726448 0.1853348 -0.8429946 0.5049861 0.1980615 -0.8456994 0.4955442 0.1808083 -0.8972621 0.4027767 0.1921596 -0.8984557 0.3947811 0.1807569 -0.9316365 0.3152466 0.1866714 -0.9323297 0.3097016 0.1769449 -0.9574702 0.2279063 0.1840585 -0.9571527 0.223565 0.1764298 -0.9770575 0.119295 0.1804041 -0.9765843 0.1172071 0.1778071 -0.9838829 0.01894585 0.1783355 -0.9837927 0.01866388 0.179376 -0.9804674 -0.08066991 0.1765768 -0.9810597 -0.07964159 0.1827504 -0.9649007 -0.1885973 0.1762865 -0.9664533 -0.1867915 0.1866217 -0.9393148 -0.2878541 0.1781979 -0.9416401 -0.2855861 0.1919154 -0.9028465 -0.3847555 0.1795805 -0.9061399 -0.3829639 0.1980451 -0.851454 -0.4855968 0.1833827 -0.8554727 -0.4842905 0.2015401 -0.7984416 -0.5673381 0.1904531 -0.8027674 -0.5650594 0.05989662 -0.7969764 -0.6010333 0.05557393 -0.7943739 -0.6048816 0.06654527 -0.8196592 -0.5689731 0.06700891 -0.6989989 -0.7119763 0.05044179 -0.729594 -0.6820177 0.1928937 -0.7409293 -0.6432851 0.2093979 -0.736107 -0.6436607 0.3255202 -0.730395 -0.6004663 0.3367624 -0.7257988 -0.5998392 0.4517144 -0.705654 -0.5458997 0.4581711 -0.7021719 -0.5450081 0.5692335 -0.6670586 -0.4806309 0.5711499 -0.6657335 -0.4801944 0.6756096 -0.6154388 -0.4059394 0.6738147 -0.6170138 -0.4065314 0.7688134 -0.5517297 -0.3232959 0.7641386 -0.5569556 -0.3254115 0.8470919 -0.4770664 -0.2341859 0.8404859 -0.4866552 -0.2382229 0.9087121 -0.3930655 -0.1405052 0.9014333 -0.4073396 -0.1466029 0.05945084 -0.6484446 -0.7589369 0.08060025 -0.6439911 -0.7607753 0.2001632 -0.6554003 -0.7282754 0.2160675 -0.6504258 -0.7281903 0.3364349 -0.648832 -0.6825165 0.3476211 -0.6440889 -0.6814023 0.4660158 -0.6286747 -0.6225731 0.4722966 -0.6252199 -0.621318 0.5859218 -0.5954666 -0.54965 0.587899 -0.5940838 -0.5490348 0.6937045 -0.5498264 -0.4652579 0.691983 -0.5513508 -0.4660171 0.7871162 -0.4926909 -0.371085 0.7825723 -0.4978342 -0.3738206 0.864124 -0.4252786 -0.2691241 0.8579762 -0.4344119 -0.274159 0.923141 -0.3488896 -0.1615139 0.9164975 -0.3625255 -0.1691376 0.0685074 -0.556533 -0.8279962 0.06229518 -0.5624101 -0.8245084 0.2088444 -0.5789123 -0.7881907 0.218565 -0.5733112 -0.7896478 0.3478827 -0.5744806 -0.7409114 0.3542182 -0.5701547 -0.7412511 0.4790213 -0.557965 -0.677653 0.4827977 -0.5549172 -0.6774756 0.6002207 -0.5292369 -0.5997028 0.601282 -0.5282197 -0.5995364 0.7082437 -0.4892823 -0.5089142 0.7072917 -0.4903788 -0.5091828 0.8011967 -0.4386391 -0.4070377 0.7986035 -0.4423054 -0.4081646 0.8768476 -0.378569 -0.2963508 0.8732532 -0.3850281 -0.2986338 0.9335704 -0.3103538 -0.1792397 0.9297066 -0.3197094 -0.1828428 0.9784971 -0.2030019 -0.0365213 0.06532632 -0.4869151 -0.871003 0.08276103 -0.4818513 -0.8723359 0.2123633 -0.4960683 -0.8419134 0.2255842 -0.4910675 -0.8414063 0.3546251 -0.4940635 -0.793815 0.3639018 -0.4896442 -0.7923535 0.4889907 -0.4808042 -0.7278155 0.4940221 -0.4778333 -0.7263729 0.6123127 -0.4567895 -0.6453035 0.6139371 -0.4556034 -0.6445981 0.7218278 -0.4223809 -0.5482326 0.7204316 -0.423652 -0.5490877 0.8151368 -0.3784079 -0.4385881 0.8116348 -0.3824738 -0.4415459 0.890002 -0.3258261 -0.3189574 0.8853481 -0.3330106 -0.3244422 0.9446966 -0.2658243 -0.1920566 0.9399598 -0.276333 -0.2002894 0.9752317 -0.2079531 -0.07535718 0.97013 -0.2354745 -0.05830665 0.9667602 -0.2477371 -0.06325421 0.9628721 -0.2651868 -0.05052848 0.9570513 -0.2834892 -0.06071875 0.9525229 -0.301263 -0.04405537 0.9457697 -0.3206044 -0.05227241 0.9429293 -0.3305387 -0.04035558 0.9376941 -0.3448147 -0.04280994 0.9355895 -0.3515235 -0.03322012 0.9285482 -0.369344 -0.03719336 0.9266547 -0.3749692 -0.02663209 0.9203036 -0.3901841 -0.02824159 0.9192386 -0.3931646 -0.02054232 0.9147462 -0.4035337 -0.01999572 0.9140973 -0.4052654 -0.01363972 0.9105308 -0.4132456 -0.01271394 0.9101501 -0.4142351 -0.006011777 0.9086109 -0.4176115 -0.005183137 0.9085367 -0.4178024 0.001452506 0.9088328 -0.417159 0.001170273 0.9090524 -0.4165747 0.009452934 0.9111744 -0.4119592 0.007131934 0.9120073 -0.4097502 0.01863922 0.9156427 -0.401774 0.01327413 0.9170887 -0.3978624 0.02556825 0.9197887 -0.3919609 0.01885518 0.9220197 -0.3856038 0.03448513 0.9270459 -0.3742382 0.02305483 0.9309404 -0.3624944 0.04413373 0.9359211 -0.3509938 0.02924116 0.9403262 -0.3367617 0.04876762 0.9425145 -0.3321711 0.03644994 0.9477943 -0.3134726 0.05848921 0.9518159 -0.3040978 0.03963565 0.9590848 -0.2752727 0.06619107 0.9621206 -0.2685929 0.04671015 0.9690333 -0.2369808 0.06938773 0.9703306 -0.2355464 0.0545578 0.974115 -0.2162123 0.06597146 0.06972489 -0.3710479 -0.9259923 0.07374879 -0.369473 -0.9263103 0.2197769 -0.3842594 -0.8966844 0.2303437 -0.3797524 -0.8959519 0.3648131 -0.383938 -0.8482353 0.3722367 -0.3801292 -0.846724 0.5017754 -0.3744907 -0.7797295 0.5058013 -0.3720098 -0.7783148 0.6267071 -0.3563517 -0.693002 0.6279646 -0.3554147 -0.6923445 0.7370194 -0.3297874 -0.5899513 0.7359537 -0.3307638 -0.5907345 0.8301918 -0.2954048 -0.4727764 0.827428 -0.2986171 -0.4755951 0.9036862 -0.2541647 -0.3446036 0.900188 -0.2596025 -0.3496685 0.9560106 -0.2067767 -0.2080558 0.9525429 -0.2147418 -0.2157496 0.9857366 -0.1545531 -0.06660826 0.983298 -0.1649821 -0.0768503 0.07607492 -0.2487071 -0.9655867 0.06542738 -0.2710078 -0.960351 0.2260244 -0.2843128 -0.9317077 0.2317698 -0.2802693 -0.9315212 0.3729827 -0.2844451 -0.8831618 0.3767866 -0.2814503 -0.8825064 0.5112602 -0.2778877 -0.8132598 0.5134196 -0.2759629 -0.8125545 0.637008 -0.2646463 -0.724005 0.6377056 -0.2639305 -0.723652 0.7476698 -0.2450305 -0.6172115 0.7470465 -0.2457854 -0.6176658 0.8403416 -0.2196393 -0.495565 0.8389821 -0.2216599 -0.4969667 0.912819 -0.1888925 -0.3620515 0.9110035 -0.1924147 -0.3647591 0.9633904 -0.1536518 -0.2197046 0.9616718 -0.1585277 -0.2237328 0.9907833 -0.1146922 -0.07207128 0.9896282 -0.1209583 -0.07749178 0.0756015 -0.176145 -0.9814568 0.0821943 -0.1729765 -0.9814903 0.2294793 -0.1809847 -0.9563387 0.2345928 -0.1782683 -0.955608 0.3780321 -0.1813681 -0.9078531 0.3813183 -0.1794195 -0.9068655 0.5172096 -0.1774502 -0.8372608 0.5192154 -0.1761049 -0.8363029 0.6439266 -0.1690669 -0.7461736 0.6444124 -0.1686913 -0.7458391 0.7548625 -0.1566826 -0.6368933 0.7544037 -0.1571034 -0.6373333 0.8475021 -0.1403862 -0.5118906 0.8462964 -0.1417563 -0.513505 0.9193751 -0.1206992 -0.3744079 0.9178771 -0.1229699 -0.3773329 0.9688311 -0.0980171 -0.2275062 0.9674515 -0.101235 -0.2319247 0.9945092 -0.07295198 -0.07503027 0.9937413 -0.07704327 -0.08088639 0.07817647 0.04832608 -0.9957676 0.07836866 0.003470783 -0.9969184 0.07285318 -0.0440031 -0.9963715 0.06147379 -0.05216314 -0.9967446 0.2330797 -0.05519706 -0.9708899 0.2346068 -0.0543106 -0.970572 0.3821228 -0.05536342 -0.9224517 0.3831584 -0.05471824 -0.9220605 0.5217208 -0.05417138 -0.8513947 0.5222089 -0.0538395 -0.8511165 0.6484103 -0.05171319 -0.7595326 0.6486639 -0.05152085 -0.7593291 0.7594235 -0.04787087 -0.648833 0.7592303 -0.04803976 -0.6490466 0.851714 -0.0429533 -0.5222436 0.8513887 -0.0432978 -0.5227452 0.9231451 -0.03691315 -0.3826756 0.9226907 -0.03754681 -0.3837082 0.9718776 -0.0300074 -0.2335669 0.9715009 -0.03082608 -0.2350226 0.9969351 -0.02213326 -0.07503659 0.9964461 -0.02516899 -0.08038401 0.0785143 0.09994799 -0.9918901 0.06584407 0.05896192 -0.9960863 0.2343706 0.06228741 -0.9701499 0.2328894 0.06119792 -0.9705757 0.3829653 0.06240851 -0.9216523 0.3820229 0.06168879 -0.9220916 0.5222059 0.06106643 -0.8506302 0.5216926 0.06065211 -0.8509749 0.6486797 0.05824314 -0.7588296 0.6484344 0.05802919 -0.7590556 0.7592331 0.05391742 -0.6485815 0.7594579 0.05413665 -0.6482999 0.8514467 0.04843039 -0.5222 0.8517409 0.04876821 -0.5216886 0.9227647 0.04164819 -0.3831066 0.9231414 0.04220559 -0.3821369 0.9715008 0.03387002 -0.234604 0.9718388 0.03464716 -0.2330856 0.996457 0.0252843 -0.0802131 0.9965898 0.02620229 -0.07824441 0.08183599 0.1736704 -0.9813977 0.07563432 0.1695766 -0.9826105 0.2343771 0.178097 -0.9556929 0.2298088 0.175124 -0.9573503 0.3813663 0.1783695 -0.9070524 0.37828 0.1763645 -0.9087353 0.5191125 0.1743927 -0.8367255 0.517514 0.1733411 -0.8379332 0.6446141 0.166306 -0.7462003 0.6441225 0.165972 -0.7466992 0.7546149 0.1541845 -0.6377958 0.7549557 0.1544307 -0.6373328 0.8465108 0.1382994 -0.5140941 0.8475726 0.1391554 -0.5121098 0.9181219 0.1192031 -0.3779457 0.9194103 0.120466 -0.3743964 0.9677106 0.09723929 -0.2325524 0.9687636 0.09875362 -0.2274748 0.9940021 0.07290567 -0.08151413 0.9944022 0.07460976 -0.07481795 0.08069342 0.306902 -0.9483142 0.05583571 0.2850983 -0.9568706 0.2323557 0.3004052 -0.925077 0.2247532 0.2954473 -0.9285455 0.3766086 0.30008 -0.8764234 0.3716346 0.2969787 -0.8795973 0.5124178 0.2929557 -0.8072206 0.5095258 0.2912187 -0.809676 0.6362375 0.2789618 -0.7192928 0.6353982 0.2784713 -0.7202242 0.7452691 0.2585783 -0.6145822 0.7459971 0.258999 -0.6135207 0.836992 0.2322348 -0.495491 0.8387049 0.2332424 -0.4921098 0.9092377 0.2004972 -0.3648119 0.9113284 0.2018254 -0.3588134 0.9603325 0.164091 -0.2254677 0.9620973 0.1654938 -0.2167502 0.9890056 0.1238656 -0.08077809 0.9897066 0.1251455 -0.06942232 -0.2249201 0.2955563 0.9284704 -0.06509391 -0.9422872 -0.3284171 -0.07804341 -0.1698134 -0.982381 -0.06920224 0.4726371 0.8785358 -0.08073246 0.3997045 0.9130819 -0.004197566 0.5143558 0.8575666 -0.08271929 0.493255 0.8659428 -0.06232772 0.5958487 0.8006744 -0.06917209 0.5939954 0.8014891 -0.07006637 0.6454138 0.7606127 -0.06373164 0.6715048 0.7382544 -0.07437428 0.6802644 0.7291837 -0.0602608 0.7339879 0.6764839 -0.04169594 0.7400427 0.6712661 -0.06925161 0.7752351 0.6278652 -0.05602081 0.8186722 0.5715221 -0.0732472 0.8252519 0.5599946 -0.05894044 0.8704761 0.4886689 -0.06786597 0.8749415 0.4794493 -0.9181961 0.3958085 0.01585734 -0.05512256 0.9115351 0.4075112 -0.04798383 0.9127892 0.4056026 -0.06263102 0.934125 0.3514082 -0.0545734 0.9547746 0.2922795 -0.06567682 0.9561239 0.2855062 -0.9129297 0.4079738 0.01081119 -0.06067738 0.9929652 -0.101678 -0.05805972 0.9980385 -0.0234159 -0.05907084 0.9979692 -0.02383891 -0.06001168 0.9974935 0.03748487 -0.05300542 0.9942674 0.09285888 -0.05699185 0.9938962 0.09445735 -0.06279714 0.9794123 0.1918543 -0.0333797 0.9833969 0.1783714 -0.0594032 0.9743972 0.2168438 -0.01889337 0.9876161 -0.1557482 -0.05682903 0.9893841 -0.1337517 -0.06398397 0.9705944 -0.2320615 -0.04592999 0.9688221 -0.243463 -0.06048607 0.9557096 -0.2880287 -0.0679712 0.9333715 -0.3524169 -0.05364042 0.9354592 -0.3493404 -0.07700725 0.7658244 -0.6384221 -0.06430391 0.8097723 -0.5832098 -0.04981697 0.8358616 -0.5466751 -0.07205456 0.8443005 -0.5310035 -0.05692126 0.8903549 -0.4516946 -0.0380002 0.8835975 -0.4667028 -0.06471106 0.9057022 -0.4189464 -0.9107694 0.4126659 0.01434795 -0.9102297 0.4140707 0.005238621 -0.9086767 0.417445 0.006794647 -0.9085679 0.4177347 -0.001398412 -0.9089909 0.4168127 -0.001688345 -0.9092035 0.4162723 -0.008148911 -0.911318 0.4115995 -0.009234105 -0.9117733 0.4104013 -0.01549874 -0.9159426 0.4009818 -0.01620436 -0.9168291 0.3985702 -0.02379687 -0.9225876 0.3850908 -0.02318084 -0.9237979 0.3816431 -0.0307571 -0.9292338 0.368282 -0.02988112 -0.9310768 0.3626638 -0.03963492 -0.9382102 0.3442966 -0.03494939 -0.9413229 0.3339775 -0.04868399 -0.9483051 0.3146445 -0.04142849 -0.950318 0.3074075 -0.04895234 -0.9551025 0.2918348 -0.05110522 -0.08076739 0.6241682 -0.7771041 -0.06489633 0.6897813 -0.7211034 -0.05750301 0.6956521 -0.7160737 -0.07037167 0.717419 -0.6930786 -0.05574721 0.7695554 -0.6361421 -0.07213129 0.5217556 -0.8500402 -0.07142328 0.5768939 -0.8136904 -0.06009812 0.6287391 -0.7752905 -0.08323659 0.3419356 -0.9360298 -0.07311883 0.4140337 -0.9073201 -0.06382684 0.4314725 -0.8998653 -0.07728634 0.450555 -0.889397 -0.06453244 0.5240166 -0.8492599 -0.9552118 0.2921615 -0.04703198 -0.9594167 0.275034 -0.0622579 -0.9649665 0.2571911 -0.05188752 -0.9702929 0.2317526 -0.06944343 -0.9745609 0.2164257 -0.05823245 -0.9788916 0.1915664 -0.07122861 -0.9812271 0.1814842 -0.06524409 -0.9852905 0.1521881 -0.07772547 -0.9874109 0.1427879 -0.06805402 -0.9904014 0.115423 -0.07604314 -0.9935862 0.09256496 -0.0649481 -0.07814863 -0.06367297 -0.9949063 -0.07920773 0.02198307 -0.9966157 -0.07995774 0.0215546 -0.9965652 -0.07699037 0.1258252 -0.9890604 -0.08044379 0.1232357 -0.9891116 -0.07504681 0.2144171 -0.9738549 -0.0608534 0.2229941 -0.9729185 -0.07784902 0.2752097 -0.958227 -0.07034578 0.3467478 -0.9353167 -0.9933185 0.08844159 -0.07413752 -0.9953152 0.05477288 -0.07967184 -0.9956857 0.05220883 -0.07670904 -0.9967384 0.009566507 -0.08013137 -0.9968072 0.009167123 -0.07931837 -0.9960468 -0.0437619 -0.0773021 -0.9957899 -0.0424329 -0.08125205 -0.9943659 -0.07354369 -0.07634078 -0.03533142 -0.1229894 -0.9917789 -0.08125945 -0.09919058 -0.9917449 -0.07757501 -0.1667705 -0.9829393 -0.994485 -0.08696546 -0.05862325 -0.9925086 -0.09813479 -0.07277586 -0.9944629 -0.07094363 -0.07752691 -0.07488804 -0.2191461 -0.9728138 -0.05701038 -0.2311651 -0.9712428 -0.07824069 -0.279447 -0.956968 -0.07087459 -0.3481296 -0.9347633 -0.08213457 -0.3559519 -0.9308878 -0.07326026 -0.4179623 -0.9055056 -0.05787769 -0.4570762 -0.8875424 -0.08046915 -0.4741151 -0.876778 -0.06706558 -0.5462199 -0.8349527 -0.06199341 -0.5492293 -0.833369 -0.07261829 -0.5847736 -0.8079396 -0.06145439 -0.6350121 -0.7700538 -0.07873809 -0.6451867 -0.7599569 -0.9901617 -0.1172963 -0.07629898 -0.986305 -0.1510984 -0.06612007 -0.9853915 -0.1505457 -0.07962162 -0.9785755 -0.1971645 -0.059297 -0.9770691 -0.1988145 -0.07621455 -0.9703214 -0.2355744 -0.05459865 -0.9690219 -0.2370103 -0.06944591 -0.9621076 -0.2686314 -0.04675565 -0.9590806 -0.2752912 -0.06617418 -0.9541138 -0.2956587 -0.04746303 -0.9538708 -0.2971427 -0.04285701 -0.05985799 -0.8881884 -0.4555637 -0.07230746 -0.8496938 -0.5222949 -0.05545405 -0.8438641 -0.5336837 -0.06521043 -0.8135691 -0.5778003 -0.06777437 -0.7893982 -0.6101288 -0.05986468 -0.7923598 -0.6071096 -0.07823424 -0.7271805 -0.6819735 -0.03577178 -0.7346658 -0.6774854 -0.06618173 -0.6960323 -0.7149539 -0.006680679 -0.9110259 -0.4122949 -0.0702813 -0.9029138 -0.4240368 -0.05744781 -0.9403406 -0.3353495 -0.06003885 -0.9976054 0.03433255 -0.05936014 -0.9980391 -0.01986004 -0.0586527 -0.9980732 -0.0202406 -0.06073657 -0.9936202 -0.09502713 -0.02565277 -0.9912442 -0.1295258 -0.05818051 -0.9865954 -0.1524616 -0.06463211 -0.9682102 -0.2416435 -0.04207177 -0.9710014 -0.2353426 -0.06043272 -0.9555568 -0.2885466 -0.04549458 -0.9947197 0.09199403 -0.05699451 -0.9946379 0.0862954 -0.06193782 -0.9830976 0.1722866 -0.0264581 -0.9783567 0.2052271 -0.05822553 -0.9716226 0.2292581 -0.06604339 -0.9496256 0.3063487 -0.05504453 -0.9513878 0.3030367 -0.06798724 -0.7697209 0.63475 -0.05823163 -0.8023467 0.5940108 -0.07276596 -0.7982503 0.5979145 -0.05922529 -0.8422485 0.5358264 -0.03224152 -0.8519486 0.5226317 -0.06741006 -0.8733463 0.4824128 -0.05465974 -0.9098037 0.4114239 -0.05561336 -0.9100291 0.4107971 -0.06230402 -0.9327359 0.3551366 -0.05079185 -0.7266943 0.6850807 -0.05852685 -0.7306618 0.6802264 -0.07442362 -0.669664 0.7389259 -0.03962557 -0.6378364 0.7691519 -0.06588202 -0.6206098 0.781347 -0.07800341 -0.56479 0.8215399 -0.06563552 -0.570744 0.8185006 -0.08089116 -0.2724467 0.9587645 -0.07439288 -0.3311336 0.9406468 -0.05377675 -0.3668247 0.9287345 -0.08049155 -0.3898326 0.9173612 -0.06654815 -0.479481 0.8750253 -0.04149588 -0.4622925 0.885756 -0.0753866 -0.5213756 0.8499908 -0.05221791 -0.1709991 0.9838865 -0.07939404 -0.2060927 0.9753063 -0.07342985 -0.2771779 0.9580086 -0.9459803 -0.3202596 -0.05054904 -0.9425123 -0.3321773 -0.03645478 -0.940325 -0.3367656 -0.04876232 -0.9359211 -0.3509938 -0.02924113 -0.9309403 -0.3624944 -0.04413373 -0.9270459 -0.3742382 -0.02305483 -0.9220198 -0.3856038 -0.03448515 -0.9197886 -0.3919609 -0.01885518 -0.9170887 -0.3978624 -0.02556825 -0.9156426 -0.401774 -0.01327412 -0.9120073 -0.4097501 -0.01863922 -0.9111744 -0.4119592 -0.007131935 -0.9090514 -0.4165768 -0.009453998 -0.9088326 -0.4171593 -0.001170278 -0.9085367 -0.4178024 -0.001452364 -0.9086109 -0.4176115 0.005183137 -0.9101501 -0.4142351 0.006011777 -0.9105309 -0.4132455 0.01271492 -0.9140959 -0.4052684 0.0136404 -0.9147442 -0.4035386 0.01999546 -0.9192386 -0.3931646 0.02054232 -0.9203036 -0.3901841 0.02824159 -0.9266547 -0.3749692 0.02663209 -0.9285482 -0.369344 0.03719337 -0.9355895 -0.3515235 0.03322013 -0.9376941 -0.3448146 0.04280994 -0.9429293 -0.3305386 0.04035557 -0.9457705 -0.3206018 0.0522755 -0.9525204 -0.3012698 0.04406177 -0.9570473 -0.283501 0.06072533 -0.9628721 -0.2651867 0.05052847 -0.9667602 -0.2477371 0.06325421 -0.9701335 -0.2354608 0.05830112 -0.9742525 -0.213728 0.07178027 -0.9779719 -0.1997094 0.0607212 -0.9833001 -0.1649761 0.07683606 -0.9857382 -0.154548 0.06659606 -0.98963 -0.1209539 0.07747713 -0.9907823 -0.1147013 0.07206912 -0.9937418 -0.07703643 0.08088799 -0.9945079 -0.07295464 0.07504465 -0.9964448 -0.02517739 0.08039881 -0.9969351 -0.02213326 0.07503659 -0.2298088 0.175124 0.9573503 -0.2343706 0.06228741 0.9701499 -0.2328894 0.06119792 0.9705757 -0.2330797 -0.05519707 0.9708899 -0.2346068 -0.0543106 0.970572 -0.2294734 -0.1810913 0.9563199 -0.2345857 -0.1783755 0.9555898 -0.2260381 -0.2841681 0.9317485 -0.2315909 -0.2802601 0.9315685 -0.2196053 -0.3842469 0.8967318 -0.2303558 -0.3796619 0.8959872 -0.2123633 -0.4960683 0.8419133 -0.2255842 -0.4910675 0.8414063 -0.2088444 -0.5789123 0.7881907 -0.2183827 -0.573417 0.7896214 -0.2000166 -0.6553925 0.7283228 -0.2160803 -0.6503688 0.7282375 -0.1928937 -0.7409293 0.6432851 -0.2093979 -0.736107 0.6436607 -0.1904365 -0.802819 0.5649917 -0.201665 -0.7984378 0.5672991 -0.1834992 -0.8554416 0.4843012 -0.198045 -0.851454 0.4855968 -0.1795805 -0.9061399 0.3829639 -0.1919154 -0.9028465 0.3847555 -0.1781979 -0.9416401 0.2855861 -0.1866217 -0.9393148 0.2878541 -0.1762865 -0.9664533 0.1867915 -0.1827619 -0.9648979 0.1886005 -0.1765878 -0.9810577 0.07964091 -0.179376 -0.9804679 0.08066514 -0.1783355 -0.9837927 -0.01866388 -0.1778071 -0.9838829 -0.01894585 -0.1804041 -0.9765843 -0.1172071 -0.1764298 -0.9770573 -0.119295 -0.1840585 -0.9571527 -0.223565 -0.1769449 -0.9574702 -0.2279063 -0.1866714 -0.9323297 -0.3097016 -0.180757 -0.9316365 -0.3152466 -0.1921595 -0.8984557 -0.3947811 -0.1808083 -0.8972621 -0.4027767 -0.1980616 -0.8456994 -0.4955442 -0.1853349 -0.8429947 -0.5049861 -0.2005396 -0.7948974 -0.5726448 -0.1931713 -0.7907972 -0.5807965 -0.2086479 -0.7356498 -0.6444265 -0.1949 -0.7304268 -0.654592 -0.215298 -0.6501183 -0.7286927 -0.2019764 -0.643733 -0.7381147 -0.218918 -0.5666329 -0.7943563 -0.2101377 -0.5600439 -0.8013695 -0.2256558 -0.4758566 -0.8500823 -0.2149657 -0.4693834 -0.856428 -0.2304913 -0.3635347 -0.9026164 -0.2214787 -0.3577101 -0.9071884 -0.2333759 -0.24407 -0.9412574 -0.2273195 -0.2401119 -0.9437543 -0.231822 -0.1749322 -0.9568999 -0.2313925 -0.1720132 -0.9575328 -0.2348049 -0.1040901 -0.9664533 -0.2319815 -0.1023059 -0.9673252 -0.2336956 0.02263892 -0.9720462 -0.2344413 0.02219287 -0.9718769 -0.2315505 0.1292319 -0.964201 -0.2339997 0.1272687 -0.9638708 -0.2273868 0.234841 -0.9450635 -0.233922 0.2315736 -0.9442744 -0.2213331 0.3550152 -0.9082819 -0.2312064 0.3506131 -0.9075319 -0.2174397 0.4485327 -0.8669131 -0.2256043 0.4433801 -0.8674772 -0.2092527 0.5371928 -0.8170907 -0.2236758 0.5320531 -0.8166326 -0.2017299 0.6361994 -0.7446848 -0.2175643 0.6311023 -0.7445641 -0.1988538 0.7080949 -0.6775388 -0.2093852 0.7031022 -0.6795625 -0.1902787 0.7720344 -0.6064295 -0.206593 0.7673734 -0.6070069 -0.1847545 0.8394464 -0.5110731 -0.1997099 0.8353196 -0.5122079 -0.1824505 0.888432 -0.4211892 -0.1932687 0.8850014 -0.4235796 -0.1782093 0.9271623 -0.3295624 -0.1890742 0.9243149 -0.3315011 -0.1765353 0.9584236 -0.2241864 -0.1842407 0.9565123 -0.2261408 -0.1768185 0.9764655 -0.1234919 -0.1806819 0.9755697 -0.124971 -0.1772572 0.9839185 -0.02200662 -0.1780201 0.9837738 -0.02232036 -0.1795157 0.9800486 0.08531586 -0.1766242 0.980446 0.0867738 -0.1821102 0.9671645 0.1772814 -0.1778751 0.9673678 0.1804437 -0.1859172 0.9449968 0.2691018 -0.1775094 0.9450763 0.2744472 -0.1909697 0.9078611 0.3732544 -0.1802083 0.9069331 0.3807852 -0.1933304 0.869724 0.4540964 -0.1865329 0.8672928 0.4615286 -0.200529 0.822745 0.5318636 -0.1872233 0.8194207 0.5417538 -0.2071246 0.752008 0.6257662 -0.1935207 0.7471189 0.6358956 -0.2102309 0.6846331 0.6979116 -0.2017482 0.678656 0.7062038 -0.2178693 0.6093574 0.7623756 -0.2052463 0.6028315 0.7710174 -0.2240891 0.5083358 0.8314919 -0.07674208 0.1439455 0.9866055 -0.07996733 0.06046446 0.9949619 -0.07829856 0.05926483 0.9951668 -0.07855766 0.005125187 0.9968964 -0.0718602 -0.05239033 0.9960378 -0.08041087 -0.05794217 0.9950763 -0.07697101 -0.1452857 0.9863911 -0.2345523 0.1782109 0.9556287 -0.0821065 0.1701179 0.9819971 -0.02035595 0.1995036 0.9796856 -0.9969142 0.002026842 0.07847301 -0.9965888 0.02619518 0.07825965 -0.996457 0.0252843 0.0802131 -0.9944018 0.07461625 0.07481723 -0.9940007 0.07290853 0.08152986 -0.9897058 0.1251439 0.06943666 -0.9890056 0.1238656 0.08077809 -0.9834222 0.1695656 0.06425188 -0.982623 0.1688254 0.07713637 -0.9759318 0.2104587 0.05713296 -0.9742059 0.2129084 0.0747847 -0.9664754 0.2518669 0.04988485 -0.96387 0.2572488 0.06912076 -0.9573866 0.2851047 0.0461126 -0.9556673 0.2881866 0.06040139 -0.9496406 0.3110009 0.03822654 -0.9454545 0.3207828 0.05669491 -0.9395386 0.3409848 0.03156824 -0.9346386 0.3523832 0.04771626 -0.9307811 0.3644918 0.02814682 -0.9282159 0.3700795 0.03816143 -0.9253008 0.3786045 0.02184064 -0.8804454 0.4645119 0.09510279 -0.8861341 0.4464816 0.1241784 -0.8917493 0.4385919 0.1114458 -0.9003431 0.4092793 0.1478943 -0.9055213 0.4027503 0.1335044 -0.9138556 0.3714596 0.1639685 -0.9164646 0.3697972 0.1527829 -0.9250222 0.332764 0.1833086 -0.9290029 0.3295361 0.168403 -0.9392663 0.2778467 0.201445 -0.9424253 0.2767314 0.1877608 -0.9512042 0.2223873 0.2139026 -0.9531133 0.2234975 0.2040197 -0.9603325 0.164091 0.2254677 -0.9620973 0.1654938 0.2167502 -0.9677117 0.09721738 0.2325573 -0.9687744 0.09874628 0.2274323 -0.9715112 0.03389414 0.2345569 -0.9718388 0.03464716 0.2330856 -0.9718776 -0.0300074 0.2335669 -0.9715009 -0.03082608 0.2350226 -0.9688311 -0.0980171 0.2275062 -0.9674515 -0.101235 0.2319247 -0.9633904 -0.1536518 0.2197046 -0.9616576 -0.158567 0.2237653 -0.9559994 -0.2067911 0.2080931 -0.9525306 -0.2147571 0.2157887 -0.9446822 -0.2658572 0.1920823 -0.9399598 -0.276333 0.2002894 -0.933575 -0.3103318 0.1792535 -0.9297108 -0.3196888 0.1828577 -0.9231382 -0.3489006 0.1615058 -0.916511 -0.3625041 0.1691107 -0.9087303 -0.3930233 0.1405061 -0.9014131 -0.4073726 0.1466358 -0.8959354 -0.426658 0.1235421 -0.8905779 -0.4372508 0.1252306 -0.8858631 -0.4521674 0.1038814 -0.8787007 -0.4652785 0.1067748 -0.8742101 -0.478617 0.08174658 -0.8678433 -0.4898804 0.08285651 -0.8648511 -0.4982914 0.0611405 -0.8604302 -0.5059519 0.06060078 -0.8583193 -0.5115553 0.03998808 -0.8548764 -0.5173488 0.03919901 -0.8536237 -0.5206071 0.01716756 -0.8521403 -0.5230534 0.01649441 -0.8519232 -0.5236511 -0.004064472 -0.8522199 -0.5231698 -0.003830286 -0.8527907 -0.5216156 -0.0257928 -0.854853 -0.5183167 -0.02395847 -0.8567356 -0.513334 -0.04992247 -0.8603694 -0.507621 -0.04566585 -0.8631709 -0.5001457 -0.06921161 -0.8659944 -0.4959625 -0.0638353 -0.8697526 -0.4851452 -0.09035739 -0.8750787 -0.4771022 -0.08130682 -0.8813163 -0.4583154 -0.1150152 -0.8868669 -0.4503293 -0.1032986 -0.8933747 -0.4295081 -0.131926 -0.896156 -0.4265882 -0.1221761 -0.9034336 -0.4005958 -0.152744 -0.9085143 -0.3943851 -0.1380656 -0.9185195 -0.3547469 -0.1745753 -0.9228808 -0.3505476 -0.1593973 -0.9321321 -0.3085224 -0.1895886 -0.9345303 -0.3081198 -0.1780877 -0.9432842 -0.2601375 -0.2062607 -0.9461871 -0.2595915 -0.1932414 -0.9551053 -0.198636 -0.2198126 -0.9572366 -0.1995877 -0.2094344 -0.9641786 -0.1333034 -0.2293248 -0.9656153 -0.1348853 -0.2222456 -0.9687075 -0.09489309 -0.2293492 -0.9687145 -0.09712853 -0.2283821 -0.9704223 -0.05676402 -0.2346454 -0.9710612 -0.05787066 -0.2317131 -0.9720643 0.01230025 -0.2343923 -0.9719093 0.01262972 -0.2350167 -0.9705514 0.07014202 -0.2304561 -0.9698879 0.07213468 -0.2326242 -0.9663873 0.1269765 -0.2235449 -0.9645044 0.1313756 -0.2290671 -0.9584532 0.1912295 -0.2116572 -0.955349 0.1984407 -0.2189284 -0.9494448 0.2414232 -0.2006718 -0.9464889 0.249187 -0.2050967 -0.9397692 0.2873609 -0.1850879 -0.9344661 0.2988873 -0.193493 -0.9260603 0.3389985 -0.1658081 -0.9196895 0.3522262 -0.1735166 -0.9135032 0.3778498 -0.1508026 -0.9087005 0.3882349 -0.1534183 -0.9029391 0.4090807 -0.1317337 -0.8955181 0.423373 -0.1371229 -0.8893358 0.4438613 -0.1098591 -0.8819981 0.4574292 -0.1133045 -0.8777383 0.4704839 -0.09066647 -0.8723117 0.480372 -0.09118614 -0.8689582 0.4898661 -0.07030446 -0.8632848 0.4997473 -0.07065421 -0.8606308 0.5069706 -0.04791191 -0.8565608 0.5138763 -0.04727371 -0.8550682 0.5178339 -0.0265789 -0.8529961 0.5212854 -0.02567487 -0.8522986 0.5230337 -0.00476911 -0.8518803 0.523717 -0.004530125 -0.8521921 0.522894 0.018723 -0.8537476 0.5203947 0.01744791 -0.8550552 0.51706 0.03911016 -0.8571888 0.5137209 0.03630916 -0.8593645 0.5077736 0.06048521 -0.827713 0.5282277 0.1893848 -0.8388156 0.4904006 0.2364224 -0.8438407 0.4866077 0.2261542 -0.8543177 0.4475541 0.2642663 -0.8570176 0.4469834 0.256372 -0.8674539 0.4015676 0.2937129 -0.8716236 0.4000608 0.2832378 -0.8841914 0.3368382 0.3236442 -0.8876502 0.3367071 0.314174 -0.8983155 0.2709318 0.3458687 -0.9005857 0.2721799 0.3389152 -0.9092673 0.2004801 0.3647475 -0.9113568 0.2018082 0.3587509 -0.9181495 0.1192301 0.3778701 -0.9193847 0.1204408 0.3744675 -0.9227359 0.04165186 0.3831756 -0.9231398 0.04224932 0.382136 -0.9231451 -0.03691315 0.3826756 -0.9226907 -0.03754681 0.3837082 -0.9193721 -0.1207367 0.3744031 -0.9179063 -0.122959 0.3772655 -0.9128529 -0.1888261 0.3620005 -0.9110035 -0.1924147 0.3647591 -0.9036862 -0.2541648 0.3446036 -0.900188 -0.2596025 0.3496685 -0.890002 -0.3258261 0.3189574 -0.8853143 -0.3330621 0.3244815 -0.8768196 -0.3785969 0.2963981 -0.8732602 -0.3849928 0.298659 -0.864124 -0.4252786 0.2691241 -0.8579434 -0.43446 0.2741855 -0.8470699 -0.4770829 0.2342314 -0.840492 -0.4866308 0.2382514 -0.8325071 -0.5149053 0.2044614 -0.8277978 -0.52206 0.2054369 -0.8205539 -0.5448362 0.1727565 -0.8142778 -0.5535929 0.1746041 -0.8072593 -0.5744289 0.1355135 -0.8018573 -0.5818018 0.1361309 -0.7969953 -0.5955222 0.1007564 -0.7932195 -0.6006256 0.1002581 -0.7896684 -0.6100043 0.06571526 -0.7867295 -0.613858 0.06507723 -0.7846282 -0.6193303 0.02808102 -0.7833506 -0.6209686 0.02756316 -0.7830037 -0.6219819 -0.006615193 -0.7832549 -0.6216673 -0.006441842 -0.7841634 -0.6191466 -0.04177806 -0.7859546 -0.6169623 -0.04040915 -0.7888587 -0.6092886 -0.0804323 -0.7919932 -0.6056119 -0.07733729 -0.7961201 -0.5947299 -0.1117549 -0.7986206 -0.5920973 -0.1078235 -0.8038173 -0.577004 -0.1447209 -0.8085436 -0.5719709 -0.138227 -0.8170083 -0.546504 -0.1839319 -0.8221084 -0.5415995 -0.175521 -0.8306012 -0.5146576 -0.2126718 -0.8332873 -0.5131408 -0.2057155 -0.8423987 -0.480373 -0.2441438 -0.8473613 -0.4768206 -0.2337113 -0.859899 -0.4272229 -0.2793818 -0.864325 -0.4250887 -0.2687784 -0.8757099 -0.37365 -0.3058068 -0.878374 -0.3739532 -0.2976878 -0.8889356 -0.3158217 -0.3317379 -0.8921701 -0.3160412 -0.3227235 -0.9029792 -0.2422154 -0.3549087 -0.9054574 -0.2433157 -0.3477707 -0.9138521 -0.1631643 -0.3718221 -0.9155676 -0.1645364 -0.3669655 -0.9193965 -0.1165539 -0.3756664 -0.9194601 -0.1182364 -0.3749844 -0.9213896 -0.06968696 -0.3823413 -0.922182 -0.0705878 -0.3802602 -0.9234006 0.01515892 -0.3835379 -0.923243 0.01537422 -0.3839088 -0.9216195 0.08630373 -0.378377 -0.9208561 0.08781292 -0.3798854 -0.9164122 0.1562969 -0.3684562 -0.9143778 0.1594125 -0.372157 -0.9067141 0.2350831 -0.3501504 -0.9035017 0.2401047 -0.3550132 -0.8958973 0.2958415 -0.3314299 -0.8930482 0.3012038 -0.3342771 -0.8840741 0.3517689 -0.3076876 -0.8789247 0.3596315 -0.3132994 -0.8676242 0.4135029 -0.2761226 -0.8616472 0.422446 -0.2812535 -0.8530415 0.4583156 -0.2495337 -0.8487483 0.4653633 -0.2511242 -0.8403159 0.4956535 -0.2195375 -0.8336688 0.5052052 -0.223079 -0.8245304 0.5354717 -0.1828108 -0.8181229 0.5444664 -0.185017 -0.8115293 0.5647565 -0.1499014 -0.8068734 0.5713364 -0.1500998 -0.8014269 0.58668 -0.1162822 -0.7965581 0.5932513 -0.1163957 -0.7921803 0.6051673 -0.07888626 -0.7887141 0.6097479 -0.07834247 -0.7862065 0.6164302 -0.04350944 -0.7844751 0.6186797 -0.04282758 -0.7833018 0.6215929 -0.007778797 -0.782943 0.6220472 -0.007598169 -0.7834575 0.620704 0.03034814 -0.7847601 0.6191008 0.02942564 -0.7868307 0.6139117 0.06332328 -0.7887018 0.6117189 0.06123187 -0.7919274 0.6028216 0.09724731 -0.7955992 0.598598 0.09328523 -0.8014565 0.5822795 0.1364483 -0.7657882 0.5609492 0.3144908 -0.7781608 0.5150585 0.3594171 -0.7802324 0.5151268 0.3547982 -0.792334 0.4622701 0.398137 -0.7956113 0.4619057 0.3919766 -0.8101893 0.3886548 0.4387947 -0.8129196 0.3890161 0.4333915 -0.8252067 0.3134378 0.4698837 -0.8270114 0.3144503 0.4660184 -0.8369387 0.2322541 0.4955721 -0.8386528 0.233262 0.4921893 -0.8464572 0.1383111 0.5141792 -0.8475685 0.1392067 0.5121028 -0.8514467 0.04843041 0.5222 -0.8517409 0.04876821 0.5216886 -0.851714 -0.0429533 0.5222435 -0.8513887 -0.0432978 0.5227452 -0.8475021 -0.1403862 0.5118905 -0.8462408 -0.1418194 0.5135794 -0.8402893 -0.2196574 0.4956455 -0.8389879 -0.2215917 0.4969875 -0.8301918 -0.2954048 0.4727764 -0.827428 -0.2986171 0.4755951 -0.8151368 -0.3784079 0.4385881 -0.8116348 -0.3824738 0.4415459 -0.8011967 -0.4386391 0.4070377 -0.7986035 -0.4423054 0.4081646 -0.7871161 -0.4926908 0.3710849 -0.7825723 -0.4978342 0.3738206 -0.7688134 -0.5517297 0.3232959 -0.764168 -0.556923 0.3253983 -0.753833 -0.5936554 0.2816186 -0.7505003 -0.5976728 0.2820225 -0.7408382 -0.6278943 0.2385529 -0.7364869 -0.6326476 0.2394664 -0.7270725 -0.6605967 0.187023 -0.7232534 -0.6647071 0.1872671 -0.7165982 -0.6835386 0.1387871 -0.7140664 -0.6862585 0.138414 -0.7091222 -0.6992584 0.09046279 -0.707072 -0.7013881 0.09002115 -0.7041558 -0.7089979 0.03855693 -0.7033158 -0.7098483 0.03824012 -0.7028511 -0.7112793 -0.009057663 -0.7030114 -0.7111222 -0.008957262 -0.7042357 -0.7076637 -0.05713378 -0.7054722 -0.7064987 -0.05629091 -0.7093697 -0.6962457 -0.109711 -0.7115203 -0.6943395 -0.1078497 -0.7169126 -0.6802685 -0.1525484 -0.718659 -0.6789531 -0.1501731 -0.7252002 -0.659819 -0.1967831 -0.7285717 -0.6572591 -0.1928571 -0.7391165 -0.6256012 -0.2496594 -0.7427428 -0.6232542 -0.2447187 -0.7530537 -0.590758 -0.2896811 -0.7550719 -0.5902222 -0.2854892 -0.7658256 -0.5513523 -0.3309407 -0.7694938 -0.5498509 -0.3248741 -0.7842797 -0.4913992 -0.3787245 -0.7876877 -0.4906889 -0.3725217 -0.8009472 -0.4309889 -0.4156105 -0.8030956 -0.4315747 -0.4108292 -0.8152254 -0.3646493 -0.4499317 -0.8178338 -0.3651914 -0.4447281 -0.830283 -0.2802254 -0.4817717 -0.8323449 -0.2811835 -0.4776375 -0.8419864 -0.1891754 -0.505244 -0.8433614 -0.1901278 -0.5025863 -0.8477905 -0.1355075 -0.512727 -0.847858 -0.1365201 -0.5123466 -0.849997 -0.080934 -0.5205332 -0.8506235 -0.08149863 -0.5194204 -0.8520218 0.01758893 -0.5232106 -0.8518384 0.01778011 -0.5235027 -0.8499679 0.1004568 -0.5171681 -0.8494242 0.101277 -0.517901 -0.8441528 0.1817909 -0.5043393 -0.8425218 0.1836575 -0.5063862 -0.8334175 0.2733809 -0.4802895 -0.8309721 0.2762385 -0.4828847 -0.8218355 0.3434443 -0.4545684 -0.819684 0.346587 -0.4560653 -0.8086591 0.4083768 -0.423437 -0.8048763 0.4127305 -0.4264126 -0.7909151 0.4792057 -0.3805461 -0.7865433 0.4841835 -0.3832961 -0.7756837 0.5296155 -0.3432525 -0.7726008 0.5336232 -0.3439975 -0.7616636 0.5727051 -0.3031129 -0.7569509 0.5779427 -0.3049717 -0.7450235 0.6174222 -0.2524476 -0.7405349 0.6223435 -0.2535676 -0.7317348 0.6495159 -0.2066237 -0.7284863 0.6531621 -0.2066087 -0.7210199 0.6740982 -0.1603809 -0.717692 0.6776493 -0.1603422 -0.7116588 0.6940725 -0.1086515 -0.7092487 0.6965968 -0.1082559 -0.7057749 0.7059084 -0.05979233 -0.7045889 0.7071292 -0.05935261 -0.7029519 0.7111574 -0.01066799 -0.7027144 0.7113936 -0.01055861 -0.7034292 0.709552 0.04151461 -0.7043031 0.7087168 0.04095955 -0.7071131 0.7017797 0.08658171 -0.7084076 0.7006301 0.08530005 -0.7126165 0.6889184 0.1325484 -0.7151815 0.6867156 0.1301427 -0.7227047 0.6657698 0.1856034 -0.7258989 0.6632877 0.1819894 -0.734021 0.6402199 0.2265648 -0.6877661 0.5727516 0.4460196 -0.7012786 0.5136778 0.4943111 -0.7025586 0.5137557 0.492409 -0.7187965 0.4321927 0.5445558 -0.7199519 0.4324831 0.5427961 -0.7335559 0.3488998 0.5832364 -0.7343035 0.3493392 0.5820312 -0.7452691 0.2585783 0.6145822 -0.7459971 0.258999 0.6135207 -0.7546177 0.1541162 0.637809 -0.755037 0.1544192 0.6372393 -0.7593151 0.05399731 0.6484789 -0.7594579 0.05413665 0.6482999 -0.7594235 -0.04787086 0.648833 -0.7592303 -0.04803976 0.6490466 -0.7548625 -0.1566826 0.6368933 -0.7544037 -0.1571034 0.6373333 -0.7476729 -0.2450025 0.6172187 -0.747022 -0.2457909 0.6176932 -0.7369923 -0.3298123 0.5899714 -0.7359537 -0.3307638 0.5907345 -0.721818 -0.4224299 0.5482078 -0.720509 -0.4236217 0.5490095 -0.7083317 -0.4891808 0.5088893 -0.7072917 -0.4903788 0.5091828 -0.6936954 -0.5498609 0.4652309 -0.6920543 -0.5513141 0.4659546 -0.6756812 -0.6153758 0.4059158 -0.6738147 -0.6170138 0.4065314 -0.6613107 -0.6615407 0.3535987 -0.6600626 -0.6627545 0.3536578 -0.6481628 -0.6998592 0.3001365 -0.6465191 -0.7012799 0.3003657 -0.6348551 -0.7358902 0.2354241 -0.6334627 -0.7370809 0.2354503 -0.6251174 -0.7607417 0.1746431 -0.6241118 -0.7616054 0.1744756 -0.6178627 -0.7780066 0.1138043 -0.6171703 -0.7785783 0.1136517 -0.6134716 -0.7882269 0.04848697 -0.6131064 -0.7885191 0.04835491 -0.6125344 -0.790362 -0.01138048 -0.6126104 -0.7903037 -0.01133597 -0.614143 -0.7859363 -0.07164066 -0.6145986 -0.7856061 -0.07135604 -0.6194123 -0.7729564 -0.1373557 -0.6202266 -0.7724159 -0.1367208 -0.6267926 -0.7554209 -0.1909722 -0.6274632 -0.7550696 -0.1901572 -0.635252 -0.7322068 -0.2456177 -0.6365064 -0.7315444 -0.2443409 -0.6489154 -0.6943256 -0.3111604 -0.6503017 -0.6937506 -0.3095446 -0.6622127 -0.6563703 -0.3614586 -0.6630334 -0.6563305 -0.3600236 -0.6752301 -0.6121706 -0.4114748 -0.6766491 -0.611898 -0.4095446 -0.6933804 -0.5458537 -0.4703907 -0.6947729 -0.5458273 -0.4683623 -0.7095628 -0.4793993 -0.516427 -0.7103346 -0.4796994 -0.5150856 -0.7237585 -0.4055697 -0.5582893 -0.7248675 -0.405911 -0.5565997 -0.7386432 -0.3119471 -0.5975745 -0.7394442 -0.3123423 -0.5963762 -0.7500873 -0.2107216 -0.6268696 -0.7507042 -0.2111212 -0.6259961 -0.7555774 -0.1509064 -0.6374403 -0.7556264 -0.1514482 -0.6372536 -0.7579854 -0.09022947 -0.6460007 -0.7582364 -0.09042547 -0.6456786 -0.7597791 0.01960615 -0.6498857 -0.7597053 0.01967013 -0.6499699 -0.7576022 0.1120528 -0.6430266 -0.7573425 0.1123757 -0.6432761 -0.7514016 0.2029102 -0.6278718 -0.7507898 0.2034707 -0.6284222 -0.7404547 0.3051365 -0.5988477 -0.7394834 0.3060344 -0.5995892 -0.729 0.383105 -0.567265 -0.7280711 0.3842083 -0.5677116 -0.7152601 0.4558785 -0.5296959 -0.7138262 0.4571699 -0.5305167 -0.697515 0.5347728 -0.4769602 -0.6957769 0.536321 -0.4777596 -0.6828547 0.5904813 -0.4301642 -0.6817391 0.5916579 -0.430317 -0.6685225 0.6387507 -0.3808873 -0.6666714 0.640368 -0.3814158 -0.6521751 0.6883464 -0.317564 -0.650541 0.6897619 -0.3178441 -0.6396726 0.7233909 -0.2598548 -0.6384813 0.7244635 -0.2597966 -0.6291167 0.7506322 -0.2018996 -0.6278324 0.7517223 -0.2018418 -0.620235 0.7724049 -0.1367457 -0.6193468 0.7731447 -0.1365893 -0.6149532 0.7849708 -0.0751904 -0.6145036 0.7853382 -0.07502863 -0.6124322 0.7904097 -0.01339561 -0.6123564 0.7904689 -0.01336272 -0.6132507 0.7881691 0.05208717 -0.6135911 0.7879173 0.05188795 -0.6170903 0.7793708 0.108538 -0.6175742 0.7790483 0.1081013 -0.6227083 0.7646844 0.165807 -0.6236765 0.7640709 0.164995 -0.6327569 0.7388489 0.2317777 -0.6339654 0.7381884 0.2305773 -0.6435565 0.711098 0.2831516 -0.6443096 0.7108814 0.28198 -0.6546705 0.6774828 0.3352963 -0.5945615 0.5545119 0.5822483 -0.6120872 0.4665443 0.6385028 -0.6107829 0.4660914 0.6400805 -0.6253399 0.376539 0.6834973 -0.6244887 0.3760093 0.6845663 -0.6362375 0.2789618 0.7192928 -0.6353982 0.2784713 0.7202242 -0.6446141 0.166306 0.7462003 -0.6440177 0.1659008 0.7468054 -0.648567 0.05824608 0.7589256 -0.6484309 0.05812737 0.759051 -0.6484103 -0.05171319 0.7595326 -0.6486639 -0.05152085 0.7593291 -0.6439199 -0.1691491 0.7461606 -0.6445243 -0.1686818 0.7457445 -0.6371292 -0.264522 0.7239437 -0.6377319 -0.2639036 0.7236387 -0.6267334 -0.3563321 0.6929882 -0.6279384 -0.3554342 0.6923583 -0.6122859 -0.456809 0.6453151 -0.6138247 -0.4556856 0.6446471 -0.6001235 -0.5292641 0.599776 -0.6012973 -0.5281391 0.599592 -0.5859218 -0.5954666 0.54965 -0.5877963 -0.5941557 0.5490668 -0.5691398 -0.6671233 0.4806521 -0.5712437 -0.6656685 0.480173 -0.5567459 -0.7172704 0.4189954 -0.558169 -0.7161473 0.4190233 -0.5442625 -0.7594323 0.3564278 -0.5459259 -0.7582978 0.3562995 -0.5322023 -0.7990174 0.2798784 -0.5338256 -0.7979204 0.2799164 -0.5239044 -0.826053 0.2077512 -0.5249001 -0.8253734 0.207939 -0.5174176 -0.8449494 0.1354237 -0.518207 -0.8444363 0.1356054 -0.513792 -0.8559749 0.05766024 -0.514188 -0.8557277 0.05780071 -0.5135059 -0.8579798 -0.01350299 -0.513395 -0.8580452 -0.01356496 -0.5152184 -0.8528242 -0.08509262 -0.514738 -0.8530862 -0.08537366 -0.5204055 -0.8382334 -0.16292 -0.519536 -0.8386511 -0.1635439 -0.5271434 -0.8190587 -0.2264128 -0.5264161 -0.8193024 -0.2272213 -0.5353155 -0.7931262 -0.2904965 -0.5338876 -0.7936119 -0.291795 -0.547937 -0.751522 -0.3673957 -0.5464096 -0.7518702 -0.3689548 -0.5596454 -0.7104226 -0.426728 -0.5587657 -0.7103112 -0.428064 -0.5721626 -0.6618012 -0.4844059 -0.5705743 -0.6618347 -0.4862302 -0.5888609 -0.5897462 -0.5526684 -0.5872127 -0.5895332 -0.5546456 -0.6031659 -0.5177937 -0.6066964 -0.6022777 -0.5173615 -0.6079463 -0.6167337 -0.4377432 -0.6542327 -0.6154415 -0.4372389 -0.655785 -0.6301989 -0.3365796 -0.6996882 -0.6292177 -0.3360629 -0.7008187 -0.6406128 -0.2272608 -0.7334629 -0.6399877 -0.2268663 -0.7341303 -0.6450353 -0.1635632 -0.7464426 -0.6449161 -0.1624759 -0.746783 -0.6475132 -0.0972966 -0.7558175 -0.6472486 -0.09710824 -0.7560683 -0.6488934 0.02117208 -0.7605847 -0.6489933 0.02109624 -0.7605016 -0.6466647 0.1208356 -0.7531424 -0.6468519 0.1206348 -0.7530138 -0.6404312 0.2191151 -0.7360954 -0.6412442 0.2184942 -0.7355719 -0.6299276 0.3296427 -0.703226 -0.6310219 0.3288159 -0.7026318 -0.6193734 0.4141236 -0.6669919 -0.6203758 0.4131274 -0.6666781 -0.6061019 0.4931331 -0.6240676 -0.6077392 0.4919574 -0.6234028 -0.5894125 0.5790875 -0.5632499 -0.5913692 0.5777081 -0.5626152 -0.5765884 0.6395685 -0.5084269 -0.5779246 0.6384103 -0.5083654 -0.5627072 0.6925912 -0.451307 -0.5647221 0.6912041 -0.4509166 -0.5478973 0.7468025 -0.3769543 -0.54962 0.7456255 -0.3767765 -0.5368494 0.7851735 -0.3086995 -0.538236 0.7841735 -0.3088266 -0.5271387 0.8151377 -0.2401567 -0.5284926 0.8142295 -0.240262 -0.5194452 0.8388693 -0.1627112 -0.5203958 0.8382446 -0.1628933 -0.5151393 0.8524255 -0.08945435 -0.5156246 0.852114 -0.08962777 -0.5131359 0.8581593 -0.01594027 -0.5132089 0.8581151 -0.01597083 -0.5142953 0.855377 0.06189267 -0.513956 0.8555673 0.06207969 -0.518104 0.8455542 0.128866 -0.517579 0.8458082 0.1293075 -0.5235802 0.8290061 0.1965011 -0.5225074 0.8294877 0.1973228 -0.5329771 0.8004492 0.2742561 -0.5316466 0.8009267 0.2754419 -0.5425037 0.7703685 0.3349957 -0.5416517 0.7704529 0.3361781 -0.553225 0.7330974 0.3956138 -0.5516192 0.7333947 0.3973014 -0.5687039 0.6753854 0.4695002 -0.4880366 0.4891137 0.7229025 -0.5031707 0.395794 0.7682228 -0.5001638 0.3938038 0.7712035 -0.5124165 0.2929693 0.8072164 -0.5095043 0.2912201 0.8096889 -0.5190914 0.1743788 0.8367414 -0.517514 0.1733411 0.8379332 -0.5222061 0.06106644 0.8506302 -0.5216926 0.06065211 0.8509749 -0.5217207 -0.05417139 0.8513947 -0.5222089 -0.0538395 0.8511165 -0.5172096 -0.1774502 0.8372607 -0.5190705 -0.1762022 0.8363723 -0.5111237 -0.2778948 0.8133432 -0.5134305 -0.2758388 0.8125897 -0.5017755 -0.3744907 0.7797295 -0.5058246 -0.3719954 0.7783064 -0.4889987 -0.4808693 0.727767 -0.4941494 -0.4778278 0.72629 -0.4791633 -0.5578508 0.6776467 -0.4827977 -0.5549172 0.6774756 -0.4660158 -0.6286747 0.6225732 -0.4722966 -0.6252199 0.621318 -0.4517144 -0.705654 0.5458998 -0.4580561 -0.7022344 0.5450243 -0.4418351 -0.7598993 0.4767963 -0.4462526 -0.7570832 0.4771621 -0.4306206 -0.8058264 0.40646 -0.4365349 -0.8026967 0.4063439 -0.420953 -0.8488649 0.3197295 -0.4257351 -0.8463606 0.3200363 -0.4144072 -0.8785354 0.2375757 -0.4178017 -0.8767299 0.2382992 -0.4092324 -0.89917 0.1549904 -0.4117864 -0.8978957 0.1556124 -0.4067214 -0.9111647 0.06600486 -0.4078087 -0.9106505 0.06639001 -0.4070227 -0.913287 -0.01547432 -0.406843 -0.9133654 -0.01557187 -0.4089319 -0.9073663 -0.09726746 -0.4073281 -0.9079915 -0.09816059 -0.4137454 -0.8911799 -0.1860459 -0.4109484 -0.8920798 -0.1879232 -0.4194437 -0.8702551 -0.2583078 -0.4170582 -0.8706645 -0.260779 -0.4269376 -0.8416047 -0.3307956 -0.4225544 -0.8423861 -0.334415 -0.4379905 -0.7962347 -0.4173423 -0.4329597 -0.7965766 -0.4219143 -0.4471849 -0.7520118 -0.4842561 -0.4441987 -0.7511788 -0.4882806 -0.4585491 -0.6993336 -0.5483294 -0.4532726 -0.6986773 -0.5535287 -0.4727046 -0.6220896 -0.6241433 -0.4677092 -0.620814 -0.6291567 -0.4844322 -0.5455123 -0.6839165 -0.4810269 -0.5435495 -0.6878713 -0.4961554 -0.460511 -0.7360431 -0.4919963 -0.45858 -0.7400298 -0.5073876 -0.3535936 -0.7858304 -0.5041112 -0.3517484 -0.7887616 -0.5159659 -0.2385778 -0.8227149 -0.513545 -0.2370537 -0.8246678 -0.5186502 -0.1704561 -0.8378225 -0.5186514 -0.1704652 -0.83782 -0.5215696 -0.1021235 -0.8470749 -0.5204043 -0.1013421 -0.847885 -0.5221084 0.02226657 -0.8525884 -0.5224349 0.02204237 -0.8523943 -0.5198877 0.1267526 -0.8447784 -0.5208381 0.125845 -0.8443286 -0.5141442 0.2299534 -0.8263033 -0.5166368 0.228324 -0.8251997 -0.5046054 0.3463456 -0.7908339 -0.5083592 0.3439824 -0.78946 -0.4957513 0.4356072 -0.7513168 -0.4989037 0.4329371 -0.7507734 -0.4835369 0.5194826 -0.7045069 -0.4891479 0.5162521 -0.7030065 -0.4691683 0.6111081 -0.6375172 -0.4753171 0.6076853 -0.6362329 -0.4589583 0.6758947 -0.5766485 -0.4630334 0.6729813 -0.5767983 -0.4461545 0.7332206 -0.5131605 -0.4525151 0.7298143 -0.5124463 -0.4336866 0.7920601 -0.4296006 -0.4397846 0.7888262 -0.4293513 -0.4252731 0.8336769 -0.3523146 -0.4294441 0.8312989 -0.3528736 -0.416813 0.8665383 -0.2745512 -0.4211018 0.8643115 -0.2750253 -0.4107319 0.8925492 -0.1861598 -0.413832 0.8909799 -0.1868101 -0.4077758 0.9073234 -0.1023879 -0.4092968 0.9065761 -0.1029373 -0.4064461 0.9134927 -0.01823343 -0.4067709 0.9133456 -0.01836672 -0.4079933 0.9102375 0.07077494 -0.406843 0.9107049 0.07138214 -0.4115363 0.8994186 0.1472553 -0.4098174 0.8999778 0.1486259 -0.4165791 0.8810057 0.2242565 -0.4132676 0.8819623 0.2266106 -0.4249538 0.8496004 0.3123995 -0.4207436 0.8504303 0.3158217 -0.4326243 0.8170356 0.381168 -0.4298673 0.8168581 0.3846518 -0.4424723 0.7762568 0.4490474 -0.4372772 0.7763975 0.4538673 -0.4557012 0.7139184 0.5316548 -0.4504122 0.7133954 0.5368387 -0.4665585 0.6536075 0.5959198 -0.3642708 0.4023968 0.8398712 -0.3767602 0.3001745 0.8763258 -0.3716504 0.2969885 0.8795873 -0.3813837 0.1783696 0.9070451 -0.3782806 0.1763539 0.9087371 -0.3829653 0.06240853 0.9216522 -0.3820229 0.06168879 0.9220916 -0.3821228 -0.05536342 0.9224516 -0.3831584 -0.05471824 0.9220605 -0.3780254 -0.18147 0.9078356 -0.3814829 -0.1794197 0.9067962 -0.3731428 -0.2844463 0.8830939 -0.376948 -0.2814499 0.8824376 -0.36498 -0.3838528 0.848202 -0.3722367 -0.3801292 0.846724 -0.3546251 -0.4940635 0.793815 -0.363739 -0.4897223 0.7923799 -0.3477188 -0.5745919 0.740902 -0.3543824 -0.570042 0.7412593 -0.3365808 -0.6487709 0.6825026 -0.3476211 -0.6440889 0.6814023 -0.3255202 -0.7303949 0.6004663 -0.3367624 -0.7257988 0.5998392 -0.3190281 -0.78857 0.525717 -0.3268161 -0.7846217 0.5268397 -0.3097456 -0.8379609 0.4493096 -0.3198071 -0.8339821 0.4496638 -0.3026599 -0.8848097 0.3542723 -0.3113039 -0.8814422 0.3551753 -0.2986739 -0.917217 0.2636415 -0.3044982 -0.9148962 0.2650392 -0.2949507 -0.9398695 0.1721905 -0.2994531 -0.938229 0.1733613 -0.2937779 -0.9530541 0.0733667 -0.2956975 -0.9524069 0.07405526 -0.2948006 -0.9554042 -0.01718401 -0.2944021 -0.9555233 -0.01739724 -0.2967578 -0.9488211 -0.1080443 -0.2940457 -0.9494979 -0.1095026 -0.3011348 -0.9309907 -0.2063349 -0.2961721 -0.9318769 -0.2094935 -0.3053793 -0.9081916 -0.2862367 -0.301311 -0.9082857 -0.2902217 -0.3120435 -0.8768732 -0.3656806 -0.3041541 -0.8771271 -0.3716698 -0.3206519 -0.8278136 -0.4603338 -0.3118711 -0.8271425 -0.4675166 -0.3267485 -0.7803649 -0.533166 -0.3215687 -0.7781906 -0.5394562 -0.3366313 -0.7240856 -0.6019796 -0.3271896 -0.721672 -0.61003 -0.3473248 -0.642327 -0.6832141 -0.338294 -0.6389863 -0.6908355 -0.3553335 -0.5618843 -0.7470101 -0.3494015 -0.557952 -0.7527338 -0.3649 -0.4733496 -0.8017407 -0.3574472 -0.469363 -0.8074217 -0.3731035 -0.3625473 -0.8540217 -0.3672751 -0.3590332 -0.8580234 -0.379302 -0.244237 -0.8924563 -0.3750903 -0.2415508 -0.894964 -0.3799557 -0.1751771 -0.9082657 -0.3795617 -0.1723174 -0.9089772 -0.3826839 -0.1042996 -0.9179731 -0.3809797 -0.1031993 -0.918806 -0.3827139 0.02263328 -0.9235897 -0.3829335 0.02249373 -0.9235021 -0.3801906 0.129633 -0.9157786 -0.3819784 0.1280813 -0.9152528 -0.3752236 0.2352849 -0.8965759 -0.3798001 0.232682 -0.8953273 -0.3673364 0.3548791 -0.8597236 -0.3740911 0.3513026 -0.8582786 -0.3607567 0.4472218 -0.818442 -0.3664641 0.4430581 -0.8181708 -0.3504047 0.5342044 -0.7693129 -0.3600628 0.5297795 -0.7679117 -0.3389008 0.6302603 -0.6985115 -0.3496536 0.625619 -0.6973832 -0.3319678 0.6990064 -0.6333936 -0.3395047 0.6945844 -0.6342626 -0.3213001 0.7598336 -0.5651718 -0.332471 0.7553212 -0.5647591 -0.3119517 0.823096 -0.4745516 -0.3223707 0.8189614 -0.4747413 -0.3063861 0.8683085 -0.390087 -0.3137339 0.8650937 -0.3913872 -0.29978 0.9041095 -0.3044961 -0.3074426 0.9011594 -0.3055991 -0.295889 0.9325755 -0.2067674 -0.3011729 0.9306111 -0.2079853 -0.2944064 0.9488818 -0.11379 -0.2970839 0.9479275 -0.1147806 -0.2939549 0.9556044 -0.02026911 -0.2944854 0.9554365 -0.02048578 -0.2958508 0.9519932 0.07862055 -0.2938427 0.9525294 0.07965042 -0.2989784 0.9401482 0.1635034 -0.2960935 0.9406735 0.1657162 -0.303573 0.9198226 0.2485354 -0.2977047 0.9206715 0.2524599 -0.3103973 0.8855848 0.3455332 -0.3028827 0.8859681 0.3511732 -0.3155172 0.850326 0.4211824 -0.3109012 0.8493373 0.4265754 -0.3243468 0.8062906 0.4946662 -0.3151315 0.8052277 0.5022954 -0.3344956 0.7396362 0.5839957 -0.3250022 0.7374274 0.5920933 -0.3416412 0.6755263 0.6534107 -0.336073 0.6722442 0.6596535 -0.3520453 0.6031891 0.7157004 -0.914015 0.405042 0.02275254 -0.8636016 0.5011647 0.05501069 -0.8676751 0.4897878 0.08513484 -0.8059962 0.5773749 0.1304161 -0.8124838 0.5588022 0.1661628 -0.7359579 0.6392142 0.2230951 -0.7449119 0.6104423 0.2691959 -0.6561535 0.6769338 0.3335014 -0.6715629 0.6246036 0.3985896 -0.5671383 0.6754629 0.4712792 -0.5824118 0.6190177 0.5268905 -0.4633416 0.6520877 0.6000801 -0.4787981 0.5848372 0.6547655 -0.3431852 0.5995046 0.7230616 -0.3620228 0.5050074 0.7835221 -0.2126935 0.501618 0.838535 -0.2278101 0.4075589 0.8843067 -0.07036468 0.3913006 0.9175689 -0.075855 0.3482241 0.9343371 -0.9204306 0.3895621 0.03238431 -0.8728194 0.481973 0.07673498 -0.8775538 0.4682807 0.1030173 -0.8151582 0.556581 0.1604208 -0.822553 0.5329603 0.1983929 -0.7486432 0.6081983 0.2638713 -0.7620361 0.562618 0.3205651 -0.6729332 0.6242968 0.396755 -0.6869172 0.5725759 0.4475508 -0.5814815 0.6186938 0.5282966 -0.5961207 0.5548167 0.5803608 -0.4739387 0.5833277 0.6596295 -0.4923487 0.490976 0.7187039 -0.3542635 0.5010403 0.7895922 -0.3695848 0.4061487 0.8357334 -0.2197584 0.4014786 0.8891126 -0.2321881 0.300296 0.9251546 -0.0758777 0.287189 0.9548638 -0.07238643 0.2887267 0.9546711 0.2341883 -0.1543855 0.9598547 0.08136726 0.3813517 0.9208421 0.07820424 0.5042482 0.8600104 0.08449789 0.6598999 0.746587 0.07678744 -0.2646332 0.9612871 0.08184841 -0.6095276 0.7885282 0.0775087 -0.5646476 0.8216846 0.08364304 -0.5676091 0.8190383 0.07826626 -0.5037495 0.860297 0.05270377 -0.4811694 0.8750419 0.08168667 -0.4496824 0.8894453 0.07613317 -0.3681458 0.9266458 0.06472463 -0.3754023 0.9245993 0.07948329 -0.3177451 0.9448388 0.9970489 0.01259648 0.07573023 0.9967399 0.02145991 0.07777478 0.9970456 0.0206854 0.07397404 0.9966362 0.02889399 0.07669095 0.9971057 0.02890937 0.07031588 0.9965811 0.03671905 0.07401256 0.9970973 0.03767363 0.06616544 0.9966129 0.04344094 0.06982543 0.9970354 0.04413066 0.06303025 0.9966438 0.04820445 0.06616077 0.997046 0.0511331 0.0573114 0.9967549 0.05376681 0.05990701 0.9970369 0.05644562 0.05226142 0.06553635 -0.6589345 0.7493398 0.07730354 -0.6520233 0.7542477 0.08458541 -0.7175925 0.6913077 0.05617195 -0.742533 0.6674499 0.08074936 -0.7595319 0.6454384 0.08642249 -0.8051227 0.5867782 0.08025072 -0.8030293 0.5905114 0.9967931 0.05946634 0.05354645 0.9969013 0.05861217 0.05246541 0.9970541 0.06130671 0.04609331 0.9970955 0.06099107 0.04561357 0.08456928 -0.8358101 0.542466 0.06728581 -0.8644838 0.4981368 0.08139415 -0.868197 0.4894988 0.9972886 0.0642851 0.0358174 0.9973719 0.06744615 0.02646571 0.08680874 -0.9063659 0.4134794 0.06029925 -0.9199174 0.387448 0.08405017 -0.9307517 0.3558607 0.08750664 -0.9534682 0.2885152 0.08399104 -0.9529857 0.291142 0.08640936 -0.9690981 0.2310462 0.06663693 -0.9804439 0.1851738 0.08521549 -0.9817114 0.1702382 0.08692079 -0.9925982 0.08481553 0.06393659 -0.9959458 0.0632774 0.08629267 -0.9960178 0.02241457 0.08623963 -0.9952679 -0.04477251 0.08682612 -0.9951949 -0.04525757 0.08596639 -0.9901434 -0.1105707 0.06493403 -0.9863053 -0.1516093 0.0872136 -0.9812395 -0.1719387 0.08438101 -0.9630073 -0.2559235 0.06475526 -0.9602405 -0.2715601 0.08619506 -0.9449385 -0.3156925 0.08303353 -0.9235928 -0.374275 0.08735179 -0.921746 -0.377828 0.08345829 -0.8950451 -0.438097 0.06131022 -0.8801092 -0.4707961 0.08669823 -0.8658373 -0.4927567 0.9972606 0.07015639 0.02343651 0.9974989 0.06857008 0.01714806 0.9973295 0.07144567 0.01515312 0.9975108 0.07027335 0.005808845 0.9974418 0.07128821 0.005283196 0.9974486 0.07127377 -0.004064444 0.9974912 0.07069075 -0.003760447 0.9973413 0.07158792 -0.01361971 0.9975446 0.06883462 -0.01290325 0.9971744 0.07121443 -0.02390846 0.9975261 0.06631891 -0.02331405 0.9970483 0.06954065 -0.03253916 0.9974165 0.06436174 -0.03190552 0.9968915 0.06797889 -0.03982773 0.9973526 0.06028707 -0.04065903 0.9967883 0.06448275 -0.04748761 0.9972062 0.05584393 -0.04961193 0.9967894 0.05924236 -0.05386302 0.9970412 0.05631049 -0.05232467 0.08069783 -0.8213316 -0.5647145 0.0630227 -0.8152975 -0.5756024 0.08424781 -0.7840714 -0.6149262 0.07975984 -0.7476829 -0.6592485 0.08550215 -0.7435661 -0.6631733 0.07823278 -0.4264594 -0.9011171 0.08246675 -0.4857354 -0.8702071 0.07739744 -0.4900793 -0.8682349 0.08138314 -0.5372189 -0.8395073 0.06136353 -0.5807188 -0.8117883 0.07747897 -0.5883321 -0.804899 0.08593748 -0.6730512 -0.7345862 0.0380763 -0.6591117 -0.7510805 0.0803996 -0.6989093 -0.7106768 0.03165139 -0.3754883 -0.9262865 0.08236177 -0.3961615 -0.9144794 0.07680839 -0.2925588 -0.9531578 0.06094122 -0.2833004 -0.957093 0.07923076 -0.2338105 -0.9690486 0.07725864 -0.179894 -0.9806474 0.07945352 -0.1780884 -0.9808015 0.9967685 0.05516507 -0.05838853 0.996765 0.05519608 -0.05842097 0.9969399 0.04689987 -0.06253989 0.9968247 0.04806099 -0.06348854 0.9968262 0.04071682 -0.06840809 0.9968409 0.04054062 -0.06829739 0.9968082 0.03541643 -0.07154796 0.9969554 0.0333419 -0.07048543 0.9967468 0.02863017 -0.07534005 0.997009 0.02373668 -0.0735496 0.9967719 0.02071077 -0.07756772 0.9969755 0.0150183 -0.07625088 0.9968437 0.01346949 -0.0782386 0.9969918 0.006350781 -0.07724708 0.9968961 0.005753025 -0.07851774 0.9969187 0.0007579845 -0.07843762 0.9968033 -0.003331898 -0.07982516 0.07921076 0.2323545 -0.9694003 0.0766154 0.1613517 -0.9839185 0.07939152 0.1627906 -0.9834614 0.07835791 0.09361078 -0.9925205 0.06164673 0.04499618 -0.9970832 0.0782043 0.03368541 -0.9963681 0.07843878 -0.07630648 -0.9939943 0.02926256 -0.05024636 -0.9983081 0.0779999 -0.1090646 -0.9909697 0.05394553 0.292491 -0.9547454 0.07618795 0.2786345 -0.9573704 0.08108483 0.3690025 -0.9258847 0.06991756 0.3797563 -0.9224406 0.0792781 0.4109268 -0.9082148 0.08343773 0.4745944 -0.876241 0.07583839 0.4718244 -0.8784249 0.9969698 -0.004411242 -0.0776649 0.9968179 -0.01321646 -0.07860904 0.9970424 -0.01259669 -0.07581374 0.9967057 -0.02221092 -0.07800386 0.9970938 -0.02177146 -0.07300644 0.9966617 -0.02993724 -0.07595659 0.9970542 -0.02946822 -0.0708138 0.9965802 -0.03651865 -0.07412313 0.9970966 -0.03742481 -0.06631674 0.9965879 -0.04350533 -0.07014126 0.9970709 -0.04558417 -0.06141502 0.9966689 -0.04962557 -0.0647178 0.9970248 -0.05107917 -0.05772751 0.9967539 -0.05353872 -0.06012855 0.9970354 -0.05640599 -0.05233376 0.0868733 0.7352409 -0.6722158 0.08150878 0.686544 -0.7225052 0.07428835 0.6618807 -0.745919 0.08414 0.6533459 -0.7523692 0.07670538 0.579119 -0.8116264 0.05691696 0.5911257 -0.8045688 0.08141237 0.5373868 -0.8393971 0.08841061 0.9152291 -0.393115 0.08158847 0.8674346 -0.4908164 0.08711337 0.8689544 -0.4871648 0.0806968 0.8214225 -0.5645823 0.06299113 0.8154126 -0.5754427 0.08414588 0.7841965 -0.6147807 0.07783401 0.7330193 -0.6757401 0.0526641 0.964951 -0.2570916 0.08631589 0.9441165 -0.3181093 0.08197154 0.9144376 -0.396339 0.08371356 0.9572435 -0.2769058 0.08736596 0.9811034 -0.1726363 0.08514687 0.9809908 -0.1743759 0.08724709 0.993942 -0.06683733 0.04652027 0.9956543 0.08067418 0.08632066 0.9960905 0.01877227 0.08610842 0.9939947 -0.0675257 0.08718082 0.9946002 0.05630372 0.08523612 0.9827501 0.1641252 0.08733708 0.9822702 0.1658835 0.0838213 0.9593287 0.2695596 0.0398271 0.9113417 0.4097195 0.08404355 0.931259 0.3545327 0.08816236 0.9581563 0.2723301 0.08847462 0.9182752 0.3859311 0.08188023 0.8722084 0.4822325 0.08695402 0.869482 0.486251 0.07971148 0.8157766 0.5728478 0.08742368 0.8120078 0.5770618 0.08085097 0.7591574 0.6458662 0.9967853 -0.0593021 -0.05387112 0.9969463 -0.05801919 -0.05226611 0.9970343 -0.0627502 -0.04455282 0.9970763 -0.06243983 -0.04404718 0.9971051 -0.06544161 -0.03871185 0.9972799 -0.06419543 -0.03621903 0.9971384 -0.06885229 -0.0312131 0.9974332 -0.0668656 -0.02561463 0.9972413 -0.07079152 -0.02232449 0.9974659 -0.06935892 -0.01584752 0.9973567 -0.07126279 -0.01419215 0.9975123 -0.07022694 -0.006123721 0.9974387 -0.07131163 -0.005553094 0.9974453 -0.07125362 0.005092781 0.9975147 -0.07029962 0.00474104 0.997333 -0.07148195 0.01473854 0.9975129 -0.06910557 0.01386696 0.9971798 -0.07120787 0.02370322 0.9975283 -0.06636459 0.02308816 0.997007 -0.06984276 0.03315347 0.9974488 -0.06319214 0.0332063 0.9969036 -0.06705321 0.04107415 0.9973038 -0.0608093 0.0410772 0.9967918 -0.06458393 0.047276 0.9972089 -0.05605898 0.0493121 0.996785 -0.05950142 0.05365776 0.9970358 -0.05643619 0.0522926 0.03197047 0.7235619 0.6895187 0.08695482 0.7379664 0.6692118 0.07881146 0.6643989 0.7432112 0.08474275 0.5820416 0.8087313 0.06702977 0.5763658 0.814438 0.08084506 0.6233918 0.7777188 0.02339491 0.4562817 0.8895278 0.08346202 0.4786824 0.8740122 0.07719238 0.3849646 0.9196976 0.2329091 -0.03997436 0.9716766 0.2333705 0.05974939 0.9705505 0.232824 0.0601756 0.9706554 0.2343584 0.1589187 0.959073 0.2320574 0.160372 0.9593906 0.2360776 0.2707429 0.9332554 0.232563 0.2731326 0.9334415 0.2377017 0.363717 0.9006708 0.2346437 0.3665717 0.9003153 0.2403619 0.4537819 0.858084 0.234976 0.4576519 0.8575203 0.2430963 0.5534591 0.7966099 0.2371062 0.5578032 0.7953843 0.2448114 0.6328878 0.7345206 0.2405346 0.6368115 0.7325395 0.2480582 0.705938 0.6634144 0.241841 0.7101933 0.6611645 0.2507877 0.7821796 0.5703512 0.2449557 0.7859208 0.5677368 0.2522919 0.839227 0.4817125 0.2484583 0.8419378 0.4789668 0.2547014 0.8864686 0.3863945 0.2502474 0.8888119 0.3839136 0.2561236 0.9279503 0.2707565 0.2528428 0.929424 0.2687778 0.2564845 0.9523419 0.1651073 0.254939 0.952978 0.1638262 0.2567088 0.9648253 0.05668036 0.2559474 0.9650557 0.05619967 0.255835 0.9643765 -0.06727807 0.2567193 0.9641805 -0.06671654 0.2547672 0.9512868 -0.1736293 0.2564307 0.9510933 -0.1722348 0.2525407 0.9267416 -0.2781604 0.256132 0.9264039 -0.2759932 0.249878 0.8846434 -0.3936585 0.2547406 0.8845161 -0.3908179 0.2482117 0.8376513 -0.4865504 0.2522907 0.8382285 -0.4834484 0.2444808 0.7815471 -0.5739453 0.251002 0.782033 -0.5704579 0.241467 0.7049341 -0.6669045 0.2481861 0.7058384 -0.6634725 0.2400677 0.6310073 -0.7376974 0.24514 0.6327452 -0.7345338 0.2368176 0.5510315 -0.800176 0.2431536 0.5525049 -0.7972544 0.2346304 0.4509687 -0.861148 0.240283 0.4526463 -0.8587056 0.2341495 0.3586432 -0.903631 0.2376817 0.3604573 -0.9019856 0.2323136 0.2631817 -0.9363577 0.2360462 0.2647041 -0.934994 0.2322052 0.153634 -0.9604568 0.2341828 0.1546163 -0.9598189 0.2322647 0.04221392 -0.9717361 0.232903 0.04255337 -0.9715685 0.2332056 -0.07191087 -0.9697649 0.2323124 -0.07244279 -0.9699397 0.2345961 -0.1695033 -0.9572008 0.2328223 -0.171018 -0.9573644 0.2360199 -0.2660654 -0.9346142 0.2324332 -0.2684819 -0.9348221 0.2382012 -0.3748488 -0.8959624 0.2337699 -0.3779933 -0.8958084 0.2401211 -0.4641124 -0.8526087 0.2363409 -0.467688 -0.8517106 0.2430294 -0.5493535 -0.799467 0.2370935 -0.5536364 -0.7982941 0.2459343 -0.6420798 -0.7261198 0.2397167 -0.6464972 -0.7242771 0.2476605 -0.7147558 -0.6540554 0.243292 -0.7185189 -0.651567 0.2507365 -0.7797539 -0.5736853 0.244865 -0.7835172 -0.5710884 0.253156 -0.844845 -0.4713269 0.2479511 -0.847879 -0.468638 0.2543416 -0.8914233 -0.3750664 0.25116 -0.8933513 -0.3726152 0.2561249 -0.9271787 -0.2733856 0.2528064 -0.9286712 -0.2714013 0.2567738 -0.9542919 -0.1529515 0.2548196 -0.9550112 -0.1517247 0.2565612 -0.965476 -0.04508115 0.2561276 -0.9656081 -0.04471567 0.2558787 -0.9645947 0.0638994 0.2567098 -0.9644084 0.06337556 0.2542773 -0.9489388 0.1867035 0.2566658 -0.9485874 0.1852156 0.2528384 -0.923139 0.2896326 0.2555625 -0.9230868 0.2873996 0.2499749 -0.8865871 0.389199 0.2548138 -0.886439 0.3863883 0.2469533 -0.8311698 0.4981675 0.252783 -0.8313628 0.4949107 0.2452854 -0.7737772 0.5840411 0.2499491 -0.774799 0.5806996 0.2415444 -0.7083797 0.6632152 0.2483577 -0.7092626 0.6597461 0.2386782 -0.6220422 0.7457185 0.2453536 -0.6233124 0.7424845 0.2375372 -0.5405096 0.8071093 0.2422967 -0.5424294 0.804402 0.234658 -0.4540089 0.8595414 0.2403582 -0.4556737 0.8570819 0.2331253 -0.3483041 0.90793 0.07840957 0.00914928 0.9968792 0.07849091 0.06277484 0.9949365 0.07763685 0.0634301 0.9949619 0.07893892 0.1364028 0.9875033 0.05068518 0.1698762 0.9841611 0.077706 0.1961288 0.9774944 0.08089674 0.2867243 0.9545916 0.06202577 0.2782982 0.95849 0.07881323 0.3338039 0.939342 0.2323339 -0.03966529 0.971827 0.07732002 -0.04209511 0.9961173 0.06180565 -0.05093512 0.9967877 0.996755 -0.05372652 0.05994004 0.9967512 -0.05376011 0.05997306 0.9969437 -0.04711077 0.06232063 0.9968195 -0.04835342 0.0633458 0.9968299 -0.04102394 0.06817075 0.9969019 -0.04016849 0.06762633 0.9967631 -0.03419193 0.07276172 0.9969077 -0.03205312 0.07174698 0.996792 -0.02818682 0.07490873 0.9970091 -0.02415534 0.0734124 0.9967728 -0.02105488 0.07746354 0.9970205 -0.01415812 0.0758269 0.9968324 -0.01257681 0.07852962 0.9969611 -0.005262987 0.07772364 0.9969039 -0.004814798 0.07848082 0.996921 -0.000835964 0.07840768 0.9967948 0.003134644 0.07993976 0.9969639 0.004255387 0.07774973 0.9968125 0.01319991 0.07867951 0.985864 -0.07690443 0.1488545 0.9845723 -0.06669082 0.1617707 0.9832443 -0.06974071 0.1684251 0.9818767 -0.05735357 0.1806343 0.9804686 -0.05953933 0.1874474 0.9795172 -0.04946758 0.1951896 0.978435 -0.04991025 0.2004343 0.9776457 -0.04068684 0.2062849 0.9763225 -0.04134918 0.212331 0.9756213 -0.03090656 0.2172737 0.974529 -0.03084665 0.2221296 0.9741177 -0.02238878 0.2249301 0.9734696 -0.02173921 0.2277816 0.9731754 -0.01357164 0.2296637 0.972644 -0.01305934 0.2319336 0.9724884 -0.0035314 0.2329244 0.9723458 -0.003315588 0.2335219 0.972375 0.005357566 0.2333625 0.9725261 0.004962408 0.2327409 0.9726818 0.01446678 0.2316911 0.9731832 0.01319228 0.2296528 0.9736103 0.02505791 0.2268369 0.9743688 0.02258942 0.2238197 0.9749976 0.03394693 0.2196073 0.9756258 0.03083996 0.2172631 0.976468 0.04357972 0.2112137 0.9774863 0.0388043 0.2074002 0.9787877 0.0542632 0.1975608 0.9798024 0.04841773 0.1940179 0.9812244 0.06238618 0.1825011 0.9818361 0.05719144 0.1809055 0.9834129 0.07173412 0.1665931 0.9842863 0.06485131 0.1642404 0.9862624 0.08083323 0.1440573 0.98699 0.0740753 0.1427011 0.9887555 0.08685009 0.1217361 0.9891475 0.08199631 0.1219172 0.9907468 0.0935623 0.09832036 0.9912166 0.08830261 0.09845001 0.9927438 0.09848472 0.0689959 0.993071 0.09469411 0.0695918 0.9940401 0.1005979 0.04200336 0.9941876 0.0988261 0.04271376 0.9946634 0.1021577 0.01444056 0.9947364 0.1014018 0.01473944 0.9947171 0.1012246 -0.01707624 0.9946215 0.102079 -0.01754747 0.994149 0.09871085 -0.04386194 0.9939401 0.1001954 -0.04520927 0.9930483 0.09474342 -0.06984833 0.9925758 0.09772177 -0.07241553 0.9912211 0.08859497 -0.09814084 0.9904955 0.09218086 -0.1020852 0.9892131 0.08282383 -0.1208206 0.9884937 0.08511099 -0.1250456 0.9871342 0.0752708 -0.1410687 0.9859827 0.07885936 -0.147036 0.9844453 0.06635552 -0.1626786 0.983125 0.06932658 -0.1692904 0.9819903 0.05883927 -0.1795354 0.9809248 0.05987321 -0.1849369 0.9799333 0.05008835 -0.1929297 0.9785175 0.05160715 -0.1996007 0.9775805 0.04040472 -0.2066489 0.9762656 0.04102826 -0.2126548 0.9756755 0.03207121 -0.216861 0.9747951 0.0316261 -0.2208489 0.974342 0.02326819 -0.2238667 0.9734782 0.02287226 -0.2276337 0.9731557 0.0136028 -0.2297453 0.9726545 0.01307989 -0.231888 0.9724965 0.003761164 -0.2328869 0.9723461 0.003537145 -0.2335179 0.97237 -0.00647242 -0.2333553 0.972605 -0.005984324 -0.2323867 0.9728132 -0.01538198 -0.2310797 0.9731897 -0.01411865 -0.2295702 0.9735516 -0.024627 -0.227136 0.9743147 -0.0221805 -0.2240958 0.9750246 -0.03540055 -0.2192576 0.9759687 -0.0316023 -0.2156069 0.9768762 -0.04410491 -0.209207 0.9775452 -0.04008324 -0.2068785 0.9786758 -0.05383508 -0.1982308 0.979699 -0.04801663 -0.1946391 0.9813143 -0.06427234 -0.1813598 0.982271 -0.05765563 -0.1783803 0.9839114 -0.07179451 -0.1635968 0.984454 -0.06637176 -0.1626197 0.9861649 -0.08055131 -0.1448798 0.9868954 -0.07382443 -0.1434829 0.9888703 -0.08848974 -0.1196042 0.9894528 -0.08237163 -0.1191564 0.9910761 -0.09331886 -0.09518342 0.9913833 -0.08932136 -0.09581643 0.9927002 -0.09844385 -0.06967804 0.9930342 -0.09458499 -0.07026299 0.9940872 -0.1013462 -0.03898288 0.9942759 -0.09923756 -0.03959107 0.9947382 -0.1018062 -0.01146642 0.9947825 -0.101343 -0.01172383 0.9947244 -0.1012923 0.01623144 0.9946339 -0.1021057 0.01667327 0.9940417 -0.09829427 0.04710909 0.993747 -0.100483 0.04868117 0.9928683 -0.09441482 0.07278948 0.9924891 -0.09649032 0.07519995 0.9913052 -0.08886801 0.09703797 0.9429717 -0.1911633 0.2725085 0.9400009 -0.1642586 0.2990276 0.938246 -0.1656582 0.3037299 0.936024 -0.1417626 0.3221218 0.9347042 -0.1419613 0.3258452 0.9326164 -0.1179791 0.3410391 0.9310555 -0.1183321 0.3451567 0.9291506 -0.08995494 0.3585907 0.9278207 -0.0898211 0.3620508 0.9266351 -0.06490733 0.3703168 0.9258994 -0.06439482 0.3722413 0.9249704 -0.03937478 0.3779939 0.9244037 -0.03900588 0.3794159 0.9239361 -0.01020732 0.3824106 0.9237641 -0.01003861 0.3828304 0.9238783 0.01537908 0.3823774 0.9240539 0.01508938 0.3819643 0.9244523 0.04114879 0.3790707 0.9250511 0.04021606 0.3777078 0.9261454 0.07051672 0.370516 0.9270733 0.06873458 0.368525 0.9285752 0.0951912 0.3587294 0.9293897 0.09293666 0.357208 0.9311554 0.1201858 0.3442456 0.9324865 0.1168009 0.3417991 0.9351335 0.1481852 0.3218175 0.9365895 0.1439179 0.3195115 0.9393139 0.1702356 0.297841 0.940278 0.1664922 0.2969136 0.9430526 0.1924917 0.2712907 0.9444395 0.1876037 0.2698867 0.9478816 0.2154137 0.2347709 0.9491305 0.2106425 0.2340538 0.9521348 0.2320603 0.1989658 0.9528992 0.2286344 0.1992721 0.9554683 0.2475723 0.1605874 0.956372 0.2438878 0.1608457 0.9588597 0.2604599 0.1129098 0.9595029 0.2578503 0.1134348 0.961118 0.2674029 0.06890382 0.9614229 0.2661584 0.06946824 0.9621402 0.2715233 0.02369299 0.9622884 0.2709762 0.02393272 0.9622545 0.2706992 -0.02807462 0.9620726 0.2713073 -0.02843668 0.9613373 0.2657308 -0.07223274 0.9609851 0.2667347 -0.07321302 0.9594065 0.2573949 -0.11527 0.9586307 0.2594376 -0.117129 0.9562533 0.243455 -0.1622012 0.9551555 0.2458743 -0.1649964 0.9528461 0.2286969 -0.1994545 0.9518476 0.2302058 -0.2024633 0.9491549 0.2110776 -0.233562 0.9476066 0.2134326 -0.2376726 0.9444968 0.1881444 -0.2693094 0.9427783 0.190101 -0.2739175 0.9403308 0.1671191 -0.2963938 0.9390093 0.1677307 -0.3002132 0.9366079 0.1444089 -0.3192362 0.9348649 0.14536 -0.3238798 0.9325091 0.1171858 -0.3416054 0.9309406 0.1175161 -0.3457449 0.9293367 0.09275051 -0.3573942 0.928353 0.09236383 -0.3600413 0.9269892 0.06771324 -0.3689255 0.9259496 0.06735543 -0.3715919 0.9249844 0.03945258 -0.3779514 0.9244117 0.03905005 -0.3793918 0.9239284 0.0108539 -0.3824114 0.9237624 0.0106937 -0.3828167 0.9238348 -0.01854224 -0.382342 0.9241198 -0.0181704 -0.3816707 0.9247191 -0.04378193 -0.3781241 0.9251495 -0.04290197 -0.3771708 0.9260287 -0.06933925 -0.3710295 0.9269657 -0.06756328 -0.3690121 0.9286314 -0.09851849 -0.357684 0.9298152 -0.09582961 -0.3553314 0.9317985 -0.1226134 -0.3416395 0.9327428 -0.1196242 -0.3401186 0.9349545 -0.1469963 -0.3228811 0.9364012 -0.1427957 -0.3205657 0.9394757 -0.1736794 -0.2953316 0.9409038 -0.168995 -0.2934974 0.9438876 -0.1943053 -0.2670613 0.9448256 -0.1903767 -0.266573 0.9477127 -0.2146676 -0.2361324 0.948956 -0.2099395 -0.235389 0.95229 -0.2346817 -0.1951109 0.9533728 -0.2303385 -0.1949986 0.9560819 -0.2483226 -0.1557024 0.9567174 -0.2454851 -0.1562971 0.9587969 -0.2602109 -0.1140126 0.9594432 -0.2575907 -0.1145246 0.9611488 -0.268538 -0.06387676 0.9615412 -0.267008 -0.0643841 0.9623407 -0.2711936 -0.01883009 0.9624262 -0.270876 -0.01902419 0.9622778 -0.2707587 0.02666705 0.9620991 -0.2713583 0.02701876 0.9611128 -0.2650169 0.07764201 0.9606034 -0.2665203 0.07879078 0.9591523 -0.2561773 0.1200001 0.9585606 -0.25757 0.1217343 0.95641 -0.2440571 0.1603621 0.9553127 -0.2465008 0.1631412 0.9524686 -0.2263783 0.2038538 0.8710499 -0.2674242 0.412015 0.8676296 -0.2302794 0.4406702 0.866627 -0.2302915 0.4426323 0.8632675 -0.1921397 0.4667456 0.8619382 -0.1922548 0.4691488 0.8588753 -0.1466363 0.4907453 0.8578457 -0.1464903 0.4925864 0.8559421 -0.1057316 0.5061463 0.8553392 -0.1053787 0.5072379 0.8537793 -0.0642567 0.5166546 0.8531896 -0.06394359 0.5176666 0.8524215 -0.01660232 0.5225915 0.8523229 -0.01652701 0.5227548 0.8525475 0.02504278 0.5220495 0.852706 0.02484399 0.5218001 0.8533124 0.06681562 0.5171012 0.8538163 0.06623235 0.5163438 0.8555545 0.1142288 0.5049537 0.8563555 0.1131121 0.503846 0.8587199 0.1539797 0.488764 0.8593944 0.1526516 0.4879945 0.8620137 0.1937087 0.4684115 0.863196 0.191618 0.4670924 0.8671169 0.238042 0.4375435 0.8683442 0.2356092 0.4364249 0.8723184 0.2735311 0.4052669 0.8731831 0.2713303 0.4048841 0.8770574 0.308036 0.3686244 0.8783547 0.3050942 0.3679817 0.8831624 0.3439191 0.3189732 0.8842894 0.3412261 0.3187429 0.8884753 0.3707051 0.2705353 0.8892303 0.3686523 0.2708598 0.8926778 0.394351 0.2182053 0.8935475 0.3922208 0.2184847 0.8969222 0.4146925 0.1534948 0.8975446 0.413198 0.1538865 0.8997717 0.4261691 0.09375973 0.900061 0.4254767 0.09412576 0.9009758 0.4326713 0.03222005 0.9011311 0.4323352 0.03238849 0.9010856 0.4319535 -0.03822369 0.9009067 0.4323057 -0.03845704 0.8999458 0.4247412 -0.0984507 0.8996245 0.4252844 -0.09904039 0.8973807 0.4122858 -0.1572522 0.8966732 0.4134012 -0.1583561 0.8933426 0.3910252 -0.221446 0.8923448 0.3923552 -0.2231101 0.8890967 0.3678954 -0.2723231 0.8882314 0.3686761 -0.2740858 0.884257 0.3407832 -0.3193061 0.8828683 0.3420749 -0.3217583 0.8782673 0.3047309 -0.3684912 0.8768007 0.3057457 -0.3711336 0.873127 0.2708977 -0.4052946 0.8720379 0.2711429 -0.4074694 0.8682529 0.2348344 -0.4370238 0.8668254 0.2352694 -0.4396157 0.863112 0.1908746 -0.4675516 0.8617994 0.1909739 -0.4699264 0.8592511 0.1510625 -0.488741 0.8584209 0.1507562 -0.4902918 0.856151 0.1104242 -0.5047891 0.8553602 0.1101762 -0.5061819 0.8537841 0.06435042 -0.5166349 0.8532584 0.06405018 -0.5175399 0.8524552 0.01763749 -0.5225028 0.852371 0.01757417 -0.5226421 0.8524932 -0.0301224 -0.5218698 0.8526937 -0.02992433 -0.5215535 0.8536984 -0.07115253 -0.5158839 0.8540876 -0.07056107 -0.5153207 0.8554378 -0.1122954 -0.5055847 0.8562314 -0.1112025 -0.5044817 0.8588138 -0.1590749 -0.486964 0.8598126 -0.1574661 -0.4857229 0.8628491 -0.1978569 -0.4651282 0.8636717 -0.1960542 -0.4643641 0.8668735 -0.2362046 -0.4390191 0.8681331 -0.2337278 -0.4378543 0.8725826 -0.2783771 -0.4013797 0.8738614 -0.2756177 -0.400501 0.878125 -0.3113789 -0.3632352 0.8789573 -0.309161 -0.3631164 0.8829178 -0.3428374 -0.3208095 0.8841063 -0.3400073 -0.3205479 0.8887038 -0.3740656 -0.2651044 0.8896787 -0.371679 -0.2651915 0.893421 -0.3961999 -0.2117181 0.8940634 -0.3944921 -0.2121945 0.8968215 -0.4143531 -0.1549924 0.8974599 -0.4128213 -0.1553847 0.8997679 -0.4276293 -0.08689591 0.9001276 -0.4268054 -0.08721999 0.9012555 -0.4325292 -0.02563046 0.9013405 -0.4323446 -0.02575859 0.9010828 -0.4321236 0.03631924 0.900918 -0.4324492 0.03653191 0.8995672 -0.4237589 0.1058644 0.8991016 -0.4245749 0.1065479 0.8971419 -0.4103186 0.1636309 0.8965876 -0.4110981 0.1647093 0.8935001 -0.3920422 0.2189987 0.8925292 -0.3933494 0.2206078 0.8884782 -0.3647117 0.2785534 0.8872294 -0.3660881 0.2807196 0.8836138 -0.3372049 0.3248376 0.7758227 -0.3126085 0.5480649 0.77126 -0.2612716 0.5804267 0.7707999 -0.261267 0.5810397 0.7666566 -0.1995659 0.610255 0.7661844 -0.1994798 0.6108758 0.7636192 -0.1439629 0.6294127 0.7633418 -0.143813 0.6297833 0.7611697 -0.08742345 0.6426336 0.7610761 -0.08737884 0.6427504 0.7600306 -0.0225939 0.6494945 0.7599747 -0.02255739 0.6495611 0.7603141 0.03398316 0.6486661 0.7602954 0.0340027 0.6486869 0.7610863 0.09080123 0.6422637 0.7612913 0.09060789 0.6420481 0.763633 0.1550904 0.6267469 0.7640168 0.1546628 0.6263847 0.7671911 0.2088923 0.6064502 0.7674969 0.2084162 0.606227 0.7708929 0.2621328 0.5805262 0.7713338 0.2615307 0.580212 0.776426 0.3216986 0.5419158 0.7769412 0.3209255 0.5416356 0.7820721 0.3695234 0.5018124 0.7825049 0.3687001 0.5017431 0.7873597 0.4149944 0.4558994 0.787869 0.4141499 0.4557875 0.7939137 0.4628503 0.3942976 0.7944408 0.4619471 0.394295 0.7996816 0.4986829 0.334402 0.8000203 0.4980314 0.3345628 0.804235 0.5296613 0.2695642 0.8045868 0.529062 0.2696916 0.8087486 0.5567573 0.1895968 0.8090268 0.5562991 0.1897552 0.8118024 0.5723253 0.115847 0.8119308 0.5721164 0.1159794 0.8130227 0.580869 0.03981605 0.8130782 0.580788 0.03986405 0.8130213 0.580312 -0.04726825 0.8129681 0.5803821 -0.04732173 0.8118129 0.5710872 -0.1217341 0.8116636 0.5712547 -0.1219443 0.8088163 0.5549382 -0.1945765 0.8085024 0.5552666 -0.1949432 0.8043097 0.5271358 -0.2742511 0.8039029 0.5274937 -0.2747556 0.7998191 0.4964945 -0.3373168 0.7994003 0.49673 -0.337962 0.7942405 0.4607945 -0.3960436 0.7936888 0.4611259 -0.3967632 0.7877188 0.4127038 -0.4573561 0.7871227 0.4129614 -0.4581492 0.7823375 0.3672538 -0.5030633 0.7818193 0.3672899 -0.5038419 0.7767437 0.3189526 -0.5430825 0.776128 0.3190461 -0.5439071 0.7711369 0.2594829 -0.5813919 0.7707424 0.2594755 -0.5819181 0.7673264 0.2054602 -0.6074506 0.766956 0.205321 -0.6079654 0.7638373 0.1503763 -0.627646 0.7633623 0.150228 -0.6282591 0.7612077 0.08752159 -0.6425752 0.7611505 0.08749238 -0.6426469 0.7600518 0.02408417 -0.649416 0.7598835 0.02397572 -0.649617 0.7600524 -0.04098907 -0.6485678 0.7601554 -0.04090454 -0.6484524 0.7615536 -0.09676999 -0.6408367 0.7617533 -0.09652162 -0.6406367 0.763531 -0.1523947 -0.6275319 0.7638252 -0.1520709 -0.6272524 0.7672626 -0.2156754 -0.6039804 0.7677576 -0.2150502 -0.603574 0.7717671 -0.2678872 -0.5767253 0.7720298 -0.2674409 -0.5765808 0.7761362 -0.3192879 -0.5437534 0.7767105 -0.3184328 -0.5434349 0.7824165 -0.3755883 -0.4967473 0.7829422 -0.3747463 -0.4965549 0.7883782 -0.4200391 -0.4494742 0.7888137 -0.4191895 -0.4495032 0.7937292 -0.4612593 -0.3965271 0.7942151 -0.460429 -0.3965191 0.799938 -0.5028074 -0.327542 0.8004014 -0.502008 -0.3276363 0.8050534 -0.5323786 -0.2616529 0.8052795 -0.53196 -0.2618082 0.8086449 -0.5562851 -0.1914167 0.808955 -0.5557743 -0.1915899 0.81179 -0.5739971 -0.1073516 0.8119385 -0.5737662 -0.1074626 0.8133572 -0.5809017 -0.03167363 0.8133909 -0.5808524 -0.03171371 0.8130344 -0.5804814 0.04490424 0.8129793 -0.5805544 0.04495918 0.8112924 -0.5697932 0.1309211 0.8110861 -0.5700341 0.1311502 0.808665 -0.5523255 0.2024783 0.8084466 -0.5525265 0.2028015 0.8045236 -0.5284129 0.2711484 0.8040637 -0.5288218 0.2717149 0.7989057 -0.4924715 0.3452847 0.7984295 -0.4928145 0.3458963 0.7938212 -0.4557536 0.4026618 0.7933779 -0.4559214 0.4033449 0.787993 -0.4148559 0.4549303 0.6599571 -0.3235297 0.6780745 0.6548302 -0.2473021 0.7141702 0.6554222 -0.2474345 0.7135811 0.6522482 -0.1784644 0.7366971 0.6525624 -0.1786303 0.7363787 0.6498522 -0.1084763 0.7522799 0.6499922 -0.1085399 0.7521497 0.64869 -0.027971 0.7605385 0.6488379 -0.02805864 0.7604092 0.6492758 0.0421051 0.7593867 0.6491563 0.04221576 0.7594826 0.6501264 0.1125224 0.7514482 0.649908 0.1127002 0.7516104 0.6527918 0.1919916 0.7328043 0.6524017 0.1923587 0.7330554 0.6562895 0.2584857 0.7088506 0.6559354 0.2589482 0.7090095 0.6600365 0.3238828 0.6778287 0.6594705 0.3245147 0.6780773 0.6655985 0.3968391 0.632058 0.6649436 0.3976278 0.6322516 0.671058 0.4554704 0.5850024 0.6705434 0.4562517 0.5849837 0.6762648 0.5107216 0.530876 0.6755779 0.5116068 0.5308982 0.6826893 0.5688261 0.4586635 0.6820846 0.5696169 0.4585817 0.6881963 0.6125095 0.3888674 0.6877623 0.613142 0.3886385 0.6926599 0.6497357 0.3131545 0.6922072 0.6503066 0.3129706 0.6970375 0.6824021 0.2201502 0.6966861 0.6828235 0.2199557 0.6998927 0.701472 0.1344891 0.6997422 0.7016485 0.1343507 0.700994 0.7116675 0.04622636 0.7009089 0.7117554 0.04616243 0.7008289 0.7112162 -0.05486582 0.7009048 0.7111465 -0.05480185 0.6995583 0.7004418 -0.1414197 0.6997423 0.7003013 -0.141205 0.6964079 0.6810808 -0.2261526 0.6967977 0.6808038 -0.2257857 0.6918627 0.647747 -0.3189827 0.6923469 0.647464 -0.3185062 0.6874839 0.6108202 -0.392765 0.6880068 0.6106477 -0.3921176 0.6818409 0.567598 -0.4614385 0.6825064 0.5673476 -0.4607621 0.6753243 0.5091844 -0.5335432 0.6761019 0.5089906 -0.5327427 0.670294 0.4536067 -0.5873217 0.6708891 0.4536367 -0.5866188 0.6646757 0.3944562 -0.634516 0.6653349 0.3944323 -0.6338397 0.6592026 0.3212669 -0.679882 0.6598544 0.3213294 -0.6792198 0.6556401 0.2546668 -0.7108312 0.6560188 0.2548175 -0.7104276 0.652124 0.1864489 -0.7348273 0.6525866 0.1865993 -0.7343782 0.6499135 0.1085747 -0.7522127 0.6500834 0.1086571 -0.752054 0.648712 0.02984465 -0.7604486 0.6488228 0.0299095 -0.7603514 0.649038 -0.05086602 -0.7590536 0.6490103 -0.05088605 -0.7590759 0.6507529 -0.1197949 -0.7497799 0.6504459 -0.1201262 -0.7499933 0.6526176 -0.1887475 -0.7338015 0.6523219 -0.1890227 -0.7339935 0.6565226 -0.2666171 -0.7056156 0.655929 -0.2672389 -0.7059324 0.660794 -0.3311283 -0.6735765 0.660387 -0.3316985 -0.6736951 0.665309 -0.3938704 -0.6342161 0.6646456 -0.3946642 -0.6344183 0.67145 -0.4627273 -0.5788249 0.6708095 -0.4635364 -0.5789202 0.6772294 -0.5170161 -0.5235023 0.676701 -0.5178238 -0.5233872 0.6824588 -0.5669849 -0.4612788 0.6818951 -0.5677202 -0.4612079 0.6885789 -0.6171621 -0.3807494 0.6879644 -0.6179573 -0.3805703 0.6933795 -0.653313 -0.3039851 0.6930965 -0.6537027 -0.3037927 0.6969778 -0.6817674 -0.222295 0.6965668 -0.6822605 -0.2220709 0.6998555 -0.7033308 -0.124611 0.6996675 -0.7035404 -0.1244842 0.7013178 -0.7118995 -0.03677817 0.7012652 -0.711954 -0.03672419 0.7008403 -0.7114108 0.05212881 0.7009238 -0.7113338 0.05205908 0.6989549 -0.6988068 0.1520889 0.6992215 -0.6985928 0.1518467 0.6963914 -0.6779773 0.2353415 0.6966784 -0.6778032 0.2349939 0.692045 -0.6492902 0.31543 0.6926042 -0.6489592 0.3148833 0.6864978 -0.6059155 0.4019791 0.6871084 -0.6056314 0.4013636 0.6816021 -0.5614935 0.4691948 0.6820911 -0.5614014 0.468594 0.6755825 -0.5117999 0.5307062 0.6763842 -0.5115934 0.5298836 0.669232 -0.4470031 0.5935627 0.5282597 -0.2891103 0.7983463 0.5245326 -0.2085284 0.8254582 0.5254508 -0.2090183 0.8247502 0.5222875 -0.1267122 0.8433029 0.5232019 -0.1271227 0.8426741 0.5216822 -0.03275221 0.852511 0.5217829 -0.03280849 0.8524472 0.5222781 0.04930671 0.8513486 0.5221568 0.04941018 0.8514171 0.5233092 0.131299 0.8419668 0.5223116 0.132027 0.8424722 0.5256681 0.2241216 0.8206355 0.5244113 0.2251583 0.8211556 0.528878 0.3014527 0.7933564 0.5276254 0.3028804 0.7936466 0.5323592 0.3773106 0.7577799 0.5304285 0.3791358 0.7582227 0.5374221 0.4615934 0.7057684 0.5352167 0.4637997 0.7059979 0.5421103 0.5293368 0.6526247 0.5405483 0.5313036 0.6523221 0.5470147 0.5924879 0.5913823 0.5447857 0.5947937 0.5911252 0.5527306 0.6588093 0.5103519 0.5504807 0.6611232 0.5097913 0.5572536 0.7089251 0.432312 0.5558486 0.7105271 0.4314898 0.5613178 0.7509984 0.3477409 0.5597035 0.7525401 0.3470093 0.5650422 0.7880628 0.2443037 0.5638227 0.7891464 0.2436225 0.5673262 0.8098693 0.1491733 0.5667682 0.8103484 0.1486919 0.5681986 0.821293 0.05126553 0.5679235 0.8214951 0.05107633 0.5678233 0.8208981 -0.06085212 0.5681462 0.8206925 -0.06061171 0.5665845 0.8089224 -0.1569289 0.5672252 0.8085992 -0.1562784 0.5635551 0.787011 -0.2510363 0.5648563 0.7864061 -0.2500057 0.5593074 0.7493602 -0.3544495 0.5611276 0.7486962 -0.3529727 0.5556095 0.7074737 -0.4367827 0.5570863 0.707252 -0.4352578 0.550115 0.6582748 -0.5138558 0.5525843 0.657773 -0.511845 0.5443934 0.591439 -0.5948409 0.5468749 0.5911798 -0.592819 0.5401674 0.5276378 -0.6556047 0.541989 0.5279188 -0.6538729 0.5348195 0.4593752 -0.7091844 0.5373724 0.4595305 -0.7071511 0.5302638 0.3746501 -0.760564 0.5323046 0.3749874 -0.7589705 0.5273673 0.2972554 -0.7959416 0.5287248 0.2978387 -0.7948221 0.5241833 0.2177507 -0.8232961 0.5255679 0.2182309 -0.8222856 0.5224369 0.1269227 -0.8431788 0.5231482 0.1272623 -0.8426864 0.5215473 0.03488208 -0.8525091 0.5217659 0.03500277 -0.8523703 0.5220197 -0.05940087 -0.8508624 0.5215923 -0.05968278 -0.8511048 0.5236083 -0.1401102 -0.8403592 0.5231317 -0.1405737 -0.8405786 0.525677 -0.2202347 -0.8216814 0.5243225 -0.2213406 -0.8222495 0.5291734 -0.3108573 -0.7895209 0.527419 -0.3124371 -0.7900711 0.5329807 -0.3857768 -0.7530656 0.5315911 -0.3874458 -0.753191 0.5372224 -0.4581535 -0.7081578 0.5350451 -0.460318 -0.7084024 0.5427498 -0.5373618 -0.6454959 0.5403912 -0.5397895 -0.6454492 0.5475807 -0.5999621 -0.5832675 0.5460119 -0.6019123 -0.5827285 0.5524814 -0.6567506 -0.513267 0.5502664 -0.6590235 -0.5127328 0.557714 -0.7140727 -0.4231491 0.5558688 -0.7159124 -0.4224682 0.5618283 -0.7552143 -0.3376394 0.5605937 -0.7565149 -0.3367787 0.5649365 -0.7874071 -0.2466512 0.5637619 -0.788451 -0.2460033 0.5673883 -0.8117671 -0.1382201 0.5666671 -0.8123491 -0.1377582 0.5684336 -0.8217178 -0.04078113 0.5682764 -0.8218337 -0.04063473 0.5678523 -0.821098 0.05780927 0.5681563 -0.8209034 0.05758487 0.5659531 -0.8069846 0.1687396 0.5668411 -0.8065056 0.1680477 0.5636298 -0.7836148 0.2612838 0.5646192 -0.7832435 0.2602588 0.5594553 -0.751123 0.3504626 0.5612303 -0.7504648 0.3490316 0.5543278 -0.7019538 0.4471929 0.5565153 -0.7013593 0.4454051 0.5502135 -0.6513036 0.5225599 0.5519986 -0.6512395 0.520754 0.5446006 -0.5944179 0.5916734 0.547146 -0.5941344 0.5896064 0.5389323 -0.520014 0.6626744 0.5414466 -0.5199857 0.660644 0.5350478 -0.4503537 0.7147765 0.3853275 -0.2342927 0.8925411 0.3818262 -0.1418171 0.9132889 0.3832989 -0.1424873 0.9125674 0.3815907 -0.036671 0.9236037 0.3819708 -0.03687712 0.9234384 0.3824785 0.0551675 0.922316 0.3820106 0.05554485 0.9224872 0.3833502 0.1470236 0.911826 0.382017 0.1479195 0.9122406 0.3857557 0.2505345 0.887933 0.3833331 0.252332 0.888473 0.3882159 0.336778 0.8578281 0.3860283 0.3390129 0.857935 0.3913048 0.4209464 0.8183427 0.387664 0.4239261 0.8185373 0.3953325 0.5143047 0.7610538 0.3914483 0.5175968 0.7608296 0.3988671 0.588906 0.7029188 0.3958762 0.592101 0.7019248 0.4029461 0.6581367 0.6359956 0.3987048 0.6617057 0.6349645 0.4072854 0.7306897 0.5479154 0.4034337 0.7338322 0.5465634 0.4106103 0.7851781 0.4635671 0.4079923 0.7875388 0.4618711 0.413913 0.8306552 0.3724085 0.4108744 0.8328448 0.3708796 0.4165771 0.8707334 0.2613174 0.4144138 0.872138 0.2600704 0.4180582 0.8943056 0.1595145 0.4169663 0.8949775 0.1586016 0.4185895 0.906523 0.05475979 0.4181323 0.906752 0.05446206 0.4180403 0.9060987 -0.06501812 0.4186105 0.9058632 -0.06463069 0.4168649 0.8933542 -0.1677556 0.4179742 0.8930252 -0.1667436 0.4141147 0.8697081 -0.2685462 0.4165307 0.8690636 -0.2668908 0.4105553 0.8290865 -0.3795523 0.4137767 0.828491 -0.377348 0.4076781 0.7838108 -0.4684435 0.4105756 0.7838187 -0.4658926 0.4030697 0.7302288 -0.5516346 0.4073677 0.7299826 -0.5487958 0.3983846 0.6572956 -0.6397282 0.4029636 0.6573879 -0.6367586 0.3954839 0.587325 -0.7061456 0.3988051 0.5881547 -0.7035826 0.3909252 0.5120087 -0.764869 0.3953101 0.5126605 -0.762174 0.3873926 0.4182988 -0.8215553 0.3911804 0.4191745 -0.8193111 0.3855855 0.3321459 -0.8608153 0.3881781 0.3333604 -0.8591791 0.3831473 0.2435811 -0.8909918 0.3855299 0.2444737 -0.8897187 0.3820024 0.1420121 -0.9131849 0.3834842 0.1427272 -0.9124521 0.381702 0.03903396 -0.9234608 0.3821242 0.03926031 -0.9232766 0.3824097 -0.06640895 -0.9216033 0.3816089 -0.0669055 -0.9218993 0.3838092 -0.1568079 -0.910001 0.3827067 -0.1578019 -0.9102934 0.3855921 -0.2462555 -0.8892002 0.3832106 -0.2480052 -0.8897433 0.3885884 -0.3471838 -0.8535001 0.3854202 -0.3496956 -0.8539112 0.3914868 -0.4305261 -0.813256 0.388994 -0.4331597 -0.8130537 0.3952184 -0.5104003 -0.7637368 0.3911298 -0.5138455 -0.7635314 0.3995275 -0.5977434 -0.69504 0.3953725 -0.6012875 -0.6943585 0.4030772 -0.6664769 -0.6271663 0.4001743 -0.6694697 -0.6258361 0.4072106 -0.7283483 -0.5510792 0.403253 -0.7315722 -0.5497172 0.4112433 -0.7906399 -0.4536158 0.4077636 -0.7933201 -0.4520753 0.4140444 -0.8353562 -0.36159 0.4118269 -0.8371481 -0.3599746 0.416544 -0.869984 -0.2638537 0.4143105 -0.8714349 -0.2625796 0.4181815 -0.896268 -0.1477423 0.4169084 -0.8969921 -0.1469437 0.4187098 -0.907074 -0.04357547 0.4184185 -0.9072207 -0.04332047 0.4180627 -0.906316 0.06176492 0.4186079 -0.9060892 0.06139746 0.4162548 -0.8911731 0.1803953 0.4178748 -0.8906401 0.1792787 0.4143226 -0.8661336 0.2795521 0.4161478 -0.8657944 0.2778871 0.4106713 -0.8309665 0.3752917 0.4139433 -0.8303448 0.3730663 0.406453 -0.7777081 0.4795478 0.410421 -0.7772686 0.4768732 0.4034552 -0.7227104 0.5611717 0.406601 -0.7230137 0.558504 0.3985723 -0.6605817 0.6362169 0.403068 -0.660646 0.633311 0.3939916 -0.5788913 0.7139017 0.3986248 -0.5793213 0.7109748 0.3914454 -0.502101 0.7711453 0.3946849 -0.5031608 0.7687997 0.3874942 -0.4211304 0.8200594 0.9971412 0.06897575 0.03085166 0.9905818 -0.09249103 0.100962 0.9890267 -0.08148658 0.1232326 0.9510882 -0.2288743 0.2074793 0.9485756 -0.2090207 0.2377284 0.8826394 -0.3378353 0.3268257 0.8785323 -0.3063207 0.366536 0.7873794 -0.4151275 0.4557441 0.7814794 -0.361784 0.508333 0.6699622 -0.4469088 0.5928095 0.6644474 -0.3866182 0.6395592 0.5367762 -0.4507886 0.7132047 0.5302664 -0.3772623 0.7592699 0.3913465 -0.4220003 0.8177797 0.3846625 -0.3226464 0.8648318 0.2378452 -0.3499976 0.9060526 0.2331686 -0.2521109 0.9391872 0.08029061 -0.2667857 0.9604056 0.07773408 -0.1931137 0.9780923 0.9970661 0.0658612 0.03900522 0.9880577 -0.08520471 0.1283821 0.986737 -0.07493845 0.1439943 0.9474 -0.2103199 0.2412443 0.944679 -0.189182 0.2679397 0.8770357 -0.3073777 0.3692251 0.8725396 -0.2667212 0.4093099 0.7808555 -0.3619547 0.5091694 0.7763504 -0.3126552 0.5472904 0.6650836 -0.3867286 0.6388308 0.6594679 -0.3234863 0.6785711 0.5324554 -0.3776106 0.7575628 0.5264741 -0.2886348 0.7996968 0.387728 -0.3236001 0.8631049 0.3834889 -0.233279 0.8935979 0.2358379 -0.2536559 0.938104 0.2321365 -0.1534216 0.9605074 0.05069762 -0.1638344 0.9851843 0.07890666 -0.1335085 0.9879014</float_array>
          <technique_common>
            <accessor count="6602" source="#cubenormals-array1-array" stride="3">
              <param type="float" name="X"/>
              <param type="float" name="Y"/>
              <param type="float" name="Z"/>
            </accessor>
          </technique_common>
        </source>
        <vertices id="cubeverts-array1-vertices">
          <input semantic="POSITION" source="#cubeverts-array1"/>
        </vertices>
        <triangles count="6602" material="ref_joint_leg_for_soft_link___leg_mount_up_1">
          <input offset="0" semantic="VERTEX" source="#cubeverts-array1-vertices"/>
          <input offset="1" semantic="NORMAL" source="#cubenormals-array1"/>
          <p>2605 0 2604 0 2607 0 2608 1 2605 1 2607 1 2606 2 2605 2 2608 2 678 3 679 3 681 3 680 4 678 4 681 4 677 5 678 5 680 5 2608 6 681 6 679 6 2606 7 2608 7 679 7 759 8 2522 8 2530 8 1634 9 1467 9 1622 9 816 10 1659 10 1671 10 1821 11 816 11 1671 11 2522 12 759 12 767 12 816 13 2522 13 767 13 2473 14 2522 14 816 14 1821 15 2473 15 816 15 816 16 1467 16 1634 16 1646 17 816 17 1634 17 1659 18 816 18 1646 18 680 19 674 19 677 19 2609 20 2617 20 2611 20 2615 21 2607 21 2604 21 680 22 2 22 109 22 431 23 680 23 109 23 680 24 431 24 666 24 670 25 680 25 666 25 674 26 680 26 670 26 682 27 2 27 680 27 2607 28 682 28 680 28 2609 29 682 29 2607 29 2607 30 2615 30 2619 30 2623 31 2607 31 2619 31 2858 32 2607 32 2623 32 2607 33 2858 33 3180 33 3290 34 2607 34 3180 34 2609 35 2607 35 3290 35 3182 36 2609 36 3290 36 2860 37 2609 37 3182 37 2609 38 2860 38 2625 38 2621 39 2609 39 2625 39 2617 40 2609 40 2621 40 682 41 684 41 676 41 672 42 682 42 676 42 668 43 682 43 672 43 682 44 668 44 433 44 111 45 682 45 433 45 2 46 682 46 111 46 718 47 760 47 768 47 714 48 718 48 768 48 716 49 718 49 714 49 701 50 706 50 708 50 710 51 701 51 708 51 714 52 701 52 710 52 712 53 714 53 710 53 716 54 714 54 712 54 701 55 676 55 684 55 688 56 690 56 684 56 685 57 688 57 684 57 684 58 690 58 691 58 694 59 684 59 691 59 696 60 684 60 694 60 684 61 696 61 698 61 702 62 684 62 698 62 701 63 684 63 702 63 704 64 701 64 702 64 706 65 701 65 704 65 432 66 175 66 197 66 153 67 175 67 432 67 432 68 197 68 220 68 230 69 432 69 220 69 233 70 432 70 230 70 676 71 701 71 675 71 671 72 676 72 675 72 672 73 676 73 671 73 667 74 672 74 671 74 668 75 672 75 667 75 432 76 668 76 667 76 433 77 668 77 432 77 233 78 433 78 432 78 228 79 433 79 233 79 433 80 228 80 215 80 192 81 433 81 215 81 173 82 433 82 192 82 111 83 89 83 69 83 433 84 173 84 152 84 124 85 433 85 152 85 111 86 433 86 124 86 113 87 111 87 124 87 89 88 111 88 113 88 111 89 69 89 55 89 34 90 111 90 55 90 25 91 111 91 34 91 109 92 14 92 26 92 9 93 14 93 109 93 111 94 25 94 12 94 7 95 111 95 12 95 2 96 111 96 7 96 3 97 2 97 7 97 109 98 2 98 3 98 4 99 109 99 3 99 9 100 109 100 4 100 109 101 26 101 41 101 54 102 109 102 41 102 68 103 109 103 54 103 109 104 68 104 101 104 112 105 109 105 101 105 431 106 109 106 112 106 123 107 431 107 112 107 431 108 123 108 151 108 177 109 431 109 151 109 195 110 431 110 177 110 431 111 195 111 219 111 232 112 431 112 219 112 234 113 431 113 232 113 430 114 229 114 210 114 196 115 430 115 210 115 174 116 430 116 196 116 430 117 174 117 136 117 126 118 430 118 136 118 108 119 430 119 126 119 669 120 673 120 670 120 666 121 669 121 670 121 665 122 669 122 666 122 431 123 665 123 666 123 430 124 665 124 431 124 234 125 430 125 431 125 229 126 430 126 234 126 677 127 687 127 678 127 689 128 687 128 677 128 677 129 695 129 693 129 692 130 677 130 693 130 689 131 677 131 692 131 673 132 699 132 677 132 674 133 673 133 677 133 670 134 673 134 674 134 699 135 707 135 705 135 699 136 705 136 703 136 700 137 699 137 703 137 677 138 699 138 700 138 697 139 677 139 700 139 695 140 677 140 697 140 713 141 759 141 717 141 767 142 759 142 713 142 713 143 717 143 715 143 711 144 713 144 715 144 699 145 713 145 711 145 709 146 699 146 711 146 707 147 699 147 709 147 767 148 713 148 766 148 815 149 767 149 766 149 816 150 767 150 815 150 1466 151 816 151 815 151 1467 152 816 152 1466 152 1621 153 1467 153 1466 153 1622 154 1467 154 1621 154 1633 155 1622 155 1621 155 1634 156 1622 156 1633 156 1645 157 1634 157 1633 157 1646 158 1634 158 1645 158 1658 159 1646 159 1645 159 1659 160 1646 160 1658 160 1670 161 1659 161 1658 161 1671 162 1659 162 1670 162 1820 163 1671 163 1670 163 1821 164 1671 164 1820 164 2472 165 1821 165 1820 165 2473 166 1821 166 2472 166 2521 167 2473 167 2472 167 2522 168 2473 168 2521 168 2576 169 2574 169 2572 169 2521 170 2576 170 2572 170 2530 171 2521 171 2572 171 2522 172 2521 172 2530 172 2588 173 2584 173 2582 173 2580 174 2588 174 2582 174 2576 175 2588 175 2580 175 2578 176 2576 176 2580 176 2574 177 2576 177 2578 177 2588 178 2615 178 2604 178 2602 179 2600 179 2604 179 2605 180 2602 180 2604 180 2604 181 2600 181 2599 181 2596 182 2604 182 2599 182 2594 183 2604 183 2596 183 2604 184 2594 184 2592 184 2589 185 2604 185 2592 185 2588 186 2604 186 2589 186 2586 187 2588 187 2589 187 2584 188 2588 188 2586 188 2857 189 3115 189 3093 189 3137 190 3115 190 2857 190 2857 191 3093 191 3070 191 3060 192 2857 192 3070 192 3057 193 2857 193 3060 193 2615 194 2588 194 2614 194 2618 195 2615 195 2614 195 2619 196 2615 196 2618 196 2622 197 2619 197 2618 197 2623 198 2619 198 2622 198 2857 199 2623 199 2622 199 2858 200 2623 200 2857 200 3057 201 2858 201 2857 201 3062 202 2858 202 3057 202 2858 203 3062 203 3075 203 3098 204 2858 204 3075 204 3117 205 2858 205 3098 205 3180 206 3201 206 3221 206 2858 207 3117 207 3138 207 3166 208 2858 208 3138 208 3180 209 2858 209 3166 209 3177 210 3180 210 3166 210 3201 211 3180 211 3177 211 3180 212 3221 212 3235 212 3256 213 3180 213 3235 213 3265 214 3180 214 3256 214 3182 215 3276 215 3264 215 3281 216 3276 216 3182 216 3180 217 3265 217 3278 217 3283 218 3180 218 3278 218 3290 219 3180 219 3283 219 3287 220 3290 220 3283 220 3182 221 3290 221 3287 221 3286 222 3182 222 3287 222 3281 223 3182 223 3286 223 3182 224 3264 224 3249 224 3236 225 3182 225 3249 225 3222 226 3182 226 3236 226 3182 227 3222 227 3189 227 3178 228 3182 228 3189 228 2860 229 3182 229 3178 229 3167 230 2860 230 3178 230 2860 231 3167 231 3139 231 3113 232 2860 232 3139 232 3095 233 2860 233 3113 233 2860 234 3095 234 3071 234 3058 235 2860 235 3071 235 3056 236 2860 236 3058 236 2859 237 3061 237 3080 237 3094 238 2859 238 3080 238 3116 239 2859 239 3094 239 2859 240 3116 240 3154 240 3164 241 2859 241 3154 241 3181 242 2859 242 3164 242 2620 243 2616 243 2621 243 2625 244 2620 244 2621 244 2624 245 2620 245 2625 245 2860 246 2624 246 2625 246 2859 247 2624 247 2860 247 3056 248 2859 248 2860 248 3061 249 2859 249 3056 249 2611 250 2603 250 2612 250 2601 251 2603 251 2611 251 2611 252 2595 252 2597 252 2598 253 2611 253 2597 253 2601 254 2611 254 2598 254 2616 255 2590 255 2611 255 2617 256 2616 256 2611 256 2621 257 2616 257 2617 257 2590 258 2583 258 2585 258 2590 259 2585 259 2587 259 2591 260 2590 260 2587 260 2611 261 2590 261 2591 261 2593 262 2611 262 2591 262 2595 263 2611 263 2593 263 2577 264 2531 264 2573 264 2524 265 2531 265 2577 265 2577 266 2573 266 2575 266 2579 267 2577 267 2575 267 2590 268 2577 268 2579 268 2581 269 2590 269 2579 269 2583 270 2590 270 2581 270 768 271 760 271 769 271 818 272 768 272 769 272 817 273 768 273 818 273 1469 274 817 274 818 274 1468 275 817 275 1469 275 1624 276 1468 276 1469 276 1623 277 1468 277 1624 277 1636 278 1623 278 1624 278 1635 279 1623 279 1636 279 1649 280 1635 280 1636 280 1648 281 1635 281 1649 281 1661 282 1648 282 1649 282 1660 283 1648 283 1661 283 1673 284 1660 284 1661 284 1672 285 1660 285 1673 285 1823 286 1672 286 1673 286 1822 287 1672 287 1823 287 2475 288 1822 288 1823 288 2474 289 1822 289 2475 289 2524 290 2474 290 2475 290 2523 291 2474 291 2524 291 2577 292 2523 292 2524 292 3181 293 3164 293 3175 293 3198 294 3181 294 3175 294 3224 295 3181 295 3198 295 3181 296 3224 296 3234 296 3255 297 3181 297 3234 297 3266 298 3181 298 3255 298 3181 299 3266 299 3277 299 3284 300 3181 300 3277 300 3288 301 3181 301 3284 301 3289 302 3288 302 3284 302 3179 303 3288 303 3289 303 3285 304 3179 304 3289 304 3179 305 3285 305 3282 305 3275 306 3179 306 3282 306 3263 307 3179 307 3275 307 3179 308 3263 308 3254 308 3233 309 3179 309 3254 309 3218 310 3179 310 3233 310 3179 311 3218 311 3199 311 3176 312 3179 312 3199 312 2857 313 3179 313 3176 313 3165 314 2857 314 3176 314 3137 315 2857 315 3165 315 108 316 126 316 115 316 92 317 108 317 115 317 66 318 108 318 92 318 108 319 66 319 56 319 35 320 108 320 56 320 24 321 108 321 35 321 108 322 24 322 13 322 6 323 108 323 13 323 0 324 108 324 6 324 1 325 0 325 6 325 110 326 0 326 1 326 5 327 110 327 1 327 110 328 5 328 8 328 15 329 110 329 8 329 27 330 110 330 15 330 110 331 27 331 36 331 57 332 110 332 36 332 72 333 110 333 57 333 110 334 72 334 91 334 114 335 110 335 91 335 432 336 110 336 114 336 125 337 432 337 114 337 153 338 432 338 125 338 2524 339 818 339 769 339 760 340 2524 340 769 340 2531 341 2524 341 760 341 2475 342 1823 342 1673 342 1661 343 2475 343 1673 343 2524 344 2475 344 1661 344 1649 345 2524 345 1661 345 1636 346 2524 346 1649 346 2524 347 1636 347 1624 347 1469 348 2524 348 1624 348 818 349 2524 349 1469 349 1366 350 1533 350 430 350 108 351 1366 351 430 351 1265 352 1366 352 108 352 0 353 1265 353 108 353 1368 354 1265 354 0 354 1722 355 1843 355 2622 355 2618 356 1722 356 2622 356 1694 357 1722 357 2618 357 2614 358 1694 358 2618 358 1674 359 1694 359 2614 359 1987 360 1989 360 3288 360 3179 361 1987 361 3288 361 1843 362 1987 362 3179 362 2857 363 1843 363 3179 363 2622 364 1843 364 2857 364 1845 365 1724 365 2624 365 2859 366 1845 366 2624 366 1989 367 1845 367 2859 367 3181 368 1989 368 2859 368 3288 369 1989 369 3181 369 1676 370 1668 370 2577 370 2590 371 1676 371 2577 371 1696 372 1676 372 2590 372 2616 373 1696 373 2590 373 1724 374 1696 374 2616 374 2620 375 1724 375 2616 375 2624 376 1724 376 2620 376 1578 377 1613 377 673 377 669 378 1578 378 673 378 1533 379 1578 379 669 379 665 380 1533 380 669 380 430 381 1533 381 665 381 1625 382 1629 382 815 382 766 383 1625 383 815 383 1617 384 1625 384 766 384 713 385 1617 385 766 385 1613 386 1617 386 713 386 699 387 1613 387 713 387 673 388 1613 388 699 388 1664 389 1656 389 1822 389 2474 390 1664 390 1822 390 1668 391 1664 391 2474 391 2523 392 1668 392 2474 392 2577 393 1668 393 2523 393 1637 394 1641 394 1633 394 1621 395 1637 395 1633 395 1629 396 1637 396 1621 396 1466 397 1629 397 1621 397 815 398 1629 398 1466 398 1674 399 2614 399 2588 399 2576 400 1674 400 2588 400 1666 401 1674 401 2576 401 2521 402 1666 402 2576 402 1662 403 1666 403 2521 403 1643 404 1639 404 1635 404 1648 405 1643 405 1635 405 1652 406 1643 406 1648 406 1660 407 1652 407 1648 407 1656 408 1652 408 1660 408 1672 409 1656 409 1660 409 1822 410 1656 410 1672 410 1615 411 1580 411 675 411 701 412 1615 412 675 412 1619 413 1615 413 701 413 714 414 1619 414 701 414 1627 415 1619 415 714 415 1368 416 0 416 110 416 432 417 1368 417 110 417 1535 418 1368 418 432 418 667 419 1535 419 432 419 1580 420 1535 420 667 420 671 421 1580 421 667 421 675 422 1580 422 671 422 1662 423 2521 423 2472 423 1820 424 1662 424 2472 424 1654 425 1662 425 1820 425 1670 426 1654 426 1820 426 1650 427 1654 427 1670 427 1658 428 1650 428 1670 428 1641 429 1650 429 1658 429 1645 430 1641 430 1658 430 1633 431 1641 431 1645 431 1627 432 714 432 768 432 817 433 1627 433 768 433 1631 434 1627 434 817 434 1468 435 1631 435 817 435 1639 436 1631 436 1468 436 1623 437 1639 437 1468 437 1635 438 1639 438 1623 438 2026 439 2027 439 1989 439 1987 440 2026 440 1989 440 2012 441 2026 441 1987 441 1843 442 1873 442 1906 442 1843 443 1906 443 1933 443 1965 444 1843 444 1933 444 1987 445 1843 445 1965 445 1993 446 1987 446 1965 446 2012 447 1987 447 1993 447 1723 448 1802 448 1778 448 1757 449 1723 449 1778 449 1723 450 1757 450 1743 450 1737 451 1723 451 1743 451 1734 452 1723 452 1737 452 1722 453 1732 453 1736 453 1722 454 1736 454 1739 454 1752 455 1722 455 1739 455 1770 456 1722 456 1752 456 1722 457 1770 457 1782 457 1806 458 1722 458 1782 458 1843 459 1722 459 1806 459 1840 460 1843 460 1806 460 1873 461 1843 461 1840 461 1844 462 1924 462 1892 462 1988 463 2003 463 1986 463 1975 464 1988 464 1986 464 1844 465 1988 465 1975 465 1944 466 1844 466 1975 466 1924 467 1844 467 1944 467 1844 468 1892 468 1859 468 1842 469 1844 469 1859 469 1723 470 1844 470 1842 470 1829 471 1723 471 1842 471 1802 472 1723 472 1829 472 2001 473 1990 473 1985 473 1990 474 2001 474 2005 474 2023 475 1990 475 2005 475 1988 476 1990 476 2023 476 2020 477 1988 477 2023 477 2003 478 1988 478 2020 478 1846 479 1855 479 1888 479 1846 480 1888 480 1916 480 1941 481 1846 481 1916 481 1990 482 1846 482 1941 482 1971 483 1990 483 1941 483 1985 484 1990 484 1971 484 1724 485 1791 485 1773 485 1725 486 1733 486 1738 486 1724 487 1773 487 1753 487 1740 488 1724 488 1753 488 1735 489 1724 489 1740 489 1731 490 1733 490 1725 490 1725 491 1738 491 1744 491 1754 492 1725 492 1744 492 1777 493 1725 493 1754 493 1725 494 1777 494 1797 494 1814 495 1725 495 1797 495 1846 496 1725 496 1814 496 1841 497 1846 497 1814 497 1855 498 1846 498 1841 498 1989 499 2027 499 2011 499 1991 500 1989 500 2011 500 1845 501 1989 501 1991 501 1845 502 1991 502 1968 502 1938 503 1845 503 1968 503 1911 504 1845 504 1938 504 1845 505 1911 505 1884 505 1852 506 1845 506 1884 506 1724 507 1845 507 1852 507 1811 508 1724 508 1852 508 1791 509 1724 509 1811 509 1367 510 1355 510 1323 510 1301 511 1367 511 1323 511 1267 512 1367 512 1301 512 1282 513 1267 513 1301 513 1268 514 1267 514 1282 514 1534 515 1519 515 1507 515 1483 516 1534 516 1507 516 1449 517 1534 517 1483 517 1534 518 1449 518 1422 518 1389 519 1534 519 1422 519 1367 520 1534 520 1389 520 1370 521 1367 521 1389 521 1355 522 1367 522 1370 522 1579 523 1560 523 1562 523 1558 524 1579 524 1562 524 1579 525 1558 525 1555 525 1542 526 1579 526 1555 526 1534 527 1579 527 1542 527 1538 528 1534 528 1542 528 1519 529 1534 529 1538 529 1460 530 1487 530 1533 530 1436 531 1460 531 1533 531 1533 532 1487 532 1511 532 1532 533 1533 533 1511 533 1578 534 1533 534 1532 534 1551 535 1578 535 1532 535 1557 536 1578 536 1551 536 1366 537 1291 537 1313 537 1366 538 1313 538 1344 538 1364 539 1366 539 1344 539 1533 540 1366 540 1364 540 1403 541 1533 541 1364 541 1436 542 1533 542 1403 542 1368 543 1347 543 1317 543 1293 544 1368 544 1317 544 1368 545 1293 545 1289 545 1271 546 1368 546 1289 546 1265 547 1368 547 1271 547 1264 548 1265 548 1271 548 1366 549 1265 549 1264 549 1274 550 1366 550 1264 550 1291 551 1366 551 1274 551 1535 552 1512 552 1492 552 1475 553 1535 553 1492 553 1440 554 1535 554 1475 554 1535 555 1440 555 1407 555 1379 556 1535 556 1407 556 1368 557 1535 557 1379 557 1371 558 1368 558 1379 558 1347 559 1368 559 1371 559 1541 560 1581 560 1536 560 1581 561 1541 561 1554 561 1559 562 1581 562 1554 562 1563 563 1581 563 1559 563 1580 564 1561 564 1556 564 1550 565 1580 565 1556 565 1535 566 1580 566 1550 566 1540 567 1535 567 1550 567 1512 568 1535 568 1540 568 1536 569 1411 569 1443 569 1478 570 1536 570 1443 570 1536 571 1478 571 1498 571 1516 572 1536 572 1498 572 1541 573 1536 573 1516 573 1267 574 1268 574 1266 574 1283 575 1267 575 1266 575 1369 576 1267 576 1283 576 1303 577 1369 577 1283 577 1320 578 1369 578 1303 578 1369 579 1320 579 1350 579 1372 580 1369 580 1350 580 1536 581 1369 581 1372 581 1384 582 1536 582 1372 582 1411 583 1536 583 1384 583 1581 584 1563 584 1561 584 1580 585 1581 585 1561 585 1616 586 1581 586 1580 586 1615 587 1616 587 1580 587 1620 588 1616 588 1615 588 1619 589 1620 589 1615 589 1628 590 1620 590 1619 590 1627 591 1628 591 1619 591 1632 592 1628 592 1627 592 1631 593 1632 593 1627 593 1640 594 1632 594 1631 594 1639 595 1640 595 1631 595 1644 596 1640 596 1639 596 1643 597 1644 597 1639 597 1653 598 1644 598 1643 598 1652 599 1653 599 1643 599 1657 600 1653 600 1652 600 1656 601 1657 601 1652 601 1665 602 1657 602 1656 602 1664 603 1665 603 1656 603 1669 604 1665 604 1664 604 1668 605 1669 605 1664 605 1677 606 1669 606 1668 606 1676 607 1677 607 1668 607 1697 608 1677 608 1676 608 1696 609 1697 609 1676 609 1725 610 1697 610 1696 610 1724 611 1725 611 1696 611 1731 612 1725 612 1724 612 1735 613 1731 613 1724 613 1723 614 1734 614 1732 614 1722 615 1723 615 1732 615 1695 616 1723 616 1722 616 1694 617 1695 617 1722 617 1675 618 1695 618 1694 618 1674 619 1675 619 1694 619 1667 620 1675 620 1674 620 1666 621 1667 621 1674 621 1663 622 1667 622 1666 622 1662 623 1663 623 1666 623 1655 624 1663 624 1662 624 1654 625 1655 625 1662 625 1651 626 1655 626 1654 626 1650 627 1651 627 1654 627 1642 628 1651 628 1650 628 1641 629 1642 629 1650 629 1638 630 1642 630 1641 630 1637 631 1638 631 1641 631 1630 632 1638 632 1637 632 1629 633 1630 633 1637 633 1626 634 1630 634 1629 634 1625 635 1626 635 1629 635 1618 636 1626 636 1625 636 1617 637 1618 637 1625 637 1614 638 1618 638 1617 638 1613 639 1614 639 1617 639 1579 640 1614 640 1613 640 1578 641 1579 641 1613 641 1560 642 1579 642 1578 642 1557 643 1560 643 1578 643 1647 644 1267 644 1369 644 1647 645 1579 645 1534 645 1367 646 1647 646 1534 646 1267 647 1647 647 1367 647 1647 648 1626 648 1618 648 1614 649 1647 649 1618 649 1579 650 1647 650 1614 650 1647 651 1642 651 1638 651 1630 652 1647 652 1638 652 1626 653 1647 653 1630 653 1647 654 1663 654 1655 654 1651 655 1647 655 1655 655 1642 656 1647 656 1651 656 1647 657 1695 657 1675 657 1667 658 1647 658 1675 658 1663 659 1647 659 1667 659 1647 660 1988 660 1844 660 1723 661 1647 661 1844 661 1695 662 1647 662 1723 662 1647 663 1725 663 1846 663 1990 664 1647 664 1846 664 1988 665 1647 665 1990 665 1647 666 1669 666 1677 666 1697 667 1647 667 1677 667 1725 668 1647 668 1697 668 1647 669 1653 669 1657 669 1665 670 1647 670 1657 670 1669 671 1647 671 1665 671 1647 672 1632 672 1640 672 1644 673 1647 673 1640 673 1653 674 1647 674 1644 674 1647 675 1616 675 1620 675 1628 676 1647 676 1620 676 1632 677 1647 677 1628 677 1647 678 1369 678 1536 678 1581 679 1647 679 1536 679 1616 680 1647 680 1581 680 2612 681 2613 681 2610 681 2609 682 2612 682 2610 682 2611 683 2612 683 2609 683 685 684 1982 684 2300 684 2456 685 2388 685 686 685 2613 686 2456 686 686 686 2471 687 2456 687 2613 687 685 688 2300 688 2451 688 2461 689 685 689 2451 689 2612 690 685 690 2461 690 2480 691 2612 691 2461 691 2490 692 2612 692 2480 692 2571 693 2613 693 2612 693 686 694 805 694 795 694 785 695 686 695 795 695 686 696 785 696 775 696 761 697 686 697 775 697 749 698 686 698 761 698 734 699 685 699 720 699 780 700 790 700 685 700 770 701 780 701 685 701 2612 702 2520 702 2536 702 2546 703 2612 703 2536 703 2613 704 2571 704 2565 704 2551 705 2613 705 2565 705 2541 706 2613 706 2551 706 685 707 734 707 744 707 754 708 685 708 744 708 770 709 685 709 754 709 2612 710 2490 710 2500 710 2510 711 2612 711 2500 711 2520 712 2612 712 2510 712 2612 713 2546 713 2556 713 2570 714 2612 714 2556 714 2571 715 2612 715 2570 715 2613 716 2541 716 2529 716 2515 717 2613 717 2529 717 2505 718 2613 718 2515 718 2613 719 2505 719 2495 719 2485 720 2613 720 2495 720 2471 721 2613 721 2485 721 686 722 2388 722 2162 722 1838 723 686 723 2162 723 1726 724 686 724 1838 724 686 725 1726 725 1712 725 1702 726 686 726 1712 726 1684 727 686 727 1702 727 1684 728 1451 728 1129 728 1717 729 992 729 1306 729 1545 730 1717 730 1306 730 1707 731 1717 731 1545 731 685 732 790 732 800 732 810 733 685 733 800 733 829 734 685 734 810 734 686 735 749 735 739 735 725 736 686 736 739 736 685 737 686 737 725 737 719 738 685 738 725 738 720 739 685 739 719 739 1587 740 1679 740 1573 740 1684 741 1129 741 903 741 834 742 1684 742 903 742 686 743 1684 743 834 743 824 744 686 744 834 744 805 745 686 745 824 745 1545 746 1573 746 1679 746 1693 747 1545 747 1679 747 1707 748 1545 748 1693 748 1749 749 1982 749 685 749 829 750 1749 750 685 750 1717 751 1749 751 829 751 839 752 1717 752 829 752 992 753 1717 753 839 753 1684 754 1592 754 1582 754 1568 755 1684 755 1582 755 1451 756 1684 756 1568 756 1679 757 1587 757 1597 757 1611 758 1679 758 1597 758 1678 759 1679 759 1611 759 1612 760 1678 760 1611 760 1684 761 1678 761 1612 761 1606 762 1684 762 1612 762 1592 763 1684 763 1606 763 685 764 684 764 682 764 683 765 685 765 682 765 686 766 685 766 683 766 2605 767 1276 767 985 767 2605 768 985 768 835 768 825 769 2605 769 835 769 678 770 2605 770 825 770 811 771 678 771 825 771 801 772 678 772 811 772 2452 773 1602 773 1593 773 2462 774 2452 774 1593 774 2304 775 1117 775 1430 775 1564 776 2304 776 1430 776 2452 777 2304 777 1564 777 1574 778 2452 778 1564 778 1588 779 2452 779 1574 779 2452 780 1588 780 1598 780 1607 781 2452 781 1598 781 1602 782 2452 782 1607 782 2605 783 2486 783 2476 783 2462 784 2605 784 2476 784 894 785 1698 785 1685 785 1680 786 894 786 1685 786 830 787 894 787 1680 787 2605 788 2516 788 2506 788 2496 789 2605 789 2506 789 2486 790 2605 790 2496 790 2462 791 1593 791 1583 791 1569 792 2462 792 1583 792 2605 793 2462 793 1569 793 1528 794 2605 794 1569 794 1276 795 2605 795 1528 795 894 796 1117 796 2304 796 2015 797 894 797 2304 797 1758 798 894 798 2015 798 894 799 1758 799 1718 799 1708 800 894 800 1718 800 1698 801 894 801 1708 801 678 802 801 802 791 802 781 803 678 803 791 803 771 804 678 804 781 804 678 805 771 805 755 805 745 806 678 806 755 806 735 807 678 807 745 807 679 808 750 808 762 808 740 809 750 809 679 809 679 810 796 810 806 810 819 811 679 811 806 811 830 812 679 812 819 812 1862 813 2171 813 679 813 1727 814 1862 814 679 814 2605 815 2561 815 2552 815 679 816 762 816 776 816 786 817 679 817 776 817 796 818 679 818 786 818 830 819 1680 819 1689 819 1703 820 830 820 1689 820 679 821 830 821 1703 821 1713 822 679 822 1703 822 1727 823 679 823 1713 823 679 824 2171 824 2394 824 2457 825 679 825 2394 825 2606 826 679 826 2457 826 2466 827 2606 827 2457 827 2606 828 2466 828 2481 828 2491 829 2606 829 2481 829 2501 830 2606 830 2491 830 2606 831 2537 831 2547 831 2557 832 2606 832 2547 832 2605 833 2606 833 2557 833 2566 834 2605 834 2557 834 2561 835 2605 835 2566 835 2605 836 2552 836 2542 836 2532 837 2605 837 2542 837 2516 838 2605 838 2532 838 2606 839 2501 839 2511 839 2525 840 2606 840 2511 840 2537 841 2606 841 2525 841 678 842 735 842 726 842 721 843 678 843 726 843 679 844 678 844 721 844 730 845 679 845 721 845 740 846 679 846 730 846 683 847 2610 847 2613 847 686 848 683 848 2613 848 807 849 681 849 821 849 681 850 1714 850 1704 850 746 851 756 851 680 851 736 852 746 852 680 852 680 853 756 853 772 853 782 854 680 854 772 854 792 855 680 855 782 855 2607 856 2487 856 2497 856 2507 857 2607 857 2497 857 2482 858 2608 858 2492 858 681 859 807 859 797 859 787 860 681 860 797 860 777 861 681 861 787 861 681 862 777 862 763 862 751 863 681 863 763 863 741 864 681 864 751 864 680 865 792 865 802 865 812 866 680 866 802 866 820 867 680 867 812 867 2608 868 2482 868 2468 868 2458 869 2608 869 2468 869 681 870 2608 870 2458 870 2395 871 681 871 2458 871 2172 872 681 872 2395 872 2453 873 1277 873 1529 873 2607 874 680 874 2453 874 2463 875 2607 875 2453 875 2607 876 2463 876 2467 876 2477 877 2607 877 2467 877 2487 878 2607 878 2477 878 2608 879 2558 879 2548 879 2538 880 2608 880 2548 880 2526 881 2608 881 2538 881 681 882 741 882 731 882 722 883 681 883 731 883 680 884 681 884 722 884 727 885 680 885 722 885 736 886 680 886 727 886 681 887 2172 887 1863 887 1728 888 681 888 1863 888 1714 889 681 889 1728 889 680 890 820 890 826 890 836 891 680 891 826 891 2453 892 680 892 836 892 986 893 2453 893 836 893 1277 894 2453 894 986 894 1431 895 1704 895 1565 895 2453 896 1529 896 1570 896 1584 897 2453 897 1570 897 1594 898 2453 898 1584 898 2607 899 2507 899 2517 899 2533 900 2607 900 2517 900 2543 901 2607 901 2533 901 2608 902 2526 902 2512 902 2502 903 2608 903 2512 903 2492 904 2608 904 2502 904 1704 905 1431 905 1118 905 895 906 1704 906 1118 906 681 907 1704 907 895 907 831 908 681 908 895 908 821 909 681 909 831 909 1681 910 1603 910 1608 910 1599 911 1681 911 1608 911 1690 912 1681 912 1599 912 1589 913 1690 913 1599 913 1704 914 1690 914 1589 914 1575 915 1704 915 1589 915 1565 916 1704 916 1575 916 2607 917 2543 917 2553 917 2562 918 2607 918 2553 918 2608 919 2607 919 2562 919 2567 920 2608 920 2562 920 2558 921 2608 921 2567 921 1594 922 1719 922 1759 922 1603 923 1681 923 1686 923 1699 924 1603 924 1686 924 1594 925 1603 925 1699 925 1709 926 1594 926 1699 926 1719 927 1594 927 1709 927 1594 928 1759 928 2016 928 2305 929 1594 929 2016 929 2453 930 1594 930 2305 930 2609 931 2488 931 2478 931 2464 932 2609 932 2478 932 682 933 2609 933 2464 933 2610 934 1604 934 1595 934 682 935 813 935 803 935 793 936 682 936 803 936 783 937 682 937 793 937 682 938 783 938 773 938 757 939 682 939 773 939 747 940 682 940 757 940 682 941 987 941 837 941 827 942 682 942 837 942 813 943 682 943 827 943 808 944 683 944 798 944 1278 945 987 945 2610 945 1530 946 1278 946 2610 946 2609 947 2518 947 2508 947 2498 948 2609 948 2508 948 2488 949 2609 949 2498 949 1590 950 2610 950 1576 950 2610 951 1595 951 1585 951 1571 952 2610 952 1585 952 1530 953 2610 953 1571 953 682 954 2464 954 2454 954 2306 955 682 955 2454 955 2017 956 682 956 2306 956 682 957 2017 957 1760 957 1720 958 682 958 1760 958 1710 959 682 959 1720 959 682 960 1710 960 1700 960 1687 961 682 961 1700 961 987 962 682 962 1687 962 1682 963 987 963 1687 963 1691 964 987 964 1682 964 987 965 1691 965 1705 965 1715 966 987 966 1705 966 1729 967 987 967 1715 967 2610 968 2459 968 2469 968 683 969 732 969 742 969 752 970 683 970 742 970 764 971 683 971 752 971 683 972 764 972 778 972 788 973 683 973 778 973 798 974 683 974 788 974 2610 975 1119 975 1432 975 1566 976 2610 976 1432 976 1576 977 2610 977 1566 977 2610 978 1590 978 1600 978 1609 979 2610 979 1600 979 1604 980 2610 980 1609 980 987 981 1729 981 1864 981 2173 982 987 982 1864 982 2610 983 987 983 2173 983 2396 984 2610 984 2173 984 2459 985 2610 985 2396 985 2549 986 2610 986 2539 986 682 987 747 987 737 987 728 988 682 988 737 988 683 989 682 989 728 989 723 990 683 990 728 990 732 991 683 991 723 991 683 992 808 992 822 992 832 993 683 993 822 993 2610 994 683 994 832 994 896 995 2610 995 832 995 1119 996 2610 996 896 996 2610 997 2469 997 2483 997 2493 998 2610 998 2483 998 2503 999 2610 999 2493 999 2609 1000 2554 1000 2544 1000 2534 1001 2609 1001 2544 1001 2518 1002 2609 1002 2534 1002 2610 1003 2503 1003 2513 1003 2527 1004 2610 1004 2513 1004 2539 1005 2610 1005 2527 1005 2610 1006 2549 1006 2559 1006 2568 1007 2610 1007 2559 1007 2609 1008 2610 1008 2568 1008 2563 1009 2609 1009 2568 1009 2554 1010 2609 1010 2563 1010 2476 1011 2487 1011 2477 1011 2467 1012 2476 1012 2477 1012 2462 1013 2476 1013 2467 1013 2463 1014 2462 1014 2467 1014 2452 1015 2462 1015 2463 1015 2453 1016 2452 1016 2463 1016 2304 1017 2452 1017 2453 1017 2305 1018 2304 1018 2453 1018 2015 1019 2304 1019 2305 1019 2016 1020 2015 1020 2305 1020 1758 1021 2015 1021 2016 1021 1759 1022 1758 1022 2016 1022 1718 1023 1758 1023 1759 1023 1719 1024 1718 1024 1759 1024 1708 1025 1718 1025 1719 1025 1709 1026 1708 1026 1719 1026 1698 1027 1708 1027 1709 1027 1699 1028 1698 1028 1709 1028 1685 1029 1698 1029 1699 1029 1686 1030 1685 1030 1699 1030 1680 1031 1685 1031 1686 1031 1681 1032 1680 1032 1686 1032 1689 1033 1680 1033 1681 1033 1690 1034 1689 1034 1681 1034 1703 1035 1689 1035 1690 1035 1704 1036 1703 1036 1690 1036 1713 1037 1703 1037 1704 1037 1714 1038 1713 1038 1704 1038 1727 1039 1713 1039 1714 1039 1728 1040 1727 1040 1714 1040 1862 1041 1727 1041 1728 1041 1863 1042 1862 1042 1728 1042 2171 1043 1862 1043 1863 1043 2172 1044 2171 1044 1863 1044 2394 1045 2171 1045 2172 1045 2395 1046 2394 1046 2172 1046 2457 1047 2394 1047 2395 1047 2458 1048 2457 1048 2395 1048 2466 1049 2457 1049 2458 1049 2468 1050 2466 1050 2458 1050 2481 1051 2466 1051 2468 1051 2482 1052 2481 1052 2468 1052 2491 1053 2481 1053 2482 1053 2492 1054 2491 1054 2482 1054 2501 1055 2491 1055 2492 1055 2502 1056 2501 1056 2492 1056 2511 1057 2501 1057 2502 1057 2512 1058 2511 1058 2502 1058 2525 1059 2511 1059 2512 1059 2526 1060 2525 1060 2512 1060 2537 1061 2525 1061 2526 1061 2538 1062 2537 1062 2526 1062 2547 1063 2537 1063 2538 1063 2548 1064 2547 1064 2538 1064 2557 1065 2547 1065 2548 1065 2558 1066 2557 1066 2548 1066 2566 1067 2557 1067 2558 1067 2567 1068 2566 1068 2558 1068 2561 1069 2566 1069 2567 1069 2562 1070 2561 1070 2567 1070 2552 1071 2561 1071 2562 1071 2553 1072 2552 1072 2562 1072 2542 1073 2552 1073 2553 1073 2543 1074 2542 1074 2553 1074 2532 1075 2542 1075 2543 1075 2533 1076 2532 1076 2543 1076 2516 1077 2532 1077 2533 1077 2517 1078 2516 1078 2533 1078 2506 1079 2516 1079 2517 1079 2507 1080 2506 1080 2517 1080 2496 1081 2506 1081 2507 1081 2497 1082 2496 1082 2507 1082 2486 1083 2496 1083 2497 1083 2487 1084 2486 1084 2497 1084 2476 1085 2486 1085 2487 1085 2483 1086 2469 1086 2470 1086 2484 1087 2483 1087 2470 1087 2493 1088 2483 1088 2484 1088 2494 1089 2493 1089 2484 1089 2503 1090 2493 1090 2494 1090 2504 1091 2503 1091 2494 1091 2513 1092 2503 1092 2504 1092 2514 1093 2513 1093 2504 1093 2527 1094 2513 1094 2514 1094 2528 1095 2527 1095 2514 1095 2539 1096 2527 1096 2528 1096 2540 1097 2539 1097 2528 1097 2549 1098 2539 1098 2540 1098 2550 1099 2549 1099 2540 1099 2559 1100 2549 1100 2550 1100 2560 1101 2559 1101 2550 1101 2568 1102 2559 1102 2560 1102 2569 1103 2568 1103 2560 1103 2563 1104 2568 1104 2569 1104 2564 1105 2563 1105 2569 1105 2554 1106 2563 1106 2564 1106 2555 1107 2554 1107 2564 1107 2544 1108 2554 1108 2555 1108 2545 1109 2544 1109 2555 1109 2534 1110 2544 1110 2545 1110 2535 1111 2534 1111 2545 1111 2518 1112 2534 1112 2535 1112 2519 1113 2518 1113 2535 1113 2508 1114 2518 1114 2519 1114 2509 1115 2508 1115 2519 1115 2498 1116 2508 1116 2509 1116 2499 1117 2498 1117 2509 1117 2488 1118 2498 1118 2499 1118 2489 1119 2488 1119 2499 1119 2478 1120 2488 1120 2489 1120 2479 1121 2478 1121 2489 1121 2464 1122 2478 1122 2479 1122 2465 1123 2464 1123 2479 1123 2454 1124 2464 1124 2465 1124 2455 1125 2454 1125 2465 1125 2306 1126 2454 1126 2455 1126 2307 1127 2306 1127 2455 1127 2017 1128 2306 1128 2307 1128 2018 1129 2017 1129 2307 1129 1760 1130 2017 1130 2018 1130 1761 1131 1760 1131 2018 1131 1720 1132 1760 1132 1761 1132 1721 1133 1720 1133 1761 1133 1710 1134 1720 1134 1721 1134 1711 1135 1710 1135 1721 1135 1700 1136 1710 1136 1711 1136 1701 1137 1700 1137 1711 1137 1687 1138 1700 1138 1701 1138 1688 1139 1687 1139 1701 1139 1682 1140 1687 1140 1688 1140 1683 1141 1682 1141 1688 1141 1691 1142 1682 1142 1683 1142 1692 1143 1691 1143 1683 1143 1705 1144 1691 1144 1692 1144 1706 1145 1705 1145 1692 1145 1715 1146 1705 1146 1706 1146 1716 1147 1715 1147 1706 1147 1729 1148 1715 1148 1716 1148 1730 1149 1729 1149 1716 1149 1864 1150 1729 1150 1730 1150 1865 1151 1864 1151 1730 1151 2173 1152 1864 1152 1865 1152 2174 1153 2173 1153 1865 1153 2396 1154 2173 1154 2174 1154 2397 1155 2396 1155 2174 1155 2459 1156 2396 1156 2397 1156 2460 1157 2459 1157 2397 1157 2469 1158 2459 1158 2460 1158 2470 1159 2469 1159 2460 1159 2494 1160 2484 1160 2485 1160 2495 1161 2494 1161 2485 1161 2504 1162 2494 1162 2495 1162 2505 1163 2504 1163 2495 1163 2514 1164 2504 1164 2505 1164 2515 1165 2514 1165 2505 1165 2528 1166 2514 1166 2515 1166 2529 1167 2528 1167 2515 1167 2540 1168 2528 1168 2529 1168 2541 1169 2540 1169 2529 1169 2550 1170 2540 1170 2541 1170 2551 1171 2550 1171 2541 1171 2560 1172 2550 1172 2551 1172 2565 1173 2560 1173 2551 1173 2569 1174 2560 1174 2565 1174 2571 1175 2569 1175 2565 1175 2564 1176 2569 1176 2571 1176 2570 1177 2564 1177 2571 1177 2555 1178 2564 1178 2570 1178 2556 1179 2555 1179 2570 1179 2545 1180 2555 1180 2556 1180 2546 1181 2545 1181 2556 1181 2535 1182 2545 1182 2546 1182 2536 1183 2535 1183 2546 1183 2519 1184 2535 1184 2536 1184 2520 1185 2519 1185 2536 1185 2509 1186 2519 1186 2520 1186 2510 1187 2509 1187 2520 1187 2499 1188 2509 1188 2510 1188 2500 1189 2499 1189 2510 1189 2489 1190 2499 1190 2500 1190 2490 1191 2489 1191 2500 1191 2479 1192 2489 1192 2490 1192 2480 1193 2479 1193 2490 1193 2465 1194 2479 1194 2480 1194 2461 1195 2465 1195 2480 1195 2455 1196 2465 1196 2461 1196 2451 1197 2455 1197 2461 1197 2307 1198 2455 1198 2451 1198 2300 1199 2307 1199 2451 1199 2018 1200 2307 1200 2300 1200 1982 1201 2018 1201 2300 1201 1761 1202 2018 1202 1982 1202 1749 1203 1761 1203 1982 1203 1721 1204 1761 1204 1749 1204 1717 1205 1721 1205 1749 1205 1711 1206 1721 1206 1717 1206 1707 1207 1711 1207 1717 1207 1701 1208 1711 1208 1707 1208 1693 1209 1701 1209 1707 1209 1688 1210 1701 1210 1693 1210 1679 1211 1688 1211 1693 1211 1683 1212 1688 1212 1679 1212 1678 1213 1683 1213 1679 1213 1692 1214 1683 1214 1678 1214 1684 1215 1692 1215 1678 1215 1706 1216 1692 1216 1684 1216 1702 1217 1706 1217 1684 1217 1716 1218 1706 1218 1702 1218 1712 1219 1716 1219 1702 1219 1730 1220 1716 1220 1712 1220 1726 1221 1730 1221 1712 1221 1865 1222 1730 1222 1726 1222 1838 1223 1865 1223 1726 1223 2174 1224 1865 1224 1838 1224 2162 1225 2174 1225 1838 1225 2397 1226 2174 1226 2162 1226 2388 1227 2397 1227 2162 1227 2460 1228 2397 1228 2388 1228 2456 1229 2460 1229 2388 1229 2470 1230 2460 1230 2456 1230 2471 1231 2470 1231 2456 1231 2484 1232 2470 1232 2471 1232 2485 1233 2484 1233 2471 1233 897 1234 833 1234 834 1234 903 1235 897 1235 834 1235 1120 1236 897 1236 903 1236 1129 1237 1120 1237 903 1237 1433 1238 1120 1238 1129 1238 1451 1239 1433 1239 1129 1239 1567 1240 1433 1240 1451 1240 1568 1241 1567 1241 1451 1241 1577 1242 1567 1242 1568 1242 1582 1243 1577 1243 1568 1243 1591 1244 1577 1244 1582 1244 1592 1245 1591 1245 1582 1245 1601 1246 1591 1246 1592 1246 1606 1247 1601 1247 1592 1247 1610 1248 1601 1248 1606 1248 1612 1249 1610 1249 1606 1249 1605 1250 1610 1250 1612 1250 1611 1251 1605 1251 1612 1251 1596 1252 1605 1252 1611 1252 1597 1253 1596 1253 1611 1253 1586 1254 1596 1254 1597 1254 1587 1255 1586 1255 1597 1255 1572 1256 1586 1256 1587 1256 1573 1257 1572 1257 1587 1257 1531 1258 1572 1258 1573 1258 1545 1259 1531 1259 1573 1259 1279 1260 1531 1260 1545 1260 1306 1261 1279 1261 1545 1261 988 1262 1279 1262 1306 1262 992 1263 988 1263 1306 1263 838 1264 988 1264 992 1264 839 1265 838 1265 992 1265 828 1266 838 1266 839 1266 829 1267 828 1267 839 1267 814 1268 828 1268 829 1268 810 1269 814 1269 829 1269 804 1270 814 1270 810 1270 800 1271 804 1271 810 1271 794 1272 804 1272 800 1272 790 1273 794 1273 800 1273 784 1274 794 1274 790 1274 780 1275 784 1275 790 1275 774 1276 784 1276 780 1276 770 1277 774 1277 780 1277 758 1278 774 1278 770 1278 754 1279 758 1279 770 1279 748 1280 758 1280 754 1280 744 1281 748 1281 754 1281 738 1282 748 1282 744 1282 734 1283 738 1283 744 1283 729 1284 738 1284 734 1284 720 1285 729 1285 734 1285 724 1286 729 1286 720 1286 719 1287 724 1287 720 1287 733 1288 724 1288 719 1288 725 1289 733 1289 719 1289 743 1290 733 1290 725 1290 739 1291 743 1291 725 1291 753 1292 743 1292 739 1292 749 1293 753 1293 739 1293 765 1294 753 1294 749 1294 761 1295 765 1295 749 1295 779 1296 765 1296 761 1296 775 1297 779 1297 761 1297 789 1298 779 1298 775 1298 785 1299 789 1299 775 1299 799 1300 789 1300 785 1300 795 1301 799 1301 785 1301 809 1302 799 1302 795 1302 805 1303 809 1303 795 1303 823 1304 809 1304 805 1304 824 1305 823 1305 805 1305 833 1306 823 1306 824 1306 834 1307 833 1307 824 1307 832 1308 822 1308 823 1308 833 1309 832 1309 823 1309 896 1310 832 1310 833 1310 897 1311 896 1311 833 1311 1119 1312 896 1312 897 1312 1120 1313 1119 1313 897 1313 1432 1314 1119 1314 1120 1314 1433 1315 1432 1315 1120 1315 1566 1316 1432 1316 1433 1316 1567 1317 1566 1317 1433 1317 1576 1318 1566 1318 1567 1318 1577 1319 1576 1319 1567 1319 1590 1320 1576 1320 1577 1320 1591 1321 1590 1321 1577 1321 1600 1322 1590 1322 1591 1322 1601 1323 1600 1323 1591 1323 1609 1324 1600 1324 1601 1324 1610 1325 1609 1325 1601 1325 1604 1326 1609 1326 1610 1326 1605 1327 1604 1327 1610 1327 1595 1328 1604 1328 1605 1328 1596 1329 1595 1329 1605 1329 1585 1330 1595 1330 1596 1330 1586 1331 1585 1331 1596 1331 1571 1332 1585 1332 1586 1332 1572 1333 1571 1333 1586 1333 1530 1334 1571 1334 1572 1334 1531 1335 1530 1335 1572 1335 1278 1336 1530 1336 1531 1336 1279 1337 1278 1337 1531 1337 987 1338 1278 1338 1279 1338 988 1339 987 1339 1279 1339 837 1340 987 1340 988 1340 838 1341 837 1341 988 1341 827 1342 837 1342 838 1342 828 1343 827 1343 838 1343 813 1344 827 1344 828 1344 814 1345 813 1345 828 1345 803 1346 813 1346 814 1346 804 1347 803 1347 814 1347 793 1348 803 1348 804 1348 794 1349 793 1349 804 1349 783 1350 793 1350 794 1350 784 1351 783 1351 794 1351 773 1352 783 1352 784 1352 774 1353 773 1353 784 1353 757 1354 773 1354 774 1354 758 1355 757 1355 774 1355 747 1356 757 1356 758 1356 748 1357 747 1357 758 1357 737 1358 747 1358 748 1358 738 1359 737 1359 748 1359 728 1360 737 1360 738 1360 729 1361 728 1361 738 1361 723 1362 728 1362 729 1362 724 1363 723 1363 729 1363 732 1364 723 1364 724 1364 733 1365 732 1365 724 1365 742 1366 732 1366 733 1366 743 1367 742 1367 733 1367 752 1368 742 1368 743 1368 753 1369 752 1369 743 1369 764 1370 752 1370 753 1370 765 1371 764 1371 753 1371 778 1372 764 1372 765 1372 779 1373 778 1373 765 1373 788 1374 778 1374 779 1374 789 1375 788 1375 779 1375 798 1376 788 1376 789 1376 799 1377 798 1377 789 1377 808 1378 798 1378 799 1378 809 1379 808 1379 799 1379 822 1380 808 1380 809 1380 823 1381 822 1381 809 1381 825 1382 836 1382 826 1382 820 1383 825 1383 826 1383 811 1384 825 1384 820 1384 812 1385 811 1385 820 1385 801 1386 811 1386 812 1386 802 1387 801 1387 812 1387 791 1388 801 1388 802 1388 792 1389 791 1389 802 1389 781 1390 791 1390 792 1390 782 1391 781 1391 792 1391 771 1392 781 1392 782 1392 772 1393 771 1393 782 1393 755 1394 771 1394 772 1394 756 1395 755 1395 772 1395 745 1396 755 1396 756 1396 746 1397 745 1397 756 1397 735 1398 745 1398 746 1398 736 1399 735 1399 746 1399 726 1400 735 1400 736 1400 727 1401 726 1401 736 1401 721 1402 726 1402 727 1402 722 1403 721 1403 727 1403 730 1404 721 1404 722 1404 731 1405 730 1405 722 1405 740 1406 730 1406 731 1406 741 1407 740 1407 731 1407 750 1408 740 1408 741 1408 751 1409 750 1409 741 1409 762 1410 750 1410 751 1410 763 1411 762 1411 751 1411 776 1412 762 1412 763 1412 777 1413 776 1413 763 1413 786 1414 776 1414 777 1414 787 1415 786 1415 777 1415 796 1416 786 1416 787 1416 797 1417 796 1417 787 1417 806 1418 796 1418 797 1418 807 1419 806 1419 797 1419 819 1420 806 1420 807 1420 821 1421 819 1421 807 1421 830 1422 819 1422 821 1422 831 1423 830 1423 821 1423 894 1424 830 1424 831 1424 895 1425 894 1425 831 1425 1117 1426 894 1426 895 1426 1118 1427 1117 1427 895 1427 1430 1428 1117 1428 1118 1428 1431 1429 1430 1429 1118 1429 1564 1430 1430 1430 1431 1430 1565 1431 1564 1431 1431 1431 1574 1432 1564 1432 1565 1432 1575 1433 1574 1433 1565 1433 1588 1434 1574 1434 1575 1434 1589 1435 1588 1435 1575 1435 1598 1436 1588 1436 1589 1436 1599 1437 1598 1437 1589 1437 1607 1438 1598 1438 1599 1438 1608 1439 1607 1439 1599 1439 1602 1440 1607 1440 1608 1440 1603 1441 1602 1441 1608 1441 1593 1442 1602 1442 1603 1442 1594 1443 1593 1443 1603 1443 1583 1444 1593 1444 1594 1444 1584 1445 1583 1445 1594 1445 1569 1446 1583 1446 1584 1446 1570 1447 1569 1447 1584 1447 1528 1448 1569 1448 1570 1448 1529 1449 1528 1449 1570 1449 1276 1450 1528 1450 1529 1450 1277 1451 1276 1451 1529 1451 985 1452 1276 1452 1277 1452 986 1453 985 1453 1277 1453 835 1454 985 1454 986 1454 836 1455 835 1455 986 1455 825 1456 835 1456 836 1456 2449 1457 2726 1457 2729 1457 2734 1458 2449 1458 2729 1458 2450 1459 2449 1459 2734 1459 2726 1460 2449 1460 2445 1460 2440 1461 2726 1461 2445 1461 2722 1462 2726 1462 2440 1462 2438 1463 2722 1463 2440 1463 2713 1464 2722 1464 2438 1464 2431 1465 2713 1465 2438 1465 2710 1466 2713 1466 2431 1466 2701 1467 2710 1467 2431 1467 2429 1468 2701 1468 2431 1468 2697 1469 2701 1469 2429 1469 2393 1470 2389 1470 2664 1470 2668 1471 2393 1471 2664 1471 2697 1472 2429 1472 2423 1472 2420 1473 2697 1473 2423 1473 2689 1474 2697 1474 2420 1474 2409 1475 2689 1475 2420 1475 2675 1476 2689 1476 2409 1476 2393 1477 2675 1477 2409 1477 2672 1478 2675 1478 2393 1478 2668 1479 2672 1479 2393 1479 2317 1480 2293 1480 2646 1480 2649 1481 2317 1481 2646 1481 2336 1482 2317 1482 2649 1482 2653 1483 2336 1483 2649 1483 2353 1484 2336 1484 2653 1484 2661 1485 2353 1485 2653 1485 2363 1486 2353 1486 2661 1486 2664 1487 2363 1487 2661 1487 2379 1488 2363 1488 2664 1488 2389 1489 2379 1489 2664 1489 2293 1490 2289 1490 2635 1490 2642 1491 2293 1491 2635 1491 2646 1492 2293 1492 2642 1492 2635 1493 2289 1493 2274 1493 2266 1494 2635 1494 2274 1494 2631 1495 2635 1495 2266 1495 2256 1496 2631 1496 2266 1496 2628 1497 2631 1497 2256 1497 2628 1498 2256 1498 2244 1498 2243 1499 2628 1499 2244 1499 2627 1500 2628 1500 2243 1500 2247 1501 2627 1501 2243 1501 2634 1502 2627 1502 2247 1502 2634 1503 2247 1503 2251 1503 2260 1504 2634 1504 2251 1504 2638 1505 2634 1505 2260 1505 2279 1506 2638 1506 2260 1506 2640 1507 2638 1507 2279 1507 2640 1508 2279 1508 2281 1508 2301 1509 2640 1509 2281 1509 2645 1510 2640 1510 2301 1510 2313 1511 2645 1511 2301 1511 2651 1512 2645 1512 2313 1512 2326 1513 2651 1513 2313 1513 2654 1514 2651 1514 2326 1514 2348 1515 2654 1515 2326 1515 2658 1516 2654 1516 2348 1516 2380 1517 2670 1517 2669 1517 2662 1518 2380 1518 2669 1518 2371 1519 2380 1519 2662 1519 2658 1520 2371 1520 2662 1520 2350 1521 2371 1521 2658 1521 2348 1522 2350 1522 2658 1522 2670 1523 2380 1523 2385 1523 2404 1524 2670 1524 2385 1524 2673 1525 2670 1525 2404 1525 2406 1526 2673 1526 2404 1526 2684 1527 2673 1527 2406 1527 2422 1528 2684 1528 2406 1528 2692 1529 2684 1529 2422 1529 2425 1530 2692 1530 2422 1530 2703 1531 2692 1531 2425 1531 2705 1532 2703 1532 2425 1532 2705 1533 2425 1533 2428 1533 2434 1534 2705 1534 2428 1534 2712 1535 2705 1535 2434 1535 2435 1536 2712 1536 2434 1536 2719 1537 2712 1537 2435 1537 2442 1538 2719 1538 2435 1538 2725 1539 2719 1539 2442 1539 2447 1540 2725 1540 2442 1540 2730 1541 2725 1541 2447 1541 2446 1542 2443 1542 2720 1542 2723 1543 2446 1543 2720 1543 2446 1544 2723 1544 2728 1544 2733 1545 2446 1545 2728 1545 2448 1546 2446 1546 2733 1546 2735 1547 2448 1547 2733 1547 2447 1548 2448 1548 2735 1548 2732 1549 2447 1549 2735 1549 2730 1550 2447 1550 2732 1550 2720 1551 2443 1551 2439 1551 2436 1552 2720 1552 2439 1552 2711 1553 2720 1553 2436 1553 2433 1554 2711 1554 2436 1554 2706 1555 2711 1555 2433 1555 2426 1556 2685 1556 2693 1556 2706 1557 2433 1557 2427 1557 2426 1558 2706 1558 2427 1558 2700 1559 2706 1559 2426 1559 2693 1560 2700 1560 2426 1560 2685 1561 2426 1561 2419 1561 2405 1562 2685 1562 2419 1562 2674 1563 2685 1563 2405 1563 2401 1564 2674 1564 2405 1564 2671 1565 2674 1565 2401 1565 2383 1566 2671 1566 2401 1566 2381 1567 2671 1567 2383 1567 2357 1568 2347 1568 2659 1568 2663 1569 2357 1569 2659 1569 2381 1570 2357 1570 2663 1570 2666 1571 2381 1571 2663 1571 2671 1572 2381 1572 2666 1572 2347 1573 2346 1573 2652 1573 2655 1574 2347 1574 2652 1574 2659 1575 2347 1575 2655 1575 2644 1576 2314 1576 2296 1576 2641 1577 2644 1577 2296 1577 2652 1578 2346 1578 2322 1578 2314 1579 2652 1579 2322 1579 2648 1580 2652 1580 2314 1580 2644 1581 2648 1581 2314 1581 2641 1582 2296 1582 2282 1582 2280 1583 2641 1583 2282 1583 2637 1584 2641 1584 2280 1584 2261 1585 2637 1585 2280 1585 2633 1586 2637 1586 2261 1586 2252 1587 2633 1587 2261 1587 2630 1588 2633 1588 2252 1588 2246 1589 2630 1589 2252 1589 2626 1590 2630 1590 2246 1590 2242 1591 2626 1591 2246 1591 2629 1592 2626 1592 2242 1592 2629 1593 2242 1593 2245 1593 2254 1594 2629 1594 2245 1594 2632 1595 2629 1595 2254 1595 2267 1596 2632 1596 2254 1596 2636 1597 2632 1597 2267 1597 2291 1598 2292 1598 2639 1598 2636 1599 2291 1599 2639 1599 2276 1600 2291 1600 2636 1600 2267 1601 2276 1601 2636 1601 2650 1602 2335 1602 2656 1602 2318 1603 2335 1603 2650 1603 2647 1604 2318 1604 2650 1604 2292 1605 2318 1605 2647 1605 2643 1606 2292 1606 2647 1606 2639 1607 2292 1607 2643 1607 2656 1608 2335 1608 2342 1608 2355 1609 2656 1609 2342 1609 2657 1610 2656 1610 2355 1610 2362 1611 2657 1611 2355 1611 2660 1612 2657 1612 2362 1612 2665 1613 2660 1613 2362 1613 2382 1614 2665 1614 2362 1614 2667 1615 2665 1615 2382 1615 2392 1616 2667 1616 2382 1616 2676 1617 2667 1617 2392 1617 2676 1618 2392 1618 2399 1618 2413 1619 2676 1619 2399 1619 2677 1620 2676 1620 2413 1620 2421 1621 2677 1621 2413 1621 2690 1622 2677 1622 2421 1622 2698 1623 2690 1623 2421 1623 2424 1624 2698 1624 2421 1624 2702 1625 2698 1625 2424 1625 2430 1626 2702 1626 2424 1626 2714 1627 2702 1627 2430 1627 2714 1628 2430 1628 2432 1628 2437 1629 2714 1629 2432 1629 2715 1630 2714 1630 2437 1630 2441 1631 2715 1631 2437 1631 2450 1632 2734 1632 2736 1632 2731 1633 2450 1633 2736 1633 2444 1634 2450 1634 2731 1634 2727 1635 2444 1635 2731 1635 2441 1636 2444 1636 2727 1636 2724 1637 2441 1637 2727 1637 2715 1638 2441 1638 2724 1638 615 1639 890 1639 898 1639 626 1640 908 1640 929 1640 565 1641 571 1641 848 1641 846 1642 565 1642 848 1642 859 1643 584 1643 865 1643 578 1644 584 1644 859 1644 855 1645 578 1645 859 1645 571 1646 578 1646 855 1646 854 1647 571 1647 855 1647 848 1648 571 1648 854 1648 598 1649 606 1649 867 1649 865 1650 598 1650 867 1650 587 1651 598 1651 865 1651 584 1652 587 1652 865 1652 620 1653 911 1653 909 1653 892 1654 620 1654 909 1654 617 1655 620 1655 892 1655 885 1656 617 1656 892 1656 606 1657 617 1657 885 1657 878 1658 606 1658 885 1658 867 1659 606 1659 878 1659 911 1660 620 1660 621 1660 628 1661 911 1661 621 1661 936 1662 911 1662 628 1662 632 1663 936 1663 628 1663 944 1664 936 1664 632 1664 636 1665 944 1665 632 1665 949 1666 944 1666 636 1666 639 1667 949 1667 636 1667 974 1668 949 1668 639 1668 978 1669 974 1669 639 1669 645 1670 978 1670 639 1670 1000 1671 978 1671 645 1671 650 1672 1000 1672 645 1672 1012 1673 1000 1673 650 1673 652 1674 1012 1674 650 1674 1015 1675 1012 1675 652 1675 656 1676 1015 1676 652 1676 1037 1677 1015 1677 656 1677 662 1678 1025 1678 1030 1678 662 1679 1030 1679 1045 1679 1047 1680 662 1680 1045 1680 663 1681 662 1681 1047 1681 1049 1682 663 1682 1047 1682 656 1683 663 1683 1049 1683 1040 1684 656 1684 1049 1684 1037 1685 656 1685 1040 1685 929 1686 934 1686 637 1686 629 1687 929 1687 637 1687 626 1688 929 1688 629 1688 1025 1689 662 1689 659 1689 655 1690 1025 1690 659 1690 1009 1691 1025 1691 655 1691 648 1692 1009 1692 655 1692 996 1693 1009 1693 648 1693 644 1694 996 1694 648 1694 970 1695 996 1695 644 1695 641 1696 970 1696 644 1696 956 1697 970 1697 641 1697 637 1698 956 1698 641 1698 945 1699 956 1699 637 1699 934 1700 945 1700 637 1700 618 1701 615 1701 898 1701 898 1702 908 1702 626 1702 622 1703 898 1703 626 1703 618 1704 898 1704 622 1704 872 1705 890 1705 615 1705 601 1706 872 1706 615 1706 870 1707 872 1707 601 1707 593 1708 870 1708 601 1708 864 1709 870 1709 593 1709 589 1710 864 1710 593 1710 861 1711 864 1711 589 1711 561 1712 556 1712 840 1712 843 1713 561 1713 840 1713 564 1714 561 1714 843 1714 861 1715 589 1715 580 1715 577 1716 861 1716 580 1716 858 1717 861 1717 577 1717 568 1718 858 1718 577 1718 852 1719 858 1719 568 1719 564 1720 852 1720 568 1720 849 1721 852 1721 564 1721 843 1722 849 1722 564 1722 563 1723 851 1723 850 1723 844 1724 563 1724 850 1724 559 1725 563 1725 844 1725 840 1726 559 1726 844 1726 554 1727 559 1727 840 1727 556 1728 554 1728 840 1728 592 1729 871 1729 869 1729 863 1730 592 1730 869 1730 588 1731 592 1731 863 1731 860 1732 588 1732 863 1732 576 1733 588 1733 860 1733 857 1734 576 1734 860 1734 575 1735 576 1735 857 1735 851 1736 575 1736 857 1736 566 1737 575 1737 851 1737 563 1738 566 1738 851 1738 625 1739 928 1739 920 1739 906 1740 625 1740 920 1740 623 1741 625 1741 906 1741 899 1742 623 1742 906 1742 614 1743 623 1743 899 1743 887 1744 614 1744 899 1744 613 1745 614 1745 887 1745 871 1746 613 1746 887 1746 600 1747 613 1747 871 1747 592 1748 600 1748 871 1748 928 1749 625 1749 630 1749 633 1750 928 1750 630 1750 941 1751 928 1751 633 1751 634 1752 941 1752 633 1752 957 1753 941 1753 634 1753 640 1754 957 1754 634 1754 966 1755 957 1755 640 1755 643 1756 966 1756 640 1756 991 1757 966 1757 643 1757 998 1758 991 1758 643 1758 998 1759 643 1759 647 1759 651 1760 998 1760 647 1760 1010 1761 998 1761 651 1761 654 1762 1010 1762 651 1762 1024 1763 1010 1763 654 1763 658 1764 1024 1764 654 1764 1031 1765 1024 1765 658 1765 661 1766 1031 1766 658 1766 1044 1767 1031 1767 661 1767 1046 1768 1044 1768 661 1768 1048 1769 1046 1769 661 1769 664 1770 1048 1770 661 1770 1039 1771 1048 1771 664 1771 1039 1772 664 1772 660 1772 657 1773 1039 1773 660 1773 1035 1774 1039 1774 657 1774 1017 1775 1035 1775 657 1775 653 1776 1017 1776 657 1776 1011 1777 1017 1777 653 1777 649 1778 1011 1778 653 1778 1002 1779 1011 1779 649 1779 646 1780 1002 1780 649 1780 979 1781 1002 1781 646 1781 642 1782 979 1782 646 1782 638 1783 979 1783 642 1783 631 1784 627 1784 910 1784 912 1785 631 1785 910 1785 631 1786 912 1786 938 1786 943 1787 631 1787 938 1787 635 1788 631 1788 943 1788 955 1789 635 1789 943 1789 638 1790 635 1790 955 1790 975 1791 638 1791 955 1791 979 1792 638 1792 975 1792 866 1793 868 1793 605 1793 597 1794 866 1794 605 1794 910 1795 627 1795 624 1795 619 1796 910 1796 624 1796 902 1797 910 1797 619 1797 616 1798 902 1798 619 1798 886 1799 902 1799 616 1799 605 1800 886 1800 616 1800 882 1801 886 1801 605 1801 868 1802 882 1802 605 1802 845 1803 847 1803 570 1803 567 1804 845 1804 570 1804 845 1805 567 1805 562 1805 557 1806 845 1806 562 1806 842 1807 845 1807 557 1807 555 1808 842 1808 557 1808 841 1809 842 1809 555 1809 558 1810 841 1810 555 1810 846 1811 841 1811 558 1811 560 1812 846 1812 558 1812 565 1813 846 1813 560 1813 866 1814 597 1814 590 1814 585 1815 866 1815 590 1815 862 1816 866 1816 585 1816 579 1817 862 1817 585 1817 856 1818 862 1818 579 1818 570 1819 856 1819 579 1819 853 1820 856 1820 570 1820 847 1821 853 1821 570 1821 688 1822 685 1822 2612 1822 2603 1823 688 1823 2612 1823 690 1824 688 1824 2603 1824 690 1825 2603 1825 2601 1825 2598 1826 690 1826 2601 1826 691 1827 690 1827 2598 1827 2597 1828 691 1828 2598 1828 694 1829 691 1829 2597 1829 696 1830 694 1830 2597 1830 2595 1831 696 1831 2597 1831 698 1832 696 1832 2595 1832 698 1833 2595 1833 2593 1833 2591 1834 698 1834 2593 1834 702 1835 698 1835 2591 1835 2587 1836 702 1836 2591 1836 704 1837 702 1837 2587 1837 2585 1838 704 1838 2587 1838 706 1839 704 1839 2585 1839 2583 1840 706 1840 2585 1840 708 1841 706 1841 2583 1841 2581 1842 708 1842 2583 1842 710 1843 708 1843 2581 1843 712 1844 710 1844 2581 1844 2579 1845 712 1845 2581 1845 716 1846 712 1846 2579 1846 716 1847 2579 1847 2575 1847 2573 1848 716 1848 2575 1848 718 1849 716 1849 2573 1849 2531 1850 718 1850 2573 1850 760 1851 718 1851 2531 1851 2602 1852 2605 1852 678 1852 687 1853 2602 1853 678 1853 2600 1854 2602 1854 687 1854 2600 1855 687 1855 689 1855 692 1856 2600 1856 689 1856 2599 1857 2600 1857 692 1857 693 1858 2599 1858 692 1858 2596 1859 2599 1859 693 1859 2594 1860 2596 1860 693 1860 695 1861 2594 1861 693 1861 2592 1862 2594 1862 695 1862 2592 1863 695 1863 697 1863 700 1864 2592 1864 697 1864 2589 1865 2592 1865 700 1865 703 1866 2589 1866 700 1866 2586 1867 2589 1867 703 1867 705 1868 2586 1868 703 1868 2584 1869 2586 1869 705 1869 707 1870 2584 1870 705 1870 2582 1871 2584 1871 707 1871 709 1872 2582 1872 707 1872 2580 1873 2582 1873 709 1873 2578 1874 2580 1874 709 1874 711 1875 2578 1875 709 1875 2574 1876 2578 1876 711 1876 2574 1877 711 1877 715 1877 717 1878 2574 1878 715 1878 2572 1879 2574 1879 717 1879 759 1880 2572 1880 717 1880 2530 1881 2572 1881 759 1881 450 1882 500 1882 444 1882 589 1883 515 1883 580 1883 535 1884 593 1884 601 1884 622 1885 545 1885 618 1885 566 1886 512 1886 575 1886 542 1887 614 1887 613 1887 600 1888 542 1888 613 1888 534 1889 542 1889 600 1889 592 1890 534 1890 600 1890 521 1891 534 1891 592 1891 588 1892 521 1892 592 1892 512 1893 521 1893 588 1893 576 1894 512 1894 588 1894 575 1895 512 1895 576 1895 21 1896 16 1896 13 1896 24 1897 21 1897 13 1897 28 1898 21 1898 24 1898 35 1899 28 1899 24 1899 43 1900 28 1900 35 1900 56 1901 43 1901 35 1901 60 1902 43 1902 56 1902 66 1903 60 1903 56 1903 67 1904 60 1904 66 1904 92 1905 67 1905 66 1905 97 1906 67 1906 92 1906 115 1907 97 1907 92 1907 122 1908 97 1908 115 1908 623 1909 614 1909 542 1909 548 1910 623 1910 542 1910 625 1911 623 1911 548 1911 553 1912 625 1912 548 1912 630 1913 625 1913 553 1913 569 1914 630 1914 553 1914 633 1915 630 1915 569 1915 122 1916 115 1916 126 1916 136 1917 122 1917 126 1917 132 1918 122 1918 136 1918 174 1919 132 1919 136 1919 634 1920 633 1920 569 1920 582 1921 634 1921 569 1921 640 1922 634 1922 582 1922 196 1923 161 1923 174 1923 210 1924 185 1924 196 1924 643 1925 640 1925 582 1925 595 1926 643 1926 582 1926 647 1927 643 1927 595 1927 599 1928 647 1928 595 1928 651 1929 647 1929 599 1929 654 1930 651 1930 599 1930 608 1931 654 1931 599 1931 658 1932 654 1932 608 1932 661 1933 658 1933 608 1933 612 1934 661 1934 608 1934 664 1935 661 1935 612 1935 610 1936 664 1936 612 1936 660 1937 664 1937 610 1937 657 1938 660 1938 610 1938 603 1939 657 1939 610 1939 653 1940 657 1940 603 1940 649 1941 653 1941 603 1941 594 1942 649 1942 603 1942 646 1943 649 1943 594 1943 586 1944 646 1944 594 1944 642 1945 646 1945 586 1945 638 1946 642 1946 586 1946 572 1947 638 1947 586 1947 635 1948 638 1948 572 1948 198 1949 185 1949 210 1949 229 1950 198 1950 210 1950 212 1951 198 1951 229 1951 234 1952 212 1952 229 1952 218 1953 212 1953 234 1953 232 1954 218 1954 234 1954 214 1955 218 1955 232 1955 219 1956 214 1956 232 1956 200 1957 214 1957 219 1957 195 1958 200 1958 219 1958 184 1959 200 1959 195 1959 177 1960 184 1960 195 1960 172 1961 184 1961 177 1961 151 1962 172 1962 177 1962 141 1963 172 1963 151 1963 123 1964 141 1964 151 1964 119 1965 141 1965 123 1965 112 1966 119 1966 123 1966 102 1967 119 1967 112 1967 631 1968 635 1968 572 1968 550 1969 631 1969 572 1969 627 1970 631 1970 550 1970 549 1971 627 1971 550 1971 624 1972 627 1972 549 1972 523 1973 585 1973 590 1973 597 1974 523 1974 590 1974 532 1975 523 1975 597 1975 605 1976 532 1976 597 1976 543 1977 532 1977 605 1977 616 1978 543 1978 605 1978 549 1979 543 1979 616 1979 619 1980 549 1980 616 1980 624 1981 549 1981 619 1981 579 1982 585 1982 523 1982 514 1983 579 1983 523 1983 570 1984 579 1984 514 1984 507 1985 570 1985 514 1985 567 1986 570 1986 507 1986 503 1987 567 1987 507 1987 562 1988 567 1988 503 1988 102 1989 112 1989 101 1989 68 1990 102 1990 101 1990 76 1991 102 1991 68 1991 54 1992 76 1992 68 1992 58 1993 76 1993 54 1993 41 1994 58 1994 54 1994 49 1995 58 1995 41 1995 26 1996 49 1996 41 1996 30 1997 49 1997 26 1997 14 1998 30 1998 26 1998 22 1999 30 1999 14 1999 9 2000 22 2000 14 2000 19 2001 22 2001 9 2001 4 2002 19 2002 9 2002 10 2003 19 2003 4 2003 3 2004 10 2004 4 2004 17 2005 10 2005 3 2005 505 2006 571 2006 565 2006 560 2007 505 2007 565 2007 501 2008 505 2008 560 2008 558 2009 501 2009 560 2009 498 2010 501 2010 558 2010 555 2011 498 2011 558 2011 503 2012 498 2012 555 2012 557 2013 503 2013 555 2013 562 2014 503 2014 557 2014 578 2015 571 2015 505 2015 513 2016 578 2016 505 2016 584 2017 578 2017 513 2017 520 2018 584 2018 513 2018 587 2019 584 2019 520 2019 533 2020 587 2020 520 2020 598 2021 587 2021 533 2021 17 2022 3 2022 7 2022 12 2023 17 2023 7 2023 20 2024 17 2024 12 2024 25 2025 20 2025 12 2025 29 2026 20 2026 25 2026 34 2027 29 2027 25 2027 42 2028 29 2028 34 2028 55 2029 42 2029 34 2029 59 2030 42 2030 55 2030 69 2031 59 2031 55 2031 77 2032 59 2032 69 2032 89 2033 77 2033 69 2033 90 2034 77 2034 89 2034 113 2035 90 2035 89 2035 120 2036 90 2036 113 2036 546 2037 551 2037 621 2037 620 2038 546 2038 621 2038 544 2039 546 2039 620 2039 617 2040 544 2040 620 2040 533 2041 544 2041 617 2041 606 2042 533 2042 617 2042 598 2043 533 2043 606 2043 581 2044 591 2044 639 2044 636 2045 581 2045 639 2045 573 2046 581 2046 636 2046 632 2047 573 2047 636 2047 551 2048 573 2048 632 2048 628 2049 551 2049 632 2049 621 2050 551 2050 628 2050 591 2051 652 2051 650 2051 645 2052 591 2052 650 2052 639 2053 591 2053 645 2053 652 2054 591 2054 602 2054 607 2055 652 2055 602 2055 656 2056 652 2056 607 2056 611 2057 656 2057 607 2057 611 2058 659 2058 662 2058 663 2059 611 2059 662 2059 656 2060 611 2060 663 2060 659 2061 611 2061 609 2061 604 2062 659 2062 609 2062 655 2063 659 2063 604 2063 596 2064 655 2064 604 2064 596 2065 641 2065 644 2065 648 2066 596 2066 644 2066 655 2067 596 2067 648 2067 641 2068 596 2068 583 2068 574 2069 641 2069 583 2069 637 2070 641 2070 574 2070 552 2071 637 2071 574 2071 629 2072 637 2072 552 2072 626 2073 629 2073 552 2073 120 2074 113 2074 124 2074 152 2075 120 2075 124 2075 142 2076 120 2076 152 2076 173 2077 142 2077 152 2077 159 2078 142 2078 173 2078 192 2079 159 2079 173 2079 182 2080 159 2080 192 2080 215 2081 182 2081 192 2081 199 2082 182 2082 215 2082 228 2083 199 2083 215 2083 211 2084 199 2084 228 2084 233 2085 211 2085 228 2085 217 2086 211 2086 233 2086 230 2087 217 2087 233 2087 213 2088 217 2088 230 2088 220 2089 213 2089 230 2089 201 2090 213 2090 220 2090 197 2091 201 2091 220 2091 187 2092 201 2092 197 2092 175 2093 187 2093 197 2093 162 2094 187 2094 175 2094 153 2095 162 2095 175 2095 146 2096 162 2096 153 2096 125 2097 146 2097 153 2097 121 2098 146 2098 125 2098 114 2099 121 2099 125 2099 94 2100 121 2100 114 2100 622 2101 626 2101 552 2101 547 2102 622 2102 552 2102 545 2103 622 2103 547 2103 545 2104 535 2104 601 2104 615 2105 545 2105 601 2105 618 2106 545 2106 615 2106 589 2107 593 2107 535 2107 522 2108 589 2108 535 2108 515 2109 589 2109 522 2109 443 2110 444 2110 499 2110 502 2111 443 2111 499 2111 446 2112 443 2112 502 2112 508 2113 446 2113 502 2113 452 2114 446 2114 508 2114 515 2115 452 2115 508 2115 459 2116 452 2116 515 2116 522 2117 459 2117 515 2117 466 2118 459 2118 522 2118 535 2119 466 2119 522 2119 479 2120 466 2120 535 2120 545 2121 479 2121 535 2121 489 2122 479 2122 545 2122 547 2123 489 2123 545 2123 491 2124 489 2124 547 2124 552 2125 491 2125 547 2125 496 2126 491 2126 552 2126 574 2127 496 2127 552 2127 511 2128 496 2128 574 2128 583 2129 511 2129 574 2129 518 2130 511 2130 583 2130 596 2131 518 2131 583 2131 527 2132 518 2132 596 2132 604 2133 527 2133 596 2133 531 2134 527 2134 604 2134 609 2135 531 2135 604 2135 538 2136 531 2136 609 2136 611 2137 538 2137 609 2137 540 2138 538 2138 611 2138 607 2139 540 2139 611 2139 536 2140 540 2140 607 2140 602 2141 536 2141 607 2141 529 2142 536 2142 602 2142 591 2143 529 2143 602 2143 524 2144 529 2144 591 2144 581 2145 524 2145 591 2145 516 2146 524 2146 581 2146 573 2147 516 2147 581 2147 510 2148 516 2148 573 2148 551 2149 510 2149 573 2149 495 2150 510 2150 551 2150 546 2151 495 2151 551 2151 490 2152 495 2152 546 2152 544 2153 490 2153 546 2153 488 2154 490 2154 544 2154 533 2155 488 2155 544 2155 477 2156 488 2156 533 2156 520 2157 477 2157 533 2157 464 2158 477 2158 520 2158 513 2159 464 2159 520 2159 457 2160 464 2160 513 2160 505 2161 457 2161 513 2161 449 2162 457 2162 505 2162 501 2163 449 2163 505 2163 445 2164 449 2164 501 2164 498 2165 445 2165 501 2165 442 2166 445 2166 498 2166 503 2167 442 2167 498 2167 447 2168 442 2168 503 2168 507 2169 447 2169 503 2169 451 2170 447 2170 507 2170 514 2171 451 2171 507 2171 458 2172 451 2172 514 2172 523 2173 458 2173 514 2173 467 2174 458 2174 523 2174 532 2175 467 2175 523 2175 476 2176 467 2176 532 2176 543 2177 476 2177 532 2177 487 2178 476 2178 543 2178 549 2179 487 2179 543 2179 493 2180 487 2180 549 2180 550 2181 493 2181 549 2181 494 2182 493 2182 550 2182 572 2183 494 2183 550 2183 509 2184 494 2184 572 2184 586 2185 509 2185 572 2185 519 2186 509 2186 586 2186 594 2187 519 2187 586 2187 525 2188 519 2188 594 2188 603 2189 525 2189 594 2189 530 2190 525 2190 603 2190 610 2191 530 2191 603 2191 539 2192 530 2192 610 2192 612 2193 539 2193 610 2193 541 2194 539 2194 612 2194 608 2195 541 2195 612 2195 537 2196 541 2196 608 2196 599 2197 537 2197 608 2197 528 2198 537 2198 599 2198 595 2199 528 2199 599 2199 526 2200 528 2200 595 2200 582 2201 526 2201 595 2201 517 2202 526 2202 582 2202 569 2203 517 2203 582 2203 504 2204 517 2204 569 2204 553 2205 504 2205 569 2205 497 2206 504 2206 553 2206 548 2207 497 2207 553 2207 492 2208 497 2208 548 2208 542 2209 492 2209 548 2209 486 2210 492 2210 542 2210 534 2211 486 2211 542 2211 478 2212 486 2212 534 2212 521 2213 478 2213 534 2213 465 2214 478 2214 521 2214 512 2215 465 2215 521 2215 499 2216 554 2216 556 2216 561 2217 499 2217 556 2217 502 2218 499 2218 561 2218 564 2219 502 2219 561 2219 508 2220 502 2220 564 2220 568 2221 508 2221 564 2221 515 2222 508 2222 568 2222 577 2223 515 2223 568 2223 580 2224 515 2224 577 2224 499 2225 444 2225 500 2225 559 2226 499 2226 500 2226 554 2227 499 2227 559 2227 94 2228 114 2228 91 2228 72 2229 94 2229 91 2229 79 2230 94 2230 72 2230 57 2231 79 2231 72 2231 61 2232 79 2232 57 2232 36 2233 61 2233 57 2233 44 2234 61 2234 36 2234 27 2235 44 2235 36 2235 31 2236 44 2236 27 2236 15 2237 31 2237 27 2237 23 2238 31 2238 15 2238 8 2239 23 2239 15 2239 18 2240 23 2240 8 2240 5 2241 18 2241 8 2241 11 2242 18 2242 5 2242 1 2243 11 2243 5 2243 16 2244 11 2244 1 2244 6 2245 16 2245 1 2245 13 2246 16 2246 6 2246 122 2247 132 2247 138 2247 118 2248 122 2248 138 2248 97 2249 122 2249 118 2249 95 2250 97 2250 118 2250 67 2251 97 2251 95 2251 82 2252 67 2252 95 2252 60 2253 67 2253 82 2253 63 2254 60 2254 82 2254 43 2255 60 2255 63 2255 50 2256 43 2256 63 2256 28 2257 43 2257 50 2257 46 2258 28 2258 50 2258 21 2259 28 2259 46 2259 37 2260 21 2260 46 2260 16 2261 21 2261 37 2261 33 2262 16 2262 37 2262 11 2263 16 2263 33 2263 39 2264 11 2264 33 2264 18 2265 11 2265 39 2265 48 2266 18 2266 39 2266 23 2267 18 2267 48 2267 53 2268 23 2268 48 2268 31 2269 23 2269 53 2269 64 2270 31 2270 53 2270 44 2271 31 2271 64 2271 83 2272 44 2272 64 2272 61 2273 44 2273 83 2273 103 2274 61 2274 83 2274 79 2275 61 2275 103 2275 117 2276 79 2276 103 2276 94 2277 79 2277 117 2277 137 2278 94 2278 117 2278 121 2279 94 2279 137 2279 171 2280 121 2280 137 2280 146 2281 121 2281 171 2281 186 2282 146 2282 171 2282 162 2283 146 2283 186 2283 209 2284 162 2284 186 2284 187 2285 162 2285 209 2285 227 2286 187 2286 209 2286 201 2287 187 2287 227 2287 237 2288 201 2288 227 2288 213 2289 201 2289 237 2289 242 2290 213 2290 237 2290 217 2291 213 2291 242 2291 235 2292 217 2292 242 2292 211 2293 217 2293 235 2293 225 2294 211 2294 235 2294 199 2295 211 2295 225 2295 206 2296 199 2296 225 2296 182 2297 199 2297 206 2297 181 2298 182 2298 206 2298 159 2299 182 2299 181 2299 167 2300 159 2300 181 2300 142 2301 159 2301 167 2301 134 2302 142 2302 167 2302 120 2303 142 2303 134 2303 116 2304 120 2304 134 2304 90 2305 120 2305 116 2305 100 2306 90 2306 116 2306 77 2307 90 2307 100 2307 81 2308 77 2308 100 2308 59 2309 77 2309 81 2309 62 2310 59 2310 81 2310 42 2311 59 2311 62 2311 51 2312 42 2312 62 2312 29 2313 42 2313 51 2313 45 2314 29 2314 51 2314 20 2315 29 2315 45 2315 38 2316 20 2316 45 2316 17 2317 20 2317 38 2317 32 2318 17 2318 38 2318 10 2319 17 2319 32 2319 40 2320 10 2320 32 2320 19 2321 10 2321 40 2321 47 2322 19 2322 40 2322 22 2323 19 2323 47 2323 52 2324 22 2324 47 2324 30 2325 22 2325 52 2325 65 2326 30 2326 52 2326 49 2327 30 2327 65 2327 80 2328 49 2328 65 2328 58 2329 49 2329 80 2329 99 2330 58 2330 80 2330 76 2331 58 2331 99 2331 127 2332 76 2332 99 2332 102 2333 76 2333 127 2333 133 2334 102 2334 127 2334 119 2335 102 2335 133 2335 166 2336 119 2336 133 2336 141 2337 119 2337 166 2337 189 2338 141 2338 166 2338 172 2339 141 2339 189 2339 207 2340 172 2340 189 2340 184 2341 172 2341 207 2341 226 2342 184 2342 207 2342 200 2343 184 2343 226 2343 240 2344 200 2344 226 2344 214 2345 200 2345 240 2345 243 2346 214 2346 240 2346 218 2347 214 2347 243 2347 236 2348 218 2348 243 2348 212 2349 218 2349 236 2349 221 2350 212 2350 236 2350 198 2351 212 2351 221 2351 208 2352 198 2352 221 2352 185 2353 198 2353 208 2353 183 2354 185 2354 208 2354 118 2355 138 2355 169 2355 135 2356 118 2356 169 2356 95 2357 118 2357 135 2357 130 2358 95 2358 135 2358 82 2359 95 2359 130 2359 105 2360 82 2360 130 2360 63 2361 82 2361 105 2361 88 2362 63 2362 105 2362 50 2363 63 2363 88 2363 85 2364 50 2364 88 2364 46 2365 50 2365 85 2365 73 2366 46 2366 85 2366 37 2367 46 2367 73 2367 71 2368 37 2368 73 2368 33 2369 37 2369 71 2369 75 2370 33 2370 71 2370 39 2371 33 2371 75 2371 87 2372 39 2372 75 2372 48 2373 39 2373 87 2373 98 2374 48 2374 87 2374 53 2375 48 2375 98 2375 106 2376 53 2376 98 2376 64 2377 53 2377 106 2377 131 2378 64 2378 106 2378 83 2379 64 2379 131 2379 150 2380 83 2380 131 2380 103 2381 83 2381 150 2381 168 2382 103 2382 150 2382 117 2383 103 2383 168 2383 193 2384 117 2384 168 2384 137 2385 117 2385 193 2385 224 2386 137 2386 193 2386 171 2387 137 2387 224 2387 246 2388 171 2388 224 2388 186 2389 171 2389 246 2389 261 2390 186 2390 246 2390 209 2391 186 2391 261 2391 270 2392 209 2392 261 2392 227 2393 209 2393 270 2393 280 2394 227 2394 270 2394 237 2395 227 2395 280 2395 282 2396 237 2396 280 2396 242 2397 237 2397 282 2397 278 2398 242 2398 282 2398 235 2399 242 2399 278 2399 268 2400 235 2400 278 2400 225 2401 235 2401 268 2401 258 2402 225 2402 268 2402 206 2403 225 2403 258 2403 244 2404 206 2404 258 2404 181 2405 206 2405 244 2405 223 2406 181 2406 244 2406 167 2407 181 2407 223 2407 191 2408 167 2408 223 2408 134 2409 167 2409 191 2409 164 2410 134 2410 191 2410 116 2411 134 2411 164 2411 149 2412 116 2412 164 2412 100 2413 116 2413 149 2413 129 2414 100 2414 149 2414 81 2415 100 2415 129 2415 104 2416 81 2416 129 2416 62 2417 81 2417 104 2417 93 2418 62 2418 104 2418 51 2419 62 2419 93 2419 84 2420 51 2420 93 2420 45 2421 51 2421 84 2421 74 2422 45 2422 84 2422 38 2423 45 2423 74 2423 70 2424 38 2424 74 2424 32 2425 38 2425 70 2425 78 2426 32 2426 70 2426 40 2427 32 2427 78 2427 86 2428 40 2428 78 2428 47 2429 40 2429 86 2429 96 2430 47 2430 86 2430 52 2431 47 2431 96 2431 107 2432 52 2432 96 2432 65 2433 52 2433 107 2433 128 2434 65 2434 107 2434 80 2435 65 2435 128 2435 148 2436 80 2436 128 2436 99 2437 80 2437 148 2437 176 2438 99 2438 148 2438 127 2439 99 2439 176 2439 190 2440 127 2440 176 2440 133 2441 127 2441 190 2441 222 2442 133 2442 190 2442 166 2443 133 2443 222 2443 247 2444 166 2444 222 2444 189 2445 166 2445 247 2445 259 2446 189 2446 247 2446 207 2447 189 2447 259 2447 269 2448 207 2448 259 2448 226 2449 207 2449 269 2449 281 2450 226 2450 269 2450 240 2451 226 2451 281 2451 283 2452 240 2452 281 2452 243 2453 240 2453 283 2453 279 2454 243 2454 283 2454 236 2455 243 2455 279 2455 266 2456 236 2456 279 2456 221 2457 236 2457 266 2457 260 2458 221 2458 266 2458 208 2459 221 2459 260 2459 245 2460 208 2460 260 2460 183 2461 208 2461 245 2461 216 2462 183 2462 245 2462 135 2463 169 2463 231 2463 204 2464 135 2464 231 2464 130 2465 135 2465 204 2465 179 2466 130 2466 204 2466 105 2467 130 2467 179 2467 160 2468 105 2468 179 2468 88 2469 105 2469 160 2469 155 2470 88 2470 160 2470 85 2471 88 2471 155 2471 143 2472 85 2472 155 2472 73 2473 85 2473 143 2473 140 2474 73 2474 143 2474 71 2475 73 2475 140 2475 145 2476 71 2476 140 2476 75 2477 71 2477 145 2477 157 2478 75 2478 145 2478 87 2479 75 2479 157 2479 170 2480 87 2480 157 2480 98 2481 87 2481 170 2481 180 2482 98 2482 170 2482 106 2483 98 2483 180 2483 205 2484 106 2484 180 2484 131 2485 106 2485 205 2485 241 2486 131 2486 205 2486 150 2487 131 2487 241 2487 251 2488 150 2488 241 2488 168 2489 150 2489 251 2489 276 2490 168 2490 251 2490 193 2491 168 2491 276 2491 291 2492 193 2492 276 2492 224 2493 193 2493 291 2493 298 2494 224 2494 291 2494 246 2495 224 2495 298 2495 307 2496 246 2496 298 2496 261 2497 246 2497 307 2497 311 2498 261 2498 307 2498 270 2499 261 2499 311 2499 317 2500 270 2500 311 2500 280 2501 270 2501 317 2501 319 2502 280 2502 317 2502 282 2503 280 2503 319 2503 315 2504 282 2504 319 2504 278 2505 282 2505 315 2505 309 2506 278 2506 315 2506 268 2507 278 2507 309 2507 301 2508 268 2508 309 2508 258 2509 268 2509 301 2509 296 2510 258 2510 301 2510 244 2511 258 2511 296 2511 290 2512 244 2512 296 2512 223 2513 244 2513 290 2513 275 2514 223 2514 290 2514 191 2515 223 2515 275 2515 250 2516 191 2516 275 2516 164 2517 191 2517 250 2517 239 2518 164 2518 250 2518 149 2519 164 2519 239 2519 203 2520 149 2520 239 2520 129 2521 149 2521 203 2521 178 2522 129 2522 203 2522 104 2523 129 2523 178 2523 163 2524 104 2524 178 2524 93 2525 104 2525 163 2525 154 2526 93 2526 163 2526 84 2527 93 2527 154 2527 144 2528 84 2528 154 2528 74 2529 84 2529 144 2529 139 2530 74 2530 144 2530 70 2531 74 2531 139 2531 147 2532 70 2532 139 2532 78 2533 70 2533 147 2533 156 2534 78 2534 147 2534 86 2535 78 2535 156 2535 165 2536 86 2536 156 2536 96 2537 86 2537 165 2537 188 2538 96 2538 165 2538 107 2539 96 2539 188 2539 202 2540 107 2540 188 2540 128 2541 107 2541 202 2541 238 2542 128 2542 202 2542 148 2543 128 2543 238 2543 257 2544 148 2544 238 2544 176 2545 148 2545 257 2545 274 2546 176 2546 257 2546 190 2547 176 2547 274 2547 289 2548 190 2548 274 2548 222 2549 190 2549 289 2549 299 2550 222 2550 289 2550 247 2551 222 2551 299 2551 304 2552 247 2552 299 2552 259 2553 247 2553 304 2553 310 2554 259 2554 304 2554 269 2555 259 2555 310 2555 318 2556 269 2556 310 2556 281 2557 269 2557 318 2557 320 2558 281 2558 318 2558 283 2559 281 2559 320 2559 316 2560 283 2560 320 2560 279 2561 283 2561 316 2561 308 2562 279 2562 316 2562 266 2563 279 2563 308 2563 305 2564 266 2564 308 2564 260 2565 266 2565 305 2565 297 2566 260 2566 305 2566 245 2567 260 2567 297 2567 288 2568 245 2568 297 2568 216 2569 245 2569 288 2569 277 2570 216 2570 288 2570 204 2571 231 2571 294 2571 285 2572 204 2572 294 2572 179 2573 204 2573 285 2573 267 2574 179 2574 285 2574 160 2575 179 2575 267 2575 263 2576 160 2576 267 2576 155 2577 160 2577 263 2577 252 2578 155 2578 263 2578 143 2579 155 2579 252 2579 249 2580 143 2580 252 2580 140 2581 143 2581 249 2581 255 2582 140 2582 249 2582 145 2583 140 2583 255 2583 265 2584 145 2584 255 2584 157 2585 145 2585 265 2585 273 2586 157 2586 265 2586 170 2587 157 2587 273 2587 286 2588 170 2588 273 2588 180 2589 170 2589 286 2589 295 2590 180 2590 286 2590 205 2591 180 2591 295 2591 306 2592 205 2592 295 2592 241 2593 205 2593 306 2593 313 2594 241 2594 306 2594 251 2595 241 2595 313 2595 330 2596 251 2596 313 2596 276 2597 251 2597 330 2597 343 2598 276 2598 330 2598 291 2599 276 2599 343 2599 350 2600 291 2600 343 2600 298 2601 291 2601 350 2601 359 2602 298 2602 350 2602 307 2603 298 2603 359 2603 363 2604 307 2604 359 2604 311 2605 307 2605 363 2605 367 2606 311 2606 363 2606 317 2607 311 2607 367 2607 372 2608 317 2608 367 2608 319 2609 317 2609 372 2609 365 2610 319 2610 372 2610 315 2611 319 2611 365 2611 361 2612 315 2612 365 2612 309 2613 315 2613 361 2613 356 2614 309 2614 361 2614 301 2615 309 2615 356 2615 348 2616 301 2616 356 2616 296 2617 301 2617 348 2617 342 2618 296 2618 348 2618 290 2619 296 2619 342 2619 329 2620 290 2620 342 2620 275 2621 290 2621 329 2621 312 2622 275 2622 329 2622 250 2623 275 2623 312 2623 303 2624 250 2624 312 2624 239 2625 250 2625 303 2625 293 2626 239 2626 303 2626 203 2627 239 2627 293 2627 284 2628 203 2628 293 2628 178 2629 203 2629 284 2629 271 2630 178 2630 284 2630 163 2631 178 2631 271 2631 262 2632 163 2632 271 2632 154 2633 163 2633 262 2633 254 2634 154 2634 262 2634 144 2635 154 2635 254 2635 248 2636 144 2636 254 2636 139 2637 144 2637 248 2637 256 2638 139 2638 248 2638 147 2639 139 2639 256 2639 264 2640 147 2640 256 2640 156 2641 147 2641 264 2641 272 2642 156 2642 264 2642 165 2643 156 2643 272 2643 287 2644 165 2644 272 2644 188 2645 165 2645 287 2645 292 2646 188 2646 287 2646 202 2647 188 2647 292 2647 302 2648 202 2648 292 2648 238 2649 202 2649 302 2649 321 2650 238 2650 302 2650 257 2651 238 2651 321 2651 328 2652 257 2652 321 2652 274 2653 257 2653 328 2653 341 2654 274 2654 328 2654 289 2655 274 2655 341 2655 351 2656 289 2656 341 2656 299 2657 289 2657 351 2657 357 2658 299 2658 351 2658 304 2659 299 2659 357 2659 362 2660 304 2660 357 2660 310 2661 304 2661 362 2661 370 2662 310 2662 362 2662 318 2663 310 2663 370 2663 373 2664 318 2664 370 2664 320 2665 318 2665 373 2665 366 2666 320 2666 373 2666 316 2667 320 2667 366 2667 360 2668 316 2668 366 2668 308 2669 316 2669 360 2669 358 2670 308 2670 360 2670 305 2671 308 2671 358 2671 349 2672 305 2672 358 2672 297 2673 305 2673 349 2673 340 2674 297 2674 349 2674 288 2675 297 2675 340 2675 331 2676 288 2676 340 2676 277 2677 288 2677 331 2677 314 2678 277 2678 331 2678 285 2679 294 2679 345 2679 336 2680 285 2680 345 2680 267 2681 285 2681 336 2681 333 2682 267 2682 336 2682 263 2683 267 2683 333 2683 324 2684 263 2684 333 2684 252 2685 263 2685 324 2685 323 2686 252 2686 324 2686 249 2687 252 2687 323 2687 326 2688 249 2688 323 2688 255 2689 249 2689 326 2689 335 2690 255 2690 326 2690 265 2691 255 2691 335 2691 339 2692 265 2692 335 2692 273 2693 265 2693 339 2693 346 2694 273 2694 339 2694 286 2695 273 2695 346 2695 355 2696 286 2696 346 2696 295 2697 286 2697 355 2697 371 2698 295 2698 355 2698 306 2699 295 2699 371 2699 375 2700 306 2700 371 2700 313 2701 306 2701 375 2701 380 2702 313 2702 375 2702 330 2703 313 2703 380 2703 395 2704 330 2704 380 2704 343 2705 330 2705 395 2705 402 2706 343 2706 395 2706 350 2707 343 2707 402 2707 411 2708 350 2708 402 2708 359 2709 350 2709 411 2709 419 2710 359 2710 411 2710 363 2711 359 2711 419 2711 422 2712 363 2712 419 2712 367 2713 363 2713 422 2713 424 2714 367 2714 422 2714 372 2715 367 2715 424 2715 420 2716 372 2716 424 2716 365 2717 372 2717 420 2717 417 2718 365 2718 420 2718 361 2719 365 2719 417 2719 408 2720 361 2720 417 2720 356 2721 361 2721 408 2721 400 2722 356 2722 408 2722 348 2723 356 2723 400 2723 394 2724 348 2724 400 2724 342 2725 348 2725 394 2725 379 2726 342 2726 394 2726 329 2727 342 2727 379 2727 374 2728 329 2728 379 2728 312 2729 329 2729 374 2729 369 2730 312 2730 374 2730 303 2731 312 2731 369 2731 353 2732 303 2732 369 2732 293 2733 303 2733 353 2733 344 2734 293 2734 353 2734 284 2735 293 2735 344 2735 337 2736 284 2736 344 2736 271 2737 284 2737 337 2737 332 2738 271 2738 337 2738 262 2739 271 2739 332 2739 325 2740 262 2740 332 2740 254 2741 262 2741 325 2741 322 2742 254 2742 325 2742 248 2743 254 2743 322 2743 327 2744 248 2744 322 2744 256 2745 248 2745 327 2745 334 2746 256 2746 327 2746 264 2747 256 2747 334 2747 338 2748 264 2748 334 2748 272 2749 264 2749 338 2749 347 2750 272 2750 338 2750 287 2751 272 2751 347 2751 352 2752 287 2752 347 2752 292 2753 287 2753 352 2753 368 2754 292 2754 352 2754 302 2755 292 2755 368 2755 377 2756 302 2756 368 2756 321 2757 302 2757 377 2757 378 2758 321 2758 377 2758 328 2759 321 2759 378 2759 393 2760 328 2760 378 2760 341 2761 328 2761 393 2761 406 2762 341 2762 393 2762 351 2763 341 2763 406 2763 409 2764 351 2764 406 2764 357 2765 351 2765 409 2765 418 2766 357 2766 409 2766 362 2767 357 2767 418 2767 423 2768 362 2768 418 2768 370 2769 362 2769 423 2769 425 2770 370 2770 423 2770 373 2771 370 2771 425 2771 421 2772 373 2772 425 2772 366 2773 373 2773 421 2773 416 2774 366 2774 421 2774 360 2775 366 2775 416 2775 410 2776 360 2776 416 2776 358 2777 360 2777 410 2777 401 2778 358 2778 410 2778 349 2779 358 2779 401 2779 392 2780 349 2780 401 2780 340 2781 349 2781 392 2781 381 2782 340 2782 392 2782 331 2783 340 2783 381 2783 376 2784 331 2784 381 2784 314 2785 331 2785 376 2785 364 2786 314 2786 376 2786 336 2787 345 2787 396 2787 389 2788 336 2788 396 2788 333 2789 336 2789 389 2789 384 2790 333 2790 389 2790 324 2791 333 2791 384 2791 383 2792 324 2792 384 2792 323 2793 324 2793 383 2793 386 2794 323 2794 383 2794 326 2795 323 2795 386 2795 391 2796 326 2796 386 2796 335 2797 326 2797 391 2797 399 2798 335 2798 391 2798 339 2799 335 2799 399 2799 405 2800 339 2800 399 2800 346 2801 339 2801 405 2801 415 2802 346 2802 405 2802 355 2803 346 2803 415 2803 429 2804 355 2804 415 2804 371 2805 355 2805 429 2805 435 2806 371 2806 429 2806 375 2807 371 2807 435 2807 440 2808 375 2808 435 2808 380 2809 375 2809 440 2809 455 2810 380 2810 440 2810 395 2811 380 2811 455 2811 462 2812 395 2812 455 2812 402 2813 395 2813 462 2813 471 2814 402 2814 462 2814 411 2815 402 2815 471 2815 475 2816 411 2816 471 2816 419 2817 411 2817 475 2817 482 2818 419 2818 475 2818 422 2819 419 2819 482 2819 484 2820 422 2820 482 2820 424 2821 422 2821 484 2821 480 2822 424 2822 484 2822 420 2823 424 2823 480 2823 473 2824 420 2824 480 2824 417 2825 420 2825 473 2825 468 2826 417 2826 473 2826 408 2827 417 2827 468 2827 460 2828 408 2828 468 2828 400 2829 408 2829 460 2829 454 2830 400 2830 460 2830 394 2831 400 2831 454 2831 439 2832 394 2832 454 2832 379 2833 394 2833 439 2833 434 2834 379 2834 439 2834 374 2835 379 2835 434 2835 428 2836 374 2836 434 2836 369 2837 374 2837 428 2837 413 2838 369 2838 428 2838 353 2839 369 2839 413 2839 403 2840 353 2840 413 2840 344 2841 353 2841 403 2841 397 2842 344 2842 403 2842 337 2843 344 2843 397 2843 388 2844 337 2844 397 2844 332 2845 337 2845 388 2845 385 2846 332 2846 388 2846 325 2847 332 2847 385 2847 382 2848 325 2848 385 2848 322 2849 325 2849 382 2849 387 2850 322 2850 382 2850 327 2851 322 2851 387 2851 390 2852 327 2852 387 2852 334 2853 327 2853 390 2853 398 2854 334 2854 390 2854 338 2855 334 2855 398 2855 407 2856 338 2856 398 2856 347 2857 338 2857 407 2857 412 2858 347 2858 407 2858 352 2859 347 2859 412 2859 427 2860 352 2860 412 2860 368 2861 352 2861 427 2861 437 2862 368 2862 427 2862 377 2863 368 2863 437 2863 438 2864 377 2864 437 2864 378 2865 377 2865 438 2865 453 2866 378 2866 438 2866 393 2867 378 2867 453 2867 463 2868 393 2868 453 2868 406 2869 393 2869 463 2869 469 2870 406 2870 463 2870 409 2871 406 2871 469 2871 474 2872 409 2872 469 2872 418 2873 409 2873 474 2873 483 2874 418 2874 474 2874 423 2875 418 2875 483 2875 485 2876 423 2876 483 2876 425 2877 423 2877 485 2877 481 2878 425 2878 485 2878 421 2879 425 2879 481 2879 472 2880 421 2880 481 2880 416 2881 421 2881 472 2881 470 2882 416 2882 472 2882 410 2883 416 2883 470 2883 461 2884 410 2884 470 2884 401 2885 410 2885 461 2885 448 2886 401 2886 461 2886 392 2887 401 2887 448 2887 441 2888 392 2888 448 2888 381 2889 392 2889 441 2889 436 2890 381 2890 441 2890 376 2891 381 2891 436 2891 426 2892 376 2892 436 2892 364 2893 376 2893 426 2893 414 2894 364 2894 426 2894 389 2895 396 2895 450 2895 444 2896 389 2896 450 2896 384 2897 389 2897 444 2897 443 2898 384 2898 444 2898 383 2899 384 2899 443 2899 446 2900 383 2900 443 2900 386 2901 383 2901 446 2901 452 2902 386 2902 446 2902 391 2903 386 2903 452 2903 459 2904 391 2904 452 2904 399 2905 391 2905 459 2905 466 2906 399 2906 459 2906 405 2907 399 2907 466 2907 479 2908 405 2908 466 2908 415 2909 405 2909 479 2909 489 2910 415 2910 479 2910 429 2911 415 2911 489 2911 491 2912 429 2912 489 2912 435 2913 429 2913 491 2913 496 2914 435 2914 491 2914 440 2915 435 2915 496 2915 511 2916 440 2916 496 2916 455 2917 440 2917 511 2917 518 2918 455 2918 511 2918 462 2919 455 2919 518 2919 527 2920 462 2920 518 2920 471 2921 462 2921 527 2921 531 2922 471 2922 527 2922 475 2923 471 2923 531 2923 538 2924 475 2924 531 2924 482 2925 475 2925 538 2925 540 2926 482 2926 538 2926 484 2927 482 2927 540 2927 536 2928 484 2928 540 2928 480 2929 484 2929 536 2929 529 2930 480 2930 536 2930 473 2931 480 2931 529 2931 524 2932 473 2932 529 2932 468 2933 473 2933 524 2933 516 2934 468 2934 524 2934 460 2935 468 2935 516 2935 510 2936 460 2936 516 2936 454 2937 460 2937 510 2937 495 2938 454 2938 510 2938 439 2939 454 2939 495 2939 490 2940 439 2940 495 2940 434 2941 439 2941 490 2941 488 2942 434 2942 490 2942 428 2943 434 2943 488 2943 477 2944 428 2944 488 2944 413 2945 428 2945 477 2945 464 2946 413 2946 477 2946 403 2947 413 2947 464 2947 457 2948 403 2948 464 2948 397 2949 403 2949 457 2949 449 2950 397 2950 457 2950 388 2951 397 2951 449 2951 445 2952 388 2952 449 2952 385 2953 388 2953 445 2953 442 2954 385 2954 445 2954 382 2955 385 2955 442 2955 447 2956 382 2956 442 2956 387 2957 382 2957 447 2957 451 2958 387 2958 447 2958 390 2959 387 2959 451 2959 458 2960 390 2960 451 2960 398 2961 390 2961 458 2961 467 2962 398 2962 458 2962 407 2963 398 2963 467 2963 476 2964 407 2964 467 2964 412 2965 407 2965 476 2965 487 2966 412 2966 476 2966 427 2967 412 2967 487 2967 493 2968 427 2968 487 2968 437 2969 427 2969 493 2969 494 2970 437 2970 493 2970 438 2971 437 2971 494 2971 509 2972 438 2972 494 2972 453 2973 438 2973 509 2973 519 2974 453 2974 509 2974 463 2975 453 2975 519 2975 525 2976 463 2976 519 2976 469 2977 463 2977 525 2977 530 2978 469 2978 525 2978 474 2979 469 2979 530 2979 539 2980 474 2980 530 2980 483 2981 474 2981 539 2981 541 2982 483 2982 539 2982 485 2983 483 2983 541 2983 537 2984 485 2984 541 2984 481 2985 485 2985 537 2985 528 2986 481 2986 537 2986 472 2987 481 2987 528 2987 526 2988 472 2988 528 2988 470 2989 472 2989 526 2989 517 2990 470 2990 526 2990 461 2991 470 2991 517 2991 504 2992 461 2992 517 2992 448 2993 461 2993 504 2993 497 2994 448 2994 504 2994 441 2995 448 2995 497 2995 492 2996 441 2996 497 2996 436 2997 441 2997 492 2997 486 2998 436 2998 492 2998 426 2999 436 2999 486 2999 478 3000 426 3000 486 3000 414 3001 426 3001 478 3001 465 3002 414 3002 478 3002 161 3003 196 3003 185 3003 183 3004 161 3004 185 3004 158 3005 161 3005 183 3005 216 3006 158 3006 183 3006 194 3007 158 3007 216 3007 277 3008 194 3008 216 3008 253 3009 194 3009 277 3009 314 3010 253 3010 277 3010 300 3011 253 3011 314 3011 364 3012 300 3012 314 3012 354 3013 300 3013 364 3013 414 3014 354 3014 364 3014 404 3015 354 3015 414 3015 465 3016 404 3016 414 3016 456 3017 404 3017 465 3017 512 3018 456 3018 465 3018 506 3019 456 3019 512 3019 566 3020 506 3020 512 3020 563 3021 506 3021 566 3021 132 3022 174 3022 161 3022 158 3023 132 3023 161 3023 138 3024 132 3024 158 3024 194 3025 138 3025 158 3025 169 3026 138 3026 194 3026 253 3027 169 3027 194 3027 231 3028 169 3028 253 3028 300 3029 231 3029 253 3029 294 3030 231 3030 300 3030 354 3031 294 3031 300 3031 345 3032 294 3032 354 3032 404 3033 345 3033 354 3033 396 3034 345 3034 404 3034 456 3035 396 3035 404 3035 450 3036 396 3036 456 3036 506 3037 450 3037 456 3037 500 3038 450 3038 506 3038 563 3039 500 3039 506 3039 559 3040 500 3040 563 3040 883 3041 856 3041 853 3041 877 3042 846 3042 848 3042 1254 3043 1266 3043 1268 3043 891 3044 855 3044 859 3044 904 3045 865 3045 867 3045 1336 3046 1372 3046 1350 3046 933 3047 885 3047 892 3047 983 3048 911 3048 936 3048 947 3049 893 3049 937 3049 1005 3050 937 3050 990 3050 1071 3051 990 3051 1059 3051 1132 3052 1059 3052 1115 3052 1185 3053 1115 3053 1175 3053 1246 3054 1175 3054 1218 3054 1310 3055 1218 3055 1273 3055 1341 3056 1273 3056 1315 3056 1355 3057 1315 3057 1323 3057 1341 3058 1315 3058 1355 3058 1370 3059 1341 3059 1355 3059 1376 3060 1341 3060 1370 3060 866 3061 862 3061 893 3061 905 3062 866 3062 893 3062 868 3063 866 3063 905 3063 921 3064 868 3064 905 3064 921 3065 939 3065 886 3065 882 3066 921 3066 886 3066 868 3067 921 3067 882 3067 953 3068 989 3068 912 3068 910 3069 953 3069 912 3069 939 3070 953 3070 910 3070 902 3071 939 3071 910 3071 886 3072 939 3072 902 3072 989 3073 955 3073 943 3073 938 3074 989 3074 943 3074 912 3075 989 3075 938 3075 1376 3076 1370 3076 1389 3076 1422 3077 1376 3077 1389 3077 1412 3078 1376 3078 1422 3078 1449 3079 1412 3079 1422 3079 1426 3080 1412 3080 1449 3080 1483 3081 1426 3081 1449 3081 1463 3082 1426 3082 1483 3082 1507 3083 1463 3083 1483 3083 1491 3084 1463 3084 1507 3084 1519 3085 1491 3085 1507 3085 955 3086 989 3086 1014 3086 1038 3087 955 3087 1014 3087 975 3088 955 3088 1038 3088 979 3089 975 3089 1038 3089 1519 3090 1538 3090 1521 3090 1504 3091 1519 3091 1521 3091 1491 3092 1519 3092 1504 3092 1002 3093 979 3093 1038 3093 1067 3094 1002 3094 1038 3094 1011 3095 1002 3095 1067 3095 1080 3096 1011 3096 1067 3096 1017 3097 1011 3097 1080 3097 1097 3098 1017 3098 1080 3098 1035 3099 1017 3099 1097 3099 1092 3100 1024 3100 1031 3100 1044 3101 1092 3101 1031 3101 1103 3102 1092 3102 1044 3102 1046 3103 1103 3103 1044 3103 1106 3104 1103 3104 1046 3104 1048 3105 1106 3105 1046 3105 1097 3106 1106 3106 1048 3106 1039 3107 1097 3107 1048 3107 1035 3108 1097 3108 1039 3108 1010 3109 1024 3109 1092 3109 1074 3110 1010 3110 1092 3110 998 3111 1010 3111 1074 3111 1058 3112 998 3112 1074 3112 991 3113 998 3113 1058 3113 1021 3114 991 3114 1058 3114 966 3115 991 3115 1021 3115 948 3116 899 3116 906 3116 920 3117 948 3117 906 3117 958 3118 948 3118 920 3118 928 3119 958 3119 920 3119 993 3120 958 3120 928 3120 941 3121 993 3121 928 3121 1021 3122 993 3122 941 3122 957 3123 1021 3123 941 3123 966 3124 1021 3124 957 3124 887 3125 899 3125 948 3125 927 3126 887 3126 948 3126 871 3127 887 3127 927 3127 907 3128 871 3128 927 3128 869 3129 871 3129 907 3129 900 3130 869 3130 907 3130 863 3131 869 3131 900 3131 860 3132 863 3132 900 3132 888 3133 860 3133 900 3133 857 3134 860 3134 888 3134 1521 3135 1538 3135 1542 3135 1555 3136 1521 3136 1542 3136 1539 3137 1521 3137 1555 3137 1558 3138 1539 3138 1555 3138 1546 3139 1539 3139 1558 3139 1562 3140 1546 3140 1558 3140 1552 3141 1546 3141 1562 3141 1560 3142 1552 3142 1562 3142 1548 3143 1552 3143 1560 3143 1557 3144 1548 3144 1560 3144 1544 3145 1548 3145 1557 3145 1551 3146 1544 3146 1557 3146 1527 3147 1544 3147 1551 3147 1532 3148 1527 3148 1551 3148 1509 3149 1527 3149 1532 3149 1511 3150 1509 3150 1532 3150 1499 3151 1509 3151 1511 3151 1487 3152 1499 3152 1511 3152 1471 3153 1499 3153 1487 3153 1460 3154 1471 3154 1487 3154 1439 3155 1471 3155 1460 3155 1436 3156 1439 3156 1460 3156 1418 3157 1439 3157 1436 3157 1403 3158 1418 3158 1436 3158 1382 3159 1418 3159 1403 3159 1364 3160 1382 3160 1403 3160 1349 3161 1382 3161 1364 3161 1344 3162 1349 3162 1364 3162 1327 3163 1349 3163 1344 3163 1313 3164 1327 3164 1344 3164 1300 3165 1327 3165 1313 3165 1291 3166 1300 3166 1313 3166 1269 3167 1300 3167 1291 3167 1274 3168 1269 3168 1291 3168 851 3169 857 3169 888 3169 880 3170 851 3170 888 3170 850 3171 851 3171 880 3171 875 3172 850 3172 880 3172 844 3173 850 3173 875 3173 1274 3174 1264 3174 1257 3174 1259 3175 1274 3175 1257 3175 1269 3176 1274 3176 1259 3176 840 3177 844 3177 875 3177 874 3178 840 3178 875 3178 843 3179 840 3179 874 3179 879 3180 843 3180 874 3180 849 3181 843 3181 879 3181 881 3182 849 3182 879 3182 852 3183 849 3183 881 3183 889 3184 852 3184 881 3184 858 3185 852 3185 889 3185 1257 3186 1264 3186 1271 3186 1289 3187 1257 3187 1271 3187 1263 3188 1257 3188 1289 3188 1293 3189 1263 3189 1289 3189 1272 3190 1263 3190 1293 3190 1317 3191 1272 3191 1293 3191 1302 3192 1272 3192 1317 3192 1347 3193 1302 3193 1317 3193 1347 3194 1371 3194 1363 3194 1328 3195 1347 3195 1363 3195 1302 3196 1347 3196 1328 3196 930 3197 898 3197 890 3197 872 3198 930 3198 890 3198 913 3199 930 3199 872 3199 870 3200 913 3200 872 3200 901 3201 913 3201 870 3201 864 3202 901 3202 870 3202 889 3203 901 3203 864 3203 861 3204 889 3204 864 3204 858 3205 889 3205 861 3205 908 3206 898 3206 930 3206 950 3207 908 3207 930 3207 929 3208 908 3208 950 3208 977 3209 929 3209 950 3209 934 3210 929 3210 977 3210 997 3211 934 3211 977 3211 945 3212 934 3212 997 3212 956 3213 945 3213 997 3213 1029 3214 956 3214 997 3214 970 3215 956 3215 1029 3215 1061 3216 970 3216 1029 3216 996 3217 970 3217 1061 3217 1073 3218 996 3218 1061 3218 1009 3219 996 3219 1073 3219 1025 3220 1009 3220 1073 3220 1090 3221 1025 3221 1073 3221 1030 3222 1025 3222 1090 3222 1104 3223 1030 3223 1090 3223 1045 3224 1030 3224 1104 3224 1078 3225 1012 3225 1015 3225 1037 3226 1078 3226 1015 3226 1098 3227 1078 3227 1037 3227 1040 3228 1098 3228 1037 3228 1107 3229 1098 3229 1040 3229 1049 3230 1107 3230 1040 3230 1104 3231 1107 3231 1049 3231 1047 3232 1104 3232 1049 3232 1045 3233 1104 3233 1047 3233 1000 3234 1012 3234 1078 3234 1066 3235 1000 3235 1078 3235 978 3236 1000 3236 1066 3236 1036 3237 978 3237 1066 3237 974 3238 978 3238 1036 3238 1003 3239 974 3239 1036 3239 949 3240 974 3240 1003 3240 1310 3241 1273 3241 1341 3241 1376 3242 1310 3242 1341 3242 1346 3243 1310 3243 1376 3243 1412 3244 1346 3244 1376 3244 1381 3245 1346 3245 1412 3245 1426 3246 1381 3246 1412 3246 1404 3247 1381 3247 1426 3247 1463 3248 1404 3248 1426 3248 1434 3249 1404 3249 1463 3249 1491 3250 1434 3250 1463 3250 1464 3251 1434 3251 1491 3251 1504 3252 1464 3252 1491 3252 1481 3253 1464 3253 1504 3253 1521 3254 1481 3254 1504 3254 1501 3255 1481 3255 1521 3255 1539 3256 1501 3256 1521 3256 1510 3257 1501 3257 1539 3257 1546 3258 1510 3258 1539 3258 1517 3259 1510 3259 1546 3259 1552 3260 1517 3260 1546 3260 1524 3261 1517 3261 1552 3261 1548 3262 1524 3262 1552 3262 1522 3263 1524 3263 1548 3263 1544 3264 1522 3264 1548 3264 1514 3265 1522 3265 1544 3265 1527 3266 1514 3266 1544 3266 1506 3267 1514 3267 1527 3267 1509 3268 1506 3268 1527 3268 1488 3269 1506 3269 1509 3269 1499 3270 1488 3270 1509 3270 1472 3271 1488 3271 1499 3271 1471 3272 1472 3272 1499 3272 1444 3273 1472 3273 1471 3273 1439 3274 1444 3274 1471 3274 1415 3275 1444 3275 1439 3275 1418 3276 1415 3276 1439 3276 1390 3277 1415 3277 1418 3277 1382 3278 1390 3278 1418 3278 1354 3279 1390 3279 1382 3279 1349 3280 1354 3280 1382 3280 1319 3281 1354 3281 1349 3281 1327 3282 1319 3282 1349 3282 1297 3283 1319 3283 1327 3283 1300 3284 1297 3284 1327 3284 1253 3285 1297 3285 1300 3285 1269 3286 1253 3286 1300 3286 1237 3287 1253 3287 1269 3287 1259 3288 1237 3288 1269 3288 1226 3289 1237 3289 1259 3289 1257 3290 1226 3290 1259 3290 1223 3291 1226 3291 1257 3291 1263 3292 1223 3292 1257 3292 1236 3293 1223 3293 1263 3293 1272 3294 1236 3294 1263 3294 1239 3295 1236 3295 1272 3295 1302 3296 1239 3296 1272 3296 1256 3297 1239 3297 1302 3297 1328 3298 1256 3298 1302 3298 1298 3299 1256 3299 1328 3299 1363 3300 1298 3300 1328 3300 1330 3301 1298 3301 1363 3301 1387 3302 1330 3302 1363 3302 1358 3303 1330 3303 1387 3303 1421 3304 1358 3304 1387 3304 1394 3305 1358 3305 1421 3305 1459 3306 1394 3306 1421 3306 1425 3307 1394 3307 1459 3307 1473 3308 1425 3308 1459 3308 1446 3309 1425 3309 1473 3309 1502 3310 1446 3310 1473 3310 1474 3311 1446 3311 1502 3311 1515 3312 1474 3312 1502 3312 1497 3313 1474 3313 1515 3313 1526 3314 1497 3314 1515 3314 1505 3315 1497 3315 1526 3315 1543 3316 1505 3316 1526 3316 1513 3317 1505 3317 1543 3317 1549 3318 1513 3318 1543 3318 1523 3319 1513 3319 1549 3319 1553 3320 1523 3320 1549 3320 1525 3321 1523 3321 1553 3321 1547 3322 1525 3322 1553 3322 1518 3323 1525 3323 1547 3323 1537 3324 1518 3324 1547 3324 1508 3325 1518 3325 1537 3325 1520 3326 1508 3326 1537 3326 1500 3327 1508 3327 1520 3327 1503 3328 1500 3328 1520 3328 1479 3329 1500 3329 1503 3329 1480 3330 1479 3330 1503 3330 1453 3331 1479 3331 1480 3331 1461 3332 1453 3332 1480 3332 1427 3333 1453 3333 1461 3333 1246 3334 1218 3334 1310 3334 1346 3335 1246 3335 1310 3335 1296 3336 1246 3336 1346 3336 1381 3337 1296 3337 1346 3337 1334 3338 1296 3338 1381 3338 1404 3339 1334 3339 1381 3339 1359 3340 1334 3340 1404 3340 1434 3341 1359 3341 1404 3341 1398 3342 1359 3342 1434 3342 1464 3343 1398 3343 1434 3343 1424 3344 1398 3344 1464 3344 1481 3345 1424 3345 1464 3345 1445 3346 1424 3346 1481 3346 1501 3347 1445 3347 1481 3347 1470 3348 1445 3348 1501 3348 1510 3349 1470 3349 1501 3349 1484 3350 1470 3350 1510 3350 1517 3351 1484 3351 1510 3351 1489 3352 1484 3352 1517 3352 1524 3353 1489 3353 1517 3353 1495 3354 1489 3354 1524 3354 1522 3355 1495 3355 1524 3355 1493 3356 1495 3356 1522 3356 1514 3357 1493 3357 1522 3357 1486 3358 1493 3358 1514 3358 1506 3359 1486 3359 1514 3359 1477 3360 1486 3360 1506 3360 1488 3361 1477 3361 1506 3361 1456 3362 1477 3362 1488 3362 1472 3363 1456 3363 1488 3363 1435 3364 1456 3364 1472 3364 1444 3365 1435 3365 1472 3365 1408 3366 1435 3366 1444 3366 1415 3367 1408 3367 1444 3367 1375 3368 1408 3368 1415 3368 1390 3369 1375 3369 1415 3369 1348 3370 1375 3370 1390 3370 1354 3371 1348 3371 1390 3371 1308 3372 1348 3372 1354 3372 1319 3373 1308 3373 1354 3373 1251 3374 1308 3374 1319 3374 1297 3375 1251 3375 1319 3375 1231 3376 1251 3376 1297 3376 1253 3377 1231 3377 1297 3377 1209 3378 1231 3378 1253 3378 1237 3379 1209 3379 1253 3379 1197 3380 1209 3380 1237 3380 1226 3381 1197 3381 1237 3381 1190 3382 1197 3382 1226 3382 1223 3383 1190 3383 1226 3383 1187 3384 1190 3384 1223 3384 1236 3385 1187 3385 1223 3385 1196 3386 1187 3386 1236 3386 1239 3387 1196 3387 1236 3387 1199 3388 1196 3388 1239 3388 1256 3389 1199 3389 1239 3389 1211 3390 1199 3390 1256 3390 1298 3391 1211 3391 1256 3391 1234 3392 1211 3392 1298 3392 1330 3393 1234 3393 1298 3393 1275 3394 1234 3394 1330 3394 1358 3395 1275 3395 1330 3395 1312 3396 1275 3396 1358 3396 1394 3397 1312 3397 1358 3397 1352 3398 1312 3398 1394 3398 1425 3399 1352 3399 1394 3399 1388 3400 1352 3400 1425 3400 1446 3401 1388 3401 1425 3401 1413 3402 1388 3402 1446 3402 1474 3403 1413 3403 1446 3403 1438 3404 1413 3404 1474 3404 1497 3405 1438 3405 1474 3405 1462 3406 1438 3406 1497 3406 1505 3407 1462 3407 1497 3407 1476 3408 1462 3408 1505 3408 1513 3409 1476 3409 1505 3409 1485 3410 1476 3410 1513 3410 1523 3411 1485 3411 1513 3411 1494 3412 1485 3412 1523 3412 1525 3413 1494 3413 1523 3413 1496 3414 1494 3414 1525 3414 1518 3415 1496 3415 1525 3415 1490 3416 1496 3416 1518 3416 1508 3417 1490 3417 1518 3417 1482 3418 1490 3418 1508 3418 1500 3419 1482 3419 1508 3419 1465 3420 1482 3420 1500 3420 1479 3421 1465 3421 1500 3421 1442 3422 1465 3422 1479 3422 1453 3423 1442 3423 1479 3423 1416 3424 1442 3424 1453 3424 1427 3425 1416 3425 1453 3425 1393 3426 1416 3426 1427 3426 1185 3427 1175 3427 1246 3427 1296 3428 1185 3428 1246 3428 1215 3429 1185 3429 1296 3429 1334 3430 1215 3430 1296 3430 1255 3431 1215 3431 1334 3431 1359 3432 1255 3432 1334 3432 1299 3433 1255 3433 1359 3433 1398 3434 1299 3434 1359 3434 1345 3435 1299 3435 1398 3435 1424 3436 1345 3436 1398 3436 1380 3437 1345 3437 1424 3437 1445 3438 1380 3438 1424 3438 1400 3439 1380 3439 1445 3439 1470 3440 1400 3440 1445 3440 1420 3441 1400 3441 1470 3441 1484 3442 1420 3442 1470 3442 1441 3443 1420 3443 1484 3443 1489 3444 1441 3444 1484 3444 1450 3445 1441 3445 1489 3445 1495 3446 1450 3446 1489 3446 1457 3447 1450 3447 1495 3447 1493 3448 1457 3448 1495 3448 1454 3449 1457 3449 1493 3449 1486 3450 1454 3450 1493 3450 1448 3451 1454 3451 1486 3451 1477 3452 1448 3452 1486 3452 1429 3453 1448 3453 1477 3453 1456 3454 1429 3454 1477 3454 1414 3455 1429 3455 1456 3455 1435 3456 1414 3456 1456 3456 1385 3457 1414 3457 1435 3457 1408 3458 1385 3458 1435 3458 1353 3459 1385 3459 1408 3459 1375 3460 1353 3460 1408 3460 1311 3461 1353 3461 1375 3461 1348 3462 1311 3462 1375 3462 1280 3463 1311 3463 1348 3463 1308 3464 1280 3464 1348 3464 1221 3465 1280 3465 1308 3465 1251 3466 1221 3466 1308 3466 1195 3467 1221 3467 1251 3467 1231 3468 1195 3468 1251 3468 1179 3469 1195 3469 1231 3469 1209 3470 1179 3470 1231 3470 1162 3471 1179 3471 1209 3471 1197 3472 1162 3472 1209 3472 1148 3473 1162 3473 1197 3473 1190 3474 1148 3474 1197 3474 1142 3475 1148 3475 1190 3475 1187 3476 1142 3476 1190 3476 1141 3477 1142 3477 1187 3477 1196 3478 1141 3478 1187 3478 1147 3479 1141 3479 1196 3479 1199 3480 1147 3480 1196 3480 1151 3481 1147 3481 1199 3481 1211 3482 1151 3482 1199 3482 1164 3483 1151 3483 1211 3483 1234 3484 1164 3484 1211 3484 1182 3485 1164 3485 1234 3485 1275 3486 1182 3486 1234 3486 1206 3487 1182 3487 1275 3487 1312 3488 1206 3488 1275 3488 1230 3489 1206 3489 1312 3489 1352 3490 1230 3490 1312 3490 1287 3491 1230 3491 1352 3491 1388 3492 1287 3492 1352 3492 1333 3493 1287 3493 1388 3493 1413 3494 1333 3494 1388 3494 1357 3495 1333 3495 1413 3495 1438 3496 1357 3496 1413 3496 1392 3497 1357 3497 1438 3497 1462 3498 1392 3498 1438 3498 1417 3499 1392 3499 1462 3499 1476 3500 1417 3500 1462 3500 1428 3501 1417 3501 1476 3501 1485 3502 1428 3502 1476 3502 1447 3503 1428 3503 1485 3503 1494 3504 1447 3504 1485 3504 1455 3505 1447 3505 1494 3505 1496 3506 1455 3506 1494 3506 1458 3507 1455 3507 1496 3507 1490 3508 1458 3508 1496 3508 1452 3509 1458 3509 1490 3509 1482 3510 1452 3510 1490 3510 1437 3511 1452 3511 1482 3511 1465 3512 1437 3512 1482 3512 1419 3513 1437 3513 1465 3513 1442 3514 1419 3514 1465 3514 1397 3515 1419 3515 1442 3515 1416 3516 1397 3516 1442 3516 1362 3517 1397 3517 1416 3517 1393 3518 1362 3518 1416 3518 1337 3519 1362 3519 1393 3519 1132 3520 1115 3520 1185 3520 1215 3521 1132 3521 1185 3521 1158 3522 1132 3522 1215 3522 1255 3523 1158 3523 1215 3523 1184 3524 1158 3524 1255 3524 1299 3525 1184 3525 1255 3525 1210 3526 1184 3526 1299 3526 1345 3527 1210 3527 1299 3527 1252 3528 1210 3528 1345 3528 1380 3529 1252 3529 1345 3529 1314 3530 1252 3530 1380 3530 1400 3531 1314 3531 1380 3531 1335 3532 1314 3532 1400 3532 1420 3533 1335 3533 1400 3533 1373 3534 1335 3534 1420 3534 1441 3535 1373 3535 1420 3535 1386 3536 1373 3536 1441 3536 1450 3537 1386 3537 1441 3537 1401 3538 1386 3538 1450 3538 1457 3539 1401 3539 1450 3539 1409 3540 1401 3540 1457 3540 1454 3541 1409 3541 1457 3541 1405 3542 1409 3542 1454 3542 1448 3543 1405 3543 1454 3543 1396 3544 1405 3544 1448 3544 1429 3545 1396 3545 1448 3545 1378 3546 1396 3546 1429 3546 1414 3547 1378 3547 1429 3547 1351 3548 1378 3548 1414 3548 1385 3549 1351 3549 1414 3549 1322 3550 1351 3550 1385 3550 1353 3551 1322 3551 1385 3551 1270 3552 1322 3552 1353 3552 1311 3553 1270 3553 1353 3553 1219 3554 1270 3554 1311 3554 1280 3555 1219 3555 1311 3555 1200 3556 1219 3556 1280 3556 1221 3557 1200 3557 1280 3557 1168 3558 1200 3558 1221 3558 1195 3559 1168 3559 1221 3559 1135 3560 1168 3560 1195 3560 1179 3561 1135 3561 1195 3561 1122 3562 1135 3562 1179 3562 1162 3563 1122 3563 1179 3563 1108 3564 1122 3564 1162 3564 1148 3565 1108 3565 1162 3565 1093 3566 1108 3566 1148 3566 1142 3567 1093 3567 1148 3567 1084 3568 1093 3568 1142 3568 1141 3569 1084 3569 1142 3569 1083 3570 1084 3570 1141 3570 1147 3571 1083 3571 1141 3571 1091 3572 1083 3572 1147 3572 1151 3573 1091 3573 1147 3573 1094 3574 1091 3574 1151 3574 1164 3575 1094 3575 1151 3575 1109 3576 1094 3576 1164 3576 1182 3577 1109 3577 1164 3577 1125 3578 1109 3578 1182 3578 1206 3579 1125 3579 1182 3579 1149 3580 1125 3580 1206 3580 1230 3581 1149 3581 1206 3581 1174 3582 1149 3582 1230 3582 1287 3583 1174 3583 1230 3583 1204 3584 1174 3584 1287 3584 1333 3585 1204 3585 1287 3585 1247 3586 1204 3586 1333 3586 1357 3587 1247 3587 1333 3587 1284 3588 1247 3588 1357 3588 1392 3589 1284 3589 1357 3589 1326 3590 1284 3590 1392 3590 1417 3591 1326 3591 1392 3591 1360 3592 1326 3592 1417 3592 1428 3593 1360 3593 1417 3593 1377 3594 1360 3594 1428 3594 1447 3595 1377 3595 1428 3595 1395 3596 1377 3596 1447 3596 1455 3597 1395 3597 1447 3597 1406 3598 1395 3598 1455 3598 1458 3599 1406 3599 1455 3599 1410 3600 1406 3600 1458 3600 1452 3601 1410 3601 1458 3601 1402 3602 1410 3602 1452 3602 1437 3603 1402 3603 1452 3603 1383 3604 1402 3604 1437 3604 1419 3605 1383 3605 1437 3605 1365 3606 1383 3606 1419 3606 1397 3607 1365 3607 1419 3607 1332 3608 1365 3608 1397 3608 1362 3609 1332 3609 1397 3609 1294 3610 1332 3610 1362 3610 1337 3611 1294 3611 1362 3611 1250 3612 1294 3612 1337 3612 1071 3613 1059 3613 1132 3613 1158 3614 1071 3614 1132 3614 1096 3615 1071 3615 1158 3615 1184 3616 1096 3616 1158 3616 1126 3617 1096 3617 1184 3617 1210 3618 1126 3618 1184 3618 1145 3619 1126 3619 1210 3619 1252 3620 1145 3620 1210 3620 1180 3621 1145 3621 1252 3621 1314 3622 1180 3622 1252 3622 1216 3623 1180 3623 1314 3623 1335 3624 1216 3624 1314 3624 1240 3625 1216 3625 1335 3625 1373 3626 1240 3626 1335 3626 1292 3627 1240 3627 1373 3627 1386 3628 1292 3628 1373 3628 1321 3629 1292 3629 1386 3629 1401 3630 1321 3630 1386 3630 1329 3631 1321 3631 1401 3631 1409 3632 1329 3632 1401 3632 1342 3633 1329 3633 1409 3633 1405 3634 1342 3634 1409 3634 1338 3635 1342 3635 1405 3635 1396 3636 1338 3636 1405 3636 1325 3637 1338 3637 1396 3637 1378 3638 1325 3638 1396 3638 1307 3639 1325 3639 1378 3639 1351 3640 1307 3640 1378 3640 1258 3641 1307 3641 1351 3641 1322 3642 1258 3642 1351 3642 1220 3643 1258 3643 1322 3643 1270 3644 1220 3644 1322 3644 1188 3645 1220 3645 1270 3645 1219 3646 1188 3646 1270 3646 1156 3647 1188 3647 1219 3647 1200 3648 1156 3648 1219 3648 1134 3649 1156 3649 1200 3649 1168 3650 1134 3650 1200 3650 1105 3651 1134 3651 1168 3651 1135 3652 1105 3652 1168 3652 1075 3653 1105 3653 1135 3653 1122 3654 1075 3654 1135 3654 1063 3655 1075 3655 1122 3655 1108 3656 1063 3656 1122 3656 1052 3657 1063 3657 1108 3657 1093 3658 1052 3658 1108 3658 1033 3659 1052 3659 1093 3659 1084 3660 1033 3660 1093 3660 1023 3661 1033 3661 1084 3661 1083 3662 1023 3662 1084 3662 1020 3663 1023 3663 1083 3663 1091 3664 1020 3664 1083 3664 1032 3665 1020 3665 1091 3665 1094 3666 1032 3666 1091 3666 1034 3667 1032 3667 1094 3667 1109 3668 1034 3668 1094 3668 1055 3669 1034 3669 1109 3669 1125 3670 1055 3670 1109 3670 1065 3671 1055 3671 1125 3671 1149 3672 1065 3672 1125 3672 1081 3673 1065 3673 1149 3673 1174 3674 1081 3674 1149 3674 1110 3675 1081 3675 1174 3675 1204 3676 1110 3676 1174 3676 1136 3677 1110 3677 1204 3677 1247 3678 1136 3678 1204 3678 1177 3679 1136 3679 1247 3679 1284 3680 1177 3680 1247 3680 1193 3681 1177 3681 1284 3681 1326 3682 1193 3682 1284 3682 1227 3683 1193 3683 1326 3683 1360 3684 1227 3684 1326 3684 1281 3685 1227 3685 1360 3685 1377 3686 1281 3686 1360 3686 1305 3687 1281 3687 1377 3687 1395 3688 1305 3688 1377 3688 1324 3689 1305 3689 1395 3689 1406 3690 1324 3690 1395 3690 1339 3691 1324 3691 1406 3691 1410 3692 1339 3692 1406 3692 1343 3693 1339 3693 1410 3693 1402 3694 1343 3694 1410 3694 1331 3695 1343 3695 1402 3695 1383 3696 1331 3696 1402 3696 1316 3697 1331 3697 1383 3697 1365 3698 1316 3698 1383 3698 1285 3699 1316 3699 1365 3699 1332 3700 1285 3700 1365 3700 1238 3701 1285 3701 1332 3701 1294 3702 1238 3702 1332 3702 1201 3703 1238 3703 1294 3703 1250 3704 1201 3704 1294 3704 1178 3705 1201 3705 1250 3705 1005 3706 990 3706 1071 3706 1096 3707 1005 3707 1071 3707 1028 3708 1005 3708 1096 3708 1126 3709 1028 3709 1096 3709 1062 3710 1028 3710 1126 3710 1145 3711 1062 3711 1126 3711 1077 3712 1062 3712 1145 3712 1180 3713 1077 3713 1145 3713 1121 3714 1077 3714 1180 3714 1216 3715 1121 3715 1180 3715 1150 3716 1121 3716 1216 3716 1240 3717 1150 3717 1216 3717 1170 3718 1150 3718 1240 3718 1292 3719 1170 3719 1240 3719 1198 3720 1170 3720 1292 3720 1321 3721 1198 3721 1292 3721 1217 3722 1198 3722 1321 3722 1329 3723 1217 3723 1321 3723 1232 3724 1217 3724 1329 3724 1342 3725 1232 3725 1329 3725 1244 3726 1232 3726 1342 3726 1338 3727 1244 3727 1342 3727 1241 3728 1244 3728 1338 3728 1325 3729 1241 3729 1338 3729 1225 3730 1241 3730 1325 3730 1307 3731 1225 3731 1325 3731 1208 3732 1225 3732 1307 3732 1258 3733 1208 3733 1307 3733 1181 3734 1208 3734 1258 3734 1220 3735 1181 3735 1258 3735 1157 3736 1181 3736 1220 3736 1188 3737 1157 3737 1220 3737 1123 3738 1157 3738 1188 3738 1156 3739 1123 3739 1188 3739 1085 3740 1123 3740 1156 3740 1134 3741 1085 3741 1156 3741 1070 3742 1085 3742 1134 3742 1105 3743 1070 3743 1134 3743 1043 3744 1070 3744 1105 3744 1075 3745 1043 3745 1105 3745 1008 3746 1043 3746 1075 3746 1063 3747 1008 3747 1075 3747 995 3748 1008 3748 1063 3748 1052 3749 995 3749 1063 3749 981 3750 995 3750 1052 3750 1033 3751 981 3751 1052 3751 968 3752 981 3752 1033 3752 1023 3753 968 3753 1033 3753 962 3754 968 3754 1023 3754 1020 3755 962 3755 1023 3755 961 3756 962 3756 1020 3756 1032 3757 961 3757 1020 3757 967 3758 961 3758 1032 3758 1034 3759 967 3759 1032 3759 969 3760 967 3760 1034 3760 1055 3761 969 3761 1034 3761 982 3762 969 3762 1055 3762 1065 3763 982 3763 1055 3763 999 3764 982 3764 1065 3764 1081 3765 999 3765 1065 3765 1016 3766 999 3766 1081 3766 1110 3767 1016 3767 1081 3767 1051 3768 1016 3768 1110 3768 1136 3769 1051 3769 1110 3769 1072 3770 1051 3770 1136 3770 1177 3771 1072 3771 1136 3771 1111 3772 1072 3772 1177 3772 1193 3773 1111 3773 1177 3773 1128 3774 1111 3774 1193 3774 1227 3775 1128 3775 1193 3775 1161 3776 1128 3776 1227 3776 1281 3777 1161 3777 1227 3777 1189 3778 1161 3778 1281 3778 1305 3779 1189 3779 1281 3779 1207 3780 1189 3780 1305 3780 1324 3781 1207 3781 1305 3781 1224 3782 1207 3782 1324 3782 1339 3783 1224 3783 1324 3783 1243 3784 1224 3784 1339 3784 1343 3785 1243 3785 1339 3785 1245 3786 1243 3786 1343 3786 1331 3787 1245 3787 1343 3787 1233 3788 1245 3788 1331 3788 1316 3789 1233 3789 1331 3789 1214 3790 1233 3790 1316 3790 1285 3791 1214 3791 1316 3791 1194 3792 1214 3792 1285 3792 1238 3793 1194 3793 1285 3793 1167 3794 1194 3794 1238 3794 1201 3795 1167 3795 1238 3795 1133 3796 1167 3796 1201 3796 1178 3797 1133 3797 1201 3797 1114 3798 1133 3798 1178 3798 947 3799 937 3799 1005 3799 1028 3800 947 3800 1005 3800 965 3801 947 3801 1028 3801 1062 3802 965 3802 1028 3802 994 3803 965 3803 1062 3803 1077 3804 994 3804 1062 3804 1013 3805 994 3805 1077 3805 1121 3806 1013 3806 1077 3806 1057 3807 1013 3807 1121 3807 1150 3808 1057 3808 1121 3808 1079 3809 1057 3809 1150 3809 1170 3810 1079 3810 1150 3810 1102 3811 1079 3811 1170 3811 1198 3812 1102 3812 1170 3812 1131 3813 1102 3813 1198 3813 1217 3814 1131 3814 1198 3814 1152 3815 1131 3815 1217 3815 1232 3816 1152 3816 1217 3816 1163 3817 1152 3817 1232 3817 1244 3818 1163 3818 1232 3818 1172 3819 1163 3819 1244 3819 1241 3820 1172 3820 1244 3820 1169 3821 1172 3821 1241 3821 1225 3822 1169 3822 1241 3822 1160 3823 1169 3823 1225 3823 1208 3824 1160 3824 1225 3824 1138 3825 1160 3825 1208 3825 1181 3826 1138 3826 1208 3826 1116 3827 1138 3827 1181 3827 1157 3828 1116 3828 1181 3828 1088 3829 1116 3829 1157 3829 1123 3830 1088 3830 1157 3830 1060 3831 1088 3831 1123 3831 1085 3832 1060 3832 1123 3832 1018 3833 1060 3833 1085 3833 1070 3834 1018 3834 1085 3834 1004 3835 1018 3835 1070 3835 1043 3836 1004 3836 1070 3836 971 3837 1004 3837 1043 3837 1008 3838 971 3838 1043 3838 951 3839 971 3839 1008 3839 995 3840 951 3840 1008 3840 940 3841 951 3841 995 3841 981 3842 940 3842 995 3842 931 3843 940 3843 981 3843 968 3844 931 3844 981 3844 923 3845 931 3845 968 3845 962 3846 923 3846 968 3846 916 3847 923 3847 962 3847 961 3848 916 3848 962 3848 915 3849 916 3849 961 3849 967 3850 915 3850 961 3850 922 3851 915 3851 967 3851 969 3852 922 3852 967 3852 924 3853 922 3853 969 3853 982 3854 924 3854 969 3854 932 3855 924 3855 982 3855 999 3856 932 3856 982 3856 942 3857 932 3857 999 3857 1016 3858 942 3858 999 3858 954 3859 942 3859 1016 3859 1051 3860 954 3860 1016 3860 976 3861 954 3861 1051 3861 1072 3862 976 3862 1051 3862 1006 3863 976 3863 1072 3863 1111 3864 1006 3864 1072 3864 1050 3865 1006 3865 1111 3865 1128 3866 1050 3866 1111 3866 1064 3867 1050 3867 1128 3867 1161 3868 1064 3868 1128 3868 1095 3869 1064 3869 1161 3869 1189 3870 1095 3870 1161 3870 1124 3871 1095 3871 1189 3871 1207 3872 1124 3872 1189 3872 1137 3873 1124 3873 1207 3873 1224 3874 1137 3874 1207 3874 1159 3875 1137 3875 1224 3875 1243 3876 1159 3876 1224 3876 1171 3877 1159 3877 1243 3877 1245 3878 1171 3878 1243 3878 1173 3879 1171 3879 1245 3879 1233 3880 1173 3880 1245 3880 1165 3881 1173 3881 1233 3881 1214 3882 1165 3882 1233 3882 1146 3883 1165 3883 1214 3883 1194 3884 1146 3884 1214 3884 1127 3885 1146 3885 1194 3885 1167 3886 1127 3886 1194 3886 1101 3887 1127 3887 1167 3887 1133 3888 1101 3888 1167 3888 1069 3889 1101 3889 1133 3889 1114 3890 1069 3890 1133 3890 1054 3891 1069 3891 1114 3891 905 3892 893 3892 947 3892 965 3893 905 3893 947 3893 921 3894 905 3894 965 3894 994 3895 921 3895 965 3895 939 3896 921 3896 994 3896 1013 3897 939 3897 994 3897 953 3898 939 3898 1013 3898 1057 3899 953 3899 1013 3899 989 3900 953 3900 1057 3900 1079 3901 989 3901 1057 3901 1014 3902 989 3902 1079 3902 1102 3903 1014 3903 1079 3903 1038 3904 1014 3904 1102 3904 1131 3905 1038 3905 1102 3905 1067 3906 1038 3906 1131 3906 1152 3907 1067 3907 1131 3907 1080 3908 1067 3908 1152 3908 1163 3909 1080 3909 1152 3909 1097 3910 1080 3910 1163 3910 1172 3911 1097 3911 1163 3911 1106 3912 1097 3912 1172 3912 1169 3913 1106 3913 1172 3913 1103 3914 1106 3914 1169 3914 1160 3915 1103 3915 1169 3915 1092 3916 1103 3916 1160 3916 1138 3917 1092 3917 1160 3917 1074 3918 1092 3918 1138 3918 1116 3919 1074 3919 1138 3919 1058 3920 1074 3920 1116 3920 1088 3921 1058 3921 1116 3921 1021 3922 1058 3922 1088 3922 1060 3923 1021 3923 1088 3923 993 3924 1021 3924 1060 3924 1018 3925 993 3925 1060 3925 958 3926 993 3926 1018 3926 1004 3927 958 3927 1018 3927 948 3928 958 3928 1004 3928 971 3929 948 3929 1004 3929 927 3930 948 3930 971 3930 951 3931 927 3931 971 3931 907 3932 927 3932 951 3932 940 3933 907 3933 951 3933 900 3934 907 3934 940 3934 931 3935 900 3935 940 3935 888 3936 900 3936 931 3936 923 3937 888 3937 931 3937 880 3938 888 3938 923 3938 916 3939 880 3939 923 3939 875 3940 880 3940 916 3940 915 3941 875 3941 916 3941 874 3942 875 3942 915 3942 922 3943 874 3943 915 3943 879 3944 874 3944 922 3944 924 3945 879 3945 922 3945 881 3946 879 3946 924 3946 932 3947 881 3947 924 3947 889 3948 881 3948 932 3948 942 3949 889 3949 932 3949 901 3950 889 3950 942 3950 954 3951 901 3951 942 3951 913 3952 901 3952 954 3952 976 3953 913 3953 954 3953 930 3954 913 3954 976 3954 1006 3955 930 3955 976 3955 950 3956 930 3956 1006 3956 1050 3957 950 3957 1006 3957 977 3958 950 3958 1050 3958 1064 3959 977 3959 1050 3959 997 3960 977 3960 1064 3960 1095 3961 997 3961 1064 3961 1029 3962 997 3962 1095 3962 1124 3963 1029 3963 1095 3963 1061 3964 1029 3964 1124 3964 1137 3965 1061 3965 1124 3965 1073 3966 1061 3966 1137 3966 1159 3967 1073 3967 1137 3967 1090 3968 1073 3968 1159 3968 1171 3969 1090 3969 1159 3969 1104 3970 1090 3970 1171 3970 1173 3971 1104 3971 1171 3971 1107 3972 1104 3972 1173 3972 1165 3973 1107 3973 1173 3973 1098 3974 1107 3974 1165 3974 1146 3975 1098 3975 1165 3975 1078 3976 1098 3976 1146 3976 1127 3977 1078 3977 1146 3977 1066 3978 1078 3978 1127 3978 1101 3979 1066 3979 1127 3979 1036 3980 1066 3980 1101 3980 1069 3981 1036 3981 1101 3981 1003 3982 1036 3982 1069 3982 1054 3983 1003 3983 1069 3983 983 3984 1003 3984 1054 3984 1003 3985 983 3985 936 3985 944 3986 1003 3986 936 3986 949 3987 1003 3987 944 3987 952 3988 909 3988 911 3988 983 3989 952 3989 911 3989 1007 3990 952 3990 983 3990 1054 3991 1007 3991 983 3991 1076 3992 1007 3992 1054 3992 1114 3993 1076 3993 1054 3993 1139 3994 1076 3994 1114 3994 1178 3995 1139 3995 1114 3995 1205 3996 1139 3996 1178 3996 1250 3997 1205 3997 1178 3997 1295 3998 1205 3998 1250 3998 1337 3999 1295 3999 1250 3999 1356 4000 1295 4000 1337 4000 1393 4001 1356 4001 1337 4001 1399 4002 1356 4002 1393 4002 1427 4003 1399 4003 1393 4003 1423 4004 1399 4004 1427 4004 1461 4005 1423 4005 1427 4005 933 4006 892 4006 909 4006 952 4007 933 4007 909 4007 980 4008 933 4008 952 4008 1007 4009 980 4009 952 4009 1053 4010 980 4010 1007 4010 1076 4011 1053 4011 1007 4011 1112 4012 1053 4012 1076 4012 1139 4013 1112 4013 1076 4013 1176 4014 1112 4014 1139 4014 1205 4015 1176 4015 1139 4015 1235 4016 1176 4016 1205 4016 1295 4017 1235 4017 1205 4017 1318 4018 1235 4018 1295 4018 1356 4019 1318 4019 1295 4019 1361 4020 1318 4020 1356 4020 1399 4021 1361 4021 1356 4021 1391 4022 1361 4022 1399 4022 1423 4023 1391 4023 1399 4023 917 4024 878 4024 885 4024 933 4025 917 4025 885 4025 960 4026 917 4026 933 4026 980 4027 960 4027 933 4027 1022 4028 960 4028 980 4028 1053 4029 1022 4029 980 4029 1089 4030 1022 4030 1053 4030 1112 4031 1089 4031 1053 4031 1153 4032 1089 4032 1112 4032 1176 4033 1153 4033 1112 4033 1212 4034 1153 4034 1176 4034 1235 4035 1212 4035 1176 4035 1290 4036 1212 4036 1235 4036 1318 4037 1290 4037 1235 4037 1340 4038 1290 4038 1318 4038 1361 4039 1340 4039 1318 4039 1374 4040 1340 4040 1361 4040 1391 4041 1374 4041 1361 4041 1384 4042 1372 4042 1336 4042 904 4043 867 4043 878 4043 917 4044 904 4044 878 4044 946 4045 904 4045 917 4045 960 4046 946 4046 917 4046 1001 4047 946 4047 960 4047 1022 4048 1001 4048 960 4048 1068 4049 1001 4049 1022 4049 1089 4050 1068 4050 1022 4050 1130 4051 1068 4051 1089 4051 1153 4052 1130 4052 1089 4052 1183 4053 1130 4053 1153 4053 1212 4054 1183 4054 1153 4054 1242 4055 1183 4055 1212 4055 1290 4056 1242 4056 1212 4056 1304 4057 1242 4057 1290 4057 1340 4058 1304 4058 1290 4058 1336 4059 1304 4059 1340 4059 1374 4060 1336 4060 1340 4060 1384 4061 1336 4061 1374 4061 1391 4062 1384 4062 1374 4062 1411 4063 1384 4063 1391 4063 1423 4064 1411 4064 1391 4064 1443 4065 1411 4065 1423 4065 1461 4066 1443 4066 1423 4066 1478 4067 1443 4067 1461 4067 1480 4068 1478 4068 1461 4068 1498 4069 1478 4069 1480 4069 1503 4070 1498 4070 1480 4070 1516 4071 1498 4071 1503 4071 1520 4072 1516 4072 1503 4072 1541 4073 1516 4073 1520 4073 1537 4074 1541 4074 1520 4074 1554 4075 1541 4075 1537 4075 1547 4076 1554 4076 1537 4076 1559 4077 1554 4077 1547 4077 1553 4078 1559 4078 1547 4078 1563 4079 1559 4079 1553 4079 1549 4080 1563 4080 1553 4080 1561 4081 1563 4081 1549 4081 1543 4082 1561 4082 1549 4082 1556 4083 1561 4083 1543 4083 1526 4084 1556 4084 1543 4084 1550 4085 1556 4085 1526 4085 1515 4086 1550 4086 1526 4086 1540 4087 1550 4087 1515 4087 1502 4088 1540 4088 1515 4088 1512 4089 1540 4089 1502 4089 1473 4090 1512 4090 1502 4090 1492 4091 1512 4091 1473 4091 1459 4092 1492 4092 1473 4092 1475 4093 1492 4093 1459 4093 1421 4094 1475 4094 1459 4094 1440 4095 1475 4095 1421 4095 1387 4096 1440 4096 1421 4096 1407 4097 1440 4097 1387 4097 1363 4098 1407 4098 1387 4098 1379 4099 1407 4099 1363 4099 1371 4100 1379 4100 1363 4100 891 4101 859 4101 865 4101 904 4102 891 4102 865 4102 935 4103 891 4103 904 4103 946 4104 935 4104 904 4104 984 4105 935 4105 946 4105 1001 4106 984 4106 946 4106 1056 4107 984 4107 1001 4107 1068 4108 1056 4108 1001 4108 1113 4109 1056 4109 1068 4109 1130 4110 1113 4110 1068 4110 1166 4111 1113 4111 1130 4111 1183 4112 1166 4112 1130 4112 1213 4113 1166 4113 1183 4113 1242 4114 1213 4114 1183 4114 1262 4115 1213 4115 1242 4115 1304 4116 1262 4116 1242 4116 1309 4117 1262 4117 1304 4117 1336 4118 1309 4118 1304 4118 1320 4119 1309 4119 1336 4119 1350 4120 1320 4120 1336 4120 884 4121 854 4121 855 4121 891 4122 884 4122 855 4122 926 4123 884 4123 891 4123 935 4124 926 4124 891 4124 973 4125 926 4125 935 4125 984 4126 973 4126 935 4126 1042 4127 973 4127 984 4127 1056 4128 1042 4128 984 4128 1100 4129 1042 4129 1056 4129 1113 4130 1100 4130 1056 4130 1155 4131 1100 4131 1113 4131 1166 4132 1155 4132 1113 4132 1203 4133 1155 4133 1166 4133 1213 4134 1203 4134 1166 4134 1249 4135 1203 4135 1213 4135 1262 4136 1249 4136 1213 4136 1288 4137 1249 4137 1262 4137 1309 4138 1288 4138 1262 4138 1303 4139 1288 4139 1309 4139 1320 4140 1303 4140 1309 4140 877 4141 848 4141 854 4141 884 4142 877 4142 854 4142 919 4143 877 4143 884 4143 926 4144 919 4144 884 4144 964 4145 919 4145 926 4145 973 4146 964 4146 926 4146 1027 4147 964 4147 973 4147 1042 4148 1027 4148 973 4148 1087 4149 1027 4149 1042 4149 1100 4150 1087 4150 1042 4150 1144 4151 1087 4151 1100 4151 1155 4152 1144 4152 1100 4152 1192 4153 1144 4153 1155 4153 1203 4154 1192 4154 1155 4154 1229 4155 1192 4155 1203 4155 1249 4156 1229 4156 1203 4156 1261 4157 1229 4157 1249 4157 1288 4158 1261 4158 1249 4158 1283 4159 1261 4159 1288 4159 1303 4160 1283 4160 1288 4160 873 4161 845 4161 842 4161 841 4162 873 4162 842 4162 873 4163 841 4163 846 4163 877 4164 873 4164 846 4164 914 4165 873 4165 877 4165 919 4166 914 4166 877 4166 959 4167 914 4167 919 4167 964 4168 959 4168 919 4168 1019 4169 959 4169 964 4169 1027 4170 1019 4170 964 4170 1082 4171 1019 4171 1027 4171 1087 4172 1082 4172 1027 4172 1140 4173 1082 4173 1087 4173 1144 4174 1140 4174 1087 4174 1186 4175 1140 4175 1144 4175 1192 4176 1186 4176 1144 4176 1222 4177 1186 4177 1192 4177 1229 4178 1222 4178 1192 4178 1254 4179 1222 4179 1229 4179 1261 4180 1254 4180 1229 4180 1266 4181 1254 4181 1261 4181 1283 4182 1266 4182 1261 4182 876 4183 847 4183 845 4183 873 4184 876 4184 845 4184 918 4185 876 4185 873 4185 914 4186 918 4186 873 4186 963 4187 918 4187 914 4187 959 4188 963 4188 914 4188 1026 4189 963 4189 959 4189 1019 4190 1026 4190 959 4190 1086 4191 1026 4191 1019 4191 1082 4192 1086 4192 1019 4192 1143 4193 1086 4193 1082 4193 1140 4194 1143 4194 1082 4194 1191 4195 1143 4195 1140 4195 1186 4196 1191 4196 1140 4196 1228 4197 1191 4197 1186 4197 1222 4198 1228 4198 1186 4198 1260 4199 1228 4199 1222 4199 1254 4200 1260 4200 1222 4200 1282 4201 1260 4201 1254 4201 1268 4202 1282 4202 1254 4202 883 4203 853 4203 847 4203 876 4204 883 4204 847 4204 925 4205 883 4205 876 4205 918 4206 925 4206 876 4206 972 4207 925 4207 918 4207 963 4208 972 4208 918 4208 1041 4209 972 4209 963 4209 1026 4210 1041 4210 963 4210 1099 4211 1041 4211 1026 4211 1086 4212 1099 4212 1026 4212 1154 4213 1099 4213 1086 4213 1143 4214 1154 4214 1086 4214 1202 4215 1154 4215 1143 4215 1191 4216 1202 4216 1143 4216 1248 4217 1202 4217 1191 4217 1228 4218 1248 4218 1191 4218 1286 4219 1248 4219 1228 4219 1260 4220 1286 4220 1228 4220 1301 4221 1286 4221 1260 4221 1282 4222 1301 4222 1260 4222 893 4223 862 4223 856 4223 883 4224 893 4224 856 4224 937 4225 893 4225 883 4225 925 4226 937 4226 883 4226 990 4227 937 4227 925 4227 972 4228 990 4228 925 4228 1059 4229 990 4229 972 4229 1041 4230 1059 4230 972 4230 1115 4231 1059 4231 1041 4231 1099 4232 1115 4232 1041 4232 1175 4233 1115 4233 1099 4233 1154 4234 1175 4234 1099 4234 1218 4235 1175 4235 1154 4235 1202 4236 1218 4236 1154 4236 1273 4237 1218 4237 1202 4237 1248 4238 1273 4238 1202 4238 1315 4239 1273 4239 1248 4239 1286 4240 1315 4240 1248 4240 1323 4241 1315 4241 1286 4241 1301 4242 1323 4242 1286 4242 2354 4243 2408 4243 2366 4243 2296 4244 2218 4244 2282 4244 2443 4245 2410 4245 2439 4245 2386 4246 2420 4246 2423 4246 2429 4247 2386 4247 2423 4247 2409 4248 2420 4248 2386 4248 2370 4249 2409 4249 2386 4249 2393 4250 2409 4250 2370 4250 2352 4251 2393 4251 2370 4251 2389 4252 2393 4252 2352 4252 2338 4253 2389 4253 2352 4253 2379 4254 2389 4254 2338 4254 2363 4255 2379 4255 2338 4255 2303 4256 2363 4256 2338 4256 2353 4257 2363 4257 2303 4257 2277 4258 2353 4258 2303 4258 2336 4259 2353 4259 2277 4259 2253 4260 2336 4260 2277 4260 2317 4261 2336 4261 2253 4261 1739 4262 1768 4262 1752 4262 2293 4263 2317 4263 2253 4263 2224 4264 2293 4264 2253 4264 2289 4265 2293 4265 2224 4265 2211 4266 2289 4266 2224 4266 2274 4267 2289 4267 2211 4267 1736 4268 1755 4268 1739 4268 2188 4269 2251 4269 2247 4269 2243 4270 2188 4270 2247 4270 2185 4271 2188 4271 2243 4271 2244 4272 2185 4272 2243 4272 2194 4273 2185 4273 2244 4273 2256 4274 2194 4274 2244 4274 2211 4275 2194 4275 2256 4275 2266 4276 2211 4276 2256 4276 2274 4277 2211 4277 2266 4277 2260 4278 2251 4278 2188 4278 2199 4279 2260 4279 2188 4279 2279 4280 2260 4280 2199 4280 2217 4281 2279 4281 2199 4281 2281 4282 2279 4282 2217 4282 2233 4283 2281 4283 2217 4283 2301 4284 2281 4284 2233 4284 2299 4285 2334 4285 2350 4285 2348 4286 2299 4286 2350 4286 2270 4287 2299 4287 2348 4287 2326 4288 2270 4288 2348 4288 2233 4289 2270 4289 2326 4289 2313 4290 2233 4290 2326 4290 2301 4291 2233 4291 2313 4291 1748 4292 1755 4292 1736 4292 1732 4293 1748 4293 1736 4293 1742 4294 1748 4294 1732 4294 1734 4295 1742 4295 1732 4295 1746 4296 1742 4296 1734 4296 1737 4297 1746 4297 1734 4297 1750 4298 1746 4298 1737 4298 1743 4299 1750 4299 1737 4299 1762 4300 1750 4300 1743 4300 1757 4301 1762 4301 1743 4301 1780 4302 1762 4302 1757 4302 1778 4303 1780 4303 1757 4303 1790 4304 1780 4304 1778 4304 1802 4305 1790 4305 1778 4305 1818 4306 1790 4306 1802 4306 1829 4307 1818 4307 1802 4307 1856 4308 1818 4308 1829 4308 1842 4309 1856 4309 1829 4309 1877 4310 1856 4310 1842 4310 2343 4311 2364 4311 2385 4311 2380 4312 2343 4312 2385 4312 2334 4313 2343 4313 2380 4313 2371 4314 2334 4314 2380 4314 2350 4315 2334 4315 2371 4315 2364 4316 2384 4316 2406 4316 2404 4317 2364 4317 2406 4317 2385 4318 2364 4318 2404 4318 2391 4319 2403 4319 2428 4319 2425 4320 2391 4320 2428 4320 2384 4321 2391 4321 2425 4321 2422 4322 2384 4322 2425 4322 2406 4323 2384 4323 2422 4323 1877 4324 1842 4324 1859 4324 1892 4325 1877 4325 1859 4325 1913 4326 1877 4326 1892 4326 1924 4327 1913 4327 1892 4327 1939 4328 1913 4328 1924 4328 1944 4329 1939 4329 1924 4329 1961 4330 1939 4330 1944 4330 1975 4331 1961 4331 1944 4331 1994 4332 1961 4332 1975 4332 1986 4333 1994 4333 1975 4333 2025 4334 1994 4334 1986 4334 2417 4335 2446 4335 2448 4335 2447 4336 2417 4336 2448 4336 2416 4337 2417 4337 2447 4337 2442 4338 2416 4338 2447 4338 2411 4339 2416 4339 2442 4339 2435 4340 2411 4340 2442 4340 2403 4341 2411 4341 2435 4341 2434 4342 2403 4342 2435 4342 2428 4343 2403 4343 2434 4343 2025 4344 1986 4344 2003 4344 2020 4345 2025 4345 2003 4345 2032 4346 2025 4346 2020 4346 2023 4347 2032 4347 2020 4347 2034 4348 2032 4348 2023 4348 2005 4349 2034 4349 2023 4349 2028 4350 2034 4350 2005 4350 2001 4351 2028 4351 2005 4351 2443 4352 2446 4352 2417 4352 2412 4353 2443 4353 2417 4353 2410 4354 2443 4354 2412 4354 2001 4355 1985 4355 1992 4355 2022 4356 2001 4356 1992 4356 2028 4357 2001 4357 2022 4357 2436 4358 2439 4358 2410 4358 2402 4359 2436 4359 2410 4359 2433 4360 2436 4360 2402 4360 2390 4361 2433 4361 2402 4361 2427 4362 2433 4362 2390 4362 2426 4363 2427 4363 2390 4363 2378 4364 2426 4364 2390 4364 2419 4365 2426 4365 2378 4365 2405 4366 2419 4366 2378 4366 2361 4367 2405 4367 2378 4367 2401 4368 2405 4368 2361 4368 2341 4369 2401 4369 2361 4369 2383 4370 2401 4370 2341 4370 1992 4371 1985 4371 1971 4371 1941 4372 1992 4372 1971 4372 1960 4373 1992 4373 1941 4373 1916 4374 1960 4374 1941 4374 1925 4375 1960 4375 1916 4375 1888 4376 1925 4376 1916 4376 1908 4377 1925 4377 1888 4377 1855 4378 1908 4378 1888 4378 1874 4379 1908 4379 1855 4379 1841 4380 1874 4380 1855 4380 1830 4381 1874 4381 1841 4381 2262 4382 2314 4382 2322 4382 2346 4383 2262 4383 2322 4383 2295 4384 2262 4384 2346 4384 2347 4385 2295 4385 2346 4385 2315 4386 2295 4386 2347 4386 2357 4387 2315 4387 2347 4387 2341 4388 2315 4388 2357 4388 2381 4389 2341 4389 2357 4389 2383 4390 2341 4390 2381 4390 2296 4391 2314 4391 2262 4391 2230 4392 2296 4392 2262 4392 2218 4393 2296 4393 2230 4393 2184 4394 2245 4394 2242 4394 2246 4395 2184 4395 2242 4395 2187 4396 2184 4396 2246 4396 2252 4397 2187 4397 2246 4397 2201 4398 2187 4398 2252 4398 2261 4399 2201 4399 2252 4399 2218 4400 2201 4400 2261 4400 2280 4401 2218 4401 2261 4401 2282 4402 2218 4402 2280 4402 2254 4403 2245 4403 2184 4403 2193 4404 2254 4404 2184 4404 2267 4405 2254 4405 2193 4405 2213 4406 2267 4406 2193 4406 2276 4407 2267 4407 2213 4407 2225 4408 2276 4408 2213 4408 2291 4409 2276 4409 2225 4409 2309 4410 2362 4410 2355 4410 2342 4411 2309 4411 2355 4411 2288 4412 2309 4412 2342 4412 2335 4413 2288 4413 2342 4413 2255 4414 2288 4414 2335 4414 2318 4415 2255 4415 2335 4415 2225 4416 2255 4416 2318 4416 2292 4417 2225 4417 2318 4417 2291 4418 2225 4418 2292 4418 2382 4419 2362 4419 2309 4419 2339 4420 2382 4420 2309 4420 2392 4421 2382 4421 2339 4421 2358 4422 2392 4422 2339 4422 2399 4423 2392 4423 2358 4423 2374 4424 2399 4424 2358 4424 2413 4425 2399 4425 2374 4425 2400 4426 2407 4426 2432 4426 2430 4427 2400 4427 2432 4427 2387 4428 2400 4428 2430 4428 2424 4429 2387 4429 2430 4429 2374 4430 2387 4430 2424 4430 2421 4431 2374 4431 2424 4431 2413 4432 2374 4432 2421 4432 2407 4433 2414 4433 2441 4433 2437 4434 2407 4434 2441 4434 2432 4435 2407 4435 2437 4435 1830 4436 1841 4436 1814 4436 1797 4437 1830 4437 1814 4437 1816 4438 1830 4438 1797 4438 1777 4439 1816 4439 1797 4439 1787 4440 1816 4440 1777 4440 1754 4441 1787 4441 1777 4441 1774 4442 1787 4442 1754 4442 1744 4443 1774 4443 1754 4443 1763 4444 1774 4444 1744 4444 1738 4445 1763 4445 1744 4445 1751 4446 1763 4446 1738 4446 1733 4447 1751 4447 1738 4447 1745 4448 1751 4448 1733 4448 1731 4449 1745 4449 1733 4449 1741 4450 1745 4450 1731 4450 1735 4451 1741 4451 1731 4451 1747 4452 1741 4452 1735 4452 1740 4453 1747 4453 1735 4453 1756 4454 1747 4454 1740 4454 1753 4455 1756 4455 1740 4455 1769 4456 1756 4456 1753 4456 1773 4457 1769 4457 1753 4457 1786 4458 1769 4458 1773 4458 1791 4459 1786 4459 1773 4459 1809 4460 1786 4460 1791 4460 1811 4461 1809 4461 1791 4461 1828 4462 1809 4462 1811 4462 1852 4463 1828 4463 1811 4463 1872 4464 1828 4464 1852 4464 1884 4465 1872 4465 1852 4465 1904 4466 1872 4466 1884 4466 1911 4467 1904 4467 1884 4467 1921 4468 1904 4468 1911 4468 1938 4469 1921 4469 1911 4469 1952 4470 1921 4470 1938 4470 1968 4471 1952 4471 1938 4471 1979 4472 1952 4472 1968 4472 1991 4473 1979 4473 1968 4473 2006 4474 1979 4474 1991 4474 2011 4475 2006 4475 1991 4475 2030 4476 2006 4476 2011 4476 2027 4477 2030 4477 2011 4477 2037 4478 2030 4478 2027 4478 2373 4479 2366 4479 2415 4479 2418 4480 2373 4480 2415 4480 2377 4481 2373 4481 2418 4481 2414 4482 2377 4482 2418 4482 2372 4483 2377 4483 2414 4483 2407 4484 2372 4484 2414 4484 2365 4485 2372 4485 2407 4485 2400 4486 2365 4486 2407 4486 2356 4487 2365 4487 2400 4487 2387 4488 2356 4488 2400 4488 2345 4489 2356 4489 2387 4489 2374 4490 2345 4490 2387 4490 2332 4491 2345 4491 2374 4491 2358 4492 2332 4492 2374 4492 2312 4493 2332 4493 2358 4493 2339 4494 2312 4494 2358 4494 2284 4495 2312 4495 2339 4495 2309 4496 2284 4496 2339 4496 2237 4497 2284 4497 2309 4497 2288 4498 2237 4498 2309 4498 2222 4499 2237 4499 2288 4499 2255 4500 2222 4500 2288 4500 2190 4501 2222 4501 2255 4501 2225 4502 2190 4502 2255 4502 2164 4503 2190 4503 2225 4503 2213 4504 2164 4504 2225 4504 2145 4505 2164 4505 2213 4505 2193 4506 2145 4506 2213 4506 2126 4507 2145 4507 2193 4507 2184 4508 2126 4508 2193 4508 2118 4509 2126 4509 2184 4509 2187 4510 2118 4510 2184 4510 2120 4511 2118 4511 2187 4511 2201 4512 2120 4512 2187 4512 2132 4513 2120 4513 2201 4513 2218 4514 2132 4514 2201 4514 2154 4515 2132 4515 2218 4515 2230 4516 2154 4516 2218 4516 2167 4517 2154 4517 2230 4517 2262 4518 2167 4518 2230 4518 2196 4519 2167 4519 2262 4519 2295 4520 2196 4520 2262 4520 2227 4521 2196 4521 2295 4521 2315 4522 2227 4522 2295 4522 2241 4523 2227 4523 2315 4523 2341 4524 2241 4524 2315 4524 2285 4525 2241 4525 2341 4525 2361 4526 2285 4526 2341 4526 2316 4527 2285 4527 2361 4527 2378 4528 2316 4528 2361 4528 2337 4529 2316 4529 2378 4529 2390 4530 2337 4530 2378 4530 2349 4531 2337 4531 2390 4531 2402 4532 2349 4532 2390 4532 2359 4533 2349 4533 2402 4533 2410 4534 2359 4534 2402 4534 2367 4535 2359 4535 2410 4535 2412 4536 2367 4536 2410 4536 2369 4537 2367 4537 2412 4537 2417 4538 2369 4538 2412 4538 2376 4539 2369 4539 2417 4539 2416 4540 2376 4540 2417 4540 2375 4541 2376 4541 2416 4541 2411 4542 2375 4542 2416 4542 2368 4543 2375 4543 2411 4543 2403 4544 2368 4544 2411 4544 2360 4545 2368 4545 2403 4545 2391 4546 2360 4546 2403 4546 2351 4547 2360 4547 2391 4547 2384 4548 2351 4548 2391 4548 2340 4549 2351 4549 2384 4549 2364 4550 2340 4550 2384 4550 2321 4551 2340 4551 2364 4551 2343 4552 2321 4552 2364 4552 2287 4553 2321 4553 2343 4553 2334 4554 2287 4554 2343 4554 2273 4555 2287 4555 2334 4555 2299 4556 2273 4556 2334 4556 2231 4557 2273 4557 2299 4557 2270 4558 2231 4558 2299 4558 2203 4559 2231 4559 2270 4559 2233 4560 2203 4560 2270 4560 2175 4561 2203 4561 2233 4561 2217 4562 2175 4562 2233 4562 2153 4563 2175 4563 2217 4563 2199 4564 2153 4564 2217 4564 2131 4565 2153 4565 2199 4565 2188 4566 2131 4566 2199 4566 2122 4567 2131 4567 2188 4567 2185 4568 2122 4568 2188 4568 2119 4569 2122 4569 2185 4569 2194 4570 2119 4570 2185 4570 2128 4571 2119 4571 2194 4571 2211 4572 2128 4572 2194 4572 2139 4573 2128 4573 2211 4573 2224 4574 2139 4574 2211 4574 2160 4575 2139 4575 2224 4575 2253 4576 2160 4576 2224 4576 2189 4577 2160 4577 2253 4577 2277 4578 2189 4578 2253 4578 2212 4579 2189 4579 2277 4579 2303 4580 2212 4580 2277 4580 2234 4581 2212 4581 2303 4581 2338 4582 2234 4582 2303 4582 2278 4583 2234 4583 2338 4583 2352 4584 2278 4584 2338 4584 2298 4585 2278 4585 2352 4585 2370 4586 2298 4586 2352 4586 2327 4587 2298 4587 2370 4587 2386 4588 2327 4588 2370 4588 2415 4589 2440 4589 2445 4589 2449 4590 2415 4590 2445 4590 2418 4591 2415 4591 2449 4591 2450 4592 2418 4592 2449 4592 2414 4593 2418 4593 2450 4593 2444 4594 2414 4594 2450 4594 2441 4595 2414 4595 2444 4595 2415 4596 2366 4596 2408 4596 2438 4597 2415 4597 2408 4597 2440 4598 2415 4598 2438 4598 2037 4599 2027 4599 2026 4599 2012 4600 2037 4600 2026 4600 2031 4601 2037 4601 2012 4601 1993 4602 2031 4602 2012 4602 2008 4603 2031 4603 1993 4603 1965 4604 2008 4604 1993 4604 1973 4605 2008 4605 1965 4605 1933 4606 1973 4606 1965 4606 1947 4607 1973 4607 1933 4607 1906 4608 1947 4608 1933 4608 1919 4609 1947 4609 1906 4609 1873 4610 1919 4610 1906 4610 1883 4611 1919 4611 1873 4611 1840 4612 1883 4612 1873 4612 1869 4613 1883 4613 1840 4613 1806 4614 1869 4614 1840 4614 1826 4615 1869 4615 1806 4615 1782 4616 1826 4616 1806 4616 1798 4617 1826 4617 1782 4617 1770 4618 1798 4618 1782 4618 1785 4619 1798 4619 1770 4619 1752 4620 1785 4620 1770 4620 1798 4621 1785 4621 1825 4621 1861 4622 1798 4622 1825 4622 1826 4623 1798 4623 1861 4623 1891 4624 1826 4624 1861 4624 1869 4625 1826 4625 1891 4625 1914 4626 1869 4626 1891 4626 1883 4627 1869 4627 1914 4627 1942 4628 1883 4628 1914 4628 1919 4629 1883 4629 1942 4629 1978 4630 1919 4630 1942 4630 1947 4631 1919 4631 1978 4631 2021 4632 1947 4632 1978 4632 1973 4633 1947 4633 2021 4633 2043 4634 1973 4634 2021 4634 2008 4635 1973 4635 2043 4635 2063 4636 2008 4636 2043 4636 2031 4637 2008 4637 2063 4637 2069 4638 2031 4638 2063 4638 2037 4639 2031 4639 2069 4639 2062 4640 2037 4640 2069 4640 2030 4641 2037 4641 2062 4641 2042 4642 2030 4642 2062 4642 2006 4643 2030 4643 2042 4643 2029 4644 2006 4644 2042 4644 1979 4645 2006 4645 2029 4645 1984 4646 1979 4646 2029 4646 1952 4647 1979 4647 1984 4647 1948 4648 1952 4648 1984 4648 1921 4649 1952 4649 1948 4649 1927 4650 1921 4650 1948 4650 1904 4651 1921 4651 1927 4651 1896 4652 1904 4652 1927 4652 1872 4653 1904 4653 1896 4653 1868 4654 1872 4654 1896 4654 1828 4655 1872 4655 1868 4655 1836 4656 1828 4656 1868 4656 1809 4657 1828 4657 1836 4657 1810 4658 1809 4658 1836 4658 1786 4659 1809 4659 1810 4659 1789 4660 1786 4660 1810 4660 1769 4661 1786 4661 1789 4661 1781 4662 1769 4662 1789 4662 1756 4663 1769 4663 1781 4663 1771 4664 1756 4664 1781 4664 1747 4665 1756 4665 1771 4665 1764 4666 1747 4666 1771 4666 1741 4667 1747 4667 1764 4667 1766 4668 1741 4668 1764 4668 1745 4669 1741 4669 1766 4669 1776 4670 1745 4670 1766 4670 1751 4671 1745 4671 1776 4671 1784 4672 1751 4672 1776 4672 1763 4673 1751 4673 1784 4673 1792 4674 1763 4674 1784 4674 1774 4675 1763 4675 1792 4675 1815 4676 1774 4676 1792 4676 1787 4677 1774 4677 1815 4677 1849 4678 1787 4678 1815 4678 1816 4679 1787 4679 1849 4679 1870 4680 1816 4680 1849 4680 1830 4681 1816 4681 1870 4681 1901 4682 1830 4682 1870 4682 1874 4683 1830 4683 1901 4683 1930 4684 1874 4684 1901 4684 1908 4685 1874 4685 1930 4685 1958 4686 1908 4686 1930 4686 1925 4687 1908 4687 1958 4687 1996 4688 1925 4688 1958 4688 1960 4689 1925 4689 1996 4689 2035 4690 1960 4690 1996 4690 1992 4691 1960 4691 2035 4691 2052 4692 1992 4692 2035 4692 2022 4693 1992 4693 2052 4693 2055 4694 2022 4694 2052 4694 2028 4695 2022 4695 2055 4695 2068 4696 2028 4696 2055 4696 2034 4697 2028 4697 2068 4697 2065 4698 2034 4698 2068 4698 2032 4699 2034 4699 2065 4699 2054 4700 2032 4700 2065 4700 2025 4701 2032 4701 2054 4701 2038 4702 2025 4702 2054 4702 1994 4703 2025 4703 2038 4703 1997 4704 1994 4704 2038 4704 1961 4705 1994 4705 1997 4705 1969 4706 1961 4706 1997 4706 1939 4707 1961 4707 1969 4707 1934 4708 1939 4708 1969 4708 1913 4709 1939 4709 1934 4709 1905 4710 1913 4710 1934 4710 1877 4711 1913 4711 1905 4711 1880 4712 1877 4712 1905 4712 1856 4713 1877 4713 1880 4713 1851 4714 1856 4714 1880 4714 1818 4715 1856 4715 1851 4715 1817 4716 1818 4716 1851 4716 1790 4717 1818 4717 1817 4717 1801 4718 1790 4718 1817 4718 1780 4719 1790 4719 1801 4719 1783 4720 1780 4720 1801 4720 1762 4721 1780 4721 1783 4721 1775 4722 1762 4722 1783 4722 1750 4723 1762 4723 1775 4723 1767 4724 1750 4724 1775 4724 1746 4725 1750 4725 1767 4725 1765 4726 1746 4726 1767 4726 1742 4727 1746 4727 1765 4727 1772 4728 1742 4728 1765 4728 1748 4729 1742 4729 1772 4729 1779 4730 1748 4730 1772 4730 1755 4731 1748 4731 1779 4731 1788 4732 1755 4732 1779 4732 1861 4733 1825 4733 1897 4733 1929 4734 1861 4734 1897 4734 1891 4735 1861 4735 1929 4735 1954 4736 1891 4736 1929 4736 1914 4737 1891 4737 1954 4737 1998 4738 1914 4738 1954 4738 1942 4739 1914 4739 1998 4739 2045 4740 1942 4740 1998 4740 1978 4741 1942 4741 2045 4741 2073 4742 1978 4742 2045 4742 2021 4743 1978 4743 2073 4743 2089 4744 2021 4744 2073 4744 2043 4745 2021 4745 2089 4745 2100 4746 2043 4746 2089 4746 2063 4747 2043 4747 2100 4747 2105 4748 2063 4748 2100 4748 2069 4749 2063 4749 2105 4749 2099 4750 2069 4750 2105 4750 2062 4751 2069 4751 2099 4751 2088 4752 2062 4752 2099 4752 2042 4753 2062 4753 2088 4753 2078 4754 2042 4754 2088 4754 2029 4755 2042 4755 2078 4755 2049 4756 2029 4756 2078 4756 1984 4757 2029 4757 2049 4757 2004 4758 1984 4758 2049 4758 1948 4759 1984 4759 2004 4759 1970 4760 1948 4760 2004 4760 1927 4761 1948 4761 1970 4761 1932 4762 1927 4762 1970 4762 1896 4763 1927 4763 1932 4763 1902 4764 1896 4764 1932 4764 1868 4765 1896 4765 1902 4765 1879 4766 1868 4766 1902 4766 1836 4767 1868 4767 1879 4767 1853 4768 1836 4768 1879 4768 1810 4769 1836 4769 1853 4769 1824 4770 1810 4770 1853 4770 1789 4771 1810 4771 1824 4771 1807 4772 1789 4772 1824 4772 1781 4773 1789 4773 1807 4773 1799 4774 1781 4774 1807 4774 1771 4775 1781 4775 1799 4775 1793 4776 1771 4776 1799 4776 1764 4777 1771 4777 1793 4777 1795 4778 1764 4778 1793 4778 1766 4779 1764 4779 1795 4779 1804 4780 1766 4780 1795 4780 1776 4781 1766 4781 1804 4781 1813 4782 1776 4782 1804 4782 1784 4783 1776 4783 1813 4783 1827 4784 1784 4784 1813 4784 1792 4785 1784 4785 1827 4785 1857 4786 1792 4786 1827 4786 1815 4787 1792 4787 1857 4787 1882 4788 1815 4788 1857 4788 1849 4789 1815 4789 1882 4789 1907 4790 1849 4790 1882 4790 1870 4791 1849 4791 1907 4791 1936 4792 1870 4792 1907 4792 1901 4793 1870 4793 1936 4793 1976 4794 1901 4794 1936 4794 1930 4795 1901 4795 1976 4795 2019 4796 1930 4796 1976 4796 1958 4797 1930 4797 2019 4797 2057 4798 1958 4798 2019 4798 1996 4799 1958 4799 2057 4799 2080 4800 1996 4800 2057 4800 2035 4801 1996 4801 2080 4801 2092 4802 2035 4802 2080 4802 2052 4803 2035 4803 2092 4803 2095 4804 2052 4804 2092 4804 2055 4805 2052 4805 2095 4805 2104 4806 2055 4806 2095 4806 2068 4807 2055 4807 2104 4807 2101 4808 2068 4808 2104 4808 2065 4809 2068 4809 2101 4809 2094 4810 2065 4810 2101 4810 2054 4811 2065 4811 2094 4811 2082 4812 2054 4812 2094 4812 2038 4813 2054 4813 2082 4813 2060 4814 2038 4814 2082 4814 1997 4815 2038 4815 2060 4815 2040 4816 1997 4816 2060 4816 1969 4817 1997 4817 2040 4817 1980 4818 1969 4818 2040 4818 1934 4819 1969 4819 1980 4819 1940 4820 1934 4820 1980 4820 1905 4821 1934 4821 1940 4821 1920 4822 1905 4822 1940 4822 1880 4823 1905 4823 1920 4823 1887 4824 1880 4824 1920 4824 1851 4825 1880 4825 1887 4825 1860 4826 1851 4826 1887 4826 1817 4827 1851 4827 1860 4827 1833 4828 1817 4828 1860 4828 1801 4829 1817 4829 1833 4829 1812 4830 1801 4830 1833 4830 1783 4831 1801 4831 1812 4831 1803 4832 1783 4832 1812 4832 1775 4833 1783 4833 1803 4833 1796 4834 1775 4834 1803 4834 1767 4835 1775 4835 1796 4835 1794 4836 1767 4836 1796 4836 1765 4837 1767 4837 1794 4837 1800 4838 1765 4838 1794 4838 1772 4839 1765 4839 1800 4839 1805 4840 1772 4840 1800 4840 1779 4841 1772 4841 1805 4841 1819 4842 1779 4842 1805 4842 1788 4843 1779 4843 1819 4843 1850 4844 1788 4844 1819 4844 1929 4845 1897 4845 1995 4845 2036 4846 1929 4846 1995 4846 1954 4847 1929 4847 2036 4847 2076 4848 1954 4848 2036 4848 1998 4849 1954 4849 2076 4849 2106 4850 1998 4850 2076 4850 2045 4851 1998 4851 2106 4851 2116 4852 2045 4852 2106 4852 2073 4853 2045 4853 2116 4853 2137 4854 2073 4854 2116 4854 2089 4855 2073 4855 2137 4855 2148 4856 2089 4856 2137 4856 2100 4857 2089 4857 2148 4857 2151 4858 2100 4858 2148 4858 2105 4859 2100 4859 2151 4859 2147 4860 2105 4860 2151 4860 2099 4861 2105 4861 2147 4861 2136 4862 2099 4862 2147 4862 2088 4863 2099 4863 2136 4863 2125 4864 2088 4864 2136 4864 2078 4865 2088 4865 2125 4865 2108 4866 2078 4866 2125 4866 2049 4867 2078 4867 2108 4867 2079 4868 2049 4868 2108 4868 2004 4869 2049 4869 2079 4869 2056 4870 2004 4870 2079 4870 1970 4871 2004 4871 2056 4871 1999 4872 1970 4872 2056 4872 1932 4873 1970 4873 1999 4873 1951 4874 1932 4874 1999 4874 1902 4875 1932 4875 1951 4875 1926 4876 1902 4876 1951 4876 1879 4877 1902 4877 1926 4877 1898 4878 1879 4878 1926 4878 1853 4879 1879 4879 1898 4879 1876 4880 1853 4880 1898 4880 1824 4881 1853 4881 1876 4881 1858 4882 1824 4882 1876 4882 1807 4883 1824 4883 1858 4883 1837 4884 1807 4884 1858 4884 1799 4885 1807 4885 1837 4885 1831 4886 1799 4886 1837 4886 1793 4887 1799 4887 1831 4887 1834 4888 1793 4888 1831 4888 1795 4889 1793 4889 1834 4889 1848 4890 1795 4890 1834 4890 1804 4891 1795 4891 1848 4891 1867 4892 1804 4892 1848 4892 1813 4893 1804 4893 1867 4893 1878 4894 1813 4894 1867 4894 1827 4895 1813 4895 1878 4895 1903 4896 1827 4896 1878 4896 1857 4897 1827 4897 1903 4897 1931 4898 1857 4898 1903 4898 1882 4899 1857 4899 1931 4899 1955 4900 1882 4900 1931 4900 1907 4901 1882 4901 1955 4901 2007 4902 1907 4902 1955 4902 1936 4903 1907 4903 2007 4903 2061 4904 1936 4904 2007 4904 1976 4905 1936 4905 2061 4905 2085 4906 1976 4906 2061 4906 2019 4907 1976 4907 2085 4907 2109 4908 2019 4908 2085 4908 2057 4909 2019 4909 2109 4909 2127 4910 2057 4910 2109 4910 2080 4911 2057 4911 2127 4911 2140 4912 2080 4912 2127 4912 2092 4913 2080 4913 2140 4913 2144 4914 2092 4914 2140 4914 2095 4915 2092 4915 2144 4915 2150 4916 2095 4916 2144 4916 2104 4917 2095 4917 2150 4917 2149 4918 2104 4918 2150 4918 2101 4919 2104 4919 2149 4919 2143 4920 2101 4920 2149 4920 2094 4921 2101 4921 2143 4921 2129 4922 2094 4922 2143 4922 2082 4923 2094 4923 2129 4923 2112 4924 2082 4924 2129 4924 2060 4925 2082 4925 2112 4925 2096 4926 2060 4926 2112 4926 2040 4927 2060 4927 2096 4927 2070 4928 2040 4928 2096 4928 1980 4929 2040 4929 2070 4929 2014 4930 1980 4930 2070 4930 1940 4931 1980 4931 2014 4931 1977 4932 1940 4932 2014 4932 1920 4933 1940 4933 1977 4933 1935 4934 1920 4934 1977 4934 1887 4935 1920 4935 1935 4935 1910 4936 1887 4936 1935 4936 1860 4937 1887 4937 1910 4937 1881 4938 1860 4938 1910 4938 1833 4939 1860 4939 1881 4939 1866 4940 1833 4940 1881 4940 1812 4941 1833 4941 1866 4941 1847 4942 1812 4942 1866 4942 1803 4943 1812 4943 1847 4943 1835 4944 1803 4944 1847 4944 1796 4945 1803 4945 1835 4945 1832 4946 1796 4946 1835 4946 1794 4947 1796 4947 1832 4947 1839 4948 1794 4948 1832 4948 1800 4949 1794 4949 1839 4949 1854 4950 1800 4950 1839 4950 1805 4951 1800 4951 1854 4951 1875 4952 1805 4952 1854 4952 1819 4953 1805 4953 1875 4953 1895 4954 1819 4954 1875 4954 1850 4955 1819 4955 1895 4955 1915 4956 1850 4956 1895 4956 2036 4957 1995 4957 2107 4957 2133 4958 2036 4958 2107 4958 2076 4959 2036 4959 2133 4959 2159 4960 2076 4960 2133 4960 2106 4961 2076 4961 2159 4961 2176 4962 2106 4962 2159 4962 2116 4963 2106 4963 2176 4963 2192 4964 2116 4964 2176 4964 2137 4965 2116 4965 2192 4965 2205 4966 2137 4966 2192 4966 2148 4967 2137 4967 2205 4967 2209 4968 2148 4968 2205 4968 2151 4969 2148 4969 2209 4969 2204 4970 2151 4970 2209 4970 2147 4971 2151 4971 2204 4971 2191 4972 2147 4972 2204 4972 2136 4973 2147 4973 2191 4973 2178 4974 2136 4974 2191 4974 2125 4975 2136 4975 2178 4975 2161 4976 2125 4976 2178 4976 2108 4977 2125 4977 2161 4977 2138 4978 2108 4978 2161 4978 2079 4979 2108 4979 2138 4979 2115 4980 2079 4980 2138 4980 2056 4981 2079 4981 2115 4981 2086 4982 2056 4982 2115 4982 1999 4983 2056 4983 2086 4983 2041 4984 1999 4984 2086 4984 1951 4985 1999 4985 2041 4985 2000 4986 1951 4986 2041 4986 1926 4987 1951 4987 2000 4987 1956 4988 1926 4988 2000 4988 1898 4989 1926 4989 1956 4989 1923 4990 1898 4990 1956 4990 1876 4991 1898 4991 1923 4991 1912 4992 1876 4992 1923 4992 1858 4993 1876 4993 1912 4993 1893 4994 1858 4994 1912 4994 1837 4995 1858 4995 1893 4995 1885 4996 1837 4996 1893 4996 1831 4997 1837 4997 1885 4997 1889 4998 1831 4998 1885 4998 1834 4999 1831 4999 1889 4999 1900 5000 1834 5000 1889 5000 1848 5001 1834 5001 1900 5001 1918 5002 1848 5002 1900 5002 1867 5003 1848 5003 1918 5003 1928 5004 1867 5004 1918 5004 1878 5005 1867 5005 1928 5005 1962 5006 1878 5006 1928 5006 1903 5007 1878 5007 1962 5007 2010 5008 1903 5008 1962 5008 1931 5009 1903 5009 2010 5009 2044 5010 1931 5010 2010 5010 1955 5011 1931 5011 2044 5011 2087 5012 1955 5012 2044 5012 2007 5013 1955 5013 2087 5013 2117 5014 2007 5014 2087 5014 2061 5015 2007 5015 2117 5015 2142 5016 2061 5016 2117 5016 2085 5017 2061 5017 2142 5017 2166 5018 2085 5018 2142 5018 2109 5019 2085 5019 2166 5019 2182 5020 2109 5020 2166 5020 2127 5021 2109 5021 2182 5021 2197 5022 2127 5022 2182 5022 2140 5023 2127 5023 2197 5023 2200 5024 2140 5024 2197 5024 2144 5025 2140 5025 2200 5025 2208 5026 2144 5026 2200 5026 2150 5027 2144 5027 2208 5027 2207 5028 2150 5028 2208 5028 2149 5029 2150 5029 2207 5029 2198 5030 2149 5030 2207 5030 2143 5031 2149 5031 2198 5031 2183 5032 2143 5032 2198 5032 2129 5033 2143 5033 2183 5033 2169 5034 2129 5034 2183 5034 2112 5035 2129 5035 2169 5035 2156 5036 2112 5036 2169 5036 2096 5037 2112 5037 2156 5037 2123 5038 2096 5038 2156 5038 2070 5039 2096 5039 2123 5039 2091 5040 2070 5040 2123 5040 2014 5041 2070 5041 2091 5041 2072 5042 2014 5042 2091 5042 1977 5043 2014 5043 2072 5043 2024 5044 1977 5044 2072 5044 1935 5045 1977 5045 2024 5045 1966 5046 1935 5046 2024 5046 1910 5047 1935 5047 1966 5047 1937 5048 1910 5048 1966 5048 1881 5049 1910 5049 1937 5049 1917 5050 1881 5050 1937 5050 1866 5051 1881 5051 1917 5051 1899 5052 1866 5052 1917 5052 1847 5053 1866 5053 1899 5053 1890 5054 1847 5054 1899 5054 1835 5055 1847 5055 1890 5055 1886 5056 1835 5056 1890 5056 1832 5057 1835 5057 1886 5057 1894 5058 1832 5058 1886 5058 1839 5059 1832 5059 1894 5059 1909 5060 1839 5060 1894 5060 1854 5061 1839 5061 1909 5061 1922 5062 1854 5062 1909 5062 1875 5063 1854 5063 1922 5063 1953 5064 1875 5064 1922 5064 1895 5065 1875 5065 1953 5065 1974 5066 1895 5066 1953 5066 1915 5067 1895 5067 1974 5067 2039 5068 1915 5068 1974 5068 2133 5069 2107 5069 2195 5069 2220 5070 2133 5070 2195 5070 2159 5071 2133 5071 2220 5071 2232 5072 2159 5072 2220 5072 2176 5073 2159 5073 2232 5073 2250 5074 2176 5074 2232 5074 2192 5075 2176 5075 2250 5075 2265 5076 2192 5076 2250 5076 2205 5077 2192 5077 2265 5077 2272 5078 2205 5078 2265 5078 2209 5079 2205 5079 2272 5079 2264 5080 2209 5080 2272 5080 2204 5081 2209 5081 2264 5081 2249 5082 2204 5082 2264 5082 2191 5083 2204 5083 2249 5083 2235 5084 2191 5084 2249 5084 2178 5085 2191 5085 2235 5085 2223 5086 2178 5086 2235 5086 2161 5087 2178 5087 2223 5087 2202 5088 2161 5088 2223 5088 2138 5089 2161 5089 2202 5089 2179 5090 2138 5090 2202 5090 2115 5091 2138 5091 2179 5091 2152 5092 2115 5092 2179 5092 2086 5093 2115 5093 2152 5093 2113 5094 2086 5094 2152 5094 2041 5095 2086 5095 2113 5095 2090 5096 2041 5096 2113 5096 2000 5097 2041 5097 2090 5097 2053 5098 2000 5098 2090 5098 1956 5099 2000 5099 2053 5099 2009 5100 1956 5100 2053 5100 1923 5101 1956 5101 2009 5101 1972 5102 1923 5102 2009 5102 1912 5103 1923 5103 1972 5103 1957 5104 1912 5104 1972 5104 1893 5105 1912 5105 1957 5105 1945 5106 1893 5106 1957 5106 1885 5107 1893 5107 1945 5107 1949 5108 1885 5108 1945 5108 1889 5109 1885 5109 1949 5109 1964 5110 1889 5110 1949 5110 1900 5111 1889 5111 1964 5111 1983 5112 1900 5112 1964 5112 1918 5113 1900 5113 1983 5113 2013 5114 1918 5114 1983 5114 1928 5115 1918 5115 2013 5115 2064 5116 1928 5116 2013 5116 1962 5117 1928 5117 2064 5117 2098 5118 1962 5118 2064 5118 2010 5119 1962 5119 2098 5119 2114 5120 2010 5120 2098 5120 2044 5121 2010 5121 2114 5121 2155 5122 2044 5122 2114 5122 2087 5123 2044 5123 2155 5123 2181 5124 2087 5124 2155 5124 2117 5125 2087 5125 2181 5125 2210 5126 2117 5126 2181 5126 2142 5127 2117 5127 2210 5127 2226 5128 2142 5128 2210 5128 2166 5129 2142 5129 2226 5129 2236 5130 2166 5130 2226 5130 2182 5131 2166 5131 2236 5131 2257 5132 2182 5132 2236 5132 2197 5133 2182 5133 2257 5133 2259 5134 2197 5134 2257 5134 2200 5135 2197 5135 2259 5135 2271 5136 2200 5136 2259 5136 2208 5137 2200 5137 2271 5137 2268 5138 2208 5138 2271 5138 2207 5139 2208 5139 2268 5139 2258 5140 2207 5140 2268 5140 2198 5141 2207 5141 2258 5141 2239 5142 2198 5142 2258 5142 2183 5143 2198 5143 2239 5143 2228 5144 2183 5144 2239 5144 2169 5145 2183 5145 2228 5145 2216 5146 2169 5146 2228 5146 2156 5147 2169 5147 2216 5147 2186 5148 2156 5148 2216 5148 2123 5149 2156 5149 2186 5149 2157 5150 2123 5150 2186 5150 2091 5151 2123 5151 2157 5151 2135 5152 2091 5152 2157 5152 2072 5153 2091 5153 2135 5153 2103 5154 2072 5154 2135 5154 2024 5155 2072 5155 2103 5155 2071 5156 2024 5156 2103 5156 1966 5157 2024 5157 2071 5157 2033 5158 1966 5158 2071 5158 1937 5159 1966 5159 2033 5159 1981 5160 1937 5160 2033 5160 1917 5161 1937 5161 1981 5161 1963 5162 1917 5162 1981 5162 1899 5163 1917 5163 1963 5163 1950 5164 1899 5164 1963 5164 1890 5165 1899 5165 1950 5165 1946 5166 1890 5166 1950 5166 1886 5167 1890 5167 1946 5167 1959 5168 1886 5168 1946 5168 1894 5169 1886 5169 1959 5169 1967 5170 1894 5170 1959 5170 1909 5171 1894 5171 1967 5171 2002 5172 1909 5172 1967 5172 1922 5173 1909 5173 2002 5173 2051 5174 1922 5174 2002 5174 1953 5175 1922 5175 2051 5175 2075 5176 1953 5176 2051 5176 1974 5177 1953 5177 2075 5177 2111 5178 1974 5178 2075 5178 2039 5179 1974 5179 2111 5179 2146 5180 2039 5180 2111 5180 2220 5181 2195 5181 2286 5181 2302 5182 2220 5182 2286 5182 2232 5183 2220 5183 2302 5183 2320 5184 2232 5184 2302 5184 2250 5185 2232 5185 2320 5185 2329 5186 2250 5186 2320 5186 2265 5187 2250 5187 2329 5187 2333 5188 2265 5188 2329 5188 2272 5189 2265 5189 2333 5189 2328 5190 2272 5190 2333 5190 2264 5191 2272 5191 2328 5191 2319 5192 2264 5192 2328 5192 2249 5193 2264 5193 2319 5193 2308 5194 2249 5194 2319 5194 2235 5195 2249 5195 2308 5195 2290 5196 2235 5196 2308 5196 2223 5197 2235 5197 2290 5197 2269 5198 2223 5198 2290 5198 2202 5199 2223 5199 2269 5199 2238 5200 2202 5200 2269 5200 2179 5201 2202 5201 2238 5201 2215 5202 2179 5202 2238 5202 2152 5203 2179 5203 2215 5203 2177 5204 2152 5204 2215 5204 2113 5205 2152 5205 2177 5205 2158 5206 2113 5206 2177 5206 2090 5207 2113 5207 2158 5207 2124 5208 2090 5208 2158 5208 2053 5209 2090 5209 2124 5209 2097 5210 2053 5210 2124 5210 2009 5211 2053 5211 2097 5211 2077 5212 2009 5212 2097 5212 1972 5213 2009 5213 2077 5213 2058 5214 1972 5214 2077 5214 1957 5215 1972 5215 2058 5215 2046 5216 1957 5216 2058 5216 1945 5217 1957 5217 2046 5217 2048 5218 1945 5218 2046 5218 1949 5219 1945 5219 2048 5219 2067 5220 1949 5220 2048 5220 1964 5221 1949 5221 2067 5221 2084 5222 1964 5222 2067 5222 1983 5223 1964 5223 2084 5223 2102 5224 1983 5224 2084 5224 2013 5225 1983 5225 2102 5225 2130 5226 2013 5226 2102 5226 2064 5227 2013 5227 2130 5227 2163 5228 2064 5228 2130 5228 2098 5229 2064 5229 2163 5229 2180 5230 2098 5230 2163 5230 2114 5231 2098 5231 2180 5231 2219 5232 2114 5232 2180 5232 2155 5233 2114 5233 2219 5233 2240 5234 2155 5234 2219 5234 2181 5235 2155 5235 2240 5235 2275 5236 2181 5236 2240 5236 2210 5237 2181 5237 2275 5237 2294 5238 2210 5238 2275 5238 2226 5239 2210 5239 2294 5239 2310 5240 2226 5240 2294 5240 2236 5241 2226 5241 2310 5241 2323 5242 2236 5242 2310 5242 2257 5243 2236 5243 2323 5243 2325 5244 2257 5244 2323 5244 2259 5245 2257 5245 2325 5245 2331 5246 2259 5246 2325 5246 2271 5247 2259 5247 2331 5247 2330 5248 2271 5248 2331 5248 2268 5249 2271 5249 2330 5249 2324 5250 2268 5250 2330 5250 2258 5251 2268 5251 2324 5251 2311 5252 2258 5252 2324 5252 2239 5253 2258 5253 2311 5253 2297 5254 2239 5254 2311 5254 2228 5255 2239 5255 2297 5255 2283 5256 2228 5256 2297 5256 2216 5257 2228 5257 2283 5257 2248 5258 2216 5258 2283 5258 2186 5259 2216 5259 2248 5259 2221 5260 2186 5260 2248 5260 2157 5261 2186 5261 2221 5261 2206 5262 2157 5262 2221 5262 2135 5263 2157 5263 2206 5263 2168 5264 2135 5264 2206 5264 2103 5265 2135 5265 2168 5265 2134 5266 2103 5266 2168 5266 2071 5267 2103 5267 2134 5267 2110 5268 2071 5268 2134 5268 2033 5269 2071 5269 2110 5269 2083 5270 2033 5270 2110 5270 1981 5271 2033 5271 2083 5271 2066 5272 1981 5272 2083 5272 1963 5273 1981 5273 2066 5273 2050 5274 1963 5274 2066 5274 1950 5275 1963 5275 2050 5275 2047 5276 1950 5276 2050 5276 1946 5277 1950 5277 2047 5277 2059 5278 1946 5278 2047 5278 1959 5279 1946 5279 2059 5279 2074 5280 1959 5280 2059 5280 1967 5281 1959 5281 2074 5281 2093 5282 1967 5282 2074 5282 2002 5283 1967 5283 2093 5283 2121 5284 2002 5284 2093 5284 2051 5285 2002 5285 2121 5285 2141 5286 2051 5286 2121 5286 2075 5287 2051 5287 2141 5287 2170 5288 2075 5288 2141 5288 2111 5289 2075 5289 2170 5289 2214 5290 2111 5290 2170 5290 2146 5291 2111 5291 2214 5291 2229 5292 2146 5292 2214 5292 2302 5293 2286 5293 2354 5293 2366 5294 2302 5294 2354 5294 2320 5295 2302 5295 2366 5295 2373 5296 2320 5296 2366 5296 2329 5297 2320 5297 2373 5297 2377 5298 2329 5298 2373 5298 2333 5299 2329 5299 2377 5299 2372 5300 2333 5300 2377 5300 2328 5301 2333 5301 2372 5301 2365 5302 2328 5302 2372 5302 2319 5303 2328 5303 2365 5303 2356 5304 2319 5304 2365 5304 2308 5305 2319 5305 2356 5305 2345 5306 2308 5306 2356 5306 2290 5307 2308 5307 2345 5307 2332 5308 2290 5308 2345 5308 2269 5309 2290 5309 2332 5309 2312 5310 2269 5310 2332 5310 2238 5311 2269 5311 2312 5311 2284 5312 2238 5312 2312 5312 2215 5313 2238 5313 2284 5313 2237 5314 2215 5314 2284 5314 2177 5315 2215 5315 2237 5315 2222 5316 2177 5316 2237 5316 2158 5317 2177 5317 2222 5317 2190 5318 2158 5318 2222 5318 2124 5319 2158 5319 2190 5319 2164 5320 2124 5320 2190 5320 2097 5321 2124 5321 2164 5321 2145 5322 2097 5322 2164 5322 2077 5323 2097 5323 2145 5323 2126 5324 2077 5324 2145 5324 2058 5325 2077 5325 2126 5325 2118 5326 2058 5326 2126 5326 2046 5327 2058 5327 2118 5327 2120 5328 2046 5328 2118 5328 2048 5329 2046 5329 2120 5329 2132 5330 2048 5330 2120 5330 2067 5331 2048 5331 2132 5331 2154 5332 2067 5332 2132 5332 2084 5333 2067 5333 2154 5333 2167 5334 2084 5334 2154 5334 2102 5335 2084 5335 2167 5335 2196 5336 2102 5336 2167 5336 2130 5337 2102 5337 2196 5337 2227 5338 2130 5338 2196 5338 2163 5339 2130 5339 2227 5339 2241 5340 2163 5340 2227 5340 2180 5341 2163 5341 2241 5341 2285 5342 2180 5342 2241 5342 2219 5343 2180 5343 2285 5343 2316 5344 2219 5344 2285 5344 2240 5345 2219 5345 2316 5345 2337 5346 2240 5346 2316 5346 2275 5347 2240 5347 2337 5347 2349 5348 2275 5348 2337 5348 2294 5349 2275 5349 2349 5349 2359 5350 2294 5350 2349 5350 2310 5351 2294 5351 2359 5351 2367 5352 2310 5352 2359 5352 2323 5353 2310 5353 2367 5353 2369 5354 2323 5354 2367 5354 2325 5355 2323 5355 2369 5355 2376 5356 2325 5356 2369 5356 2331 5357 2325 5357 2376 5357 2375 5358 2331 5358 2376 5358 2330 5359 2331 5359 2375 5359 2368 5360 2330 5360 2375 5360 2324 5361 2330 5361 2368 5361 2360 5362 2324 5362 2368 5362 2311 5363 2324 5363 2360 5363 2351 5364 2311 5364 2360 5364 2297 5365 2311 5365 2351 5365 2340 5366 2297 5366 2351 5366 2283 5367 2297 5367 2340 5367 2321 5368 2283 5368 2340 5368 2248 5369 2283 5369 2321 5369 2287 5370 2248 5370 2321 5370 2221 5371 2248 5371 2287 5371 2273 5372 2221 5372 2287 5372 2206 5373 2221 5373 2273 5373 2231 5374 2206 5374 2273 5374 2168 5375 2206 5375 2231 5375 2203 5376 2168 5376 2231 5376 2134 5377 2168 5377 2203 5377 2175 5378 2134 5378 2203 5378 2110 5379 2134 5379 2175 5379 2153 5380 2110 5380 2175 5380 2083 5381 2110 5381 2153 5381 2131 5382 2083 5382 2153 5382 2066 5383 2083 5383 2131 5383 2122 5384 2066 5384 2131 5384 2050 5385 2066 5385 2122 5385 2119 5386 2050 5386 2122 5386 2047 5387 2050 5387 2119 5387 2128 5388 2047 5388 2119 5388 2059 5389 2047 5389 2128 5389 2139 5390 2059 5390 2128 5390 2074 5391 2059 5391 2139 5391 2160 5392 2074 5392 2139 5392 2093 5393 2074 5393 2160 5393 2189 5394 2093 5394 2160 5394 2121 5395 2093 5395 2189 5395 2212 5396 2121 5396 2189 5396 2141 5397 2121 5397 2212 5397 2234 5398 2141 5398 2212 5398 2170 5399 2141 5399 2234 5399 2278 5400 2170 5400 2234 5400 2214 5401 2170 5401 2278 5401 2298 5402 2214 5402 2278 5402 2229 5403 2214 5403 2298 5403 2327 5404 2229 5404 2298 5404 1768 5405 1739 5405 1755 5405 1788 5406 1768 5406 1755 5406 1808 5407 1768 5407 1788 5407 1850 5408 1808 5408 1788 5408 1871 5409 1808 5409 1850 5409 1915 5410 1871 5410 1850 5410 1943 5411 1871 5411 1915 5411 2039 5412 1943 5412 1915 5412 2081 5413 1943 5413 2039 5413 2146 5414 2081 5414 2039 5414 2165 5415 2081 5415 2146 5415 2229 5416 2165 5416 2146 5416 2263 5417 2165 5417 2229 5417 2327 5418 2263 5418 2229 5418 2344 5419 2263 5419 2327 5419 2386 5420 2344 5420 2327 5420 2398 5421 2344 5421 2386 5421 2429 5422 2398 5422 2386 5422 2431 5423 2398 5423 2429 5423 1785 5424 1752 5424 1768 5424 1808 5425 1785 5425 1768 5425 1825 5426 1785 5426 1808 5426 1871 5427 1825 5427 1808 5427 1897 5428 1825 5428 1871 5428 1943 5429 1897 5429 1871 5429 1995 5430 1897 5430 1943 5430 2081 5431 1995 5431 1943 5431 2107 5432 1995 5432 2081 5432 2165 5433 2107 5433 2081 5433 2195 5434 2107 5434 2165 5434 2263 5435 2195 5435 2165 5435 2286 5436 2195 5436 2263 5436 2344 5437 2286 5437 2263 5437 2354 5438 2286 5438 2344 5438 2398 5439 2354 5439 2344 5439 2408 5440 2354 5440 2398 5440 2431 5441 2408 5441 2398 5441 2438 5442 2408 5442 2431 5442 2840 5443 2790 5443 2846 5443 2701 5444 2775 5444 2710 5444 2755 5445 2697 5445 2689 5445 2668 5446 2745 5446 2672 5446 2724 5447 2778 5447 2715 5447 2748 5448 2676 5448 2677 5448 2690 5449 2748 5449 2677 5449 2756 5450 2748 5450 2690 5450 2698 5451 2756 5451 2690 5451 2769 5452 2756 5452 2698 5452 2702 5453 2769 5453 2698 5453 2778 5454 2769 5454 2702 5454 2714 5455 2778 5455 2702 5455 2715 5456 2778 5456 2714 5456 3269 5457 3274 5457 3277 5457 3266 5458 3269 5458 3277 5458 3262 5459 3269 5459 3266 5459 3255 5460 3262 5460 3266 5460 3247 5461 3262 5461 3255 5461 3234 5462 3247 5462 3255 5462 3230 5463 3247 5463 3234 5463 3224 5464 3230 5464 3234 5464 3223 5465 3230 5465 3224 5465 3198 5466 3223 5466 3224 5466 3193 5467 3223 5467 3198 5467 3175 5468 3193 5468 3198 5468 3168 5469 3193 5469 3175 5469 2667 5470 2676 5470 2748 5470 2742 5471 2667 5471 2748 5471 2665 5472 2667 5472 2742 5472 2737 5473 2665 5473 2742 5473 2660 5474 2665 5474 2737 5474 2721 5475 2660 5475 2737 5475 2657 5476 2660 5476 2721 5476 3168 5477 3175 5477 3164 5477 3154 5478 3168 5478 3164 5478 3158 5479 3168 5479 3154 5479 3116 5480 3158 5480 3154 5480 2656 5481 2657 5481 2721 5481 2708 5482 2656 5482 2721 5482 2650 5483 2656 5483 2708 5483 3094 5484 3129 5484 3116 5484 3080 5485 3105 5485 3094 5485 2647 5486 2650 5486 2708 5486 2695 5487 2647 5487 2708 5487 2643 5488 2647 5488 2695 5488 2691 5489 2643 5489 2695 5489 2639 5490 2643 5490 2691 5490 2636 5491 2639 5491 2691 5491 2682 5492 2636 5492 2691 5492 2632 5493 2636 5493 2682 5493 2629 5494 2632 5494 2682 5494 2678 5495 2629 5495 2682 5495 2626 5496 2629 5496 2678 5496 2680 5497 2626 5497 2678 5497 2630 5498 2626 5498 2680 5498 2633 5499 2630 5499 2680 5499 2687 5500 2633 5500 2680 5500 2637 5501 2633 5501 2687 5501 2641 5502 2637 5502 2687 5502 2696 5503 2641 5503 2687 5503 2644 5504 2641 5504 2696 5504 2704 5505 2644 5505 2696 5505 2648 5506 2644 5506 2704 5506 2652 5507 2648 5507 2704 5507 2718 5508 2652 5508 2704 5508 2655 5509 2652 5509 2718 5509 3092 5510 3105 5510 3080 5510 3061 5511 3092 5511 3080 5511 3078 5512 3092 5512 3061 5512 3056 5513 3078 5513 3061 5513 3072 5514 3078 5514 3056 5514 3058 5515 3072 5515 3056 5515 3076 5516 3072 5516 3058 5516 3071 5517 3076 5517 3058 5517 3090 5518 3076 5518 3071 5518 3095 5519 3090 5519 3071 5519 3106 5520 3090 5520 3095 5520 3113 5521 3106 5521 3095 5521 3118 5522 3106 5522 3113 5522 3139 5523 3118 5523 3113 5523 3149 5524 3118 5524 3139 5524 3167 5525 3149 5525 3139 5525 3171 5526 3149 5526 3167 5526 3178 5527 3171 5527 3167 5527 3188 5528 3171 5528 3178 5528 2659 5529 2655 5529 2718 5529 2740 5530 2659 5530 2718 5530 2663 5531 2659 5531 2740 5531 2741 5532 2663 5532 2740 5532 2666 5533 2663 5533 2741 5533 2767 5534 2706 5534 2700 5534 2693 5535 2767 5535 2700 5535 2758 5536 2767 5536 2693 5536 2685 5537 2758 5537 2693 5537 2747 5538 2758 5538 2685 5538 2674 5539 2747 5539 2685 5539 2741 5540 2747 5540 2674 5540 2671 5541 2741 5541 2674 5541 2666 5542 2741 5542 2671 5542 2711 5543 2706 5543 2767 5543 2776 5544 2711 5544 2767 5544 2720 5545 2711 5545 2776 5545 2783 5546 2720 5546 2776 5546 2723 5547 2720 5547 2783 5547 2787 5548 2723 5548 2783 5548 2728 5549 2723 5549 2787 5549 3188 5550 3178 5550 3189 5550 3222 5551 3188 5551 3189 5551 3214 5552 3188 5552 3222 5552 3236 5553 3214 5553 3222 5553 3232 5554 3214 5554 3236 5554 3249 5555 3232 5555 3236 5555 3241 5556 3232 5556 3249 5556 3264 5557 3241 5557 3249 5557 3260 5558 3241 5558 3264 5558 3276 5559 3260 5559 3264 5559 3268 5560 3260 5560 3276 5560 3281 5561 3268 5561 3276 5561 3271 5562 3268 5562 3281 5562 3286 5563 3271 5563 3281 5563 3280 5564 3271 5564 3286 5564 3287 5565 3280 5565 3286 5565 3273 5566 3280 5566 3287 5566 2785 5567 2719 5567 2725 5567 2730 5568 2785 5568 2725 5568 2789 5569 2785 5569 2730 5569 2732 5570 2789 5570 2730 5570 2792 5571 2789 5571 2732 5571 2735 5572 2792 5572 2732 5572 2787 5573 2792 5573 2735 5573 2733 5574 2787 5574 2735 5574 2728 5575 2787 5575 2733 5575 2712 5576 2719 5576 2785 5576 2777 5577 2712 5577 2785 5577 2705 5578 2712 5578 2777 5578 2770 5579 2705 5579 2777 5579 2703 5580 2705 5580 2770 5580 2757 5581 2703 5581 2770 5581 2692 5582 2703 5582 2757 5582 3273 5583 3287 5583 3283 5583 3278 5584 3273 5584 3283 5584 3270 5585 3273 5585 3278 5585 3265 5586 3270 5586 3278 5586 3261 5587 3270 5587 3265 5587 3256 5588 3261 5588 3265 5588 3248 5589 3261 5589 3256 5589 3235 5590 3248 5590 3256 5590 3231 5591 3248 5591 3235 5591 3221 5592 3231 5592 3235 5592 3213 5593 3231 5593 3221 5593 3201 5594 3213 5594 3221 5594 3200 5595 3213 5595 3201 5595 3177 5596 3200 5596 3201 5596 3170 5597 3200 5597 3177 5597 2744 5598 2739 5598 2669 5598 2670 5599 2744 5599 2669 5599 2746 5600 2744 5600 2670 5600 2673 5601 2746 5601 2670 5601 2757 5602 2746 5602 2673 5602 2684 5603 2757 5603 2673 5603 2692 5604 2757 5604 2684 5604 2709 5605 2699 5605 2651 5605 2654 5606 2709 5606 2651 5606 2717 5607 2709 5607 2654 5607 2658 5608 2717 5608 2654 5608 2739 5609 2717 5609 2658 5609 2662 5610 2739 5610 2658 5610 2669 5611 2739 5611 2662 5611 2699 5612 2638 5612 2640 5612 2645 5613 2699 5613 2640 5613 2651 5614 2699 5614 2645 5614 2638 5615 2699 5615 2688 5615 2683 5616 2638 5616 2688 5616 2634 5617 2638 5617 2683 5617 2679 5618 2634 5618 2683 5618 2679 5619 2631 5619 2628 5619 2627 5620 2679 5620 2628 5620 2634 5621 2679 5621 2627 5621 2631 5622 2679 5622 2681 5622 2686 5623 2631 5623 2681 5623 2635 5624 2631 5624 2686 5624 2694 5625 2635 5625 2686 5625 2694 5626 2649 5626 2646 5626 2642 5627 2694 5627 2646 5627 2635 5628 2694 5628 2642 5628 2649 5629 2694 5629 2707 5629 2716 5630 2649 5630 2707 5630 2653 5631 2649 5631 2716 5631 2738 5632 2653 5632 2716 5632 2661 5633 2653 5633 2738 5633 2664 5634 2661 5634 2738 5634 3170 5635 3177 5635 3166 5635 3138 5636 3170 5636 3166 5636 3148 5637 3170 5637 3138 5637 3117 5638 3148 5638 3138 5638 3131 5639 3148 5639 3117 5639 3098 5640 3131 5640 3117 5640 3108 5641 3131 5641 3098 5641 3075 5642 3108 5642 3098 5642 3091 5643 3108 5643 3075 5643 3062 5644 3091 5644 3075 5644 3079 5645 3091 5645 3062 5645 3057 5646 3079 5646 3062 5646 3073 5647 3079 5647 3057 5647 3060 5648 3073 5648 3057 5648 3077 5649 3073 5649 3060 5649 3070 5650 3077 5650 3060 5650 3089 5651 3077 5651 3070 5651 3093 5652 3089 5652 3070 5652 3103 5653 3089 5653 3093 5653 3115 5654 3103 5654 3093 5654 3128 5655 3103 5655 3115 5655 3137 5656 3128 5656 3115 5656 3144 5657 3128 5657 3137 5657 3165 5658 3144 5658 3137 5658 3169 5659 3144 5659 3165 5659 3176 5660 3169 5660 3165 5660 3196 5661 3169 5661 3176 5661 2668 5662 2664 5662 2738 5662 2743 5663 2668 5663 2738 5663 2745 5664 2668 5664 2743 5664 2745 5665 2755 5665 2689 5665 2675 5666 2745 5666 2689 5666 2672 5667 2745 5667 2675 5667 2701 5668 2697 5668 2755 5668 2768 5669 2701 5669 2755 5669 2775 5670 2701 5670 2768 5670 2847 5671 2846 5671 2791 5671 2788 5672 2847 5672 2791 5672 2844 5673 2847 5673 2788 5673 2782 5674 2844 5674 2788 5674 2838 5675 2844 5675 2782 5675 2775 5676 2838 5676 2782 5676 2831 5677 2838 5677 2775 5677 2768 5678 2831 5678 2775 5678 2824 5679 2831 5679 2768 5679 2755 5680 2824 5680 2768 5680 2811 5681 2824 5681 2755 5681 2745 5682 2811 5682 2755 5682 2801 5683 2811 5683 2745 5683 2743 5684 2801 5684 2745 5684 2799 5685 2801 5685 2743 5685 2738 5686 2799 5686 2743 5686 2794 5687 2799 5687 2738 5687 2716 5688 2794 5688 2738 5688 2779 5689 2794 5689 2716 5689 2707 5690 2779 5690 2716 5690 2772 5691 2779 5691 2707 5691 2694 5692 2772 5692 2707 5692 2763 5693 2772 5693 2694 5693 2686 5694 2763 5694 2694 5694 2759 5695 2763 5695 2686 5695 2681 5696 2759 5696 2686 5696 2752 5697 2759 5697 2681 5697 2679 5698 2752 5698 2681 5698 2750 5699 2752 5699 2679 5699 2683 5700 2750 5700 2679 5700 2754 5701 2750 5701 2683 5701 2688 5702 2754 5702 2683 5702 2761 5703 2754 5703 2688 5703 2699 5704 2761 5704 2688 5704 2766 5705 2761 5705 2699 5705 2709 5706 2766 5706 2699 5706 2774 5707 2766 5707 2709 5707 2717 5708 2774 5708 2709 5708 2780 5709 2774 5709 2717 5709 2739 5710 2780 5710 2717 5710 2795 5711 2780 5711 2739 5711 2744 5712 2795 5712 2739 5712 2800 5713 2795 5713 2744 5713 2746 5714 2800 5714 2744 5714 2802 5715 2800 5715 2746 5715 2757 5716 2802 5716 2746 5716 2813 5717 2802 5717 2757 5717 2770 5718 2813 5718 2757 5718 2826 5719 2813 5719 2770 5719 2777 5720 2826 5720 2770 5720 2833 5721 2826 5721 2777 5721 2785 5722 2833 5722 2777 5722 2841 5723 2833 5723 2785 5723 2789 5724 2841 5724 2785 5724 2845 5725 2841 5725 2789 5725 2792 5726 2845 5726 2789 5726 2848 5727 2845 5727 2792 5727 2787 5728 2848 5728 2792 5728 2843 5729 2848 5729 2787 5729 2783 5730 2843 5730 2787 5730 2839 5731 2843 5731 2783 5731 2776 5732 2839 5732 2783 5732 2832 5733 2839 5733 2776 5733 2767 5734 2832 5734 2776 5734 2823 5735 2832 5735 2767 5735 2758 5736 2823 5736 2767 5736 2814 5737 2823 5737 2758 5737 2747 5738 2814 5738 2758 5738 2803 5739 2814 5739 2747 5739 2741 5740 2803 5740 2747 5740 2797 5741 2803 5741 2741 5741 2740 5742 2797 5742 2741 5742 2796 5743 2797 5743 2740 5743 2718 5744 2796 5744 2740 5744 2781 5745 2796 5745 2718 5745 2704 5746 2781 5746 2718 5746 2771 5747 2781 5747 2704 5747 2696 5748 2771 5748 2704 5748 2765 5749 2771 5749 2696 5749 2687 5750 2765 5750 2696 5750 2760 5751 2765 5751 2687 5751 2680 5752 2760 5752 2687 5752 2751 5753 2760 5753 2680 5753 2678 5754 2751 5754 2680 5754 2749 5755 2751 5755 2678 5755 2682 5756 2749 5756 2678 5756 2753 5757 2749 5757 2682 5757 2691 5758 2753 5758 2682 5758 2762 5759 2753 5759 2691 5759 2695 5760 2762 5760 2691 5760 2764 5761 2762 5761 2695 5761 2708 5762 2764 5762 2695 5762 2773 5763 2764 5763 2708 5763 2721 5764 2773 5764 2708 5764 2786 5765 2773 5765 2721 5765 2737 5766 2786 5766 2721 5766 2793 5767 2786 5767 2737 5767 2742 5768 2793 5768 2737 5768 2798 5769 2793 5769 2742 5769 2748 5770 2798 5770 2742 5770 2804 5771 2798 5771 2748 5771 2756 5772 2804 5772 2748 5772 2812 5773 2804 5773 2756 5773 2769 5774 2812 5774 2756 5774 2825 5775 2812 5775 2769 5775 2778 5776 2825 5776 2769 5776 2791 5777 2736 5777 2734 5777 2729 5778 2791 5778 2734 5778 2788 5779 2791 5779 2729 5779 2726 5780 2788 5780 2729 5780 2782 5781 2788 5781 2726 5781 2722 5782 2782 5782 2726 5782 2775 5783 2782 5783 2722 5783 2713 5784 2775 5784 2722 5784 2710 5785 2775 5785 2713 5785 2791 5786 2846 5786 2790 5786 2731 5787 2791 5787 2790 5787 2736 5788 2791 5788 2731 5788 3196 5789 3176 5789 3199 5789 3218 5790 3196 5790 3199 5790 3211 5791 3196 5791 3218 5791 3233 5792 3211 5792 3218 5792 3229 5793 3211 5793 3233 5793 3254 5794 3229 5794 3233 5794 3246 5795 3229 5795 3254 5795 3263 5796 3246 5796 3254 5796 3259 5797 3246 5797 3263 5797 3275 5798 3259 5798 3263 5798 3267 5799 3259 5799 3275 5799 3282 5800 3267 5800 3275 5800 3272 5801 3267 5801 3282 5801 3285 5802 3272 5802 3282 5802 3279 5803 3272 5803 3285 5803 3289 5804 3279 5804 3285 5804 3274 5805 3279 5805 3289 5805 3284 5806 3274 5806 3289 5806 3277 5807 3274 5807 3284 5807 3168 5808 3158 5808 3152 5808 3172 5809 3168 5809 3152 5809 3193 5810 3168 5810 3172 5810 3195 5811 3193 5811 3172 5811 3223 5812 3193 5812 3195 5812 3208 5813 3223 5813 3195 5813 3230 5814 3223 5814 3208 5814 3227 5815 3230 5815 3208 5815 3247 5816 3230 5816 3227 5816 3240 5817 3247 5817 3227 5817 3262 5818 3247 5818 3240 5818 3244 5819 3262 5819 3240 5819 3269 5820 3262 5820 3244 5820 3253 5821 3269 5821 3244 5821 3274 5822 3269 5822 3253 5822 3257 5823 3274 5823 3253 5823 3279 5824 3274 5824 3257 5824 3251 5825 3279 5825 3257 5825 3272 5826 3279 5826 3251 5826 3242 5827 3272 5827 3251 5827 3267 5828 3272 5828 3242 5828 3237 5829 3267 5829 3242 5829 3259 5830 3267 5830 3237 5830 3226 5831 3259 5831 3237 5831 3246 5832 3259 5832 3226 5832 3207 5833 3246 5833 3226 5833 3229 5834 3246 5834 3207 5834 3187 5835 3229 5835 3207 5835 3211 5836 3229 5836 3187 5836 3173 5837 3211 5837 3187 5837 3196 5838 3211 5838 3173 5838 3153 5839 3196 5839 3173 5839 3169 5840 3196 5840 3153 5840 3119 5841 3169 5841 3153 5841 3144 5842 3169 5842 3119 5842 3104 5843 3144 5843 3119 5843 3128 5844 3144 5844 3104 5844 3081 5845 3128 5845 3104 5845 3103 5846 3128 5846 3081 5846 3063 5847 3103 5847 3081 5847 3089 5848 3103 5848 3063 5848 3053 5849 3089 5849 3063 5849 3077 5850 3089 5850 3053 5850 3048 5851 3077 5851 3053 5851 3073 5852 3077 5852 3048 5852 3055 5853 3073 5853 3048 5853 3079 5854 3073 5854 3055 5854 3065 5855 3079 5855 3055 5855 3091 5856 3079 5856 3065 5856 3084 5857 3091 5857 3065 5857 3108 5858 3091 5858 3084 5858 3109 5859 3108 5859 3084 5859 3131 5860 3108 5860 3109 5860 3123 5861 3131 5861 3109 5861 3148 5862 3131 5862 3123 5862 3156 5863 3148 5863 3123 5863 3170 5864 3148 5864 3156 5864 3174 5865 3170 5865 3156 5865 3200 5866 3170 5866 3174 5866 3190 5867 3200 5867 3174 5867 3213 5868 3200 5868 3190 5868 3209 5869 3213 5869 3190 5869 3231 5870 3213 5870 3209 5870 3228 5871 3231 5871 3209 5871 3248 5872 3231 5872 3228 5872 3239 5873 3248 5873 3228 5873 3261 5874 3248 5874 3239 5874 3245 5875 3261 5875 3239 5875 3270 5876 3261 5876 3245 5876 3252 5877 3270 5877 3245 5877 3273 5878 3270 5878 3252 5878 3258 5879 3273 5879 3252 5879 3280 5880 3273 5880 3258 5880 3250 5881 3280 5881 3258 5881 3271 5882 3280 5882 3250 5882 3243 5883 3271 5883 3250 5883 3268 5884 3271 5884 3243 5884 3238 5885 3268 5885 3243 5885 3260 5886 3268 5886 3238 5886 3225 5887 3260 5887 3238 5887 3241 5888 3260 5888 3225 5888 3210 5889 3241 5889 3225 5889 3232 5890 3241 5890 3210 5890 3191 5891 3232 5891 3210 5891 3214 5892 3232 5892 3191 5892 3163 5893 3214 5893 3191 5893 3188 5894 3214 5894 3163 5894 3157 5895 3188 5895 3163 5895 3171 5896 3188 5896 3157 5896 3124 5897 3171 5897 3157 5897 3149 5898 3171 5898 3124 5898 3101 5899 3149 5899 3124 5899 3118 5900 3149 5900 3101 5900 3083 5901 3118 5901 3101 5901 3106 5902 3118 5902 3083 5902 3064 5903 3106 5903 3083 5903 3090 5904 3106 5904 3064 5904 3050 5905 3090 5905 3064 5905 3076 5906 3090 5906 3050 5906 3047 5907 3076 5907 3050 5907 3072 5908 3076 5908 3047 5908 3054 5909 3072 5909 3047 5909 3078 5910 3072 5910 3054 5910 3069 5911 3078 5911 3054 5911 3092 5912 3078 5912 3069 5912 3082 5913 3092 5913 3069 5913 3105 5914 3092 5914 3082 5914 3107 5915 3105 5915 3082 5915 3172 5916 3152 5916 3121 5916 3155 5917 3172 5917 3121 5917 3195 5918 3172 5918 3155 5918 3160 5919 3195 5919 3155 5919 3208 5920 3195 5920 3160 5920 3185 5921 3208 5921 3160 5921 3227 5922 3208 5922 3185 5922 3202 5923 3227 5923 3185 5923 3240 5924 3227 5924 3202 5924 3205 5925 3240 5925 3202 5925 3244 5926 3240 5926 3205 5926 3217 5927 3244 5927 3205 5927 3253 5928 3244 5928 3217 5928 3219 5929 3253 5929 3217 5929 3257 5930 3253 5930 3219 5930 3215 5931 3257 5931 3219 5931 3251 5932 3257 5932 3215 5932 3203 5933 3251 5933 3215 5933 3242 5934 3251 5934 3203 5934 3192 5935 3242 5935 3203 5935 3237 5936 3242 5936 3192 5936 3184 5937 3237 5937 3192 5937 3226 5938 3237 5938 3184 5938 3159 5939 3226 5939 3184 5939 3207 5940 3226 5940 3159 5940 3140 5941 3207 5941 3159 5941 3187 5942 3207 5942 3140 5942 3122 5943 3187 5943 3140 5943 3173 5944 3187 5944 3122 5944 3097 5945 3173 5945 3122 5945 3153 5946 3173 5946 3097 5946 3066 5947 3153 5947 3097 5947 3119 5948 3153 5948 3066 5948 3044 5949 3119 5949 3066 5949 3104 5950 3119 5950 3044 5950 3029 5951 3104 5951 3044 5951 3081 5952 3104 5952 3029 5952 3020 5953 3081 5953 3029 5953 3063 5954 3081 5954 3020 5954 3010 5955 3063 5955 3020 5955 3053 5956 3063 5956 3010 5956 3007 5957 3053 5957 3010 5957 3048 5958 3053 5958 3007 5958 3012 5959 3048 5959 3007 5959 3055 5960 3048 5960 3012 5960 3022 5961 3055 5961 3012 5961 3065 5962 3055 5962 3022 5962 3032 5963 3065 5963 3022 5963 3084 5964 3065 5964 3032 5964 3046 5965 3084 5965 3032 5965 3109 5966 3084 5966 3046 5966 3067 5967 3109 5967 3046 5967 3123 5968 3109 5968 3067 5968 3099 5969 3123 5969 3067 5969 3156 5970 3123 5970 3099 5970 3126 5971 3156 5971 3099 5971 3174 5972 3156 5972 3126 5972 3141 5973 3174 5973 3126 5973 3190 5974 3174 5974 3141 5974 3161 5975 3190 5975 3141 5975 3209 5976 3190 5976 3161 5976 3186 5977 3209 5977 3161 5977 3228 5978 3209 5978 3186 5978 3197 5979 3228 5979 3186 5979 3239 5980 3228 5980 3197 5980 3206 5981 3239 5981 3197 5981 3245 5982 3239 5982 3206 5982 3216 5983 3245 5983 3206 5983 3252 5984 3245 5984 3216 5984 3220 5985 3252 5985 3216 5985 3258 5986 3252 5986 3220 5986 3212 5987 3258 5987 3220 5987 3250 5988 3258 5988 3212 5988 3204 5989 3250 5989 3212 5989 3243 5990 3250 5990 3204 5990 3194 5991 3243 5991 3204 5991 3238 5992 3243 5992 3194 5992 3183 5993 3238 5993 3194 5993 3225 5994 3238 5994 3183 5994 3162 5995 3225 5995 3183 5995 3210 5996 3225 5996 3162 5996 3142 5997 3210 5997 3162 5997 3191 5998 3210 5998 3142 5998 3114 5999 3191 5999 3142 5999 3163 6000 3191 6000 3114 6000 3100 6001 3163 6001 3114 6001 3157 6002 3163 6002 3100 6002 3068 6003 3157 6003 3100 6003 3124 6004 3157 6004 3068 6004 3043 6005 3124 6005 3068 6005 3101 6006 3124 6006 3043 6006 3031 6007 3101 6007 3043 6007 3083 6008 3101 6008 3031 6008 3021 6009 3083 6009 3031 6009 3064 6010 3083 6010 3021 6010 3009 6011 3064 6011 3021 6011 3050 6012 3064 6012 3009 6012 3008 6013 3050 6013 3009 6013 3047 6014 3050 6014 3008 6014 3011 6015 3047 6015 3008 6015 3054 6016 3047 6016 3011 6016 3024 6017 3054 6017 3011 6017 3069 6018 3054 6018 3024 6018 3030 6019 3069 6019 3024 6019 3082 6020 3069 6020 3030 6020 3045 6021 3082 6021 3030 6021 3107 6022 3082 6022 3045 6022 3074 6023 3107 6023 3045 6023 3155 6024 3121 6024 3059 6024 3086 6025 3155 6025 3059 6025 3160 6026 3155 6026 3086 6026 3111 6027 3160 6027 3086 6027 3185 6028 3160 6028 3111 6028 3130 6029 3185 6029 3111 6029 3202 6030 3185 6030 3130 6030 3135 6031 3202 6031 3130 6031 3205 6032 3202 6032 3135 6032 3147 6033 3205 6033 3135 6033 3217 6034 3205 6034 3147 6034 3150 6035 3217 6035 3147 6035 3219 6036 3217 6036 3150 6036 3145 6037 3219 6037 3150 6037 3215 6038 3219 6038 3145 6038 3133 6039 3215 6039 3145 6039 3203 6040 3215 6040 3133 6040 3120 6041 3203 6041 3133 6041 3192 6042 3203 6042 3120 6042 3110 6043 3192 6043 3120 6043 3184 6044 3192 6044 3110 6044 3085 6045 3184 6045 3110 6045 3159 6046 3184 6046 3085 6046 3049 6047 3159 6047 3085 6047 3140 6048 3159 6048 3049 6048 3039 6049 3140 6049 3049 6049 3122 6050 3140 6050 3039 6050 3014 6051 3122 6051 3039 6051 3097 6052 3122 6052 3014 6052 2999 6053 3097 6053 3014 6053 3066 6054 3097 6054 2999 6054 2992 6055 3066 6055 2999 6055 3044 6056 3066 6056 2992 6056 2983 6057 3044 6057 2992 6057 3029 6058 3044 6058 2983 6058 2979 6059 3029 6059 2983 6059 3020 6060 3029 6060 2979 6060 2973 6061 3020 6061 2979 6061 3010 6062 3020 6062 2973 6062 2971 6063 3010 6063 2973 6063 3007 6064 3010 6064 2971 6064 2975 6065 3007 6065 2971 6065 3012 6066 3007 6066 2975 6066 2981 6067 3012 6067 2975 6067 3022 6068 3012 6068 2981 6068 2989 6069 3022 6069 2981 6069 3032 6070 3022 6070 2989 6070 2994 6071 3032 6071 2989 6071 3046 6072 3032 6072 2994 6072 3000 6073 3046 6073 2994 6073 3067 6074 3046 6074 3000 6074 3015 6075 3067 6075 3000 6075 3099 6076 3067 6076 3015 6076 3040 6077 3099 6077 3015 6077 3126 6078 3099 6078 3040 6078 3051 6079 3126 6079 3040 6079 3141 6080 3126 6080 3051 6080 3087 6081 3141 6081 3051 6081 3161 6082 3141 6082 3087 6082 3112 6083 3161 6083 3087 6083 3186 6084 3161 6084 3112 6084 3127 6085 3186 6085 3112 6085 3197 6086 3186 6086 3127 6086 3136 6087 3197 6087 3127 6087 3206 6088 3197 6088 3136 6088 3146 6089 3206 6089 3136 6089 3216 6090 3206 6090 3146 6090 3151 6091 3216 6091 3146 6091 3220 6092 3216 6092 3151 6092 3143 6093 3220 6093 3151 6093 3212 6094 3220 6094 3143 6094 3134 6095 3212 6095 3143 6095 3204 6096 3212 6096 3134 6096 3125 6097 3204 6097 3134 6097 3194 6098 3204 6098 3125 6098 3102 6099 3194 6099 3125 6099 3183 6100 3194 6100 3102 6100 3088 6101 3183 6101 3102 6101 3162 6102 3183 6102 3088 6102 3052 6103 3162 6103 3088 6103 3142 6104 3162 6104 3052 6104 3033 6105 3142 6105 3052 6105 3114 6106 3142 6106 3033 6106 3016 6107 3114 6107 3033 6107 3100 6108 3114 6108 3016 6108 3001 6109 3100 6109 3016 6109 3068 6110 3100 6110 3001 6110 2991 6111 3068 6111 3001 6111 3043 6112 3068 6112 2991 6112 2986 6113 3043 6113 2991 6113 3031 6114 3043 6114 2986 6114 2980 6115 3031 6115 2986 6115 3021 6116 3031 6116 2980 6116 2972 6117 3021 6117 2980 6117 3009 6118 3021 6118 2972 6118 2970 6119 3009 6119 2972 6119 3008 6120 3009 6120 2970 6120 2974 6121 3008 6121 2970 6121 3011 6122 3008 6122 2974 6122 2982 6123 3011 6123 2974 6123 3024 6124 3011 6124 2982 6124 2985 6125 3024 6125 2982 6125 3030 6126 3024 6126 2985 6126 2993 6127 3030 6127 2985 6127 3045 6128 3030 6128 2993 6128 3002 6129 3045 6129 2993 6129 3074 6130 3045 6130 3002 6130 3013 6131 3074 6131 3002 6131 3086 6132 3059 6132 2996 6132 3005 6133 3086 6133 2996 6133 3111 6134 3086 6134 3005 6134 3023 6135 3111 6135 3005 6135 3130 6136 3111 6136 3023 6136 3027 6137 3130 6137 3023 6137 3135 6138 3130 6138 3027 6138 3038 6139 3135 6139 3027 6139 3147 6140 3135 6140 3038 6140 3041 6141 3147 6141 3038 6141 3150 6142 3147 6142 3041 6142 3035 6143 3150 6143 3041 6143 3145 6144 3150 6144 3035 6144 3025 6145 3145 6145 3035 6145 3133 6146 3145 6146 3025 6146 3017 6147 3133 6147 3025 6147 3120 6148 3133 6148 3017 6148 3004 6149 3120 6149 3017 6149 3110 6150 3120 6150 3004 6150 2995 6151 3110 6151 3004 6151 3085 6152 3110 6152 2995 6152 2984 6153 3085 6153 2995 6153 3049 6154 3085 6154 2984 6154 2977 6155 3049 6155 2984 6155 3039 6156 3049 6156 2977 6156 2960 6157 3039 6157 2977 6157 3014 6158 3039 6158 2960 6158 2947 6159 3014 6159 2960 6159 2999 6160 3014 6160 2947 6160 2940 6161 2999 6161 2947 6161 2992 6162 2999 6162 2940 6162 2931 6163 2992 6163 2940 6163 2983 6164 2992 6164 2931 6164 2927 6165 2983 6165 2931 6165 2979 6166 2983 6166 2927 6166 2923 6167 2979 6167 2927 6167 2973 6168 2979 6168 2923 6168 2918 6169 2973 6169 2923 6169 2971 6170 2973 6170 2918 6170 2925 6171 2971 6171 2918 6171 2975 6172 2971 6172 2925 6172 2929 6173 2975 6173 2925 6173 2981 6174 2975 6174 2929 6174 2934 6175 2981 6175 2929 6175 2989 6176 2981 6176 2934 6176 2942 6177 2989 6177 2934 6177 2994 6178 2989 6178 2942 6178 2948 6179 2994 6179 2942 6179 3000 6180 2994 6180 2948 6180 2961 6181 3000 6181 2948 6181 3015 6182 3000 6182 2961 6182 2978 6183 3015 6183 2961 6183 3040 6184 3015 6184 2978 6184 2987 6185 3040 6185 2978 6185 3051 6186 3040 6186 2987 6186 2997 6187 3051 6187 2987 6187 3087 6188 3051 6188 2997 6188 3006 6189 3087 6189 2997 6189 3112 6190 3087 6190 3006 6190 3019 6191 3112 6191 3006 6191 3127 6192 3112 6192 3019 6192 3028 6193 3127 6193 3019 6193 3136 6194 3127 6194 3028 6194 3036 6195 3136 6195 3028 6195 3146 6196 3136 6196 3036 6196 3042 6197 3146 6197 3036 6197 3151 6198 3146 6198 3042 6198 3034 6199 3151 6199 3042 6199 3143 6200 3151 6200 3034 6200 3026 6201 3143 6201 3034 6201 3134 6202 3143 6202 3026 6202 3018 6203 3134 6203 3026 6203 3125 6204 3134 6204 3018 6204 3003 6205 3125 6205 3018 6205 3102 6206 3125 6206 3003 6206 2998 6207 3102 6207 3003 6207 3088 6208 3102 6208 2998 6208 2988 6209 3088 6209 2998 6209 3052 6210 3088 6210 2988 6210 2969 6211 3052 6211 2988 6211 3033 6212 3052 6212 2969 6212 2962 6213 3033 6213 2969 6213 3016 6214 3033 6214 2962 6214 2949 6215 3016 6215 2962 6215 3001 6216 3016 6216 2949 6216 2939 6217 3001 6217 2949 6217 2991 6218 3001 6218 2939 6218 2933 6219 2991 6219 2939 6219 2986 6220 2991 6220 2933 6220 2928 6221 2986 6221 2933 6221 2980 6222 2986 6222 2928 6222 2920 6223 2980 6223 2928 6223 2972 6224 2980 6224 2920 6224 2917 6225 2972 6225 2920 6225 2970 6226 2972 6226 2917 6226 2924 6227 2970 6227 2917 6227 2974 6228 2970 6228 2924 6228 2930 6229 2974 6229 2924 6229 2982 6230 2974 6230 2930 6230 2932 6231 2982 6231 2930 6231 2985 6232 2982 6232 2932 6232 2941 6233 2985 6233 2932 6233 2993 6234 2985 6234 2941 6234 2950 6235 2993 6235 2941 6235 3002 6236 2993 6236 2950 6236 2959 6237 3002 6237 2950 6237 3013 6238 3002 6238 2959 6238 2976 6239 3013 6239 2959 6239 3005 6240 2996 6240 2945 6240 2954 6241 3005 6241 2945 6241 3023 6242 3005 6242 2954 6242 2957 6243 3023 6243 2954 6243 3027 6244 3023 6244 2957 6244 2966 6245 3027 6245 2957 6245 3038 6246 3027 6246 2966 6246 2967 6247 3038 6247 2966 6247 3041 6248 3038 6248 2967 6248 2964 6249 3041 6249 2967 6249 3035 6250 3041 6250 2964 6250 2955 6251 3035 6251 2964 6251 3025 6252 3035 6252 2955 6252 2951 6253 3025 6253 2955 6253 3017 6254 3025 6254 2951 6254 2944 6255 3017 6255 2951 6255 3004 6256 3017 6256 2944 6256 2935 6257 3004 6257 2944 6257 2995 6258 3004 6258 2935 6258 2919 6259 2995 6259 2935 6259 2984 6260 2995 6260 2919 6260 2915 6261 2984 6261 2919 6261 2977 6262 2984 6262 2915 6262 2910 6263 2977 6263 2915 6263 2960 6264 2977 6264 2910 6264 2895 6265 2960 6265 2910 6265 2947 6266 2960 6266 2895 6266 2888 6267 2947 6267 2895 6267 2940 6268 2947 6268 2888 6268 2879 6269 2940 6269 2888 6269 2931 6270 2940 6270 2879 6270 2871 6271 2931 6271 2879 6271 2927 6272 2931 6272 2871 6272 2868 6273 2927 6273 2871 6273 2923 6274 2927 6274 2868 6274 2866 6275 2923 6275 2868 6275 2918 6276 2923 6276 2866 6276 2870 6277 2918 6277 2866 6277 2925 6278 2918 6278 2870 6278 2873 6279 2925 6279 2870 6279 2929 6280 2925 6280 2873 6280 2882 6281 2929 6281 2873 6281 2934 6282 2929 6282 2882 6282 2890 6283 2934 6283 2882 6283 2942 6284 2934 6284 2890 6284 2896 6285 2942 6285 2890 6285 2948 6286 2942 6286 2896 6286 2911 6287 2948 6287 2896 6287 2961 6288 2948 6288 2911 6288 2916 6289 2961 6289 2911 6289 2978 6290 2961 6290 2916 6290 2921 6291 2978 6291 2916 6291 2987 6292 2978 6292 2921 6292 2937 6293 2987 6293 2921 6293 2997 6294 2987 6294 2937 6294 2946 6295 2997 6295 2937 6295 3006 6296 2997 6296 2946 6296 2953 6297 3006 6297 2946 6297 3019 6298 3006 6298 2953 6298 2958 6299 3019 6299 2953 6299 3028 6300 3019 6300 2958 6300 2965 6301 3028 6301 2958 6301 3036 6302 3028 6302 2965 6302 2968 6303 3036 6303 2965 6303 3042 6304 3036 6304 2968 6304 2963 6305 3042 6305 2968 6305 3034 6306 3042 6306 2963 6306 2956 6307 3034 6307 2963 6307 3026 6308 3034 6308 2956 6308 2952 6309 3026 6309 2956 6309 3018 6310 3026 6310 2952 6310 2943 6311 3018 6311 2952 6311 3003 6312 3018 6312 2943 6312 2938 6313 3003 6313 2943 6313 2998 6314 3003 6314 2938 6314 2922 6315 2998 6315 2938 6315 2988 6316 2998 6316 2922 6316 2913 6317 2988 6317 2922 6317 2969 6318 2988 6318 2913 6318 2912 6319 2969 6319 2913 6319 2962 6320 2969 6320 2912 6320 2897 6321 2962 6321 2912 6321 2949 6322 2962 6322 2897 6322 2884 6323 2949 6323 2897 6323 2939 6324 2949 6324 2884 6324 2881 6325 2939 6325 2884 6325 2933 6326 2939 6326 2881 6326 2872 6327 2933 6327 2881 6327 2928 6328 2933 6328 2872 6328 2867 6329 2928 6329 2872 6329 2920 6330 2928 6330 2867 6330 2865 6331 2920 6331 2867 6331 2917 6332 2920 6332 2865 6332 2869 6333 2917 6333 2865 6333 2924 6334 2917 6334 2869 6334 2874 6335 2924 6335 2869 6335 2930 6336 2924 6336 2874 6336 2880 6337 2930 6337 2874 6337 2932 6338 2930 6338 2880 6338 2889 6339 2932 6339 2880 6339 2941 6340 2932 6340 2889 6340 2898 6341 2941 6341 2889 6341 2950 6342 2941 6342 2898 6342 2909 6343 2950 6343 2898 6343 2959 6344 2950 6344 2909 6344 2914 6345 2959 6345 2909 6345 2976 6346 2959 6346 2914 6346 2926 6347 2976 6347 2914 6347 2954 6348 2945 6348 2894 6348 2901 6349 2954 6349 2894 6349 2957 6350 2954 6350 2901 6350 2906 6351 2957 6351 2901 6351 2966 6352 2957 6352 2906 6352 2907 6353 2966 6353 2906 6353 2967 6354 2966 6354 2907 6354 2904 6355 2967 6355 2907 6355 2964 6356 2967 6356 2904 6356 2899 6357 2964 6357 2904 6357 2955 6358 2964 6358 2899 6358 2891 6359 2955 6359 2899 6359 2951 6360 2955 6360 2891 6360 2885 6361 2951 6361 2891 6361 2944 6362 2951 6362 2885 6362 2875 6363 2944 6363 2885 6363 2935 6364 2944 6364 2875 6364 2861 6365 2935 6365 2875 6365 2919 6366 2935 6366 2861 6366 2855 6367 2919 6367 2861 6367 2915 6368 2919 6368 2855 6368 2850 6369 2915 6369 2855 6369 2910 6370 2915 6370 2850 6370 2835 6371 2910 6371 2850 6371 2895 6372 2910 6372 2835 6372 2828 6373 2895 6373 2835 6373 2888 6374 2895 6374 2828 6374 2819 6375 2888 6375 2828 6375 2879 6376 2888 6376 2819 6376 2815 6377 2879 6377 2819 6377 2871 6378 2879 6378 2815 6378 2808 6379 2871 6379 2815 6379 2868 6380 2871 6380 2808 6380 2806 6381 2868 6381 2808 6381 2866 6382 2868 6382 2806 6382 2810 6383 2866 6383 2806 6383 2870 6384 2866 6384 2810 6384 2817 6385 2870 6385 2810 6385 2873 6386 2870 6386 2817 6386 2822 6387 2873 6387 2817 6387 2882 6388 2873 6388 2822 6388 2830 6389 2882 6389 2822 6389 2890 6390 2882 6390 2830 6390 2836 6391 2890 6391 2830 6391 2896 6392 2890 6392 2836 6392 2851 6393 2896 6393 2836 6393 2911 6394 2896 6394 2851 6394 2856 6395 2911 6395 2851 6395 2916 6396 2911 6396 2856 6396 2862 6397 2916 6397 2856 6397 2921 6398 2916 6398 2862 6398 2877 6399 2921 6399 2862 6399 2937 6400 2921 6400 2877 6400 2887 6401 2937 6401 2877 6401 2946 6402 2937 6402 2887 6402 2893 6403 2946 6403 2887 6403 2953 6404 2946 6404 2893 6404 2902 6405 2953 6405 2893 6405 2958 6406 2953 6406 2902 6406 2905 6407 2958 6407 2902 6407 2965 6408 2958 6408 2905 6408 2908 6409 2965 6409 2905 6409 2968 6410 2965 6410 2908 6410 2903 6411 2968 6411 2908 6411 2963 6412 2968 6412 2903 6412 2900 6413 2963 6413 2903 6413 2956 6414 2963 6414 2900 6414 2892 6415 2956 6415 2900 6415 2952 6416 2956 6416 2892 6416 2883 6417 2952 6417 2892 6417 2943 6418 2952 6418 2883 6418 2878 6419 2943 6419 2883 6419 2938 6420 2943 6420 2878 6420 2863 6421 2938 6421 2878 6421 2922 6422 2938 6422 2863 6422 2853 6423 2922 6423 2863 6423 2913 6424 2922 6424 2853 6424 2852 6425 2913 6425 2853 6425 2912 6426 2913 6426 2852 6426 2837 6427 2912 6427 2852 6427 2897 6428 2912 6428 2837 6428 2827 6429 2897 6429 2837 6429 2884 6430 2897 6430 2827 6430 2821 6431 2884 6431 2827 6431 2881 6432 2884 6432 2821 6432 2816 6433 2881 6433 2821 6433 2872 6434 2881 6434 2816 6434 2807 6435 2872 6435 2816 6435 2867 6436 2872 6436 2807 6436 2805 6437 2867 6437 2807 6437 2865 6438 2867 6438 2805 6438 2809 6439 2865 6439 2805 6439 2869 6440 2865 6440 2809 6440 2818 6441 2869 6441 2809 6441 2874 6442 2869 6442 2818 6442 2820 6443 2874 6443 2818 6443 2880 6444 2874 6444 2820 6444 2829 6445 2880 6445 2820 6445 2889 6446 2880 6446 2829 6446 2842 6447 2889 6447 2829 6447 2898 6448 2889 6448 2842 6448 2849 6449 2898 6449 2842 6449 2909 6450 2898 6450 2849 6450 2854 6451 2909 6451 2849 6451 2914 6452 2909 6452 2854 6452 2864 6453 2914 6453 2854 6453 2926 6454 2914 6454 2864 6454 2876 6455 2926 6455 2864 6455 2901 6456 2894 6456 2840 6456 2846 6457 2901 6457 2840 6457 2906 6458 2901 6458 2846 6458 2847 6459 2906 6459 2846 6459 2907 6460 2906 6460 2847 6460 2844 6461 2907 6461 2847 6461 2904 6462 2907 6462 2844 6462 2838 6463 2904 6463 2844 6463 2899 6464 2904 6464 2838 6464 2831 6465 2899 6465 2838 6465 2891 6466 2899 6466 2831 6466 2824 6467 2891 6467 2831 6467 2885 6468 2891 6468 2824 6468 2811 6469 2885 6469 2824 6469 2875 6470 2885 6470 2811 6470 2801 6471 2875 6471 2811 6471 2861 6472 2875 6472 2801 6472 2799 6473 2861 6473 2801 6473 2855 6474 2861 6474 2799 6474 2794 6475 2855 6475 2799 6475 2850 6476 2855 6476 2794 6476 2779 6477 2850 6477 2794 6477 2835 6478 2850 6478 2779 6478 2772 6479 2835 6479 2779 6479 2828 6480 2835 6480 2772 6480 2763 6481 2828 6481 2772 6481 2819 6482 2828 6482 2763 6482 2759 6483 2819 6483 2763 6483 2815 6484 2819 6484 2759 6484 2752 6485 2815 6485 2759 6485 2808 6486 2815 6486 2752 6486 2750 6487 2808 6487 2752 6487 2806 6488 2808 6488 2750 6488 2754 6489 2806 6489 2750 6489 2810 6490 2806 6490 2754 6490 2761 6491 2810 6491 2754 6491 2817 6492 2810 6492 2761 6492 2766 6493 2817 6493 2761 6493 2822 6494 2817 6494 2766 6494 2774 6495 2822 6495 2766 6495 2830 6496 2822 6496 2774 6496 2780 6497 2830 6497 2774 6497 2836 6498 2830 6498 2780 6498 2795 6499 2836 6499 2780 6499 2851 6500 2836 6500 2795 6500 2800 6501 2851 6501 2795 6501 2856 6502 2851 6502 2800 6502 2802 6503 2856 6503 2800 6503 2862 6504 2856 6504 2802 6504 2813 6505 2862 6505 2802 6505 2877 6506 2862 6506 2813 6506 2826 6507 2877 6507 2813 6507 2887 6508 2877 6508 2826 6508 2833 6509 2887 6509 2826 6509 2893 6510 2887 6510 2833 6510 2841 6511 2893 6511 2833 6511 2902 6512 2893 6512 2841 6512 2845 6513 2902 6513 2841 6513 2905 6514 2902 6514 2845 6514 2848 6515 2905 6515 2845 6515 2908 6516 2905 6516 2848 6516 2843 6517 2908 6517 2848 6517 2903 6518 2908 6518 2843 6518 2839 6519 2903 6519 2843 6519 2900 6520 2903 6520 2839 6520 2832 6521 2900 6521 2839 6521 2892 6522 2900 6522 2832 6522 2823 6523 2892 6523 2832 6523 2883 6524 2892 6524 2823 6524 2814 6525 2883 6525 2823 6525 2878 6526 2883 6526 2814 6526 2803 6527 2878 6527 2814 6527 2863 6528 2878 6528 2803 6528 2797 6529 2863 6529 2803 6529 2853 6530 2863 6530 2797 6530 2796 6531 2853 6531 2797 6531 2852 6532 2853 6532 2796 6532 2781 6533 2852 6533 2796 6533 2837 6534 2852 6534 2781 6534 2771 6535 2837 6535 2781 6535 2827 6536 2837 6536 2771 6536 2765 6537 2827 6537 2771 6537 2821 6538 2827 6538 2765 6538 2760 6539 2821 6539 2765 6539 2816 6540 2821 6540 2760 6540 2751 6541 2816 6541 2760 6541 2807 6542 2816 6542 2751 6542 2749 6543 2807 6543 2751 6543 2805 6544 2807 6544 2749 6544 2753 6545 2805 6545 2749 6545 2809 6546 2805 6546 2753 6546 2762 6547 2809 6547 2753 6547 2818 6548 2809 6548 2762 6548 2764 6549 2818 6549 2762 6549 2820 6550 2818 6550 2764 6550 2773 6551 2820 6551 2764 6551 2829 6552 2820 6552 2773 6552 2786 6553 2829 6553 2773 6553 2842 6554 2829 6554 2786 6554 2793 6555 2842 6555 2786 6555 2849 6556 2842 6556 2793 6556 2798 6557 2849 6557 2793 6557 2854 6558 2849 6558 2798 6558 2804 6559 2854 6559 2798 6559 2864 6560 2854 6560 2804 6560 2812 6561 2864 6561 2804 6561 2876 6562 2864 6562 2812 6562 2825 6563 2876 6563 2812 6563 3129 6564 3094 6564 3105 6564 3107 6565 3129 6565 3105 6565 3132 6566 3129 6566 3107 6566 3074 6567 3132 6567 3107 6567 3096 6568 3132 6568 3074 6568 3013 6569 3096 6569 3074 6569 3037 6570 3096 6570 3013 6570 2976 6571 3037 6571 3013 6571 2990 6572 3037 6572 2976 6572 2926 6573 2990 6573 2976 6573 2936 6574 2990 6574 2926 6574 2876 6575 2936 6575 2926 6575 2886 6576 2936 6576 2876 6576 2825 6577 2886 6577 2876 6577 2834 6578 2886 6578 2825 6578 2778 6579 2834 6579 2825 6579 2784 6580 2834 6580 2778 6580 2724 6581 2784 6581 2778 6581 2727 6582 2784 6582 2724 6582 3158 6583 3116 6583 3129 6583 3132 6584 3158 6584 3129 6584 3152 6585 3158 6585 3132 6585 3096 6586 3152 6586 3132 6586 3121 6587 3152 6587 3096 6587 3037 6588 3121 6588 3096 6588 3059 6589 3121 6589 3037 6589 2990 6590 3059 6590 3037 6590 2996 6591 3059 6591 2990 6591 2936 6592 2996 6592 2990 6592 2945 6593 2996 6593 2936 6593 2886 6594 2945 6594 2936 6594 2894 6595 2945 6595 2886 6595 2834 6596 2894 6596 2886 6596 2840 6597 2894 6597 2834 6597 2784 6598 2840 6598 2834 6598 2790 6599 2840 6599 2784 6599 2727 6600 2790 6600 2784 6600 2731 6601 2790 6601 2727 6601</p>
        </triangles>
      </mesh>
    </geometry>
    <geometry id="geometry2" name="joint_leg_for_soft_link___leg_mount_down_1">
      <mesh>
        <source id="cubeverts-array2">
          <float_array count="6243" id="cubeverts-array2-array">0.0006470137 0.01013591 0.014 0.0006470137 0.01013591 0.019 0.0006470137 0.01213591 0.014 0.0006470137 0.01213591 0.019 0.0007701308 0.008571566 0.014 0.0007701308 0.008571566 0.019 0.0007701308 0.01370025 0.014 0.0007701308 0.01370025 0.019 0.001136446 0.00704574 0.014 0.001136446 0.00704574 0.019 0.001136446 0.01522608 0.014 0.001136446 0.01522608 0.019 0.001736948 0.005596005 0.014 0.001736948 0.005596005 0.019 0.001736948 0.01667582 0.014 0.001736948 0.01667582 0.019 0.002556843 0.004258058 0.014 0.002556843 0.004258058 0.019 0.002556843 0.01801376 0.014 0.002556843 0.01801376 0.019 0.003575945 0.003064842 0.014 0.003575945 0.003064842 0.019 0.003575945 0.01920698 0.014 0.003575945 0.01920698 0.019 0.004769159 0.00204574 0.014 0.004769159 0.00204574 0.019 0.004769159 0.02022608 0.014 0.004769159 0.02022608 0.019 0.005906919 0.01090269 0.014 0.005906919 0.01090269 0.019 0.005906919 0.01136913 0.014 0.005906919 0.01136913 0.019 0.005985746 0.01044297 0.014 0.005985746 0.01044297 0.019 0.005985746 0.01182885 0.014 0.005985746 0.01182885 0.019 0.006107108 0.001225844 0.014 0.006107108 0.001225844 0.019 0.006107108 0.02104598 0.014 0.006107108 0.02104598 0.019 0.006141135 0.01000318 0.014 0.006141135 0.01000318 0.019 0.006141135 0.01226864 0.014 0.006141135 0.01226864 0.019 0.006368613 0.00959598 0.014 0.006368613 0.00959598 0.019 0.006368613 0.01267584 0.014 0.006368613 0.01267584 0.019 0.006661633 0.009233078 0.014 0.006661633 0.009233078 0.019 0.006661633 0.01303874 0.014 0.006661633 0.01303874 0.019 0.007011773 0.008924918 0.014 0.007011773 0.008924918 0.019 0.007011773 0.0133469 0.014 0.007011773 0.0133469 0.019 0.007408952 0.008680364 0.014 0.007408952 0.008680364 0.019 0.007408952 0.01359146 0.014 0.007408952 0.01359146 0.019 0.007556842 0.0006253453 0.014 0.007556842 0.0006253453 0.019 0.007556842 0.02164647 0.014 0.007556842 0.02164647 0.019 0.007841749 0.008506452 0.014 0.007841749 0.008506452 0.019 0.007841749 0.01376537 0.014 0.007841749 0.01376537 0.019 0.008297713 0.008408184 0.014 0.008297713 0.008408184 0.019 0.008297713 0.01386364 0.014 0.008297713 0.01386364 0.019 0.008763724 0.008388388 0.014 0.008763724 0.008388388 0.019 0.008763724 0.01388343 0.014 0.008763724 0.01388343 0.019 0.009082669 0.0002590263 0.014 0.009082669 0.0002590263 0.019 0.009082669 0.02201279 0.014 0.009082669 0.02201279 0.019 0.009226379 0.008447634 0.014 0.009226379 0.008447634 0.019 0.009226379 0.01382419 0.014 0.009226379 0.01382419 0.019 0.009672368 0.008584215 0.014 0.009672368 0.008584215 0.019 0.009672368 0.0136876 0.014 0.009672368 0.0136876 0.019 0.01008886 0.008794205 0.014 0.01008886 0.008794205 0.019 0.01008886 0.01347762 0.014 0.01008886 0.01347762 0.019 0.01046387 0.009071561 0.014 0.01046387 0.009071561 0.019 0.01046387 0.01320026 0.014 0.01046387 0.01320026 0.019 0.01064701 0.0001359101 0.014 0.01064701 0.0001359101 0.019 0.01064701 0.02213591 0.014 0.01064701 0.02213591 0.019 0.01078661 0.009408305 0.014 0.01078661 0.009408305 0.019 0.01078661 0.01286351 0.014 0.01078661 0.01286351 0.019 0.0110478 0.009794749 0.014 0.0110478 0.009794749 0.019 0.0110478 0.01247707 0.014 0.0110478 0.01247707 0.019 0.01123993 0.01021978 0.014 0.01123993 0.01021978 0.019 0.01123993 0.01205204 0.014 0.01123993 0.01205204 0.019 0.01135746 0.01067116 0.014 0.01135746 0.01067116 0.019 0.01135746 0.01160066 0.014 0.01135746 0.01160066 0.019 0.01139701 0.01113591 0.014 0.01139701 0.01113591 0.019 0.0196659 0.01024559 0.019 0.0196659 0.01202623 0.019 0.01981674 0.008471345 0.019 0.01981674 0.01380048 0.019 0.02011736 0.00671626 0.019 0.02011736 0.01555556 0.019 0.02056558 0.004992951 0.019 0.02056558 0.01727887 0.019 0.02087018 0.01029669 0.01907291 0.02087018 0.01197513 0.01907291 0.02101237 0.008624287 0.01907291 0.02101237 0.01364753 0.01907291 0.02115818 0.003313809 0.019 0.02115818 0.01895801 0.019 0.02129573 0.006969941 0.01907291 0.02129573 0.01530188 0.01907291 0.02171822 0.005345548 0.01907291 0.02171822 0.01692627 0.01907291 0.0218909 0.001690906 0.019 0.0218909 0.02058091 0.019 0.0220569 0.01034705 0.01929058 0.0220569 0.01192477 0.01929058 0.02219056 0.008774999 0.01929058 0.02219056 0.01349682 0.01929058 0.02227681 0.003762785 0.01907291 0.02227681 0.01850904 0.01907291 0.02245691 0.007219923 0.01929058 0.02245691 0.0150519 0.01929058 0.02275847 0.0001359101 0.019 0.02275847 0.02213591 0.019 0.02285405 0.005693002 0.01929058 0.02285405 0.01657882 0.01929058 0.02286293 0.0001359101 0.019 0.02286293 0.02213591 0.019 0.02296747 0.002233034 0.01907291 0.02296747 0.02003879 0.01907291 0.02320876 0.01039593 0.01964984 0.02320876 0.01187589 0.01964984 0.02324074 0.0001359101 0.019 0.02324074 0.02213591 0.019 0.02333413 0.008921282 0.01964984 0.02333413 0.01335054 0.01964984 0.02337912 0.004205214 0.01929058 0.02337912 0.01806661 0.01929058 0.02358399 0.00746256 0.01964984 0.02358399 0.01480926 0.01964984 0.02364249 0.0001359101 0.019 0.02364249 0.02213591 0.019 0.02395652 0.006030248 0.01964984 0.02395652 0.01624157 0.01964984 0.02402834 0.002767257 0.01929058 0.02402834 0.01950456 0.01929058 0.02407077 0.0001359101 0.019 0.02407077 0.02213591 0.019 0.02409103 0.0009553287 0.01912312 0.02409103 0.02131649 0.01912312 0.02418036 0.0009597217 0.0191355 0.02418036 0.0213121 0.0191355 0.02430895 0.01044261 0.02014544 0.02430895 0.01182921 0.02014544 0.02442641 0.009061005 0.02014544 0.02442641 0.01321082 0.02014544 0.02444905 0.004634645 0.01964984 0.02444905 0.01763717 0.01964984 0.02450419 0.0009751678 0.01917995 0.02450419 0.02129665 0.01917995 0.02452696 0.0001359101 0.019 0.02452696 0.02213591 0.019 0.02466051 0.007694314 0.02014544 0.02466051 0.01457751 0.02014544 0.02479704 0.001389468 0.01929058 0.02479704 0.02088235 0.01929058 0.02485068 0.0009814104 0.01922506 0.02485068 0.02129041 0.01922506 0.02500953 0.006352368 0.02014544 0.02500953 0.01591945 0.02014544 0.02501248 0.0001359101 0.019 0.02501248 0.02213591 0.019 0.02505804 0.003285784 0.01964984 0.02505804 0.01898604 0.01964984 0.02522249 0.0009796306 0.01927016 0.02522249 0.02129219 0.01927016 0.02534143 0.01048643 0.02077016 0.02534143 0.01178539 0.02077016 0.02539079 0.00175457 0.01948944 0.02539079 0.02051725 0.01948944 0.02545148 0.009192129 0.02077016 0.02545148 0.01307969 0.02077016 0.02546584 0.001759613 0.019511 0.02546584 0.02051221 0.019511 0.02547099 0.005044815 0.02014544 0.02547099 0.01722701 0.02014544 0.02554651 0.0001359101 0.019 0.02554651 0.02213591 0.019 0.02562133 0.0009698834 0.01931432 0.02562133 0.02130194 0.01931432 0.02567077 0.007911807 0.02077016 0.02567077 0.01436001 0.02077016 0.02573817 0.001777389 0.01958836 0.02573817 0.02049443 0.01958836 0.02599775 0.006654665 0.02077016 0.02599775 0.01561716 0.02077016 0.02603198 0.001778665 0.01966569 0.02603198 0.02049315 0.01966569 0.02604156 0.003781054 0.02014544 0.02604156 0.01849077 0.02014544 0.02604891 0.0009523382 0.01935661 0.02604891 0.02131948 0.01935661 0.02613692 0.0001359101 0.019 0.02613692 0.02213591 0.019 0.02629116 0.01052673 0.02151489 0.02629116 0.01174509 0.02151489 0.02634989 0.001765573 0.01974193 0.02634989 0.02050625 0.01974193 0.02639437 0.009312742 0.02151489 0.02639437 0.01295908 0.02151489 0.02643004 0.005429742 0.02077016 0.02643004 0.01684208 0.02077016 0.02652271 0.0009263227 0.01939738 0.02652271 0.0213455 0.01939738 0.02660006 0.008111865 0.02151489 0.02660006 0.01415996 0.02151489 0.02662572 0.002513956 0.02008994 0.02662572 0.01975786 0.02008994 0.0266875 0.002518879 0.02011801 0.0266875 0.01975294 0.02011801 0.0266939 0.001738264 0.01981546 0.0266939 0.02053356 0.01981546 0.02675757 0.0001359101 0.019 0.02675757 0.02213591 0.019 0.02690675 0.00693273 0.02151489 0.02690675 0.01533909 0.02151489 0.02691388 0.002523855 0.0202157 0.02691388 0.01974796 0.0202157 0.02696456 0.004245845 0.02077016 0.02696456 0.01802597 0.02077016 0.02705053 0.0008913357 0.01943546 0.02705053 0.02138048 0.01943546 0.02706598 0.001697105 0.01988463 0.02706598 0.02057471 0.01988463 0.02714427 0.01056293 0.02236877 0.02714427 0.01170889 0.02236877 0.02716011 0.002509934 0.02031207 0.02716011 0.01976189 0.02031207 0.02724135 0.009421086 0.02236877 0.02724135 0.01285073 0.02236877 0.02731222 0.005783815 0.02151489 0.02731222 0.016488 0.02151489 0.02740932 0.0001359101 0.019 0.02740932 0.02213591 0.019 0.02742917 0.00247714 0.02040536 0.02742917 0.01979468 0.02040536 0.02743482 0.008291573 0.02236877 0.02743482 0.01398025 0.02236877 0.02748197 0.001640643 0.01994982 0.02748197 0.02063118 0.01994982 0.02760952 0.0008494485 0.01946783 0.02760952 0.02142237 0.01946783 0.02772328 0.007182508 0.02236877 0.02772328 0.01508931 0.02236877 0.0277233 0.002425744 0.02049343 0.0277233 0.01984608 0.02049343 0.02776543 0.003214785 0.02090983 0.02776543 0.01905704 0.02090983 0.02781357 0.00467338 0.02151489 0.02781357 0.01759844 0.02151489 0.02781671 0.0190608 0.02093994 0.02781675 0.003210957 0.02093994 0.02788833 0.0105945 0.02331935 0.02788833 0.01167732 0.02331935 0.02794957 0.001568029 0.02000887 0.02794957 0.02070379 0.02000887 0.02798007 0.00951558 0.02331935 0.02798007 0.01275624 0.02331935 0.0280039 0.003197153 0.02104732 0.0280039 0.01907467 0.02104732 0.02804469 0.002356299 0.02057419 0.02804469 0.01991552 0.02057419 0.02809279 0.0001359101 0.019 0.02809279 0.02213591 0.019 0.02810465 0.00610187 0.02236877 0.02810465 0.01616995 0.02236877 0.02816287 0.008448308 0.02331935 0.02816287 0.01382351 0.02331935 0.02820065 0.0008016372 0.01949377 0.02820065 0.02147018 0.01949377 0.02820996 0.003158945 0.02114982 0.02820996 0.01911287 0.02114982 0.02840718 0.00360941 0.02151489 0.02840718 0.01866241 0.02151489 0.02840764 0.002266475 0.02064775 0.02840764 0.02000534 0.02064775 0.02843543 0.007400359 0.02331935 0.02843543 0.01487146 0.02331935 0.02843755 0.003099313 0.02124642 0.02843755 0.01917251 0.02124642 0.02844908 0.001483547 0.02005679 0.02844908 0.02078827 0.02005679 0.02851249 0.01062099 0.02435277 0.02851249 0.01165083 0.02435277 0.02857621 0.005057423 0.02236877 0.02857621 0.0172144 0.02236877 0.02859974 0.009594848 0.02435277 0.02859974 0.01267697 0.02435277 0.02868904 0.00301863 0.02133474 0.02868904 0.01925319 0.02133474 0.0287736 0.008579786 0.02435277 0.0287736 0.01369203 0.02435277 0.02878185 0.003839803 0.02192893 0.02878185 0.01843202 0.02192893 0.02879579 0.006379268 0.02331935 0.02879579 0.01589255 0.02331935 0.02880849 0.0001359101 0.019 0.02880849 0.02213591 0.019 0.0288197 0.002155198 0.02071107 0.0288197 0.02011662 0.02071107 0.0288246 0.0007489402 0.01951266 0.0288246 0.02152288 0.01951266 0.02882477 0.003827116 0.02195854 0.02882478 0.01844472 0.02195854 0.02896676 0.002917605 0.02141242 0.02896676 0.01935422 0.02141242 0.02898158 0.001388993 0.02009239 0.02898158 0.02088283 0.02009239 0.02898278 0.003781571 0.02206383 0.02898278 0.01849025 0.02206383 0.02900765 0.010642 0.02545395 0.02900765 0.01162982 0.02545395 0.02903283 0.007583104 0.02435277 0.02903283 0.01468872 0.02435277 0.02909134 0.009657732 0.02545395 0.02909134 0.01261409 0.02545395 0.02913455 0.004056681 0.02236877 0.02913455 0.01821514 0.02236877 0.02915818 0.003711255 0.02216031 0.02915818 0.01856057 0.02216031 0.02924136 0.005392375 0.02331935 0.02924136 0.01687944 0.02331935 0.0292581 0.008684091 0.02545395 0.0292581 0.01358773 0.02545395 0.02926405 0.002028987 0.02075832 0.02926405 0.02024283 0.02075832 0.02928365 0.002792956 0.02147905 0.02928365 0.01947886 0.02147905 0.02935373 0.003618951 0.02224737 0.02935373 0.01865287 0.02224737 0.02936658 0.01065723 0.02660684 0.02936658 0.01161459 0.02660684 0.02937556 0.006611965 0.02435277 0.02937556 0.01565986 0.02435277 0.02944769 0.009703316 0.02660684 0.02944769 0.0125685 0.02660684 0.02948193 0.0006924387 0.019524 0.02948193 0.02157938 0.019524 0.02950675 0.007728078 0.02545395 0.02950675 0.01454374 0.02545395 0.02954781 0.001286268 0.02011466 0.02954781 0.02098555 0.02011466 0.02955685 0.0001359101 0.019 0.02955685 0.02213591 0.019 0.02957187 0.003505112 0.02232262 0.02957187 0.01876671 0.02232262 0.02958406 0.01066646 0.02779463 0.02958406 0.01160536 0.02779463 0.02960931 0.0087597 0.02660684 0.02960931 0.01351212 0.02660684 0.02964701 0.01113591 0.029 0.02964701 0.01113591 0.03585 0.02964701 0.01113591 0.03815 0.02964701 0.01113591 0.042 0.02964703 0.002643476 0.02153088 0.02964703 0.01962834 0.02153088 0.02964745 0.01103838 0.03814585 0.02964745 0.01123344 0.03814585 0.02964873 0.01094156 0.03586654 0.02964873 0.01133026 0.03586654 0.02964996 0.004373618 0.02312215 0.02964996 0.0178982 0.02312215 0.02965083 0.01084614 0.03811289 0.02965083 0.01142568 0.03811289 0.02965369 0.0107528 0.03591569 0.02965369 0.01151902 0.03591569 0.0296569 0.01066955 0.029 0.0296569 0.01160227 0.029 0.02965722 0.01066222 0.03804791 0.02965722 0.0116096 0.03804791 0.02966132 0.01057506 0.03599603 0.02966132 0.01169676 0.03599603 0.0296636 0.009730934 0.02779463 0.0296636 0.01254089 0.02779463 0.02966588 0.01049194 0.03795279 0.02966588 0.01177988 0.03795279 0.02967076 0.01041346 0.03610526 0.02967076 0.01185836 0.03610526 0.02967583 0.01034018 0.03783025 0.02967583 0.01193164 0.03783025 0.02968094 0.01027264 0.03624022 0.02968094 0.01199918 0.03624022 0.02968594 0.01021131 0.03768383 0.02968594 0.01206051 0.03768383 0.02968755 0.004349652 0.02314845 0.02968758 0.01792222 0.02314845 0.02969069 0.01015665 0.03639705 0.02969069 0.01211517 0.03639705 0.02969505 0.01010905 0.03751773 0.02969505 0.01216278 0.03751773 0.02969889 0.01006884 0.03657122 0.02969889 0.01220298 0.03657122 0.02970211 0.01003632 0.03733675 0.02970211 0.0122355 0.03733675 0.02970461 0.01001172 0.03675772 0.02970461 0.0122601 0.03675772 0.02970632 0.009995225 0.03714607 0.02970632 0.0122766 0.03714607 0.02970718 0.009986946 0.03695119 0.02970718 0.01228487 0.03695119 0.02973592 0.009740186 0.029 0.02973592 0.01253163 0.029 0.02974186 0.001890264 0.02078801 0.02974186 0.02038156 0.02078801 0.02979933 0.005673352 0.02435277 0.02979933 0.01659847 0.02435277 0.02980524 0.009276901 0.029 0.02980524 0.009276901 0.042 0.02980524 0.01299492 0.029 0.02980524 0.01299492 0.042 0.02981497 0.003370541 0.02238366 0.02981497 0.01890128 0.02238366 0.02982211 0.008805511 0.02779463 0.02982211 0.01346631 0.02779463 0.02982771 0.004263478 0.02324151 0.02982771 0.01800834 0.02324151 0.0298355 0.006796566 0.02545395 0.0298355 0.01547525 0.02545395 0.02985029 0.007833169 0.02660684 0.02985029 0.01443865 0.02660684 0.02989338 0.008820855 0.029 0.02989338 0.01345096 0.029 0.02998366 0.004154574 0.02332104 0.02998366 0.01811725 0.02332104 0.02998676 0.0001359101 0.019 0.02998676 0.02213591 0.019 0.03004258 0.002477839 0.02156221 0.03004258 0.01979398 0.02156221 0.03005844 0.007896842 0.02779463 0.03005844 0.01437498 0.02779463 0.0300948 0.003210947 0.02242929 0.0300948 0.01906087 0.02242929 0.03012817 0.007918169 0.029 0.03012817 0.01435365 0.029 0.03014838 0.001177341 0.02012277 0.03014838 0.02109448 0.02012277 0.03015837 0.004025086 0.02338707 0.03015837 0.01824673 0.02338707 0.0301689 0.006930383 0.02660684 0.0301689 0.01534144 0.02660684 0.03017307 0.0006332485 0.0195274 0.03017307 0.02163857 0.0195274 0.03024198 0.005896255 0.02545395 0.03024198 0.01637557 0.02545395 0.03025394 0.001741585 0.02079893 0.03025394 0.02053024 0.02079893 0.03027536 0.007471372 0.029 0.03027536 0.007471372 0.042 0.03027536 0.01480045 0.029 0.03027536 0.01480045 0.042 0.03034838 0.004803087 0.02446009 0.03034838 0.01746873 0.02446009 0.03035421 0.003875499 0.02343739 0.03035421 0.01839632 0.02343739 0.03037091 0.007011461 0.02779463 0.03037091 0.01526036 0.02779463 0.03038461 0.004767214 0.02448305 0.03038461 0.01750461 0.02448305 0.03041838 0.003025076 0.0224552 0.03041838 0.01924674 0.0224552 0.03043857 0.007038619 0.029 0.03043857 0.0152332 0.029 0.03047151 0.00229887 0.02157149 0.03047151 0.01997295 0.02157149 0.03051895 0.004631629 0.02455288 0.03051895 0.01764019 0.02455288 0.03056285 0.006057834 0.02660684 0.03056285 0.01621399 0.02660684 0.03057168 0.0005996296 0.01952575 0.03057168 0.02167219 0.01952575 0.03057347 0.003706645 0.02346976 0.03057347 0.01856517 0.02346976 0.03066803 0.004479037 0.02460618 0.03066803 0.01779278 0.02460618 0.03072327 0.005033614 0.02545395 0.03072327 0.01723821 0.02545395 0.03075726 0.006155735 0.02779463 0.03075726 0.01611609 0.02779463 0.03077335 0.002823579 0.02245678 0.03077335 0.01944824 0.02245678 0.03078371 0.001064233 0.02011611 0.03078371 0.02120759 0.02011611 0.03080093 0.001585585 0.02079011 0.03080093 0.02068624 0.02079011 0.03082238 0.006188527 0.029 0.03082238 0.01608329 0.029 0.030827 0.003513194 0.02348198 0.030827 0.01875863 0.02348198 0.03083449 0.004309143 0.02464145 0.03083449 0.01796268 0.02464145 0.03084169 0.0001359101 0.019 0.03084169 0.02213591 0.019 0.03085991 0.005117635 0.02590983 0.03085991 0.01715419 0.02590983 0.03089846 0.005065646 0.02592574 0.03089846 0.01720617 0.02592574 0.0309347 0.002109545 0.02155745 0.0309347 0.02016228 0.02155745 0.03102047 0.004122415 0.02465685 0.03102047 0.01814941 0.02465685 0.03102929 0.005221796 0.02660684 0.03102929 0.01705002 0.02660684 0.03104039 0.004877435 0.02596736 0.03104039 0.01739438 0.02596736 0.03104386 0.005771266 0.029 0.03104386 0.005771266 0.042 0.03104386 0.01650056 0.029 0.03104386 0.01650056 0.042 0.03112145 0.003293911 0.02346931 0.03112145 0.01897791 0.02346931 0.03115172 0.001000358 0.02010587 0.03115172 0.02127146 0.02010587 0.03116095 0.002609442 0.02243254 0.03116095 0.01966238 0.02243254 0.03117195 0.005309515 0.02743566 0.03117195 0.01696231 0.02743566 0.03119607 0.004677425 0.02598714 0.03119607 0.01759439 0.02598714 0.03121471 0.005335814 0.02779463 0.03121471 0.01693601 0.02779463 0.03121668 0.005239974 0.02744323 0.03121668 0.01703185 0.02744323 0.0312281 0.00391964 0.02465044 0.0312281 0.01835218 0.02465044 0.03127682 0.005374005 0.029 0.03127682 0.01689781 0.029 0.03133154 0.005285954 0.02899859 0.03133154 0.01698587 0.02899859 0.03136738 0.0005344138 0.01951534 0.03136738 0.02173741 0.01951534 0.0313678 0.004465123 0.02598405 0.0313678 0.0178067 0.02598405 0.03137986 0.004995162 0.02745193 0.03137986 0.01727666 0.02745193 0.03138325 0.001424962 0.02076082 0.03138325 0.02084686 0.02076082 0.0314328 0.001912935 0.02151908 0.0314328 0.02035888 0.02151908 0.03144575 0.003061177 0.02342902 0.03144575 0.01921064 0.02342902 0.03146756 0.003694451 0.02461885 0.03146756 0.01857737 0.02461885 0.03152944 0.004982061 0.02897197 0.03152944 0.01728976 0.02897197 0.03155602 0.004745322 0.02743319 0.03155602 0.0175265 0.02743319 0.03155738 0.004240939 0.02595671 0.03155738 0.01803088 0.02595671 0.03158209 0.002385828 0.02238129 0.03158209 0.01988599 0.02238129 0.03172015 0.0001359101 0.019 0.03172015 0.02213591 0.019 0.03172206 0.001334755 0.02073553 0.03172206 0.02093707 0.02073553 0.03173988 0.004681218 0.02891215 0.03173988 0.0175906 0.02891215 0.03174501 0.003445693 0.02455702 0.03174501 0.01882613 0.02455702 0.03174704 0.004489735 0.0273865 0.03174704 0.01778209 0.0273865 0.03176663 0.004005546 0.02590364 0.03176663 0.01826627 0.02590364 0.03180113 0.002817903 0.02335985 0.03180113 0.01945392 0.02335985 0.03188938 0.0008770781 0.02007286 0.03188938 0.02139474 0.02007286 0.03195425 0.004228711 0.02731107 0.03195425 0.01804311 0.02731107 0.03196422 0.004382457 0.0288192 0.03196422 0.01788936 0.0288192 0.03196625 0.001712172 0.02145568 0.03196625 0.02055965 0.02145568 0.03200534 0.003751573 0.02582016 0.03200534 0.01852025 0.02582016 0.03203744 0.002155993 0.02230213 0.03203744 0.02011583 0.02230213 0.03204998 0.003187183 0.0244648 0.03204998 0.01908464 0.0244648 0.03208862 0.00422549 0.042 0.03208862 0.01804633 0.042 0.03208934 0.004224595 0.02875628 0.03208934 0.01804723 0.02875628 0.032179 0.00396276 0.02720596 0.032179 0.01830906 0.02720596 0.03218851 0.002567189 0.0232608 0.03218851 0.01970463 0.0232608 0.03218864 0.0004706135 0.01949574 0.03218864 0.02180121 0.01949574 0.03220317 0.004085975 0.02869296 0.03220317 0.01818585 0.02869296 0.03227792 0.001600032 0.02140948 0.03227792 0.02067179 0.02140948 0.03227912 0.003478002 0.02570098 0.03227912 0.01879382 0.02570098 0.03238363 0.002921516 0.02434125 0.03238363 0.0193503 0.02434125 0.03240405 0.001161501 0.02066864 0.03240405 0.02111032 0.02066864 0.03243103 0.003683567 0.02706507 0.03243103 0.01858825 0.02706507 0.0324575 0.003792079 0.02853307 0.0324575 0.01847974 0.02853307 0.03252745 0.00192326 0.02219441 0.03252745 0.02034856 0.02219441 0.03257727 0.003199761 0.02554906 0.03257727 0.01907206 0.02554906 0.03260856 0.002312235 0.02313112 0.03260856 0.01995959 0.02313112 0.03262293 0.0001359101 0.019 0.03262293 0.02213591 0.019 0.03265443 0.0007571563 0.02002318 0.03265443 0.02151466 0.02002318 0.03271527 0.003390323 0.02688296 0.03271527 0.0188815 0.02688296 0.03273722 0.003491614 0.02833197 0.03273722 0.01878021 0.02833197 0.03274683 0.002651499 0.02418564 0.03274683 0.01962032 0.02418564 0.03281469 0.001793978 0.02212211 0.03281469 0.02047784 0.02212211 0.03290081 0.002918921 0.02536385 0.03290081 0.0193529 0.02536385 0.03290776 0.00138569 0.02129852 0.03290776 0.02088613 0.02129852 0.03301995 0.003098731 0.02666604 0.03301995 0.01917309 0.02666604 0.03303594 0.0004093856 0.01946732 0.03303594 0.02186243 0.01946732 0.03304649 0.003184052 0.02808409 0.03304649 0.01908777 0.02808409 0.03306175 0.002056318 0.02297032 0.03306175 0.0202155 0.02297032 0.03311482 0.0009938846 0.0205793 0.03311482 0.02127794 0.0205793 0.03314024 0.002380042 0.02399745 0.03314024 0.01989178 0.02399745 0.03325051 0.002637769 0.02514496 0.03325051 0.01963405 0.02514496 0.03332789 0.001914977 0.02286748 0.03332789 0.02035684 0.02286748 0.03334588 0.00281015 0.02641422 0.03334588 0.01946167 0.02641422 0.03337159 0.002885562 0.0277995 0.03337159 0.01938626 0.0277995 0.03337959 0.002878515 0.042 0.03337959 0.0193933 0.042 0.033397 0.001548075 0.02195807 0.033397 0.02072375 0.02195807 0.03344703 0.0006426064 0.01995758 0.03344703 0.02162921 0.01995758 0.03354899 0.0001359101 0.019 0.03354899 0.02213591 0.019 0.03356433 0.00211014 0.02377639 0.03356433 0.02016168 0.02377639 0.03356716 0.001179432 0.02116087 0.03356716 0.02109239 0.02116087 0.03362698 0.002358708 0.02489214 0.03362698 0.01991311 0.02489214 0.03369363 0.002526158 0.02612748 0.03369363 0.01974566 0.02612748 0.03371299 0.002596633 0.02747857 0.03371299 0.01967519 0.02747857 0.03381324 0.001962021 0.02363936 0.03381324 0.0203098 0.02363936 0.03385429 0.0008344933 0.02046852 0.03385429 0.02143733 0.02046852 0.03386832 0.001647516 0.02264268 0.03386832 0.0206243 0.02264268 0.03390801 0.0003519267 0.0194306 0.03390801 0.02191989 0.0194306 0.03400884 0.001312726 0.02176453 0.03400884 0.02095909 0.02176453 0.03403063 0.002084239 0.02460531 0.03403063 0.02018758 0.02460531 0.0340637 0.002248456 0.02580589 0.0340637 0.02002336 0.02580589 0.03407099 0.002317978 0.02712168 0.03407099 0.01995384 0.02712168 0.03425585 0.000984156 0.02099777 0.03425585 0.02128766 0.02099777 0.03426573 0.0005355267 0.01987704 0.03426573 0.02173629 0.01987704 0.03426669 0.001934716 0.02443133 0.03426669 0.0203371 0.02443133 0.03431845 0.001683318 0.02334755 0.03431845 0.0205885 0.02334755 0.03443731 0.001393 0.02238682 0.03443731 0.02087882 0.02238682 0.03444588 0.00205043 0.02672922 0.03444588 0.02022139 0.02672922 0.03445643 0.00197885 0.02544959 0.03445643 0.02029297 0.02544959 0.03449718 0.0001359101 0.019 0.03449718 0.02213591 0.019 0.03459701 0.01113591 0.03585 0.0345978 0.01103838 0.03814585 0.0345978 0.01123344 0.03814585 0.03460014 0.01094156 0.03586654 0.03460014 0.01133026 0.03586654 0.03460396 0.01084614 0.03811289 0.03460396 0.01142568 0.03811289 0.03460915 0.0107528 0.03591569 0.03460915 0.01151902 0.03591569 0.03461559 0.01066222 0.03804791 0.03461559 0.0116096 0.03804791 0.03461881 0.01062283 0.025 0.03461881 0.01062283 0.042 0.03461881 0.01164899 0.025 0.03461881 0.01164899 0.042 0.03461892 0.01062151 0.03597146 0.03461892 0.01165031 0.03597146 0.03461893 0.01062142 0.03802849 0.03461893 0.01165041 0.03802849 0.03462086 0.0006860489 0.02033768 0.03462086 0.02158577 0.02033768 0.03462307 0.01057506 0.03599603 0.03462307 0.01169676 0.03599603 0.03463138 0.01049194 0.03795279 0.03463138 0.01177988 0.03795279 0.0346403 0.01041346 0.03610526 0.0346403 0.01185836 0.03610526 0.03464957 0.01034018 0.03783025 0.03464957 0.01193164 0.03783025 0.03464984 0.001090899 0.02154286 0.03464984 0.02118092 0.02154286 0.03465892 0.01027264 0.03624022 0.03465892 0.01199918 0.03624022 0.03466808 0.01021131 0.03768383 0.03466808 0.01206051 0.03768383 0.03467679 0.01015665 0.03639705 0.03467679 0.01211517 0.03639705 0.03468446 0.001833291 0.02523678 0.03468446 0.02043853 0.02523678 0.0346848 0.01010905 0.03751773 0.0346848 0.01216278 0.03751773 0.03469186 0.01006884 0.03657122 0.03469186 0.01220298 0.03657122 0.03469778 0.01003632 0.03733675 0.03469778 0.0122355 0.03733675 0.03470238 0.01001172 0.03675772 0.03470238 0.0122601 0.03675772 0.03470552 0.009995225 0.03714607 0.03470552 0.0122766 0.03714607 0.03470712 0.009986946 0.03695119 0.03470712 0.01228487 0.03695119 0.03474421 0.00165523 0.02406774 0.03474421 0.02061659 0.02406774 0.03479223 0.009611443 0.025 0.03479223 0.009611443 0.042 0.03479223 0.01266038 0.025 0.03479223 0.01266038 0.042 0.03480348 0.0002993396 0.01938621 0.03480348 0.02197248 0.01938621 0.03483788 0.001794926 0.02630158 0.03483788 0.02047689 0.02630158 0.03485009 0.001419788 0.02302412 0.03485009 0.02085203 0.02302412 0.03487963 0.001769089 0.042 0.03487963 0.02050273 0.042 0.03497213 0.0008029485 0.02081089 0.03497213 0.02146887 0.02081089 0.03503442 0.001154228 0.02210128 0.03503442 0.02111759 0.02210128 0.03506307 0.001658591 0.026049 0.03506307 0.02061323 0.026049 0.03510896 0.0004378431 0.01978269 0.03510896 0.02183398 0.01978269 0.03513408 0.008643908 0.025 0.03513408 0.008643908 0.042 0.03513408 0.01362791 0.025 0.03513408 0.01362791 0.042 0.03514262 0.001563447 0.02479819 0.03514262 0.02070837 0.02479819 0.03524481 0.001392936 0.02367277 0.03524481 0.02087889 0.02367277 0.03531825 0.0008858045 0.02129494 0.03531825 0.02138601 0.02129494 0.03540783 0.00117385 0.02267043 0.03540783 0.02109797 0.02267043 0.03541279 0.0005510453 0.02018836 0.03541279 0.02172078 0.02018836 0.03546626 0.0001359101 0.019 0.03546626 0.02213591 0.019 0.03551089 0.001408615 0.02553381 0.03551089 0.0208632 0.02553381 0.03561917 0.001312599 0.02432901 0.03561917 0.02095922 0.02432901 0.03563453 0.007748063 0.025 0.03563453 0.007748063 0.042 0.03563453 0.01452376 0.025 0.03563453 0.01452376 0.042 0.03565799 0.0009343172 0.02178809 0.03565799 0.0213375 0.02178809 0.03571415 0.0006386418 0.02060212 0.03571415 0.02163318 0.02060212 0.0357209 0.0002526356 0.01933487 0.0357209 0.02201918 0.01933487 0.03576831 0.001149673 0.02324767 0.03576831 0.02112215 0.02324767 0.03597104 0.001179242 0.02498907 0.03597104 0.02109258 0.02498907 0.03597505 0.0003513148 0.01967585 0.03597505 0.02192051 0.01967585 0.03599012 0.0009483122 0.02228856 0.03599012 0.02132351 0.02228856 0.03601223 0.0007003959 0.02102287 0.03601223 0.02157142 0.02102287 0.03611421 0.00108181 0.02383034 0.03611421 0.02119001 0.02383034 0.03622823 0.0004317615 0.0200223 0.03622823 0.02184006 0.0200223 0.03627918 0.00694968 0.025 0.03627918 0.00694968 0.042 0.03627918 0.01532214 0.025 0.03627918 0.01532214 0.042 0.03630622 0.000736141 0.02144947 0.03630622 0.02153568 0.02144947 0.03631344 0.0009277383 0.02279454 0.03631344 0.02134408 0.02279454 0.03644392 0.0009705754 0.02441571 0.03644392 0.02130124 0.02441571 0.03645491 0.0001359101 0.019 0.03645491 0.02213591 0.019 0.03647996 0.0004938202 0.02037356 0.03647996 0.021778 0.02037356 0.03654559 0.0009291306 0.042 0.03654559 0.02134269 0.042 0.03654644 0.0009287888 0.02428983 0.03654644 0.02134303 0.02428983 0.03659533 0.0007457821 0.02188076 0.03659533 0.02152604 0.02188076 0.03662677 0.0008726701 0.02330421 0.03662677 0.02139915 0.02330421 0.0366587 0.0002127266 0.01927737 0.0366587 0.02205909 0.01927737 0.03672976 0.0005373754 0.02072895 0.03672976 0.02173445 0.02072895 0.03686222 0.0002775364 0.01955796 0.03686222 0.02199428 0.01955796 0.03687878 0.0007292911 0.02231559 0.03687878 0.02154253 0.02231559 0.03690509 0.0001359101 0.019 0.03690509 0.02213591 0.019 0.036929 0.0007833069 0.02381573 0.036929 0.02148851 0.02381573 0.03697715 0.0005623413 0.0210878 0.03697715 0.02170948 0.0210878 0.03704948 0.006271727 0.025 0.03704948 0.006271727 0.042 0.03704948 0.01600009 0.025 0.03704948 0.01600009 0.042 0.03706524 0.0003302604 0.01984145 0.03706524 0.02194156 0.01984145 0.03708622 0.0001972294 0.01924976 0.03708622 0.02207459 0.01924976 0.03715581 0.0006867139 0.02275278 0.03715581 0.02158511 0.02275278 0.03722166 0.0005686715 0.02144943 0.03722166 0.02170315 0.02144943 0.03726717 0.0002489261 0.01950182 0.03726717 0.02202289 0.01950182 0.03726751 0.0003708325 0.02012746 0.03726751 0.02190099 0.02012746 0.03742567 0.0006181648 0.02319115 0.03742567 0.02165366 0.02319115 0.03744777 0.0002909483 0.01975593 0.03744777 0.02198087 0.01975593 0.03746283 0.0005563548 0.02181315 0.03746283 0.02171547 0.02181315 0.03746875 0.0003992015 0.02041565 0.03746875 0.02187262 0.02041565 0.03762782 0.000323255 0.02001183 0.03762782 0.02194856 0.02001183 0.03766874 0.000415333 0.02070565 0.03766874 0.02185649 0.02070565 0.03770018 0.0005254135 0.02217826 0.03770018 0.02174641 0.02217826 0.03780716 0.0003458135 0.02026928 0.03780716 0.02192601 0.02026928 0.03786723 0.0004192073 0.02099711 0.03786723 0.02185261 0.02099711 0.03792328 0.005733709 0.025 0.03792328 0.005733709 0.042 0.03792328 0.01653811 0.025 0.03792328 0.01653811 0.042 0.03792765 0.0001359101 0.019 0.03792765 0.02213591 0.019 0.03793328 0.0004759062 0.02254406 0.03793328 0.02179591 0.02254406 0.03798561 0.0003586015 0.02052801 0.03798561 0.02191322 0.02052801 0.03805827 0.0001684058 0.01918443 0.03805827 0.02210341 0.01918443 0.03806395 0.0004108189 0.02128967 0.03806395 0.021861 0.02128967 0.03816299 0.0003616078 0.02078778 0.03816299 0.02191021 0.02078778 0.03818881 0.0001957635 0.01936973 0.03818881 0.02207606 0.01936973 0.03825867 0.000390178 0.02158295 0.03825867 0.02188164 0.02158295 0.03831922 0.0002179699 0.01955582 0.03831922 0.02205385 0.01955582 0.03832954 0.0003828028 0.042 0.03832954 0.02188902 0.042 0.03833012 0.0003826771 0.02203316 0.03833012 0.02188914 0.02203316 0.03833912 0.0003548268 0.02104832 0.03833912 0.02191699 0.02104832 0.03844942 0.0002350122 0.01974259 0.03844942 0.02203681 0.01974259 0.03845115 0.0003573107 0.0218766 0.03845115 0.02191451 0.0218766 0.03851384 0.0003382679 0.02130937 0.03851384 0.02193355 0.02130937 0.03857936 0.0002468828 0.01992995 0.03857936 0.02202494 0.01992995 0.03868696 0.0003119459 0.02157069 0.03868696 0.02195988 0.02157069 0.03870895 0.0002535744 0.02011781 0.03870895 0.02201825 0.02011781 0.03883814 0.000255084 0.02030605 0.03883814 0.02201674 0.02030605 0.03887543 0.005351101 0.025 0.03887543 0.005351101 0.042 0.03887543 0.01692072 0.025 0.03887543 0.01692072 0.042 0.03895746 0.0001359101 0.019 0.03895746 0.02213591 0.019 0.03896685 0.0002514109 0.02049459 0.03896685 0.02202041 0.02049459 0.03903818 0.0001484821 0.01911582 0.03903818 0.02212334 0.01911582 0.03909502 0.0002425568 0.02068333 0.03909502 0.02202926 0.02068333 0.03911889 0.0001590572 0.01923185 0.03911889 0.02211276 0.01923185 0.03919956 0.0001676319 0.01934806 0.03919956 0.02210419 0.01934806 0.03922258 0.0002285274 0.02087217 0.03922258 0.02204329 0.02087217 0.03928019 0.0001742061 0.01946445 0.03928019 0.02209761 0.01946445 0.03936074 0.0001787761 0.01958097 0.03936074 0.02209304 0.01958097 0.03944122 0.0001813438 0.0196976 0.03944122 0.02209048 0.0196976 0.03952161 0.0001819063 0.01981434 0.03952161 0.02208991 0.01981434 0.03960188 0.0001804646 0.01993114 0.03960188 0.02209136 0.01993114 0.03968201 0.0001770187 0.02004799 0.03968201 0.0220948 0.02004799 0.03976201 0.0001715696 0.02016486 0.03976201 0.02210025 0.02016486 0.03987856 0.005134912 0.025 0.03987856 0.005134912 0.042 0.03987856 0.01713691 0.025 0.03987856 0.01713691 0.042 0.0399935 0.0001359101 0.019 0.0399935 0.02213591 0.019 0.04002463 0.0001377933 0.01904505 0.04002463 0.02213403 0.01904505 0.04005577 0.0001393765 0.01909012 0.04005577 0.02213244 0.01909012 0.0400869 0.0001406599 0.01913519 0.0400869 0.02213116 0.01913519 0.04011803 0.0001416424 0.01918028 0.04011803 0.02213018 0.01918028 0.04014915 0.000142326 0.01922537 0.04014915 0.02212949 0.01922537 0.04018016 0.0001458213 0.042 0.04018016 0.022126 0.042 0.04018027 0.0001427088 0.01927047 0.04018027 0.02212911 0.01927047 0.0401803 0.0001458157 0.01961469 0.0401803 0.02212601 0.01961469 0.04021139 0.0001427907 0.01931557 0.04021139 0.02212903 0.01931557 0.0402425 0.0001425738 0.01936068 0.0402425 0.02212925 0.01936068 0.0402736 0.0001420559 0.0194058 0.0402736 0.02212976 0.0194058 0.0403047 0.0001412382 0.01945091 0.0403047 0.02213058 0.01945091 0.04062316 0.0001359101 0.019 0.04062316 0.02213591 0.019 0.04062429 0.0001359129 0.01900165 0.04062429 0.02213591 0.01900165 0.04062543 0.0001359148 0.01900329 0.04062543 0.02213591 0.01900329 0.04062657 0.0001359167 0.01900494 0.04062657 0.0221359 0.01900494 0.0406277 0.0001359176 0.01900658 0.0406277 0.0221359 0.01900658 0.04062884 0.0001359185 0.01900823 0.04062884 0.0221359 0.01900823 0.04062997 0.0001359195 0.01900988 0.04062997 0.0221359 0.01900988 0.04063111 0.0001359195 0.01901152 0.04063111 0.0221359 0.01901152 0.04063224 0.0001359185 0.01901317 0.04063224 0.0221359 0.01901317 0.04063338 0.0001359185 0.01901481 0.04063338 0.0221359 0.01901481 0.04063452 0.0001359176 0.01901646 0.04063452 0.0221359 0.01901646 0.04064701 0.0001359101 0.019 0.04064701 0.01113591 0.025 0.04064701 0.02213591 0.019 0.04065951 0.0001359176 0.01901646 0.04065951 0.0221359 0.01901646 0.04066064 0.0001359185 0.01901481 0.04066064 0.0221359 0.01901481 0.04066178 0.0001359185 0.01901317 0.04066178 0.0221359 0.01901317 0.04066291 0.0001359195 0.01901152 0.04066291 0.0221359 0.01901152 0.04066405 0.0001359195 0.01900988 0.04066405 0.0221359 0.01900988 0.04066519 0.0001359185 0.01900823 0.04066519 0.0221359 0.01900823 0.04066632 0.0001359176 0.01900658 0.04066632 0.0221359 0.01900658 0.04066746 0.0001359167 0.01900494 0.04066746 0.0221359 0.01900494 0.04066859 0.0001359148 0.01900329 0.04066859 0.02213591 0.01900329 0.04066973 0.0001359129 0.01900165 0.04066973 0.02213591 0.01900165 0.04067087 0.0001359101 0.019 0.04067087 0.02213591 0.019 0.04090378 0.005091361 0.025 0.04090378 0.005091361 0.042 0.04090378 0.01718046 0.025 0.04090378 0.01718046 0.042 0.04098933 0.0001412382 0.01945091 0.04098933 0.02213058 0.01945091 0.04102042 0.0001420559 0.0194058 0.04102042 0.02212976 0.0194058 0.04105153 0.0001425738 0.01936068 0.04105153 0.02212925 0.01936068 0.04108263 0.0001427907 0.01931557 0.04108263 0.02212903 0.01931557 0.04111375 0.0001427088 0.01927047 0.04111375 0.02212911 0.01927047 0.04114487 0.000142326 0.01922537 0.04114487 0.02212949 0.01922537 0.041176 0.0001416424 0.01918028 0.041176 0.02213018 0.01918028 0.04120713 0.0001406599 0.01913519 0.04120713 0.02213116 0.01913519 0.04123826 0.0001393765 0.01909012 0.04123826 0.02213244 0.01909012 0.04126939 0.0001377933 0.01904505 0.04126939 0.02213403 0.01904505 0.04130053 0.0001359101 0.019 0.04130053 0.02213591 0.019 0.04153202 0.0001715696 0.02016486 0.04153202 0.02210025 0.02016486 0.04161201 0.0001770187 0.02004799 0.04161201 0.0220948 0.02004799 0.04169215 0.0001804646 0.01993114 0.04169215 0.02209136 0.01993114 0.04177242 0.0001819063 0.01981434 0.04177242 0.02208991 0.01981434 0.0418528 0.0001813438 0.0196976 0.0418528 0.02209048 0.0196976 0.04192162 0.005221701 0.025 0.04192162 0.005221701 0.042 0.04192162 0.01705012 0.025 0.04192162 0.01705012 0.042 0.04193328 0.0001787761 0.01958097 0.04193328 0.02209304 0.01958097 0.04201384 0.0001742061 0.01946445 0.04201384 0.02209761 0.01946445 0.04204421 0.0002250051 0.042 0.04204421 0.02204682 0.042 0.04207144 0.0002285274 0.02087217 0.04207144 0.02204329 0.02087217 0.04209447 0.0001676319 0.01934806 0.04209447 0.02210419 0.01934806 0.04217514 0.0001590572 0.01923185 0.04217514 0.02211276 0.01923185 0.042199 0.0002425568 0.02068333 0.042199 0.02202926 0.02068333 0.04225584 0.0001484821 0.01911582 0.04225584 0.02212334 0.01911582 0.04232718 0.0002514109 0.02049459 0.04232718 0.02202041 0.02049459 0.04233657 0.0001359101 0.019 0.04233657 0.02213591 0.019 0.04245589 0.000255084 0.02030605 0.04245589 0.02201674 0.02030605 0.04258507 0.0002535744 0.02011781 0.04258507 0.02201825 0.02011781 0.04260706 0.0003119459 0.02157069 0.04260706 0.02195988 0.02157069 0.04271466 0.0002468828 0.01992995 0.04271466 0.02202494 0.01992995 0.04278019 0.0003382679 0.02130937 0.04278019 0.02193355 0.02130937 0.04284287 0.0003573107 0.0218766 0.04284287 0.02191451 0.0218766 0.0428446 0.0002350122 0.01974259 0.0428446 0.02203681 0.01974259 0.04290279 0.005522182 0.025 0.04290279 0.005522182 0.042 0.04290279 0.01674964 0.025 0.04290279 0.01674964 0.042 0.0429549 0.0003548268 0.02104832 0.0429549 0.02191699 0.02104832 0.0429748 0.0002179699 0.01955582 0.0429748 0.02205385 0.01955582 0.04303535 0.000390178 0.02158295 0.04303535 0.02188164 0.02158295 0.04310522 0.0001957635 0.01936973 0.04310522 0.02207606 0.01936973 0.04313103 0.0003616078 0.02078778 0.04313103 0.02191021 0.02078778 0.04323008 0.0004108189 0.02128967 0.04323008 0.021861 0.02128967 0.04323576 0.0001684058 0.01918443 0.04323576 0.02210341 0.01918443 0.04330841 0.0003586015 0.02052801 0.04330841 0.02191322 0.02052801 0.04336074 0.0004759062 0.02254406 0.04336074 0.02179591 0.02254406 0.04336637 0.0001359101 0.019 0.04336637 0.02213591 0.019 0.0434268 0.0004192073 0.02099711 0.0434268 0.02185261 0.02099711 0.04348686 0.0003458135 0.02026928 0.04348686 0.02192601 0.02026928 0.04359384 0.0005254135 0.02217826 0.04359384 0.02174641 0.02217826 0.04362528 0.000415333 0.02070565 0.04362528 0.02185649 0.02070565 0.0436662 0.000323255 0.02001183 0.0436662 0.02194856 0.02001183 0.04381907 0.005984159 0.025 0.04381907 0.005984159 0.042 0.04381907 0.01628766 0.025 0.04381907 0.01628766 0.042 0.04382527 0.0003992015 0.02041565 0.04382527 0.02187262 0.02041565 0.0438312 0.0005563548 0.02181315 0.0438312 0.02171547 0.02181315 0.04384626 0.0002909483 0.01975593 0.04384626 0.02198087 0.01975593 0.04386806 0.0006180763 0.042 0.04386806 0.02165374 0.042 0.04386835 0.0006181648 0.02319115 0.04386835 0.02165366 0.02319115 0.04402652 0.0003708325 0.02012746 0.04402652 0.02190099 0.02012746 0.04402685 0.0002489261 0.01950182 0.04402685 0.02202289 0.01950182 0.04407236 0.0005686715 0.02144943 0.04407236 0.02170315 0.02144943 0.04413821 0.0006867139 0.02275278 0.04413821 0.02158511 0.02275278 0.0442078 0.0001972294 0.01924976 0.0442078 0.02207459 0.01924976 0.04422878 0.0003302604 0.01984145 0.04422878 0.02194156 0.01984145 0.04431688 0.0005623413 0.0210878 0.04431688 0.02170948 0.0210878 0.04436502 0.0007833069 0.02381573 0.04436502 0.02148851 0.02381573 0.04438893 0.0001359101 0.019 0.04438893 0.02213591 0.019 0.04441525 0.0007292911 0.02231559 0.04441525 0.02154253 0.02231559 0.0444318 0.0002775364 0.01955796 0.0444318 0.02199428 0.01955796 0.04456427 0.0005373754 0.02072895 0.04456427 0.02173445 0.02072895 0.04463533 0.0002127266 0.01927737 0.04463533 0.02205909 0.01927737 0.0446441 0.006594343 0.025 0.0446441 0.006594343 0.042 0.0446441 0.01567748 0.025 0.0446441 0.01567748 0.042 0.04466725 0.0008726701 0.02330421 0.04466725 0.02139915 0.02330421 0.0446987 0.0007457821 0.02188076 0.0446987 0.02152604 0.02188076 0.04481406 0.0004938202 0.02037356 0.04481406 0.021778 0.02037356 0.04483911 0.0001359101 0.019 0.04483911 0.02213591 0.019 0.0448501 0.0009705754 0.02441571 0.0448501 0.02130124 0.02441571 0.04498059 0.0009277383 0.02279454 0.04498059 0.02134408 0.02279454 0.04498781 0.000736141 0.02144947 0.04498781 0.02153568 0.02144947 0.04506579 0.0004317615 0.0200223 0.04506579 0.02184006 0.0200223 0.04517981 0.00108181 0.02383034 0.04517981 0.02119001 0.02383034 0.0452818 0.0007003959 0.02102287 0.0452818 0.02157142 0.02102287 0.0453039 0.0009483122 0.02228856 0.0453039 0.02132351 0.02228856 0.04531898 0.0003513148 0.01967585 0.04531898 0.02192051 0.01967585 0.04532299 0.001179242 0.02498907 0.04532299 0.02109258 0.02498907 0.04535413 0.007335179 0.025 0.04535413 0.007335179 0.042 0.04535413 0.01493664 0.025 0.04535413 0.01493664 0.042 0.04552571 0.001149673 0.02324767 0.04552571 0.02112215 0.02324767 0.04557313 0.0002526356 0.01933487 0.04557313 0.02201918 0.01933487 0.04557988 0.0006386418 0.02060212 0.04557988 0.02163318 0.02060212 0.04559781 0.001312995 0.02531613 0.04559781 0.02095883 0.02531613 0.04559925 0.001313726 0.042 0.04559925 0.02095809 0.042 0.04563603 0.0009343172 0.02178809 0.04563603 0.0213375 0.02178809 0.04567485 0.001312599 0.02432901 0.04567485 0.02095922 0.02432901 0.04578313 0.001408615 0.02553381 0.04578313 0.0208632 0.02553381 0.04582777 0.0001359101 0.019 0.04582777 0.02213591 0.019 0.04588124 0.0005510453 0.02018836 0.04588124 0.02172078 0.02018836 0.0458862 0.00117385 0.02267043 0.0458862 0.02109797 0.02267043 0.04592875 0.008185355 0.025 0.04592875 0.008185355 0.042 0.04592875 0.01408646 0.025 0.04592875 0.01408646 0.042 0.04597577 0.0008858045 0.02129494 0.04597577 0.02138601 0.02129494 0.04604922 0.001392936 0.02367277 0.04604922 0.02087889 0.02367277 0.04615141 0.001563447 0.02479819 0.04615141 0.02070837 0.02479819 0.04618506 0.0004378431 0.01978269 0.04618506 0.02183398 0.01978269 0.04623096 0.001658591 0.026049 0.04623096 0.02061323 0.026049 0.0462596 0.001154228 0.02210128 0.0462596 0.02111759 0.02210128 0.0463219 0.0008029485 0.02081089 0.0463219 0.02146887 0.02081089 0.04635142 0.009120415 0.025 0.04635142 0.009120415 0.042 0.04635142 0.01315141 0.025 0.04635142 0.01315141 0.042 0.04644393 0.001419788 0.02302412 0.04644393 0.02085203 0.02302412 0.04645615 0.001794926 0.02630158 0.04645615 0.02047689 0.02630158 0.04649054 0.0002993396 0.01938621 0.04649054 0.02197248 0.01938621 0.04654982 0.00165523 0.02406774 0.04654982 0.02061659 0.02406774 0.04658691 0.009986946 0.03695119 0.04658691 0.01228487 0.03695119 0.0465885 0.009995225 0.03714607 0.0465885 0.0122766 0.03714607 0.04659165 0.01001172 0.03675772 0.04659165 0.0122601 0.03675772 0.04659625 0.01003632 0.03733675 0.04659625 0.0122355 0.03733675 0.04660217 0.01006884 0.03657122 0.04660217 0.01220298 0.03657122 0.04660923 0.01010905 0.03751773 0.04660923 0.01216278 0.03751773 0.04660936 0.0101098 0.03648077 0.04660936 0.01216202 0.03648077 0.04660957 0.001833291 0.02523678 0.04660957 0.02043853 0.02523678 0.04660999 0.01011345 0.025 0.04660999 0.01011345 0.042 0.04660999 0.01215837 0.025 0.04660999 0.01215837 0.042 0.04661723 0.01015665 0.03639705 0.04661723 0.01211517 0.03639705 0.04662594 0.01021131 0.03768383 0.04662594 0.01206051 0.03768383 0.04663511 0.01027264 0.03624022 0.04663511 0.01199918 0.03624022 0.04664419 0.001090899 0.02154286 0.04664419 0.02118092 0.02154286 0.04664445 0.01034018 0.03783025 0.04664445 0.01193164 0.03783025 0.04665372 0.01041346 0.03610526 0.04665372 0.01185836 0.03610526 0.04666264 0.01049194 0.03795279 0.04666264 0.01177988 0.03795279 0.04667096 0.01057506 0.03599603 0.04667096 0.01169676 0.03599603 0.04667316 0.0006860489 0.02033768 0.04667316 0.02158577 0.02033768 0.04667844 0.01066222 0.03804791 0.04667844 0.0116096 0.03804791 0.04668487 0.0107528 0.03591569 0.04668487 0.01151902 0.03591569 0.04669007 0.01084614 0.03811289 0.04669007 0.01142568 0.03811289 0.04669389 0.01094156 0.03586654 0.04669389 0.01133026 0.03586654 0.04669623 0.01103838 0.03814585 0.04669623 0.01123344 0.03814585 0.04669701 0.01113591 0.025 0.04669701 0.01113591 0.03585 0.04669701 0.01113591 0.03815 0.04669701 0.01113591 0.042 0.04679684 0.0001359101 0.019 0.04679684 0.02213591 0.019 0.0468376 0.00197885 0.02544959 0.0468376 0.02029297 0.02544959 0.04684814 0.00205043 0.02672922 0.04684814 0.02022139 0.02672922 0.04685672 0.001393 0.02238682 0.04685672 0.02087882 0.02238682 0.04697558 0.001683318 0.02334755 0.04697558 0.0205885 0.02334755 0.04702734 0.001934716 0.02443133 0.04702734 0.0203371 0.02443133 0.0470283 0.0005355267 0.01987704 0.0470283 0.02173629 0.01987704 0.04703817 0.000984156 0.02099777 0.04703817 0.02128766 0.02099777 0.04718798 0.002291941 0.042 0.04718798 0.01997988 0.042 0.04722304 0.002317978 0.02712168 0.04722304 0.01995384 0.02712168 0.04723033 0.002248456 0.02580589 0.04723033 0.02002336 0.02580589 0.0472634 0.002084239 0.02460531 0.0472634 0.02018758 0.02460531 0.04728518 0.001312726 0.02176453 0.04728518 0.02095909 0.02176453 0.04738602 0.0003519267 0.0194306 0.04738602 0.02191989 0.0194306 0.0474257 0.001647516 0.02264268 0.0474257 0.0206243 0.02264268 0.04743973 0.0008344933 0.02046852 0.04743973 0.02143733 0.02046852 0.04748079 0.001962021 0.02363936 0.04748079 0.0203098 0.02363936 0.04758104 0.002596633 0.02747857 0.04758104 0.01967519 0.02747857 0.04760039 0.002526158 0.02612748 0.04760039 0.01974566 0.02612748 0.04766705 0.002358708 0.02489214 0.04766705 0.01991311 0.02489214 0.04772686 0.001179432 0.02116087 0.04772686 0.02109239 0.02116087 0.0477297 0.00211014 0.02377639 0.0477297 0.02016168 0.02377639 0.04774503 0.0001359101 0.019 0.04774503 0.02213591 0.019 0.047847 0.0006426064 0.01995758 0.047847 0.02162921 0.01995758 0.04789703 0.001548075 0.02195807 0.04789703 0.02072375 0.02195807 0.04792244 0.002885562 0.0277995 0.04792244 0.01938626 0.0277995 0.04794815 0.00281015 0.02641422 0.04794815 0.01946167 0.02641422 0.04796614 0.001914977 0.02286748 0.04796614 0.02035684 0.02286748 0.04804351 0.002637769 0.02514496 0.04804351 0.01963405 0.02514496 0.04815378 0.002380042 0.02399745 0.04815378 0.01989178 0.02399745 0.04817921 0.0009938846 0.0205793 0.04817921 0.02127794 0.0205793 0.04823227 0.002056318 0.02297032 0.04823227 0.0202155 0.02297032 0.04824754 0.003184052 0.02808409 0.04824754 0.01908777 0.02808409 0.04825809 0.0004093856 0.01946732 0.04825809 0.02186243 0.01946732 0.04827407 0.003098731 0.02666604 0.04827407 0.01917309 0.02666604 0.04838627 0.00138569 0.02129852 0.04838627 0.02088613 0.02129852 0.04839322 0.002918921 0.02536385 0.04839322 0.0193529 0.02536385 0.04847933 0.001793978 0.02212211 0.04847933 0.02047784 0.02212211 0.04854719 0.002651499 0.02418564 0.04854719 0.01962032 0.02418564 0.0485568 0.003491614 0.02833197 0.0485568 0.01878021 0.02833197 0.04857876 0.003390323 0.02688296 0.04857876 0.0188815 0.02688296 0.04858853 0.003524583 0.042 0.04858853 0.01874724 0.042 0.0486396 0.0007571563 0.02002318 0.0486396 0.02151466 0.02002318 0.04867109 0.0001359101 0.019 0.04867109 0.02213591 0.019 0.04868547 0.002312235 0.02313112 0.04868547 0.01995959 0.02313112 0.04871675 0.003199761 0.02554906 0.04871675 0.01907206 0.02554906 0.04876658 0.00192326 0.02219441 0.04876658 0.02034856 0.02219441 0.04883653 0.003792079 0.02853307 0.04883653 0.01847974 0.02853307 0.048863 0.003683567 0.02706507 0.048863 0.01858825 0.02706507 0.04888998 0.001161501 0.02066864 0.04888998 0.02111032 0.02066864 0.0489104 0.002921516 0.02434125 0.0489104 0.0193503 0.02434125 0.04901491 0.003478002 0.02570098 0.04901491 0.01879382 0.02570098 0.0490161 0.001600032 0.02140948 0.0490161 0.02067179 0.02140948 0.04909085 0.004085975 0.02869296 0.04909085 0.01818585 0.02869296 0.04910538 0.0004706135 0.01949574 0.04910538 0.02180121 0.01949574 0.04910552 0.002567189 0.0232608 0.04910552 0.01970463 0.0232608 0.04911503 0.00396276 0.02720596 0.04911503 0.01830906 0.02720596 0.04924405 0.003187183 0.0244648 0.04924405 0.01908464 0.0244648 0.04925659 0.002155993 0.02230213 0.04925659 0.02011583 0.02230213 0.04928868 0.003751573 0.02582016 0.04928868 0.01852025 0.02582016 0.04932777 0.001712172 0.02145568 0.04932777 0.02055965 0.02145568 0.0493298 0.004382457 0.0288192 0.0493298 0.01788936 0.0288192 0.04933978 0.004228711 0.02731107 0.04933978 0.01804311 0.02731107 0.04940464 0.0008770781 0.02007286 0.04940464 0.02139474 0.02007286 0.0494929 0.002817903 0.02335985 0.0494929 0.01945392 0.02335985 0.04952739 0.004005546 0.02590364 0.04952739 0.01826627 0.02590364 0.04954698 0.004489735 0.0273865 0.04954698 0.01778209 0.0273865 0.04954902 0.003445693 0.02455702 0.04954902 0.01882613 0.02455702 0.04955414 0.004681218 0.02891215 0.04955414 0.0175906 0.02891215 0.04957197 0.001334755 0.02073553 0.04957197 0.02093707 0.02073553 0.04957388 0.0001359101 0.019 0.04957388 0.02213591 0.019 0.04971194 0.002385828 0.02238129 0.04971194 0.01988599 0.02238129 0.04973664 0.004240939 0.02595671 0.04973664 0.01803088 0.02595671 0.049738 0.004745322 0.02743319 0.049738 0.0175265 0.02743319 0.04976062 0.004976187 0.042 0.04976062 0.01729563 0.042 0.04976459 0.004982061 0.02897197 0.04976459 0.01728976 0.02897197 0.04982647 0.003694451 0.02461885 0.04982647 0.01857737 0.02461885 0.04984828 0.003061177 0.02342902 0.04984828 0.01921064 0.02342902 0.04986123 0.001912935 0.02151908 0.04986123 0.02035888 0.02151908 0.04991077 0.001424962 0.02076082 0.04991077 0.02084686 0.02076082 0.04991417 0.004995162 0.02745193 0.04991417 0.01727666 0.02745193 0.04992623 0.004465123 0.02598405 0.04992623 0.0178067 0.02598405 0.04992665 0.0005344138 0.01951534 0.04992665 0.02173741 0.01951534 0.04996249 0.005285954 0.02899859 0.04996249 0.01698587 0.02899859 0.0500172 0.005374005 0.029 0.0500172 0.01689781 0.029 0.05006592 0.00391964 0.02465044 0.05006592 0.01835218 0.02465044 0.05007734 0.005239974 0.02744323 0.05007734 0.01703185 0.02744323 0.05007931 0.005335814 0.02779463 0.05007931 0.01693601 0.02779463 0.05009795 0.004677425 0.02598714 0.05009795 0.01759439 0.02598714 0.05012208 0.005309515 0.02743566 0.05012208 0.01696231 0.02743566 0.05013307 0.002609442 0.02243254 0.05013307 0.01966238 0.02243254 0.0501423 0.001000358 0.02010587 0.0501423 0.02127146 0.02010587 0.05017258 0.003293911 0.02346931 0.05017258 0.01897791 0.02346931 0.05025364 0.004877435 0.02596736 0.05025364 0.01739438 0.02596736 0.05026473 0.005221796 0.02660684 0.05026473 0.01705002 0.02660684 0.05027356 0.004122415 0.02465685 0.05027356 0.01814941 0.02465685 0.05035933 0.002109545 0.02155745 0.05035933 0.02016228 0.02155745 0.05039557 0.005065646 0.02592574 0.05039557 0.01720617 0.02592574 0.05043412 0.005117635 0.02590983 0.05043412 0.01715419 0.02590983 0.05045233 0.0001359101 0.019 0.05045233 0.02213591 0.019 0.05045954 0.004309143 0.02464145 0.05045954 0.01796268 0.02464145 0.05046702 0.003513194 0.02348198 0.05046702 0.01875863 0.02348198 0.05047165 0.006188527 0.029 0.05047165 0.01608329 0.029 0.0504931 0.001585585 0.02079011 0.0504931 0.02068624 0.02079011 0.05051031 0.001064233 0.02011611 0.05051031 0.02120759 0.02011611 0.05052067 0.002823579 0.02245678 0.05052067 0.01944824 0.02245678 0.05053677 0.006155735 0.02779463 0.05053677 0.01611609 0.02779463 0.05057076 0.005033614 0.02545395 0.05057076 0.01723821 0.02545395 0.05062599 0.004479037 0.02460618 0.05062599 0.01779278 0.02460618 0.05067053 0.006604996 0.029 0.05067053 0.006604996 0.042 0.05067053 0.01566682 0.029 0.05067053 0.01566682 0.042 0.05072055 0.003706645 0.02346976 0.05072055 0.01856517 0.02346976 0.05072235 0.0005996296 0.01952575 0.05072235 0.02167219 0.01952575 0.05073118 0.006057834 0.02660684 0.05073118 0.01621399 0.02660684 0.05077507 0.004631629 0.02455288 0.05077507 0.01764019 0.02455288 0.05082251 0.00229887 0.02157149 0.05082251 0.01997295 0.02157149 0.05085545 0.007038619 0.029 0.05085545 0.0152332 0.029 0.05087564 0.003025076 0.0224552 0.05087564 0.01924674 0.0224552 0.05090942 0.004767214 0.02448305 0.05090942 0.01750461 0.02448305 0.05092311 0.007011461 0.02779463 0.05092311 0.01526036 0.02779463 0.05093982 0.003875499 0.02343739 0.05093982 0.01839632 0.02343739 0.05094565 0.004803087 0.02446009 0.05094565 0.01746873 0.02446009 0.05104008 0.001741585 0.02079893 0.05104008 0.02053024 0.02079893 0.05105205 0.005896255 0.02545395 0.05105205 0.01637557 0.02545395 0.05112096 0.0006332485 0.0195274 0.05112096 0.02163857 0.0195274 0.05112512 0.006930383 0.02660684 0.05112512 0.01534144 0.02660684 0.05113565 0.004025086 0.02338707 0.05113565 0.01824673 0.02338707 0.05114564 0.001177341 0.02012277 0.05114564 0.02109448 0.02012277 0.05116586 0.007918169 0.029 0.05116586 0.01435365 0.029 0.05119923 0.003210947 0.02242929 0.05119923 0.01906087 0.02242929 0.05123558 0.007896842 0.02779463 0.05123558 0.01437498 0.02779463 0.05125144 0.002477839 0.02156221 0.05125144 0.01979398 0.02156221 0.05129208 0.008364151 0.029 0.05129208 0.008364151 0.042 0.05129208 0.01390767 0.029 0.05129208 0.01390767 0.042 0.05130727 0.0001359101 0.019 0.05130727 0.02213591 0.019 0.05131037 0.004154574 0.02332104 0.05131037 0.01811725 0.02332104 0.05140064 0.008820855 0.029 0.05140064 0.01345096 0.029 0.05144373 0.007833169 0.02660684 0.05144373 0.01443865 0.02660684 0.05145853 0.006796566 0.02545395 0.05145853 0.01547525 0.02545395 0.05146632 0.004263478 0.02324151 0.05146632 0.01800834 0.02324151 0.05147192 0.008805511 0.02779463 0.05147192 0.01346631 0.02779463 0.05147905 0.003370541 0.02238366 0.05147905 0.01890128 0.02238366 0.05149469 0.005673352 0.02435277 0.05149469 0.01659847 0.02435277 0.05155217 0.001890264 0.02078801 0.05155217 0.02038156 0.02078801 0.05155811 0.009740186 0.029 0.05155811 0.01253163 0.029 0.05158684 0.009986946 0.03695119 0.05158684 0.01228487 0.03695119 0.05158771 0.009995225 0.03714607 0.05158771 0.0122766 0.03714607 0.05158942 0.01001172 0.03675772 0.05158942 0.0122601 0.03675772 0.05159192 0.01003632 0.03733675 0.05159192 0.0122355 0.03733675 0.05159513 0.01006884 0.03657122 0.05159513 0.01220298 0.03657122 0.05159898 0.01010905 0.03751773 0.05159898 0.01216278 0.03751773 0.05160334 0.01015665 0.03639705 0.05160334 0.01211517 0.03639705 0.05160645 0.004349599 0.02314845 0.05160648 0.01792217 0.02314845 0.05160711 0.01207196 0.03633193 0.05160738 0.01020304 0.029 0.05160738 0.01020304 0.042 0.05160738 0.01206878 0.029 0.05160738 0.01206878 0.042 0.05160809 0.01021131 0.03768383 0.05160809 0.01206051 0.03768383 0.05161309 0.01027264 0.03624022 0.05161309 0.01199918 0.03624022 0.05161819 0.01034018 0.03783025 0.05161819 0.01193164 0.03783025 0.05162326 0.01041346 0.03610526 0.05162326 0.01185836 0.03610526 0.05162815 0.01049194 0.03795279 0.05162815 0.01177988 0.03795279 0.05163043 0.009730934 0.02779463 0.05163043 0.01254089 0.02779463 0.05163271 0.01057506 0.03599603 0.05163271 0.01169676 0.03599603 0.05163681 0.01066222 0.03804791 0.05163681 0.0116096 0.03804791 0.05163712 0.01066955 0.029 0.05163712 0.01160227 0.029 0.05164034 0.0107528 0.03591569 0.05164034 0.01151902 0.03591569 0.0516432 0.01084614 0.03811289 0.0516432 0.01142568 0.03811289 0.05164406 0.004373618 0.02312215 0.05164406 0.0178982 0.02312215 0.05164529 0.01094156 0.03586654 0.05164529 0.01133026 0.03586654 0.05164658 0.01103838 0.03814585 0.05164658 0.01123344 0.03814585 0.05164699 0.002643476 0.02153088 0.05164699 0.01962834 0.02153088 0.05164701 0.01113591 0.03585 0.05164701 0.01113591 0.042 0.05168472 0.0087597 0.02660684 0.05168472 0.01351212 0.02660684 0.05170997 0.01066646 0.02779463 0.05170997 0.01160536 0.02779463 0.05172216 0.003505112 0.02232262 0.05172216 0.01876671 0.02232262 0.05173717 0.0001359101 0.019 0.05173717 0.02213591 0.019 0.05174621 0.001286268 0.02011466 0.05174621 0.02098555 0.02011466 0.05178727 0.007728078 0.02545395 0.05178727 0.01454374 0.02545395 0.0518121 0.0006924387 0.019524 0.0518121 0.02157938 0.019524 0.05184634 0.009703316 0.02660684 0.05184634 0.0125685 0.02660684 0.05191846 0.006611965 0.02435277 0.05191846 0.01565986 0.02435277 0.05192744 0.01065723 0.02660684 0.05192744 0.01161459 0.02660684 0.05194029 0.003618951 0.02224737 0.05194029 0.01865287 0.02224737 0.05201037 0.002792956 0.02147905 0.05201037 0.01947886 0.02147905 0.05202997 0.002028987 0.02075832 0.05202997 0.02024283 0.02075832 0.05203592 0.008684091 0.02545395 0.05203592 0.01358773 0.02545395 0.05205266 0.005392375 0.02331935 0.05205266 0.01687944 0.02331935 0.05213585 0.003711255 0.02216031 0.05213585 0.01856057 0.02216031 0.05215948 0.004056681 0.02236877 0.05215948 0.01821514 0.02236877 0.05220269 0.009657732 0.02545395 0.05220269 0.01261409 0.02545395 0.0522612 0.007583104 0.02435277 0.0522612 0.01468872 0.02435277 0.05228638 0.010642 0.02545395 0.05228638 0.01162982 0.02545395 0.05231124 0.003781571 0.02206383 0.05231124 0.01849025 0.02206383 0.05231245 0.001388993 0.02009239 0.05231245 0.02088283 0.02009239 0.05232726 0.002917605 0.02141242 0.05232726 0.01935422 0.02141242 0.05246925 0.003827099 0.02195854 0.05246926 0.0184447 0.02195854 0.05246943 0.0007489402 0.01951266 0.05246943 0.02152288 0.01951266 0.05247433 0.002155198 0.02071107 0.05247433 0.02011662 0.02071107 0.05248554 0.0001359101 0.019 0.05248554 0.02213591 0.019 0.05249823 0.006379268 0.02331935 0.05249823 0.01589255 0.02331935 0.05251217 0.003839803 0.02192893 0.05251217 0.01843202 0.02192893 0.05252042 0.008579786 0.02435277 0.05252042 0.01369203 0.02435277 0.05260498 0.00301863 0.02133474 0.05260498 0.01925319 0.02133474 0.05269429 0.009594848 0.02435277 0.05269429 0.01267697 0.02435277 0.05271782 0.005057423 0.02236877 0.05271782 0.0172144 0.02236877 0.05278153 0.01062099 0.02435277 0.05278153 0.01165083 0.02435277 0.05284494 0.001483547 0.02005679 0.05284494 0.02078827 0.02005679 0.05285647 0.003099313 0.02124642 0.05285647 0.01917251 0.02124642 0.05285859 0.007400359 0.02331935 0.05285859 0.01487146 0.02331935 0.05288638 0.002266475 0.02064775 0.05288638 0.02000534 0.02064775 0.05288684 0.00360941 0.02151489 0.05288684 0.01866241 0.02151489 0.05308406 0.003158945 0.02114982 0.05308406 0.01911287 0.02114982 0.05309338 0.0008016372 0.01949377 0.05309338 0.02147018 0.01949377 0.05313116 0.008448308 0.02331935 0.05313116 0.01382351 0.02331935 0.05318937 0.00610187 0.02236877 0.05318937 0.01616995 0.02236877 0.05320124 0.0001359101 0.019 0.05320124 0.02213591 0.019 0.05324934 0.002356299 0.02057419 0.05324934 0.01991552 0.02057419 0.05329013 0.003197153 0.02104732 0.05329013 0.01907467 0.02104732 0.05331396 0.00951558 0.02331935 0.05331396 0.01275624 0.02331935 0.05334446 0.001568029 0.02000887 0.05334446 0.02070379 0.02000887 0.05340569 0.0105945 0.02331935 0.05340569 0.01167732 0.02331935 0.05347728 0.01906086 0.02093994 0.05347732 0.003211017 0.02093994 0.05348046 0.00467338 0.02151489 0.05348046 0.01759844 0.02151489 0.05352859 0.003214785 0.02090983 0.05352859 0.01905704 0.02090983 0.05357072 0.002425744 0.02049343 0.05357072 0.01984608 0.02049343 0.05357075 0.007182508 0.02236877 0.05357075 0.01508931 0.02236877 0.05368451 0.0008494485 0.01946783 0.05368451 0.02142237 0.01946783 0.05381205 0.001640643 0.01994982 0.05381205 0.02063118 0.01994982 0.05385921 0.008291573 0.02236877 0.05385921 0.01398025 0.02236877 0.05386485 0.00247714 0.02040536 0.05386485 0.01979468 0.02040536 0.0538847 0.0001359101 0.019 0.0538847 0.02213591 0.019 0.05398181 0.005783815 0.02151489 0.05398181 0.016488 0.02151489 0.05405267 0.009421086 0.02236877 0.05405267 0.01285073 0.02236877 0.05413392 0.002509934 0.02031207 0.05413392 0.01976189 0.02031207 0.05414975 0.01056293 0.02236877 0.05414975 0.01170889 0.02236877 0.05422805 0.001697105 0.01988463 0.05422805 0.02057471 0.01988463 0.05424349 0.0008913357 0.01943546 0.05424349 0.02138048 0.01943546 0.05432947 0.004245845 0.02077016 0.05432947 0.01802597 0.02077016 0.05438015 0.002523855 0.0202157 0.05438015 0.01974796 0.0202157 0.05438728 0.00693273 0.02151489 0.05438728 0.01533909 0.02151489 0.05453645 0.0001359101 0.019 0.05453645 0.02213591 0.019 0.05460013 0.001738264 0.01981546 0.05460013 0.02053356 0.01981546 0.05460653 0.002518879 0.02011801 0.05460653 0.01975294 0.02011801 0.0546683 0.002513956 0.02008994 0.0546683 0.01975786 0.02008994 0.05469396 0.008111865 0.02151489 0.05469396 0.01415996 0.02151489 0.05477131 0.0009263227 0.01939738 0.05477131 0.0213455 0.01939738 0.05486398 0.005429742 0.02077016 0.05486398 0.01684208 0.02077016 0.05489965 0.009312742 0.02151489 0.05489965 0.01295908 0.02151489 0.05494413 0.001765573 0.01974193 0.05494413 0.02050625 0.01974193 0.05500287 0.01052673 0.02151489 0.05500287 0.01174509 0.02151489 0.0551571 0.0001359101 0.019 0.0551571 0.02213591 0.019 0.05524511 0.0009523382 0.01935661 0.05524511 0.02131948 0.01935661 0.05525246 0.003781054 0.02014544 0.05525246 0.01849077 0.02014544 0.05526205 0.001778665 0.01966569 0.05526205 0.02049315 0.01966569 0.05529628 0.006654665 0.02077016 0.05529628 0.01561716 0.02077016 0.05555585 0.001777389 0.01958836 0.05555585 0.02049443 0.01958836 0.05562325 0.007911807 0.02077016 0.05562325 0.01436001 0.02077016 0.0556727 0.0009698834 0.01931432 0.0556727 0.02130194 0.01931432 0.05574752 0.0001359101 0.019 0.05574752 0.02213591 0.019 0.05582303 0.005044815 0.02014544 0.05582303 0.01722701 0.02014544 0.05582818 0.001759613 0.019511 0.05582818 0.02051221 0.019511 0.05584255 0.009192129 0.02077016 0.05584255 0.01307969 0.02077016 0.05590324 0.00175457 0.01948944 0.05590324 0.02051725 0.01948944 0.05595259 0.01048643 0.02077016 0.05595259 0.01178539 0.02077016 0.05607153 0.0009796306 0.01927016 0.05607153 0.02129219 0.01927016 0.05623598 0.003285784 0.01964984 0.05623598 0.01898604 0.01964984 0.05628154 0.0001359101 0.019 0.05628154 0.02213591 0.019 0.05628449 0.006352368 0.02014544 0.05628449 0.01591945 0.02014544 0.05644335 0.0009814104 0.01922506 0.05644335 0.02129041 0.01922506 0.05649698 0.001389468 0.01929058 0.05649698 0.02088235 0.01929058 0.05663352 0.007694314 0.02014544 0.05663352 0.01457751 0.02014544 0.05676707 0.0001359101 0.019 0.05676707 0.02213591 0.019 0.05678983 0.0009751678 0.01917995 0.05678983 0.02129665 0.01917995 0.05684497 0.004634645 0.01964984 0.05684497 0.01763717 0.01964984 0.05686761 0.009061005 0.02014544 0.05686761 0.01321082 0.02014544 0.05698508 0.01044261 0.02014544 0.05698508 0.01182921 0.02014544 0.05711366 0.0009597217 0.0191355 0.05711366 0.0213121 0.0191355 0.05720299 0.0009553287 0.01912312 0.05720299 0.02131649 0.01912312 0.05722325 0.0001359101 0.019 0.05722325 0.02213591 0.019 0.05726569 0.002767257 0.01929058 0.05726569 0.01950456 0.01929058 0.05733751 0.006030248 0.01964984 0.05733751 0.01624157 0.01964984 0.05765153 0.0001359101 0.019 0.05765153 0.02213591 0.019 0.05771004 0.00746256 0.01964984 0.05771004 0.01480926 0.01964984 0.05791491 0.004205214 0.01929058 0.05791491 0.01806661 0.01929058 0.05795989 0.008921282 0.01964984 0.05795989 0.01335054 0.01964984 0.05805329 0.0001359101 0.019 0.05805329 0.02213591 0.019 0.05808527 0.01039593 0.01964984 0.05808527 0.01187589 0.01964984 0.05832656 0.002233034 0.01907291 0.05832656 0.02003879 0.01907291 0.0584311 0.0001359101 0.019 0.0584311 0.02213591 0.019 0.05843997 0.005693002 0.01929058 0.05843997 0.01657882 0.01929058 0.05853556 0.0001359101 0.019 0.05853556 0.02213591 0.019 0.05883711 0.007219923 0.01929058 0.05883711 0.0150519 0.01929058 0.05901722 0.003762785 0.01907291 0.05901722 0.01850904 0.01907291 0.05910347 0.008774999 0.01929058 0.05910347 0.01349682 0.01929058 0.05923713 0.01034705 0.01929058 0.05923713 0.01192477 0.01929058 0.05940313 0.001690906 0.019 0.05940313 0.02058091 0.019 0.05957581 0.005345548 0.01907291 0.05957581 0.01692627 0.01907291 0.0599983 0.006969941 0.01907291 0.0599983 0.01530188 0.01907291 0.06013585 0.003313809 0.019 0.06013585 0.01895801 0.019 0.06028166 0.008624287 0.01907291 0.06028166 0.01364753 0.01907291 0.06042385 0.01029669 0.01907291 0.06042385 0.01197513 0.01907291 0.06072845 0.004992951 0.019 0.06072845 0.01727887 0.019 0.06117667 0.00671626 0.019 0.06117667 0.01555556 0.019 0.06147728 0.008471345 0.019 0.06147728 0.01380048 0.019 0.06162813 0.01024559 0.019 0.06162813 0.01202623 0.019 0.06989701 0.01113591 0.014 0.06989701 0.01113591 0.019 0.06990692 0.01090269 0.014 0.06990692 0.01090269 0.019 0.06990692 0.01136913 0.014 0.06990692 0.01136913 0.019 0.06998575 0.01044297 0.014 0.06998575 0.01044297 0.019 0.06998575 0.01182885 0.014 0.06998575 0.01182885 0.019 0.07014114 0.01000318 0.014 0.07014114 0.01000318 0.019 0.07014114 0.01226864 0.014 0.07014114 0.01226864 0.019 0.07036861 0.00959598 0.014 0.07036861 0.00959598 0.019 0.07036861 0.01267584 0.014 0.07036861 0.01267584 0.019 0.07064701 0.0001359101 0.014 0.07064701 0.0001359101 0.019 0.07064701 0.02213591 0.014 0.07064701 0.02213591 0.019 0.07066164 0.009233078 0.014 0.07066164 0.009233078 0.019 0.07066164 0.01303874 0.014 0.07066164 0.01303874 0.019 0.07101177 0.008924918 0.014 0.07101177 0.008924918 0.019 0.07101177 0.0133469 0.014 0.07101177 0.0133469 0.019 0.07140895 0.008680364 0.014 0.07140895 0.008680364 0.019 0.07140895 0.01359146 0.014 0.07140895 0.01359146 0.019 0.07184175 0.008506452 0.014 0.07184175 0.008506452 0.019 0.07184175 0.01376537 0.014 0.07184175 0.01376537 0.019 0.07221136 0.0002590263 0.014 0.07221136 0.0002590263 0.019 0.07221136 0.02201279 0.014 0.07221136 0.02201279 0.019 0.07229771 0.008408184 0.014 0.07229771 0.008408184 0.019 0.07229771 0.01386364 0.014 0.07229771 0.01386364 0.019 0.07276373 0.008388388 0.014 0.07276373 0.008388388 0.019 0.07276373 0.01388343 0.014 0.07276373 0.01388343 0.019 0.07322638 0.008447634 0.014 0.07322638 0.008447634 0.019 0.07322638 0.01382419 0.014 0.07322638 0.01382419 0.019 0.07367236 0.008584215 0.014 0.07367236 0.008584215 0.019 0.07367236 0.0136876 0.014 0.07367236 0.0136876 0.019 0.07373718 0.0006253453 0.014 0.07373718 0.0006253453 0.019 0.07373718 0.02164647 0.014 0.07373718 0.02164647 0.019 0.07408886 0.008794205 0.014 0.07408886 0.008794205 0.019 0.07408886 0.01347762 0.014 0.07408886 0.01347762 0.019 0.07446387 0.009071561 0.014 0.07446387 0.009071561 0.019 0.07446387 0.01320026 0.014 0.07446387 0.01320026 0.019 0.07478661 0.009408305 0.014 0.07478661 0.009408305 0.019 0.07478661 0.01286351 0.014 0.07478661 0.01286351 0.019 0.0750478 0.009794749 0.014 0.0750478 0.009794749 0.019 0.0750478 0.01247707 0.014 0.0750478 0.01247707 0.019 0.07518692 0.001225844 0.014 0.07518692 0.001225844 0.019 0.07518692 0.02104598 0.014 0.07518692 0.02104598 0.019 0.07523992 0.01021978 0.014 0.07523992 0.01021978 0.019 0.07523992 0.01205204 0.014 0.07523992 0.01205204 0.019 0.07535746 0.01067116 0.014 0.07535746 0.01067116 0.019 0.07535746 0.01160066 0.014 0.07535746 0.01160066 0.019 0.07539701 0.01113591 0.014 0.07539701 0.01113591 0.019 0.07652486 0.00204574 0.014 0.07652486 0.00204574 0.019 0.07652486 0.02022608 0.014 0.07652486 0.02022608 0.019 0.07771808 0.003064842 0.014 0.07771808 0.003064842 0.019 0.07771808 0.01920698 0.014 0.07771808 0.01920698 0.019 0.07873718 0.004258058 0.014 0.07873718 0.004258058 0.019 0.07873718 0.01801376 0.014 0.07873718 0.01801376 0.019 0.07955708 0.005596005 0.014 0.07955708 0.005596005 0.019 0.07955708 0.01667582 0.014 0.07955708 0.01667582 0.019 0.08015758 0.00704574 0.014 0.08015758 0.00704574 0.019 0.08015758 0.01522608 0.014 0.08015758 0.01522608 0.019 0.0805239 0.008571566 0.014 0.0805239 0.008571566 0.019 0.0805239 0.01370025 0.014 0.0805239 0.01370025 0.019 0.08064701 0.01013591 0.014 0.08064701 0.01013591 0.019 0.08064701 0.01213591 0.014 0.08064701 0.01213591 0.019</float_array>
          <technique_common>
            <accessor count="2081" source="#cubeverts-array2-array" stride="3">
              <param type="float" name="X"/>
              <param type="float" name="Y"/>
              <param type="float" name="Z"/>
            </accessor>
          </technique_common>
        </source>
        <source id="cubenormals-array2">
          <float_array count="12522" id="cubenormals-array2-array">0 0 1 -0 0 1 0 0 1 -0 0 1 0 -0 1 0 0 1 0 0 1 0 0 1 0 0 1 0 0 1 0 0 1 0 0 1 0 0 1 0 0 1 0 0 1 0 0 1 -0 0 1 0 0 1 -0 0 1 0 0 1 -0 0 1 0 0 1 -0 0 1 0 0 1 0 0 1 0 0 1 -0 0 1 -0 0 1 -0 0 1 -0 0 1 0 0 1 -0 0 1 0 0 1 -0 0 1 0 0 1 -0 0 1 0 0 1 -0 0 1 0 0 1 -0 0 1 0 0 1 -0 0 1 0 0 1 -0 0 1 0 0 1 -0 0 1 0 0 1 0 0 1 0 0 1 0 0 1 0 0 1 0 0 1 0 0 1 0 0 1 0 0 1 0 0 1 0 0 1 0 0 1 0 0 1 0 0 1 0 0 1 0 0 1 0 0 1 0 0 1 0 0 1 0 0 1 0 -0 1 0 0 1 0 0 1 0 -0 1 0 0 1 0 -0 1 0 -0 1 1 0 -0 1 0 0 0 1 0 0 1 0 0 1 0 0 1 0 0 1 0 0 1 0 0 1 0 0 1 0 0 1 0 0 1 0 0 1 0 0 1 0 0 1 0 0 1 0 0 1 0 0 1 0 0 1 0 0 1 0 0 1 0 0 1 0 0 1 0 0 1 0 0 1 0 0 1 0 0 1 0 0 1 0 0 1 0 0 1 0 0 1 0 0 1 0 0 1 0 0 1 0 0 1 0 0 1 0 0 1 0 0 1 0 0 1 0 0 1 0 0 1 0 0 1 0 0 1 0 0 1 0 0 1 0 0 1 0 0 1 0 0 1 0 0 1 0 0 1 0 0 1 0 0 1 0 0 1 0 0 1 0 0 1 0 0 1 0 0 1 0 0 1 0 0 1 0 -1 0 0 -1 0 0 -0 -1 -0 -0 -1 -0 -0 -1 0 0 -1 0 0 -1 0 0 -1 -0 0 -1 0 0 -1 0 0 -1 0 0 -1 0 0 -1 0 0 -1 0 0 -1 0 0 -1 0 0 -1 0 0 -1 0 0 -1 -0 0 -1 -0 0 -1 0 0 -1 -0 0 -1 -0 0 -1 0 0 -1 0 0 -1 0 0 -1 0 0 -1 -0 0 -1 -0 0 -1 0 0 -1 -0 0 -1 -0 0 -1 0 0 -1 -0 0 -1 -0 0 -1 0 0 -1 -0 0 -1 -0 0 -1 0 0 -1 -0 0 -1 -0 0 -1 0 0 -1 -0 0 -1 -0 0 -1 0 0 -1 0 0 -1 0 0 -1 0 0 -1 0 0 -1 0 0 -1 0 0 -1 0 0 -1 0 0 -1 0 0 -1 0 0 -1 0 0 -1 0 0 -1 0 0 -1 0 -0 0 1 0 0 1 -0 0 1 0 0 1 0 0 1 -0 -0 1 0 -0 1 0 -0 1 -0 0 1 0 -0 1 -0 0 1 0 -0 1 -0 0 1 0 -0 1 -0 0 1 0 -0 1 -0 0 1 0 -0 1 -0 0 1 0 -0 1 -0 0 1 0 -0 1 -0 0 1 0 0 1 0 0 1 0 0 1 0 0 1 0 0 1 0 0 1 0 0 1 0 0 1 0 0 1 0 0 1 -0 0 1 0 0 1 -0 0 1 -0 0 1 0 0 1 -0 -0 1 0 -0 1 -0 -0 1 0 -0 1 -0 -0 1 0 -0 1 0 0 1 0 0 1 0 0 1 0 -0 1 -0 0 1 0 -0 1 0 -0 1 0 0 1 0 0 1 0 0 1 0 0 1 0 0 1 0 0 1 -0 0 1 0 0 1 -0 0 1 0 0 1 -0 0 1 0 0 1 -0 0 1 0 0 1 -0 0 1 0 0 1 -0 0 1 0 0 1 -0 0 1 0 0 1 -0 0 1 0 0 1 0 0 1 0 0 -1 0 0 -1 0 0 -1 -0 0 -1 0 -0 -1 -0 -0 -1 0 0 -1 -0 0 -1 0 0 -1 -0 0 -1 -0 0 -1 0 0 -1 0 0 -1 0 0 -1 0 0 -1 0 0 -1 0 0 -1 0 0 -1 0 0 -1 0 0 -1 0 0 -1 0 0 -1 0 0 -1 0 0 -1 0 0 -1 0 -0 -1 0 -0 -1 0 0 -1 0 -0 -1 0 0 -1 0 -0 -1 0 0 -1 0 -0 -1 0 0 -1 0 -0 -1 0 0 -1 0 -0 -1 0 0 -1 0 -0 -1 0 0 -1 0 -0 -1 0 0 -1 0 -0 -1 0 0 -1 0 0 -1 0 0 -1 0 0 -1 0 0 -1 -0 0 -1 0 0 -1 0 0 -1 0 0 -1 0 0 -1 0 0 -1 0 -0 -1 0 0 -1 0 -0 -1 0 -0 -1 0 0 -1 0 0 -1 0 0 -1 0 0 -1 0 0 -1 0 0 -1 0 0 -1 0 0 -1 0 0 -1 0 0 -1 -0 0 -1 0 0 -1 0 0 -1 -0 0 -1 -0 0 -1 -0 0 -1 -0 0 -1 -0 0 -1 0 0 -1 0 0 -1 0 0 -1 0 0 -1 0 0 -1 0 0 -1 0 0 -1 0 0 -1 0 0 -1 0 0 -1 0 0 -1 0 0 -1 0 0 -1 0 0 -1 0 0 -1 0 0 -1 0 0 -1 0 0 -1 0 0 -1 0 0 -1 0 0 -1 0 0 -1 0 0 -1 -0 0 -1 0 0 -1 -0 0 -1 0 0 -1 -0 0 -1 0 0 -1 -0 0 -1 0 0 -1 -0 0 -1 0 0 -1 -0 0 -1 0 0 -1 -0 0 -1 0 0 -1 -0 0 -1 0 0 -1 -0 0 -1 0 0 -1 -0 -0 -1 0 0 -1 0 -0 -1 0 -0 -1 0.8379781 0.5457039 9.110112e-06 -0.8626138 -0.505863 0 -0.8285076 -0.5599733 0.002264723 -0.8492937 -0.5278818 0.006397889 -0.8378007 -0.5459595 0.004254174 -0.8192444 -0.5734416 0.001861761 -0.8832844 -0.4688374 0 -0.9112263 -0.4118996 0.002303568 -0.911411 -0.4114909 0.002255452 -0.9818283 -0.1897713 -0 -0.9677984 -0.2517166 0.002268198 -0.9677303 -0.2519774 0.002297154 -0.949785 -0.3129033 0 -0.9356669 -0.3528846 0 -0.9941797 -0.1076422 0.004456715 -0.9951065 -0.09861656 0.006155138 -0.9999902 -0.004439446 0 -0.9963954 -0.08480632 0.002034035 -0.9992748 -0.02282361 0.03048023 -0.9988385 -0.04262117 0.02247059 -0.9980691 -0.05991529 0.01637966 -0.9971172 -0.07494772 0.01183392 -0.9960999 -0.08781957 0.008520049 -0.9932497 -0.1159551 0.003082375 -0.9916136 -0.1292339 0.001083931 -0.9905986 -0.1368011 0 -0.9931171 -0.1171116 -0.001789336 -0.9941282 -0.1081764 -0.002648808 -0.9949891 -0.09992061 -0.003524453 -0.9959239 -0.09007434 -0.004709962 -0.996921 -0.07815342 -0.006366544 -0.9979035 -0.06414268 -0.00862631 -0.9987729 -0.048143 -0.01161302 -0.9889422 -0.1479701 0.009906805 -0.9995704 -0.02826772 -0.007746707 -0.9964028 -0.08471536 0.002169616 -0.99996 -0.0089035 -0.0008377937 -0.9997751 -0.0212053 0 -0.994128 0.1081778 -0.002648674 -0.9949892 0.09991967 -0.003524555 -0.9997751 0.0212053 0 -0.99996 0.008903501 -0.0008377939 -0.9964028 0.08471536 0.002169616 -0.9889029 0.1479642 0.0133309 -0.9994225 0.03026754 -0.01544211 -0.9987729 0.04814299 -0.01161302 -0.9979035 0.06414268 -0.00862631 -0.996921 0.07815296 -0.006366617 -0.9959239 0.09007497 -0.004709886 -0.9916132 0.1292372 0.001083453 -0.9932497 0.1159552 0.003082387 -0.9941798 0.1076413 0.004456894 -0.9951065 0.09861654 0.006155142 -0.9960999 0.08781956 0.008520049 -0.9971172 0.07494772 0.01183392 -0.9980691 0.05991529 0.01637966 -0.9988385 0.04262117 0.02247059 -0.9963832 0.08480527 0.005343236 -0.999844 0.0176649 0.0003346775 -0.9999902 0.004439446 0 -0.9931171 0.1171115 -0.001789319 -0.9905986 0.1368011 0 -0.9818283 0.1897713 0 -0.9677304 0.2519775 0.002277814 -0.9677982 0.2517167 0.002306885 -0.8832844 0.4688374 0 -0.911411 0.4114906 0.002319848 -0.9112265 0.4118995 0.002271388 -0.935667 0.3528843 0 -0.949785 0.3129033 0 -0.7995995 0.6005334 0.0003949313 -0.8192435 0.5734428 0.001861674 -0.8378003 0.5459601 0.004254144 -0.8285068 0.5599731 0.002570003 -0.849354 0.5278229 0.000908623 -0.862613 0.5058644 0 -0.704632 0.7095717 0.001287204 -0.730668 0.6827228 0.003715168 -0.7542453 0.6565543 0.007104749 -0.7219561 0.6919381 0.00103953 -0.7728146 0.6346319 8.861672e-07 -0.7836959 0.6211446 -6.186301e-07 -0.5798918 0.8146922 0.001461707 -0.6116934 0.7910845 0.004061062 -0.5946324 0.8039953 0.001954639 -0.6460266 0.763315 -1.498187e-05 -0.6763065 0.7366203 1.531249e-05 -0.4035231 0.9149694 0.0001765901 -0.4443854 0.8958337 0.001838098 -0.4831296 0.8755353 0.004863774 -0.4502025 0.8929259 0.001008164 -0.5179231 0.8554272 -3.040885e-05 -0.5459921 0.8377904 7.327156e-05 -0.2688273 0.9631881 0.000865967 -0.3119958 0.9500784 0.0031045 -0.2928225 0.9561657 0.001493708 -0.3554545 0.9346935 9.453125e-07 -0.3774427 0.9260329 -2.77655e-07 -0.1039446 0.9945827 0.0008177148 -0.0614553 0.9981099 -1.323548e-07 -0.1501466 0.9886593 0.002934917 -0.1822517 0.9832375 0.005325596 -0.1270184 0.9919003 0.0004888938 -0.2051216 0.9787365 2.139424e-07 -0.2287059 0.9734956 -5.039392e-07 0 0.9999999 0.0004634994 0 0.999925 0.01224357 0 0.9999251 0.01224357 0 0.9996096 0.02793832 0.002548225 0.9991758 0.04051341 0.01904991 0.9998186 3.756832e-07 0.09860671 0.9951143 0.004931441 0.04244109 0.999099 -0.0001118854 0.1538426 0.9880954 3.354254e-05 0.1876813 0.9822295 0.0009908078 0.3587295 0.9334406 0.001322128 0.3155144 0.9489207 4.368442e-07 0.2106798 0.9775551 -1.312949e-06 0.2634725 0.9646519 0.005388417 0.2203692 0.9754138 0.002332949 0.5163169 0.8563954 0.00193209 0.4870481 0.8733751 0.0004058659 0.458527 0.8886805 -8.262322e-07 0.3728569 0.9278889 8.337254e-06 0.430791 0.9024239 0.007075463 0.3996902 0.9166417 0.003946429 0.6452273 0.7639894 0.001434693 0.6141856 0.7891617 6.629203e-05 0.524307 0.8515292 -0.0002546525 0.5755852 0.8177062 0.007624702 0.5430518 0.8396901 0.00390347 0.7780359 0.6282198 -4.635111e-05 0.8184791 0.5744557 0.009619239 0.7987805 0.6015949 0.005767468 0.7780027 0.6282542 0.002863821 0.755933 0.6546483 0.0009172236 0.7319329 0.6813767 -5.565754e-05 0.6606741 0.7506728 0.0002769205 0.7019821 0.7121518 0.00779489 0.6744031 0.7383524 0.004015385 0.8730118 0.4876939 0.002267911 0.8732733 0.4872252 0.00232593 0.8493729 0.5277929 0.0006127706 0.9622084 0.2723142 0 0.9429947 0.3328 0.002261586 0.9428751 0.3331384 0.002300108 0.9198478 0.3922755 -0 0.9023858 0.430929 0 0.9856161 0.1689996 -0.0001634669 0.9923468 0.1217608 0.02054575 0.9907785 0.1346092 0.01543667 0.9886731 0.1499627 -0.006045382 0.9839007 0.1787163 0 0.9854174 0.1701311 0.002848034 0.9888213 0.1487536 0.01023885 0.9912188 0.131854 -0.009988765 0.9928572 0.1185936 -0.01304005 0.9727781 0.2312458 0.01510347 0.9856406 0.1688207 0.003477963 0.9982781 0.05865633 -0.0004941748 0.9973921 0.07217326 -9.191054e-05 0.9943804 0.1058666 -0.0001198942 0.9962025 0.08706752 -9.915109e-07 0.9966479 0.0818105 1.306768e-06 0.9982781 -0.05865633 -0.0004941748 0.9990528 0.04349476 -0.001303201 0.999634 0.02692523 -0.002623143 0.9979733 0.06361999 0.001332639 0.9999598 0.008923013 -0.000836465 0.9999989 0 -0.001444015 0.9999598 -0.008923013 -0.0008364652 0.9979733 -0.06361999 0.001332639 0.999634 -0.02692523 -0.002623143 0.9990528 -0.04349476 -0.0013032 0.991219 -0.1318527 -0.009989059 0.9973921 -0.07217374 -9.189647e-05 0.9964874 -0.08374278 2.001686e-05 0.9943804 -0.1058666 -0.0001198942 0.9955245 -0.09450093 -0.0007667966 0.9856435 -0.1688212 0.002507632 0.9728052 -0.2312522 0.0131281 0.9854177 -0.1701288 0.00284877 0.9888213 -0.1487537 0.01023881 0.9907784 -0.13461 0.01543631 0.9856147 -0.1689993 0.001695407 0.9886732 -0.1499626 -0.006045369 0.9839007 -0.1787163 0 0.9622085 -0.2723139 0 0.9428752 -0.3331383 0.002274367 0.9429945 -0.3328001 0.002313078 0.8493689 -0.5277992 0.0006125665 0.8732737 -0.4872245 0.002326007 0.8730116 -0.4876941 0.002267886 0.9023855 -0.4309299 0 0.919848 -0.3922751 0 0.7559346 -0.6546466 0.0009173478 0.7780013 -0.6282561 0.002863682 0.7987801 -0.6015956 0.00576746 0.7780344 -0.6282188 0.001884041 0.8194181 -0.5731963 -8.91771e-06 0.8379784 -0.5457034 9.131094e-06 0.6452269 -0.7639896 0.001434666 0.6744034 -0.7383521 0.004015408 0.6606726 -0.750671 0.002180207 0.7051215 -0.7090866 7.34374e-05 0.7319319 -0.6813778 -5.564051e-05 0.4870497 -0.8733742 0.000405883 0.516317 -0.8563953 0.001932032 0.5430507 -0.8396909 0.00390332 0.5243066 -0.8515276 0.001799335 0.5809423 -0.8139448 -5.540367e-05 0.6141862 -0.7891611 6.630699e-05 0.3587284 -0.933441 0.001322053 0.3996913 -0.9166414 0.003946492 0.3728563 -0.9278883 0.001280307 0.4376211 -0.8991595 1.379539e-06 0.4585225 -0.8886828 -8.95746e-07 0.1538437 -0.9880952 3.35724e-05 0.1876751 -0.9822306 0.0009906316 0.2203699 -0.9754136 0.002333049 0.210679 -0.9775539 0.001649695 0.269853 -0.9629015 -3.688066e-07 0.3155145 -0.9489207 4.003477e-07 0 -0.999925 0.012246 0 -0.9999999 0.0004526361 0.1050456 -0.9944674 -3.038913e-05 0.04244119 -0.9990979 0.001449468 0.05304118 -0.9985901 0.002106333 -0.1501478 -0.9886591 0.002934985 -0.1039456 -0.9945827 0.000817776 -0.06145278 -0.99811 -1.383187e-07 -0.005657815 -0.999984 2.1395e-07 0 -0.9996096 0.02793713 0 -0.9999251 0.012246 -0.2688288 -0.9631876 0.0008659991 -0.2287055 -0.9734957 -5.12688e-07 -0.127018 -0.9919004 2.55601e-06 -0.1969175 -0.9803978 0.00661559 -0.1822459 -0.9832386 0.005325147 -0.4443837 -0.8958346 0.001837993 -0.4035242 -0.914969 0.0001765974 -0.3774455 -0.9260318 -2.592695e-07 -0.2928229 -0.9561667 4.387051e-06 -0.3487077 -0.9372109 0.006215374 -0.311996 -0.9500784 0.003104463 -0.5798928 -0.8146915 0.001461797 -0.5459908 -0.8377912 7.327289e-05 -0.450203 -0.8929262 -0.0002722323 -0.5111332 -0.8594624 0.008201497 -0.4831311 -0.8755345 0.004863918 -0.7995991 -0.600534 0.0003949197 -0.7836941 -0.6211469 -6.636328e-07 -0.7219566 -0.6919384 7.487607e-06 -0.7704657 -0.6373987 0.01027674 -0.7542468 -0.6565525 0.007104959 -0.730667 -0.682724 0.003715015 -0.7046315 -0.7095722 0.001287097 -0.6763069 -0.73662 1.523837e-05 -0.5946332 -0.8039972 -6.418438e-05 -0.6416894 -0.7669245 0.007847727 -0.611694 -0.791084 0.004061125 0.9960575 -0.08871046 -7.959056e-06 0.9969362 -0.07821834 1.228329e-05 0.9978339 -0.0657816 0.0004236325 0.9986662 -0.05161078 0.001439429 0.9993516 -0.03585677 0.003274932 0.9990965 -0.04244459 0.002182681 0.9998441 -0.01765485 0.0003339285 1 0 -0.0001128332 0.9990984 0.04244468 0.0009613023 0.9998074 0.01864736 0.006126289 0.9993516 0.03585677 0.003274932 0.9986662 0.05161078 0.001439429 0.9978339 0.0657816 0.0004236325 0.9969362 0.07821835 1.228326e-05 -0 0 1 0 0 1 0 0 1 0 -0 1 0 0 1 0 -0 1 0 0 1 0 -0 1 0 0 1 0 0 1 0 0 1 0 -0 1 -0 0 1 0 -0 1 -0 0 1 0 -0 1 -0 0 1 0 -0 1 0 0 1 -0 0 1 0 -0 1 -0 0 1 0 -0 1 -0 0 1 0 -0 1 -0 0 1 0 0 1 -0 0 1 0 0 1 0 -0 1 0 0 1 0 -0 1 0 0 1 0 -0 1 0 -0 1 0 0 1 0 0 1 0 0 1 0 0 1 0 0 1 0 0 1 0 0 1 0 0 1 0 0 1 0 0 1 0 0 1 0 0 1 0 0 1 0 0 1 0 0 1 0 0 1 0 0 1 0 0 1 0 -0 1 0 0 1 0 -0 1 0 0 1 0 0 1 0 -0 1 0 0 1 0 -0 1 0 0 1 0 -0 1 0 0 1 0 -0 1 0 0 1 0 -0 1 0 0 1 0 -0 1 0 0 1 0 -0 1 0 0 1 0 -0 1 0 0 1 0 -0 1 -0.9869115 0.1612626 8.490048e-06 0.9988568 -0.04780194 0.0003143538 0.9998683 -0.01617896 0.00124362 0.999998 -0 0.002008953 0.9998683 0.01617896 0.00124362 0.9808595 -0.1947051 -0.002126988 0.9885739 -0.1505497 -0.007510515 0.9856099 -0.168966 -0.004865717 0.9830284 -0.1834254 -0.003198627 0.9817251 -0.1902822 0.002912342 0.9856145 -0.169 0.001778547 0.980916 -0.1944299 0.0008769085 0.9849012 -0.1731046 0.00206987 0.9880749 -0.1539688 0.001270999 0.9913049 -0.1315839 0.0005620557 0.9943532 -0.1061211 7.608181e-05 0.9960383 -0.08892617 7.243922e-07 0.9972452 -0.07417487 -1.073895e-06 0.9980034 0.06316071 -0.0001844867 0.9994742 0.03236479 -0.001959225 0.9999852 0 -0.005451544 0.9999851 0 -0.005451544 0.9994742 -0.03236479 -0.001959225 0.9980034 -0.06316071 -0.0001844867 0.9966567 -0.08170319 1.420606e-06 0.985616 -0.1690003 -3.013235e-05 0.9942992 -0.1053253 -0.01660185 0.991686 -0.1281644 -0.01152921 0.982752 0.1849243 0.001214545 0.9908843 0.1346618 0.003830491 0.9878062 0.1556668 0.002558386 0.9850173 0.1724471 0.001727406 0.9988568 0.04780194 0.0003143538 0.9972452 0.0741754 -1.080306e-06 0.985616 0.1690003 1.051172e-05 0.9956685 0.09269667 0.007194031 0.9939317 0.1098528 0.005663863 0.9778027 0.209526 -0.0009004833 0.9808595 0.194705 -0.00212696 0.9830281 0.1834272 -0.003198417 0.9856099 0.168966 -0.004865715 0.9885739 0.1505497 -0.007510515 0.991686 0.1281644 -0.01152921 0.9856132 0.1689998 -0.00240387 0.9954077 0.09572594 -3.608666e-06 0.9966565 0.08170508 1.439546e-06 -0.9883257 0.1523563 5.073741e-05 -0.9913308 0.1313892 0.0003543848 -0.9942843 0.1067594 0.001031375 -0.9677328 0.2519783 -8.400666e-05 -0.9790486 0.2033037 -0.01147078 -0.9753604 0.2204757 -0.007904394 -0.9765673 0.2151814 0.003640642 -0.9803645 0.1971283 0.005086695 -0.9677328 0.2519783 0.0003172486 -0.9849239 0.1729883 1.052322e-06 -0.9861709 0.1657312 -1.325481e-06 -0.9977884 0.06597205 -0.008121309 -0.9955031 0.09463973 -0.004101065 -0.9927334 0.1203237 -0.001663142 -0.9897704 0.1426692 -0.0004236352 -0.9897704 -0.1426692 -0.0004236354 -0.9927334 -0.1203237 -0.001663142 -0.9955031 -0.09463973 -0.004101064 -0.9977884 -0.06597205 -0.00812131 -0.999308 -0.03442122 -0.01409962 -0.9963955 -0.08480666 -0.001942819 -0.9999675 -0.008057315 0 -0.9963974 0.08480682 0 -0.9997556 0.008915756 -0.02023052 -0.999308 0.03442122 -0.01409962 -0.9687418 -0.2480572 -0.002610293 -0.9753604 -0.2204758 -0.007904419 -0.967732 -0.2519781 -0.001316607 -0.984438 -0.1757322 -6.164514e-06 -0.9869115 -0.1612626 8.489954e-06 -0.99687 0.07902746 0.00220988 -0.9988027 0.04875798 0.003996056 -0.9963967 0.08480675 0.001230319 -0.9998708 0.01607314 0 -0.9963974 -0.08480681 0 -0.999841 -0.01662198 0.006453053 -0.9988027 -0.04875798 0.003996056 -0.99687 -0.07902746 0.00220988 -0.9942843 -0.1067594 0.001031375 -0.9913309 -0.1313884 0.0003544082 -0.9883254 -0.1523575 5.073271e-05 -0.9861715 -0.1657279 -1.312769e-06 -0.9677328 -0.2519783 2.715372e-05 -0.9825443 -0.1859303 0.006051781 -0.980364 -0.1971309 0.005086493 -0.9765673 -0.2151814 0.003640642 -0.9650003 -0.2622488 -0 -0.911229 -0.4119002 0 -0.911229 -0.4119002 -0 -0.8285093 -0.5599753 0 -0.8285093 -0.5599753 -0 -0.7219568 -0.6919382 0 -0.7219568 -0.6919382 -0 -0.5946322 -0.8039979 0 -0.5946322 -0.8039979 -0 -0.4502029 -0.8929262 0 -0.4502029 -0.8929262 -0 -0.2928242 -0.9561663 0 -0.2928242 -0.9561663 -0 -0.1270168 -0.9919005 0 -0.1270168 -0.9919005 -0 0.04244062 -0.999099 0 0.04244062 -0.999099 0 0.2106788 -0.9775554 0 0.2106788 -0.9775554 0 0.372857 -0.9278888 0 0.372857 -0.9278888 0 0.5243061 -0.8515298 0 0.5243061 -0.8515298 0 0.6606758 -0.7506714 0 0.6606758 -0.7506714 0 0.7780356 -0.6282203 0 0.7780356 -0.6282203 0 0.8730138 -0.4876956 0 0.8730138 -0.4876956 0 0.9428779 -0.3331384 0 0.9428779 -0.3331384 0 0.9752608 -0.2210575 0 0.9778008 -0.2095346 -0.0008998396 0.980916 0.1944297 0.0008769113 0.9752608 0.2210575 0 0.9428779 0.3331384 0 0.9428779 0.3331384 0 0.8730136 0.4876958 0 0.8730136 0.4876958 0 0.7780356 0.6282203 0 0.7780356 0.6282203 0 0.6606758 0.7506714 0 0.6606758 0.7506714 0 0.5243067 0.8515295 0 0.5243067 0.8515295 0 0.3728562 0.9278891 0 0.3728562 0.9278891 0 0.2106792 0.9775553 0 0.2106792 0.9775553 0 0.04244155 0.999099 0 0.04244155 0.999099 0 -0.1270178 0.9919004 0 -0.1270178 0.9919004 0 -0.2928234 0.9561665 0 -0.2928234 0.9561665 0 -0.4502029 0.8929262 0 -0.4502029 0.8929262 0 -0.594633 0.8039972 0 -0.594633 0.8039972 0 -0.7219566 0.6919384 0 -0.7219566 0.6919384 0 -0.8285093 0.5599753 0 -0.8285093 0.5599753 0 -0.911229 0.4119002 0 -0.911229 0.4119002 0 -0.9650003 0.2622488 0 -0.9687433 0.2480516 -0.002611269 0 0 1 0 0 1 0 0 1 0 0 1 0 0 1 0 0 1 0 0 1 0 0 1 0 0 1 0 0 1 0 0 1 0 -0 1 0 0 1 0 0 1 0 -0 1 0 -0 1 0 0 1 0 -0 1 0 -0 1 0 0 1 -0 0 1 0 0 1 0 0 1 -0 0 1 -0 0 1 0 0 1 -0 0 1 -0 0 1 0 0 1 0 0 1 -0 0 1 0 0 1 0 0 1 0 0 1 0 0 1 0 0 1 0 0 1 0.002562813 0.4298857 -0.9028797 0 0.5047587 -0.8632605 0 0.6282185 -0.778037 0 0.6282185 -0.778037 0 0.7506764 -0.6606701 0 0.7506764 -0.6606701 0 0.851526 -0.5243124 0 0.851526 -0.5243124 0 0.9278905 -0.3728528 0 0.9278905 -0.3728528 0 0.9775547 -0.2106816 0 0.9775547 -0.2106816 0 0.9990989 -0.042444 0 0.9990988 -0.042444 0 0.9919006 0.1270164 -0 0.9919006 0.1270164 0 0.9561648 0.2928291 -0 0.9561648 0.2928291 0 0.89293 0.4501955 -0 0.89293 0.4501955 0 0.8039953 0.5946357 -0 0.8039953 0.5946357 0 0.6919372 0.7219577 -0 0.6919372 0.7219577 0 0.5599784 0.8285071 -0 0.5599784 0.8285072 0 0.4676125 0.8839335 0.0006570109 0.4119187 0.9112204 0 -0.2519749 0.9677338 0 -0.08481924 0.9963964 0 -0.08481924 0.9963963 0 0.08481924 0.9963963 0 0.08481925 0.9963964 0 0.2519748 0.9677338 0 0.2519748 0.9677338 0 0.3909721 0.9204025 0.0008982125 -0.3910262 0.9203791 0 -0.4118953 0.9112311 0 -0.2519749 0.9677338 0 -0.46762 0.8839296 0 -0.5599784 0.8285072 0 -0.5599784 0.8285071 0 -0.6919348 0.7219601 0 -0.6919348 0.7219599 0 -0.8039976 0.5946326 0 -0.8039976 0.5946326 0 -0.8929281 0.4501994 0 -0.8929281 0.4501994 0 -0.9561661 0.2928247 0 -0.9561661 0.2928247 0 -0.9919006 0.1270164 0 -0.9919006 0.1270164 0 -0.999099 -0.04243912 0 -0.9990991 -0.04243912 0 -0.9775547 -0.2106816 0 -0.9775547 -0.2106816 0 -0.9278888 -0.372857 0 -0.9278888 -0.372857 0 -0.851526 -0.5243123 0 -0.851526 -0.5243124 0 -0.7506764 -0.6606701 0 -0.7506764 -0.6606701 0 -0.6282185 -0.778037 0 -0.6282185 -0.778037 0 -0.5047615 -0.8632589 0.0005944272 -0.4877182 -0.873001 -0 -0.1689934 -0.9856172 0 -0.3331377 -0.9428782 -0 -0.3331377 -0.9428782 0 -0.4297075 -0.9029682 0 0.4876952 -0.8730139 0 0.3331378 -0.9428782 0 0.3331378 -0.9428782 0 0.1689934 -0.9856172 0 0.1689934 -0.9856172 0 0.04247903 -0.9990973 -0.0008375591 -0 -0.9999996 0 -0.04247903 -0.9990973 0 -0.1689934 -0.9856172 0 0.9561648 0.2928291 0 0.9919006 0.1270164 0 0.9919006 0.1270164 0 0.9990988 -0.04244401 0 0.9990989 -0.042444 0 0.9775548 -0.2106816 0 0.9775547 -0.2106816 0 0.9278905 -0.3728528 0 0.9278905 -0.3728528 0 0.851526 -0.5243123 0 0.851526 -0.5243124 0 0.7506764 -0.6606701 0 0.7506764 -0.6606701 0 0.6282185 -0.778037 0 0.6282185 -0.778037 0 0.4876952 -0.873014 0 0.4876952 -0.873014 0 0.3331378 -0.9428782 0 0.3331378 -0.9428782 0 0.1689934 -0.9856172 0 0.1689934 -0.9856172 0 0.04247903 -0.9990973 -0.0008377653 -0 -0.9999996 -0 -0.04247903 -0.9990973 0 -0.1689934 -0.9856172 -0 -0.1689934 -0.9856172 0 -0.3331378 -0.9428782 -0 -0.3331378 -0.9428782 0 -0.4876952 -0.873014 -0 -0.4876952 -0.873014 0 -0.6282185 -0.778037 -0 -0.6282185 -0.778037 0 -0.7506764 -0.6606701 -0 -0.7506764 -0.6606701 0 -0.851526 -0.5243124 -0 -0.851526 -0.5243124 0 -0.9278888 -0.372857 -0 -0.9278888 -0.372857 0 -0.9775547 -0.2106816 -0 -0.9775548 -0.2106816 0 -0.9990991 -0.04243912 -0 -0.9990991 -0.04243912 0 -0.9919006 0.1270164 0 -0.9919006 0.1270164 0 -0.9561662 0.2928247 0 -0.9561661 0.2928247 0 -0.9109304 0.41256 -0.0008300248 -0.8929434 0.4501681 0 -0.8726608 0.488327 0 -0.8332162 0.5529472 0.0007981217 -0.8039538 0.5946912 0 -0.7833351 0.6215997 0 -0.6919348 0.72196 0 -0.6919348 0.72196 0 -0.5599784 0.8285072 0 -0.5599784 0.8285072 0 -0.4118954 0.9112312 0 -0.4118953 0.9112311 0 -0.2519748 0.9677338 0 -0.2519749 0.9677338 0 -0.08481925 0.9963964 0 -0.08481924 0.9963964 0 0.08481924 0.9963964 0 0.08481925 0.9963964 0 0.2519749 0.9677337 0 0.2519748 0.9677338 0 0.4118953 0.9112311 0 0.4118953 0.9112311 0 0.5599784 0.8285072 0 0.5599784 0.8285072 0 0.6919373 0.7219576 0 0.6919372 0.7219577 0 0.8039953 0.5946358 0 0.8039952 0.5946357 0 0.8726649 0.4883194 -0.0008299382 0.8929454 0.4501642 -0 0.9109304 0.41256 0 0.9561648 0.2928291 -0.9963985 -0.08479431 0 -0.9963985 -0.08479431 -0 -0.967729 -0.2519932 0 -0.967729 -0.2519932 -0 -0.9112288 -0.4119005 0 -0.9112288 -0.4119005 -0 -0.8285155 -0.559966 0 -0.8285155 -0.559966 -0 -0.7219529 -0.6919422 0 -0.7219529 -0.6919422 -0 -0.5946358 -0.8039951 0 -0.5946358 -0.8039951 -0 -0.4501978 -0.8929288 0 -0.4501978 -0.8929288 -0 -0.2928254 -0.956166 0 -0.2928254 -0.956166 -0 -0.1270177 -0.9919004 0 -0.1270177 -0.9919004 -0 0.0424422 -0.999099 0 0.0424422 -0.999099 0 0.2106792 -0.9775552 0 0.2106792 -0.9775552 0 0.3728539 -0.9278901 0 0.3728539 -0.9278901 0 0.5243103 -0.8515273 0 0.5243103 -0.8515273 0 0.6606766 -0.7506706 0 0.6606766 -0.7506706 0 0.7780363 -0.6282194 0 0.7780363 -0.6282194 0 0.8730128 -0.4876974 0 0.8730128 -0.4876974 0 0.942877 -0.3331409 0 0.942877 -0.3331409 0 0.9856161 -0.1689996 0 0.9856161 -0.1689996 0 0.9990983 -0.04245693 0 0.9990983 -0.04245693 0 0.9990983 0.04245693 0 0.9990983 0.04245693 0 0.9856161 0.1689996 0 0.9856161 0.1689996 0 0.942877 0.3331409 0 0.942877 0.3331409 0 0.8730128 0.4876974 0 0.8730128 0.4876974 0 0.7780363 0.6282194 0 0.7780363 0.6282194 0 0.6606766 0.7506706 0 0.6606766 0.7506706 0 0.5243103 0.8515273 0 0.5243103 0.8515273 0 0.3728539 0.9278901 0 0.3728539 0.9278901 0 0.2106792 0.9775552 0 0.2106792 0.9775552 0 0.0424422 0.999099 0 0.0424422 0.999099 0 -0.1270197 0.9919003 0 -0.1270197 0.9919003 0 -0.2928236 0.9561665 0 -0.2928236 0.9561665 0 -0.4501978 0.8929288 0 -0.4501978 0.8929288 0 -0.5946358 0.8039951 0 -0.5946358 0.8039951 0 -0.7219529 0.6919422 0 -0.7219529 0.6919422 0 -0.8285155 0.559966 0 -0.8285155 0.559966 0 -0.9112288 0.4119005 0 -0.9112288 0.4119005 0 -0.967729 0.2519932 0 -0.967729 0.2519932 0 -0.9963985 0.08479431 0 -0.9963985 0.08479431 0 -0.9963975 -0.08480649 0 -0.9963975 -0.08480649 -0 -0.967733 -0.2519779 0 -0.967733 -0.2519779 -0 -0.9112281 -0.4119022 0 -0.9112281 -0.4119022 -0 -0.8285108 -0.5599731 0 -0.8285108 -0.5599731 -0 -0.721957 -0.6919379 0 -0.721957 -0.6919379 -0 -0.594631 -0.8039988 0 -0.594631 -0.8039988 -0 -0.4502044 -0.8929255 0 -0.4502044 -0.8929255 -0 -0.2928225 -0.9561668 0 -0.2928225 -0.9561668 -0 -0.1270174 -0.9919005 0 -0.1270174 -0.9919005 -0 0.0424422 -0.999099 0 0.0424422 -0.999099 0 0.2106786 -0.9775554 0 0.2106786 -0.9775554 0 0.3728567 -0.9278889 0 0.3728567 -0.9278889 0 0.5243094 -0.8515279 0 0.5243094 -0.8515279 0 0.660672 -0.7506746 0 0.660672 -0.7506746 0 0.7780387 -0.6282163 0 0.7780387 -0.6282163 0 0.8730133 -0.4876966 0 0.8730133 -0.4876966 0 0.942876 -0.3331437 0 0.942876 -0.3331437 0 0.985616 -0.1690006 0 0.985616 -0.1690006 0 1 0 0 1 -0 0 0.985616 0.1690006 0 0.985616 0.1690006 0 0.942876 0.3331437 0 0.942876 0.3331437 0 0.8730133 0.4876966 0 0.8730133 0.4876966 0 0.7780387 0.6282163 0 0.7780387 0.6282163 0 0.660672 0.7506746 0 0.660672 0.7506746 0 0.5243094 0.8515279 0 0.5243094 0.8515279 0 0.3728567 0.9278889 0 0.3728567 0.9278889 0 0.2106786 0.9775554 0 0.2106786 0.9775554 0 0.0424422 0.999099 0 0.0424422 0.999099 0 -0.1270194 0.9919001 0 -0.1270194 0.9919001 0 -0.2928207 0.9561674 0 -0.2928207 0.9561674 0 -0.4502044 0.8929255 0 -0.4502044 0.8929255 0 -0.594631 0.8039988 0 -0.594631 0.8039988 0 -0.721957 0.6919379 0 -0.721957 0.6919379 0 -0.8285108 0.5599731 0 -0.8285108 0.5599731 0 -0.9112281 0.4119022 0 -0.9112281 0.4119022 0 -0.967733 0.2519779 0 -0.967733 0.2519779 0 -0.9963975 0.08480649 0 -0.9963975 0.08480649 0 0.9969174 0.07845844 0 0.9969174 0.07845844 0 0.97237 0.233445 0 0.97237 0.233445 0 0.9238791 0.3826844 0 0.9238791 0.3826844 0 0.8526409 0.5224974 0 0.8526409 0.5224974 0 0.7604051 0.649449 0 0.7604051 0.649449 0 0.6494483 0.7604057 0 0.6494483 0.7604057 0 0.5225002 0.8526392 0 0.5225002 0.8526392 0 0.3826819 0.9238802 0 0.3826819 0.9238802 0 0.2334462 0.9723697 0 0.2334462 0.9723697 0 0.07845834 0.9969174 0 0.07845834 0.9969174 0 0.07845876 -0.9969174 0 0.07845876 -0.9969174 0 0.2334458 -0.9723698 0 0.2334458 -0.9723698 0 0.3826824 -0.9238799 0 0.3826824 -0.9238799 0 0.5224997 -0.8526395 0 0.5224997 -0.8526395 0 0.6494484 -0.7604057 0 0.6494484 -0.7604057 0 0.7604054 -0.6494487 0 0.7604054 -0.6494487 0 0.8526409 -0.5224974 0 0.8526409 -0.5224974 0 0.923879 -0.3826846 0 0.923879 -0.3826846 0 0.97237 -0.233445 0 0.97237 -0.233445 0 0.9969174 -0.07845844 0 0.9969174 -0.07845844 0 -0.9969173 -0.07845946 0 -0.9969173 -0.07845946 -0 -0.9723703 -0.2334435 0 -0.9723703 -0.2334435 -0 -0.9238791 -0.3826846 0 -0.9238791 -0.3826846 -0 -0.8526402 -0.5224985 0 -0.8526402 -0.5224985 -0 -0.7604061 -0.6494479 0 -0.7604061 -0.6494479 -0 -0.6494484 -0.7604057 0 -0.6494484 -0.7604057 -0 -0.5224983 -0.8526403 0 -0.5224983 -0.8526403 -0 -0.3826832 -0.9238796 0 -0.3826832 -0.9238796 -0 -0.2334456 -0.9723698 0 -0.2334456 -0.9723698 -0 -0.07845885 -0.9969174 0 -0.07845885 -0.9969174 -0 -0.07845844 0.9969174 0 -0.07845844 0.9969174 0 -0.233446 0.9723698 0 -0.233446 0.9723698 0 -0.3826827 0.9238799 0 -0.3826827 0.9238799 0 -0.5224988 0.85264 0 -0.5224988 0.85264 0 -0.6494483 0.7604057 0 -0.6494483 0.7604057 0 -0.7604059 0.6494481 0 -0.7604059 0.6494481 0 -0.8526402 0.5224985 0 -0.8526402 0.5224985 0 -0.9238791 0.3826844 0 -0.9238791 0.3826844 0 -0.9723703 0.2334435 0 -0.9723703 0.2334435 0 -0.9969173 0.07845946 0 -0.9969173 0.07845946 0 0.3485153 0.4159122 0.8399727 0.6873637 0.5058641 0.5211838 0.8397077 0.5250785 0.1385048 0.2352215 0.3472711 0.907785 0 0.9999993 0.001158748 0.0003997441 0.9999999 0.000276069 0.0003197442 0.9999999 0.0002208198 0.008445234 0.9999474 0.005832372 0.02101904 0.9997724 -0.003646627 0.04178879 0.9990693 0.01068155 0.06282157 0.9980185 -0.003534922 0.087522 0.9960716 0.01346219 0.1102737 0.9939011 0.0006438901 0.1331009 0.9909688 0.0162814 0.1574298 0.9875184 0.004823589 0.1711588 0.9851417 0.01415872 0.1865984 0.9823585 0.01235909 0.1982717 0.9799373 0.02028172 0.2242335 0.9744733 0.01100491 0.2423157 0.9699214 0.02314343 0.269289 0.9629396 0.01519383 0.2857168 0.957959 0.02608548 0.3135104 0.949387 0.01937599 0.3284433 0.9440745 0.02912717 0.3568681 0.9338578 0.02355115 0.3704772 0.9282807 0.03227626 0.3993114 0.9163964 0.02771415 0.4062766 0.913187 0.03207557 0.4386276 0.8980029 0.03459451 0.00290695 0.9999908 0.003166307 0.0006535298 0.9993674 0.0355586 0.007916019 0.9991454 0.0405685 0.006501504 0.9954315 0.09525684 0.01323514 0.9949102 0.09989285 0.01571695 0.9874955 0.1568612 0.01859487 0.98713 0.1588347 0.02502341 0.9756145 0.2180597 0.02146482 0.9762385 0.215633 0.03398072 0.9680999 0.2482497 0.02636041 0.969648 0.2430801 0.03871692 0.951789 0.3043005 0.03177218 0.9535272 0.2996272 0.0482914 0.9307843 0.3623654 0.03725755 0.9341133 0.355027 0.058064 0.906058 0.4191508 0.04282799 0.9114559 0.4091624 0.06809192 0.8775828 0.4745649 0.04850118 0.8855823 0.4619434 0.07842678 0.8453127 0.5284845 0.05428586 0.8565185 0.5132535 0.08912603 0.8091658 0.5807816 0.06019779 0.824274 0.5629819 0.1002563 0.7689458 0.631404 0.06410293 0.7899736 0.6097808 0.1107296 0.74369 0.6592907 0.06902125 0.769491 0.6349171 0.1178904 0.703456 0.7008934 0.0746484 0.7326995 0.6764459 0.1292872 0.6575529 0.7422323 0.08026261 0.6937954 0.7156854 0.1410834 0.6083961 0.7809929 0.08582722 0.6528951 0.7525702 0.1533256 0.5558514 0.8170192 0.09129427 0.6101257 0.7870274 0.1660756 0.4997174 0.8501185 0.09659116 0.5656421 0.8189744 0.1794118 0.4396869 0.8800493 0.1015184 0.5197217 0.8482826 0.1932001 0.3780625 0.9053963 0.1058989 0.4748074 0.8736953 0.2070395 0.3150716 0.9262098 0.1096973 0.431019 0.8956501 0.2212819 0.2486196 0.942986 0.1128379 0.3873737 0.9149914 0.2364169 0.1776577 0.9552722 0.1150972 0.344411 0.9317369 0.4329999 0.9009854 0.02713708 0.4524569 0.8909334 0.03899363 0.4813499 0.8757888 0.03600403 0.4855706 0.8733494 0.03849616 0.5091654 0.8596241 0.04239039 0.5115618 0.8581302 0.04378584 0.538883 0.8413019 0.04261929 0.547055 0.8357655 0.04718921 0.5734603 0.8179188 0.04639256 0.5814855 0.8119765 0.05068281 0.6066381 0.7933995 0.05007408 0.6148626 0.7867668 0.05424137 0.6384014 0.7678317 0.05364748 0.6472385 0.7600896 0.05784513 0.6687628 0.7412787 0.05711617 0.6786278 0.7319075 0.06144588 0.697704 0.7138294 0.06047124 0.7084067 0.7028306 0.06472442 0.7245523 0.6862613 0.06379074 0.7358969 0.6736916 0.06778804 0.7489163 0.6592884 0.06680626 0.7617332 0.6440226 0.07069179 0.771437 0.6324899 0.06958025 0.7864246 0.6133233 0.07328731 0.7925391 0.6055224 0.07227953 0.8099676 0.5815969 0.07548314 0.8123073 0.5783937 0.07494991 0.8323737 0.5488145 0.07717945 0.01077973 0.9999142 0.007444576 0.01003508 0.9999114 0.008741058 0.03658576 0.9989642 0.02705583 0.03549334 0.9989416 0.02925589 0.06846572 0.9963 0.05194813 0.06756312 0.9962336 0.05434943 0.1004349 0.9919694 0.07687349 0.09971469 0.991829 0.07957429 0.1232538 0.9877596 0.09560071 0.123504 0.9875691 0.09723137 0.1465389 0.9827464 0.1128539 0.1461653 0.9824326 0.1160255 0.1782351 0.9743242 0.1375671 0.1781433 0.9738234 0.1411839 0.2099729 0.9641415 0.1623036 0.2102298 0.9633769 0.1664583 0.2418078 0.9521148 0.1870997 0.2425017 0.950986 0.1918818 0.2737821 0.9381449 0.2119612 0.2750326 0.9365088 0.2175047 0.3059357 0.9221034 0.2369151 0.3078906 0.9197779 0.2433351 0.3383371 0.9038257 0.2619677 0.3411834 0.9005602 0.2694165 0.3626555 0.8881807 0.2821633 0.3675264 0.8842343 0.2881909 0.386481 0.8724106 0.2992194 0.3913237 0.8671681 0.3080343 0.4165269 0.8501254 0.3221681 0.422877 0.8431192 0.3321522 0.4463256 0.8258055 0.3447299 0.4545115 0.8165171 0.3559762 0.4758257 0.7993956 0.3668194 0.4862574 0.7871428 0.3794204 0.5049527 0.770851 0.3883445 0.5181183 0.7547638 0.4023493 0.5336107 0.7401499 0.4091915 0.5501062 0.7190957 0.4245993 0.5609496 0.7080529 0.4289483 0.5815445 0.6808437 0.4452616 0.5862865 0.6756483 0.4469535 0.6115795 0.6409037 0.4639106 0.6100233 0.6427314 0.4634306 0.6407199 0.5985229 0.4808829 0.6323367 0.6090561 0.4787496 0.6694728 0.5528899 0.4961038 0.6529427 0.5750765 0.4929026 0.6977367 0.5038317 0.5092318 0.7273952 0.4571599 0.5117627 0.8473929 0.527522 0.06037987 0.9475747 0.309582 0.07912666 0.830857 0.5510425 0.07764573 0.8106972 0.5172274 0.2743099 0.8340329 0.5149408 0.1980529 0.9643006 0.1484689 0.2192744 0.8132052 0.5337982 0.2318551 0.801038 0.5538664 0.2270904 0.7881375 0.572652 0.2256302 0.7800058 0.5852072 0.2216382 0.7621411 0.6094854 0.2183312 0.7576591 0.6159773 0.2156957 0.7352589 0.6443887 0.2101369 0.733936 0.6461889 0.2092315 0.7075293 0.6774336 0.2012115 0.7088579 0.6757329 0.2022513 0.6785167 0.7091724 0.1915454 0.6819762 0.7049867 0.1946848 0.6476221 0.7401477 0.181017 0.6526808 0.734354 0.1863654 0.6154789 0.7695958 0.1700236 0.6216379 0.7629613 0.1773591 0.582823 0.7969106 0.1589053 0.5895894 0.7900354 0.1680128 0.549643 0.8222296 0.1477526 0.5565692 0.8155671 0.1583703 0.5158998 0.8456867 0.1366068 0.5226116 0.8395411 0.1484846 0.4815742 0.8673711 0.125513 0.4877467 0.8619456 0.1383944 0.4534093 0.8834035 0.1183983 0.4612311 0.8778987 0.1286846 0.4259049 0.8983243 0.1077897 0.4303108 0.8943537 0.1223274 0.3877371 0.9167264 0.09629524 0.3909845 0.9136555 0.1111972 0.349344 0.9331258 0.08505911 0.3512773 0.9309034 0.1001149 0.3106543 0.9476341 0.07405002 0.3111713 0.9461707 0.08907035 0.2716364 0.9603202 0.06323616 0.2706672 0.9595025 0.07806629 0.2322723 0.9712278 0.05259491 0.2297736 0.9709285 0.06709543 0.192536 0.980387 0.04208558 0.188487 0.9804695 0.05614359 0.1606861 0.9863014 0.03727534 0.1609722 0.9859234 0.04519869 0.1341221 0.9905988 0.02693246 0.1277434 0.9909897 0.04026335 0.09319475 0.9955097 0.01658899 0.08536894 0.9959218 0.02918934 0.05215071 0.9986192 0.006327755 0.04294541 0.9989131 0.01811955 0.01689527 0.9998572 0.0001493759 0.01056955 0.9999174 0.007299482 0.0003197442 0.9999999 0.0002208199 0.8034685 0.4942444 0.3319048 0.930355 0.1014324 0.3523509 0.776862 0.5017155 0.3804826 0.7480823 0.549974 0.3713509 0.7500826 0.5470831 0.371586 0.7268528 0.5837744 0.3617906 0.7225006 0.5896549 0.3609712 0.7041935 0.6169528 0.3513982 0.6941773 0.6295987 0.3488887 0.6801414 0.6493898 0.3401479 0.6652111 0.6669906 0.3355858 0.6548131 0.6808787 0.3280612 0.6351306 0.7025049 0.3210857 0.627844 0.711789 0.3149101 0.6033807 0.7367616 0.305146 0.5987085 0.7424598 0.3005023 0.5707222 0.7689126 0.2881828 0.5681005 0.7719491 0.2852306 0.5379029 0.7983109 0.2708508 0.5368183 0.7995085 0.2694669 0.5049049 0.8251846 0.2532616 0.5049285 0.8251597 0.2532958 0.4717152 0.8497186 0.235506 0.4724932 0.8489252 0.2368041 0.4383104 0.8720722 0.217656 0.4395368 0.8708545 0.2200449 0.4120767 0.8880044 0.2040616 0.4139367 0.8865895 0.2064353 0.3847503 0.9034334 0.1891436 0.3860931 0.9020295 0.1930673 0.348657 0.9216727 0.1701698 0.3498666 0.9203472 0.1747988 0.3127223 0.9376882 0.1514779 0.3136398 0.9365326 0.1566424 0.2768569 0.951657 0.1330385 0.2773606 0.9507206 0.1385699 0.2410102 0.9637073 0.1148146 0.2410119 0.9630014 0.120589 0.2051267 0.9739386 0.09678127 0.2045619 0.9734543 0.10267 0.169154 0.9824274 0.07888842 0.1679794 0.9821368 0.08479398 0.1420252 0.9875804 0.0671854 0.1423499 0.9873003 0.07053047 0.1166184 0.9917606 0.05301913 0.1144836 0.9916809 0.05884262 0.08003156 0.9961694 0.03523584 0.0772915 0.9961726 0.04081826 0.04346331 0.9989011 0.01753716 0.04010126 0.9989335 0.02288253 0.01321292 0.9999033 0.004334617 0.01148168 0.9999114 0.006744153 0.0009604607 0.9999995 -0.0004976662 0.7599847 0.5086099 0.4046469 0.7443662 0.4190744 0.5198997 0.6704416 0.5324233 0.5167528 0.663883 0.392152 0.6367701 0.6329705 0.44255 0.6352148 0.5603468 0.5583583 0.6117578 0.6045916 0.4992597 0.6206519 0.544109 0.5915828 0.594958 0.5761965 0.5513958 0.6032912 0.525425 0.6256541 0.5766156 0.5477836 0.5994523 0.583601 0.504927 0.6596049 0.5567495 0.5188025 0.6444287 0.5617433 0.4827242 0.6934647 0.5348684 0.4887589 0.6873277 0.5373038 0.4586133 0.7272081 0.5107271 0.458506 0.7273092 0.5106795 0.43327 0.7594807 0.4852486 0.428642 0.7635089 0.4830324 0.4075166 0.7895624 0.4588262 0.3991387 0.7962847 0.4545536 0.3815106 0.817414 0.4316062 0.3699679 0.8259273 0.4254031 0.3553458 0.8430611 0.4037045 0.3411049 0.8526803 0.3957064 0.3290908 0.8665501 0.3752202 0.3201652 0.872109 0.3700272 0.3078356 0.8826356 0.3552347 0.2955831 0.8896992 0.3479453 0.2873863 0.899706 0.3285395 0.265742 0.9110311 0.3152832 0.2594529 0.9188955 0.297179 0.2365031 0.9295782 0.2827552 0.2318928 0.935715 0.2658255 0.2077578 0.9456077 0.2503255 0.2046347 0.9503431 0.2344624 0.179418 0.959321 0.2179734 0.1776358 0.9629093 0.2031037 0.1514004 0.9708742 0.1856908 0.1508403 0.973529 0.1717218 0.1236172 0.9803966 0.1534322 0.12419 0.9822926 0.1402787 0.1051685 0.9862623 0.1273822 0.1037164 0.9873015 0.1203271 0.08345117 0.990802 0.1065231 0.08559816 0.9918495 0.09437896 0.05578259 0.9957008 0.07394746 0.05889633 0.9963015 0.06256694 0.0282432 0.9987405 0.04147042 0.03231656 0.9990045 0.03074975 0.00728095 0.9998826 0.01348161 0.009777911 0.9999209 0.00791142 -7.994878e-05 0.9999993 0.001103534 0.5962836 0.4190119 0.6847445 0.6807526 0.3806271 0.6258585 0.8330135 -0.2078116 0.5127406 0.5738377 0.510609 0.6403037 0.5874839 0.3135633 0.7460165 0.5567815 0.3651378 0.7461023 0.4544353 0.5298692 0.7160497 0.5288228 0.4304186 0.7314959 0.4435391 0.5623206 0.697903 0.5015584 0.489598 0.7132552 0.4294911 0.5968379 0.6777329 0.4747677 0.543748 0.6920505 0.4132715 0.6319463 0.6556299 0.4478168 0.5941449 0.6681706 0.3952465 0.6675264 0.631022 0.4201974 0.6421468 0.6411566 0.3754162 0.7033283 0.603649 0.3927085 0.6870406 0.6113552 0.3544214 0.7376879 0.5746321 0.3658029 0.7277843 0.580102 0.3330256 0.769917 0.5443544 0.3394403 0.7647722 0.5476349 0.3114133 0.7999251 0.5129732 0.3135712 0.7983344 0.5141354 0.2896931 0.8277039 0.4806081 0.2881565 0.8287412 0.4797437 0.2679543 0.8532631 0.4473728 0.270387 0.8517509 0.4487887 0.2500005 0.869952 0.4250685 0.2483196 0.8709219 0.4240664 0.2336375 0.8896523 0.3923421 0.2225016 0.8954727 0.3855147 0.2107057 0.9107111 0.3552581 0.1973615 0.9169152 0.3468645 0.1881771 0.9292359 0.3179781 0.1727839 0.9355366 0.308086 0.165984 0.945389 0.2805154 0.1486857 0.9515381 0.2691986 0.1440855 0.9592974 0.2428741 0.1249744 0.9650888 0.230185 0.1224325 0.9710616 0.2050603 0.1015559 0.9763164 0.1910307 0.1009609 0.9807654 0.1670516 0.0870202 0.9836612 0.1576016 0.08374093 0.985922 0.1447244 0.0678319 0.9886729 0.133883 0.0699835 0.9913148 0.1113435 0.0446995 0.9945667 0.09401509 0.0485857 0.9961725 0.07266157 0.02172025 0.9982954 0.05417075 0.0272942 0.9990487 0.03401149 0.004941241 0.9998149 0.01859295 0.009090443 0.999939 0.006277989 0.0003197953 0.9999999 0.0002208552 0.6001929 0.3318263 0.7277773 0.7630945 -0.3231362 0.5597052 0.4637545 0.4762845 0.7470508 0.4970883 0.2289962 0.8369374 0.4686355 0.27729 0.8387437 0.3424002 0.4849103 0.804751 0.4422199 0.3503923 0.8256312 0.3358085 0.5186493 0.7862796 0.4172274 0.4160316 0.8079845 0.3261462 0.5548199 0.765378 0.3931786 0.4759099 0.786715 0.3143965 0.5918758 0.7421846 0.3693543 0.5315582 0.7622489 0.3009839 0.6298228 0.7160531 0.345232 0.5847154 0.7341136 0.2860155 0.6683139 0.6866962 0.321492 0.6348535 0.7025695 0.2700247 0.7053973 0.6553636 0.2984683 0.6806252 0.6690785 0.2536611 0.740454 0.6224018 0.276084 0.7224601 0.6339 0.2370827 0.7733755 0.5879474 0.2542658 0.7607059 0.597223 0.2204177 0.8040895 0.5521376 0.2329683 0.7956179 0.559212 0.2037454 0.8325768 0.5150763 0.2186088 0.8233541 0.5237349 0.1897065 0.8501874 0.4911138 0.1997669 0.8443712 0.4971221 0.177529 0.8736873 0.4529392 0.1784619 0.8732001 0.4535118 0.1600223 0.8975601 0.4108269 0.1578239 0.8985813 0.4094427 0.1428678 0.9187065 0.3681944 0.137747 0.9208001 0.3649011 0.1260145 0.9372536 0.3250785 0.1181444 0.9400473 0.3199266 0.1094295 0.9532949 0.2815208 0.09893344 0.9564703 0.2745484 0.09306905 0.9669115 0.2375297 0.08002559 0.9701878 0.228761 0.076887 0.9781568 0.1931257 0.0690919 0.9797662 0.1878414 0.06336007 0.983619 0.1687578 0.05287873 0.9854366 0.1616126 0.05360479 0.9903587 0.1277344 0.03432629 0.9928277 0.1145202 0.03753341 0.9959036 0.08226383 0.01591864 0.9976 0.06738517 0.02157327 0.9990948 0.03666326 0.00307973 0.9997094 0.02390792 0.007297419 0.9999543 0.006181485 0 0.9999993 0.001158748 0.4078921 0.0714028 0.9102339 0.2398873 0.3314421 0.9124693 0.2699929 0.08337992 0.9592453 0.2528052 0.1010045 0.9622306 0.267807 0.07699217 0.9603914 0.1192808 0.2583405 0.9586617 0.4846672 -0.4182651 0.7682136 0.1270754 0.1702792 0.9771677 0 0.9999993 0.001158748 0.00290695 0.9999908 0.003166419 0 0.999128 0.04175019 0.007459228 0.998872 0.04689464 0 0.9941607 0.10791 0.01205738 0.9931521 0.1162043 0 0.9848294 0.1735256 0.01670432 0.9826034 0.1849635 0 0.9711599 0.2384291 0.01885617 0.9677352 0.2512629 0 0.9637234 0.2669027 0.02346685 0.9588902 0.2828053 0 0.9442776 0.3291501 0.02822062 0.9370378 0.3480859 0 0.9209405 0.3897034 0.03307987 0.9107518 0.4116272 0 0.8938325 0.4484009 0.03806421 0.8801051 0.4732506 0 0.8630758 0.5050745 0.04320438 0.8451559 0.5327709 0 0.8287849 0.5595673 0.04852441 0.8059422 0.5900022 0 0.7910734 0.6117213 0.05406362 0.7624748 0.6447551 0 0.74996 0.6614831 0.05751775 0.7161076 0.6956159 0 0.7275337 0.6860719 0.06252541 0.6886147 0.7224267 0 0.685507 0.728066 0.06814004 0.6389669 0.7662104 0 0.6415122 0.7671129 0.0739416 0.5863372 0.8066854 0 0.5957237 0.8031894 0.0799493 0.5307668 0.8437386 0 0.5483062 0.8362777 0.08618699 0.4722565 0.8772375 0 0.4994126 0.8663642 0.09267842 0.4107631 0.9070196 0 0.4491736 0.8934445 0.09927444 0.3463659 0.9328319 0 0.4002764 0.9163945 0.1058867 0.2820772 0.9535305 0 0.352677 0.9357451 0.1126587 0.2175722 0.9695206 0 0.3049516 0.9523679 0.1197473 0.1507526 0.9812921 0 0.257232 0.9663497 0.1272315 0.0813288 0.9885331 0 0.2096555 0.9777753 0.1356099 0.008279358 0.9907277 0 0.1622984 0.9867417 0.1400064 -0.06135056 0.9882482 0 0.1485821 0.9889001 0.4856796 0.4010601 0.776702 0.5080264 0.1731442 0.8437595 0.3518544 0.4196188 0.8367308 0.3888496 0.151301 0.9087926 0.3671945 0.1873343 0.911084 0.2290232 0.4220359 0.8771739 0.3445219 0.2646528 0.9007018 0.2249655 0.4597391 0.859087 0.3235084 0.3345379 0.8851139 0.218823 0.4991697 0.8384188 0.3036147 0.3987544 0.8653398 0.2112062 0.5392268 0.8152462 0.2841572 0.4587833 0.8418863 0.2023866 0.5803452 0.7888215 0.2646585 0.516629 0.8142791 0.1924509 0.6222566 0.7587881 0.2456528 0.5719465 0.7826442 0.1817825 0.6627318 0.7264583 0.2273799 0.6229421 0.7484928 0.1708047 0.7013305 0.6920702 0.2097301 0.6700492 0.7120725 0.1596528 0.7379022 0.6557525 0.1926382 0.7135571 0.6735924 0.1484244 0.7723467 0.6176171 0.1760442 0.7536913 0.6332123 0.1371864 0.8045936 0.5777622 0.1652496 0.7872096 0.5941325 0.1275399 0.8234677 0.5528423 0.1502886 0.8102805 0.5664442 0.1195484 0.8518596 0.5099445 0.1339083 0.8443617 0.5187697 0.1077563 0.8794742 0.4635879 0.118108 0.8746686 0.4701121 0.0962183 0.9041433 0.4162534 0.1027978 0.9014555 0.4204885 0.08489937 0.9259369 0.3680123 0.08790398 0.9248715 0.3699805 0.07377716 0.9449027 0.3189292 0.0733499 0.9450318 0.3186452 0.06282527 0.961068 0.269075 0.0590651 0.9620106 0.266546 0.05200492 0.9744539 0.2184836 0.05140523 0.9745768 0.2180769 0.04259165 0.9803915 0.1924018 0.03860312 0.9810864 0.1896821 0.03646885 0.9889668 0.1435782 0.02466325 0.9904725 0.1354844 0.0257496 0.9954892 0.09131361 0.01084923 0.9966505 0.081056 0.01510697 0.9991295 0.03888589 0.001641984 0.9995605 0.02959864 0.005338315 0.9999741 0.004845434 0 0.9999993 0.001158748 0.8716869 0.4863359 0.0603267 0.9925669 -0.1056736 0.06036582 0.9604537 -0.2718173 0.0603645 0.9007398 -0.430144 0.06036516 0.06857826 0.03826159 0.9969118 0.05507981 0.02486783 0.9981722 0.05698847 0.02011233 0.9981722 0.05848743 0.01521199 0.9981722 0.05956608 0.01020256 0.9981722 0.06021631 0.005119794 0.9981722 0.06043334 0 0.9981722 0.06021609 -0.005119778 0.9981722 0.05956613 -0.01020257 0.9981722 0.05848764 -0.01521205 0.9981722 0.0569884 -0.02011232 0.9981722 0.05507981 -0.0248678 0.9981722 0.5346206 -0.3086979 0.7866933 0.4628983 -0.2441235 0.852132 0.454715 -0.2471137 0.8556688 0.3306173 -0.1928886 0.9238432 0.3708119 -0.1761012 0.9118591 0.2294508 -0.1505933 0.9615998 0.2600149 -0.145069 0.9546451 0.1731044 -0.09657937 0.9801568 0.1533462 -0.09620272 0.9834785 0.07540461 -0.02714105 0.9967836 0.05277508 -0.02944459 0.9981722 0.6207457 -0.3806119 0.6854265 0.5988514 -0.3341147 0.7278354 0.5471323 -0.3052592 0.7793992 0.06053704 0.01401663 0.9980676 0.1662722 0.1076989 0.9801809 0.1575497 0.087901 0.9835911 0.2397791 0.1337789 0.961566 0.2547695 0.1553454 0.9544424 0.3435952 0.1713902 0.9233459 0.3565212 0.2042981 0.9116769 0.45982 0.2493196 0.8522941 0.458316 0.2400735 0.8557519 0.5413734 0.314906 0.7795827 0.5388676 0.3006481 0.7869133 0.5988509 0.3341143 0.7278361 0.6104702 0.3582701 0.7063771 0.8238537 -0.4596525 0.3316392 0.7986077 -0.445567 0.4045934 0.7933676 -0.4499684 0.4099956 0.7489696 -0.4081478 0.5219768 0.7550489 -0.4029558 0.517231 0.6742889 -0.3916326 0.6260658 0.6876636 -0.3836666 0.6163754 0.6177773 -0.3446751 0.7067888 0.05698843 0.02011228 0.9981723 0.1701282 0.06004141 0.9835911 0.170128 0.06004108 0.9835911 0.2807738 0.09908987 0.9546452 0.2807741 0.09909046 0.954645 0.3873071 0.136688 0.9117618 0.3873071 0.1366879 0.9117618 0.4881699 0.1722843 0.8555748 0.4881696 0.1722837 0.8555751 0.5818886 0.2053588 0.7869138 0.5818886 0.2053586 0.786914 0.6670997 0.235431 0.7067888 0.6670993 0.2354298 0.7067895 0.7425657 0.2620631 0.6163759 0.7425663 0.2620661 0.6163739 0.8071934 0.2848742 0.5169966 0.8071932 0.2848722 0.516998 0.8600496 0.3035262 0.4101056 0.8600496 0.3035268 0.4101051 0.9003707 0.3177569 0.2972596 0.9003708 0.3177553 0.2972609 0.9275784 0.3273572 0.1800985 0.9275783 0.3273579 0.180098 0.0550798 0.02486781 0.9981723 0.16443 0.07423797 0.9835911 0.1644301 0.07423819 0.9835911 0.2713699 0.1225202 0.954645 0.2713698 0.1225199 0.9546452 0.3743352 0.1690075 0.9117618 0.3743352 0.1690075 0.9117618 0.4718195 0.2130204 0.8555751 0.4718197 0.213021 0.8555748 0.5624 0.2539169 0.7869133 0.5623997 0.2539158 0.7869138 0.6447566 0.2910989 0.7067888 0.6447566 0.291099 0.7067887 0.7176948 0.3240296 0.6163756 0.7176948 0.3240294 0.6163759 0.7801588 0.352231 0.5169966 0.7801588 0.3522311 0.5169966 0.8312442 0.3752954 0.4101055 0.8312442 0.3752951 0.4101056 0.8702149 0.3928899 0.29726 0.8702149 0.3928904 0.2972596 0.8965109 0.4047627 0.1800984 0.896511 0.4047624 0.1800986 0.6361378 0.3549191 0.6850993 0.6811104 0.3800105 0.6258439 0.6825825 0.3930341 0.6161212 0.7520532 0.4026426 0.5218189 0.7512257 0.4101693 0.5171278 0.7950962 0.4517131 0.404694 0.7964607 0.4443691 0.4101054 0.8238537 0.4596525 0.3316391 0.8249817 0.4808311 0.296996 0.8398283 0.4685602 0.2741164 0.8589985 0.4792558 0.1800985 0.8443874 0.497793 0.1980202 0.8648751 0.4825354 0.1383864 0.8249863 -0.4941078 0.2743264 0.8338028 -0.4651986 0.2972595 0.8560094 -0.4775881 0.1978827 0.8510011 -0.4933701 0.1799528 0.8648748 -0.4825358 0.1383864 0.8716868 -0.4863364 0.06032427 0.8716856 -0.4863385 0.06032614 0.05507981 -0.02486781 0.9981723 0.1644302 -0.07423806 0.9835911 0.16443 -0.07423807 0.9835911 0.2713698 -0.1225201 0.9546451 0.2713698 -0.1225201 0.9546451 0.3743351 -0.1690076 0.9117619 0.3743351 -0.1690076 0.9117619 0.4718198 -0.2130207 0.8555748 0.4718195 -0.2130209 0.855575 0.5623994 -0.2539166 0.7869138 0.5624001 -0.2539163 0.7869134 0.6447565 -0.2910991 0.7067888 0.6447565 -0.291099 0.7067888 0.7176946 -0.3240297 0.6163759 0.7176951 -0.3240293 0.6163754 0.7801588 -0.3522308 0.5169967 0.7801587 -0.352231 0.5169969 0.8312442 -0.3752954 0.4101054 0.8312441 -0.3752956 0.4101056 0.8702148 -0.3928904 0.2972597 0.8702149 -0.3928902 0.2972595 0.8965109 -0.4047625 0.1800984 0.896511 -0.4047624 0.1800984 0.909754 -0.4107416 0.06032493 0.9189535 -0.3918937 0.04408737 0.0569885 -0.02011229 0.9981723 0.170128 -0.06004129 0.9835911 0.1701282 -0.06004122 0.9835911 0.2807742 -0.09909012 0.9546449 0.2807737 -0.09909032 0.9546451 0.387307 -0.1366879 0.9117618 0.387307 -0.1366879 0.9117618 0.4881695 -0.1722841 0.855575 0.4881701 -0.1722838 0.8555748 0.5818886 -0.2053587 0.786914 0.5818887 -0.2053585 0.7869138 0.6670989 -0.2354307 0.7067894 0.6671 -0.23543 0.7067888 0.7425671 -0.2620636 0.616374 0.7425648 -0.2620655 0.6163759 0.8071926 -0.2848739 0.5169981 0.8071939 -0.2848725 0.5169967 0.8600498 -0.3035263 0.410105 0.8600495 -0.3035266 0.4101054 0.9003704 -0.3177566 0.2972609 0.9003712 -0.3177552 0.2972597 0.9275786 -0.3273571 0.1800978 0.9275783 -0.3273579 0.1800984 0.9412802 -0.3321935 0.06032376 0.9412796 -0.3321949 0.06032492 0.05848738 -0.01521215 0.9981723 0.1746023 -0.04541278 0.9835912 0.174603 -0.04541248 0.9835911 0.2881599 -0.07494752 0.9546448 0.2881594 -0.07494776 0.954645 0.3974948 -0.1033849 0.9117618 0.3974944 -0.1033852 0.9117619 0.50101 -0.1303088 0.8555751 0.5010099 -0.1303089 0.8555751 0.5971932 -0.1553254 0.7869144 0.597194 -0.1553248 0.7869139 0.6846465 -0.1780704 0.7067887 0.6846453 -0.1780714 0.7067894 0.762098 -0.1982163 0.616374 0.7620981 -0.1982162 0.6163739 0.8284235 -0.215467 0.5169994 0.8284248 -0.2154655 0.5169981 0.8826717 -0.2295746 0.4101051 0.8826718 -0.2295744 0.410105 0.9240539 -0.2403374 0.2972579 0.9240519 -0.240341 0.2972609 0.9519754 -0.2476037 0.1800981 0.9519755 -0.2476033 0.1800978 0.9660378 -0.2512608 0.06032389 0.9719461 -0.231048 0.04401997 0.05956608 -0.0102026 0.9981722 0.1778225 -0.03045778 0.9835911 0.1778217 -0.03045819 0.9835913 0.2934717 -0.05026731 0.9546452 0.2934733 -0.05026637 0.9546448 0.4048246 -0.0693387 0.9117616 0.4048243 -0.06933893 0.9117617 0.5102482 -0.08739612 0.855575 0.5102483 -0.08739607 0.855575 0.6082052 -0.1041743 0.7869143 0.608205 -0.1041745 0.7869145 0.697271 -0.1194299 0.7067882 0.6972706 -0.1194304 0.7067886 0.77615 -0.1329411 0.6163746 0.7761507 -0.1329403 0.616374 0.8436996 -0.1445103 0.5169988 0.843699 -0.144511 0.5169995 0.8989468 -0.153974 0.4101056 0.8989472 -0.1539734 0.4101052 0.9410926 -0.1611921 0.2972574 0.9410923 -0.1611927 0.2972579 0.9695296 -0.1660634 0.1800986 0.9695296 -0.1660629 0.1800982 0.9838512 -0.1685159 0.06032521 0.9838516 -0.1685142 0.06032389 0.06021634 -0.005119637 0.9981722 0.1797633 -0.0152836 0.9835911 0.1797635 -0.01528348 0.9835911 0.2966761 -0.02522337 0.954645 0.2966752 -0.02522399 0.9546453 0.4092429 -0.03479476 0.9117618 0.4092434 -0.03479435 0.9117616 0.5158178 -0.04385541 0.855575 0.5158179 -0.0438554 0.855575 0.6148456 -0.05227485 0.7869132 0.6148438 -0.05227657 0.7869143 0.7048803 -0.05993188 0.7067898 0.7048823 -0.05992955 0.7067881 0.7846229 -0.06670916 0.616374 0.7846223 -0.06671008 0.6163747 0.8529094 -0.072516 0.5169979 0.8529088 -0.07251716 0.5169988 0.9087596 -0.07726578 0.410105 0.9087591 -0.07726672 0.4101057 0.9513644 -0.08088922 0.2972588 0.9513651 -0.08088742 0.2972574 0.9801123 -0.0833316 0.180099 0.9801125 -0.08333109 0.1800987 0.9945905 -0.08456205 0.06032422 0.9970097 -0.06355856 0.04395541 0.06043334 -0 0.9981723 0.1804119 0 0.9835911 0.1804119 -0 0.9835911 0.2977464 0 0.954645 0.2977464 -0 0.954645 0.4107194 0 0.9117618 0.4107194 -0 0.9117618 0.5176788 0 0.855575 0.5176789 -0 0.855575 0.6170639 0 0.7869132 0.6170638 -0 0.786913 0.7074236 0 0.7067899 0.7074235 -0 0.7067899 0.7874536 0 0.616374 0.7874536 -0 0.616374 0.8559867 0 0.5169979 0.8559867 -0 0.5169979 0.9120383 0 0.410105 0.9120383 -0 0.410105 0.9547969 0 0.2972588 0.9547969 -0 0.2972588 0.9836485 0 0.1800991 0.9836485 -0 0.1800991 0.9981788 0 0.06032424 0.9981788 -0 0.06032424 0.9925669 0.1056736 0.06036581 0.0602161 0.005119616 0.9981723 0.1797635 0.01528363 0.9835911 0.1797633 0.01528346 0.9835911 0.2966753 0.0252233 0.9546453 0.296676 0.02522406 0.954645 0.4092434 0.03479481 0.9117616 0.4092429 0.0347943 0.9117618 0.5158179 0.04385542 0.855575 0.5158179 0.04385537 0.8555751 0.6148441 0.05227468 0.7869143 0.6148455 0.05227672 0.7869131 0.704882 0.05993203 0.7067882 0.7048805 0.0599294 0.7067899 0.7846224 0.06670912 0.6163746 0.7846227 0.06671011 0.6163739 0.8529089 0.07251591 0.5169988 0.8529094 0.0725172 0.5169979 0.9087592 0.07726575 0.4101057 0.9087595 0.07726675 0.4101049 0.9513648 0.08088923 0.2972574 0.9513645 0.08088738 0.2972589 0.9801124 0.0833316 0.1800987 0.9801124 0.08333109 0.1800991 0.9950488 0.08460101 0.0521597 0.9961544 0.06350403 0.06036473 0.05956613 0.0102026 0.9981722 0.1778218 0.03045767 0.9835913 0.1778224 0.03045832 0.9835911 0.2934731 0.05026756 0.9546448 0.2934719 0.05026612 0.9546453 0.4048243 0.06933863 0.9117617 0.4048245 0.06933898 0.9117616 0.5102483 0.08739611 0.855575 0.5102483 0.08739611 0.855575 0.608205 0.1041742 0.7869145 0.6082052 0.1041745 0.7869143 0.6972707 0.1194298 0.7067885 0.697271 0.1194305 0.7067882 0.7761505 0.1329412 0.616374 0.7761503 0.1329403 0.6163746 0.8436992 0.1445101 0.5169994 0.8436995 0.1445111 0.5169988 0.8989469 0.1539741 0.4101051 0.8989469 0.1539733 0.4101057 0.9410923 0.1611921 0.2972579 0.9410925 0.1611927 0.2972574 0.9695295 0.1660635 0.1800982 0.9695296 0.1660628 0.1800986 0.9838513 0.1685159 0.0603239 0.9838515 0.1685142 0.06032521 0.05848761 0.0152122 0.9981723 0.1746028 0.04541289 0.9835911 0.1746023 0.04541231 0.9835913 0.2881595 0.0749474 0.9546449 0.2881599 0.07494792 0.9546448 0.3974945 0.1033849 0.9117619 0.3974947 0.1033853 0.9117618 0.5010099 0.1303087 0.8555751 0.50101 0.1303089 0.855575 0.5971938 0.1553256 0.786914 0.5971933 0.1553247 0.7869145 0.6846457 0.1780703 0.7067894 0.6846462 0.1780716 0.7067886 0.7620981 0.1982164 0.6163739 0.7620981 0.1982162 0.616374 0.8284243 0.2154672 0.5169981 0.828424 0.2154652 0.5169994 0.8826718 0.2295745 0.410105 0.8826717 0.2295743 0.4101052 0.9240531 0.2403372 0.2972608 0.924053 0.2403411 0.2972579 0.9519754 0.2476037 0.180098 0.9519754 0.2476034 0.1800981 0.9664829 0.2513768 0.0521572 0.9711149 0.2308504 0.06036429 0.8716853 0.4863392 0.06032389 0.9007403 0.4301432 0.06036483 0.9101734 0.4109309 0.05215723 0.9181704 0.3915601 0.06036505 0.9412802 0.3321935 0.0603248 0.9412798 0.3321948 0.06032376 0.9604537 0.2718176 0.0603645 3.935608e-05 -0.9999993 0.001158769 0.0007056852 -0.9999997 -8.296518e-05 0.01009837 -0.9999285 0.006403613 0.02096479 -0.9997735 -0.003671815 0.04501183 -0.9989029 0.01291826 0.0615674 -0.9980932 -0.004395686 0.09271092 -0.9955473 0.01703938 0.107035 -0.994254 -0.00156476 0.1402131 -0.989895 0.02117074 0.1522302 -0.9883442 0.001300584 0.1791105 -0.983634 0.01958378 0.1794738 -0.9837339 0.007535443 0.2080474 -0.9777478 0.02693495 0.216266 -0.9763179 0.005677877 0.253832 -0.9667543 0.03091032 0.2594996 -0.9657037 0.008737483 0.2988736 -0.9536557 0.03485988 0.30199 -0.9532369 0.01189643 0.3431259 -0.9384887 0.03877793 0.3437181 -0.9389502 0.01517725 0.386541 -0.9212853 0.04265386 0.3846687 -0.9228673 0.01860248 0 -0.9999986 0.00170191 0 -0.9999986 0.001701909 0.0001047303 -0.9991245 0.04183531 0 -0.9991276 0.04176306 0.00288571 -0.9939383 0.1099023 0 -0.9941601 0.1079151 0.007495211 -0.9838808 0.1786678 0 -0.9848291 0.1735267 0.01215033 -0.9690125 0.2467129 0 -0.97116 0.2384287 0.01683997 -0.9603359 0.2783364 0 -0.9637235 0.2669023 0.01901583 -0.9395249 0.3419521 0 -0.944278 0.329149 0.02381971 -0.9137596 0.4055563 0 -0.9209403 0.3897037 0.02873104 -0.8836579 0.4672509 0 -0.8938327 0.4484006 0.03377674 -0.8492842 0.5268544 0 -0.8630759 0.5050742 0.0389887 -0.8106803 0.5841895 0 -0.828785 0.5595672 0.04439493 -0.7678711 0.6390643 0 -0.7910739 0.6117206 0.05003418 -0.7207518 0.6913852 0 -0.7499607 0.6614825 0.05549379 -0.6932378 0.7185693 0 -0.7275344 0.6860713 0.05902798 -0.6455193 0.7614594 0 -0.6855067 0.7280663 0.06485091 -0.5934703 0.8022389 0 -0.6415119 0.767113 0.0708973 -0.5384901 0.839644 0 -0.5957241 0.8031892 0.07719734 -0.4805729 0.8735504 0 -0.5483066 0.8362774 0.08378444 -0.419666 0.9038035 0.005341883 -0.9999741 0.004820528 0.0005640565 -0.9993696 0.03550017 0.01419109 -0.9988908 0.04489833 0.004075018 -0.9956038 0.09357548 0.02338713 -0.9939988 0.1068616 0.009413742 -0.9882532 0.1525351 0.03268082 -0.9851648 0.1684709 0.0147934 -0.9773582 0.2110734 0.03737072 -0.9733056 0.2264501 0.01978861 -0.9709149 0.238606 0.04620389 -0.965439 0.256501 0.02267627 -0.955697 0.2934774 0.05569864 -0.9472417 0.3156435 0.0281583 -0.9367265 0.3489277 0.06538632 -0.9252777 0.3736119 0.0337222 -0.9145221 0.4031281 0.07531822 -0.8995398 0.4302968 0.03938508 -0.8891177 0.455981 0.08554432 -0.8699924 0.4855876 0.0451674 -0.8605359 0.5073834 0.09611326 -0.8365747 0.5393561 0.05108135 -0.8287897 0.5572239 0.107095 -0.7991819 0.5914718 0.05714525 -0.7938102 0.6054747 0.1141757 -0.7603582 0.6393899 0.06260407 -0.7732453 0.6310092 0.123875 -0.73505 0.6666006 0.06649949 -0.7379208 0.6716031 0.1349528 -0.6911959 0.7099548 0.07237745 -0.6993162 0.7111388 0.1463786 -0.6441281 0.7507812 0.07828221 -0.6586455 0.7483703 0.1581797 -0.5937631 0.7889388 0.08418852 -0.6160061 0.7832297 0.1704016 -0.5399653 0.8242577 0.09005701 -0.5715013 0.8156446 0.1830949 -0.4825349 0.8565257 3.935608e-05 -0.9999993 0.001158769 0.007298941 -0.9999543 0.006172346 0.001571276 -0.9995623 0.02954358 0.02019449 -0.9988972 0.04238666 0.008880597 -0.9967787 0.07970887 0.03398978 -0.9947052 0.09698571 0.01954949 -0.9910614 0.1319666 0.04791502 -0.9873109 0.1513979 0.03029829 -0.9824583 0.1840047 0.05552801 -0.9779762 0.2011944 0.03986863 -0.9768381 0.2102325 0.0681743 -0.9709401 0.2294074 0.04601387 -0.9651203 0.2577315 0.08236396 -0.9558314 0.2821393 0.05693507 -0.9497848 0.3076802 0.09682176 -0.9375386 0.334136 0.06800197 -0.9316789 0.3568617 0.1116089 -0.915994 0.3853548 0.07925473 -0.9107761 0.4052227 0.1267999 -0.8911003 0.4357316 0.0907283 -0.8870314 0.4527071 0.1424611 -0.8627261 0.4851891 0.10245 -0.8603841 0.4992427 0.1586892 -0.8306859 0.5336468 0.1144498 -0.8307009 0.5448278 0.1694983 -0.7985271 0.5776026 0.1250161 -0.8117582 0.5704556 0.1834496 -0.7752829 0.6043862 0.1328987 -0.7823178 0.6085367 0.1997005 -0.7367618 0.6459889 0.1445012 -0.7485165 0.6471804 0.2163963 -0.6949471 0.6857268 0.1561566 -0.712481 0.6840948 0.2335811 -0.6496625 0.7234491 0.1678085 -0.6742532 0.7191822 0.2512988 -0.6006785 0.7589692 0.1793868 -0.6338921 0.7523305 0.2696261 -0.5476754 0.7920564 0.1907824 -0.5914852 0.7834203 0.2881069 -0.4908271 0.8222427 0.0001575 -0.9999998 0.0006696754 0.008942736 -0.9999374 0.006716577 0.003024 -0.9997104 0.02387541 0.02547437 -0.9989004 0.03935845 0.01441098 -0.9976929 0.0663422 0.04385239 -0.9952773 0.08660248 0.03040492 -0.9932624 0.1118268 0.06239817 -0.9890493 0.1337455 0.04649935 -0.986463 0.1572536 0.07330835 -0.9817426 0.1755206 0.06022108 -0.981487 0.1818154 0.08934313 -0.9753959 0.201546 0.06997488 -0.972539 0.2219715 0.1081676 -0.9627997 0.2476215 0.0862565 -0.9600841 0.2660794 0.1272876 -0.9475083 0.2933016 0.1027303 -0.9452458 0.309769 0.146797 -0.9294195 0.3385704 0.1194411 -0.9279544 0.3530359 0.1667701 -0.9083946 0.3834149 0.1364419 -0.9081198 0.3958558 0.1872895 -0.8842602 0.4277926 0.1537707 -0.885632 0.43819 0.208474 -0.8567784 0.4716665 0.1714718 -0.8603144 0.4800589 0.2230289 -0.8302881 0.5107638 0.1866861 -0.842716 0.5049534 0.2407084 -0.8089586 0.5363259 0.1985549 -0.8182191 0.5395309 0.2617041 -0.775204 0.5749519 0.2155882 -0.7885099 0.5759982 0.2831767 -0.7382091 0.6122567 0.2326749 -0.7564874 0.6112195 0.3051606 -0.6977493 0.6480918 0.2497542 -0.7221428 0.6450834 0.327707 -0.6535388 0.682272 0.2667241 -0.6854968 0.6774603 0.3508764 -0.6052104 0.7145672 0.283456 -0.646601 0.7082089 0.3740678 -0.5530543 0.744449 0.2994227 -0.6071979 0.7359734 0.3969396 -0.4986642 0.7705666 0.0001549008 -0.9999998 0.0006772982 0.009978913 -0.9999224 0.007461806 0.004909993 -0.9998159 0.01854596 0.03000895 -0.9989063 0.03585789 0.02067391 -0.9983565 0.05344976 0.05298549 -0.995723 0.07568581 0.04196911 -0.9948615 0.09213654 0.07611497 -0.990383 0.115533 0.06338311 -0.9893745 0.1308465 0.09069183 -0.984601 0.1494518 0.08082179 -0.9848554 0.1533876 0.1096886 -0.9788036 0.1729501 0.09451082 -0.9779404 0.1862803 0.1330472 -0.9681345 0.2121649 0.1160555 -0.9676 0.2242349 0.1567061 -0.9551637 0.2512082 0.137785 -0.9551747 0.2620241 0.1807507 -0.9397687 0.2901103 0.1597689 -0.9405717 0.2996645 0.2052705 -0.9217945 0.3288752 0.1820577 -0.9236766 0.3371596 0.2303469 -0.9010484 0.3674944 0.2046996 -0.904351 0.3744962 0.2561035 -0.877273 0.4059595 0.2277575 -0.8823984 0.4117034 0.2743572 -0.8553475 0.4394414 0.2470398 -0.8658398 0.4350781 0.2951588 -0.8357511 0.463035 0.2628061 -0.8452436 0.4652916 0.3203634 -0.8060893 0.4975815 0.2848159 -0.8188211 0.4984095 0.3459927 -0.773355 0.5312355 0.3068527 -0.790082 0.5306713 0.3720794 -0.7373039 0.5638617 0.3288454 -0.7589808 0.5619688 0.3986542 -0.6976429 0.5952891 0.3507013 -0.7254913 0.5921747 0.4257484 -0.654021 0.6252958 0.3722789 -0.6896325 0.6211404 0.4526455 -0.6068538 0.6533303 0.3929528 -0.6528217 0.6476202 0.4788709 -0.5574535 0.67818 0.4119055 -0.6160149 0.6714607 0.5050049 -0.5049755 0.6999784 0.0001580238 -0.9999998 0.0006704022 0.01054915 -0.9999135 0.00784664 0.007250072 -0.9998827 0.01348904 0.03382889 -0.998921 0.03182133 0.02765329 -0.9987736 0.04106717 0.06136864 -0.9960437 0.06427015 0.05424417 -0.9958634 0.07289503 0.08906609 -0.9913151 0.09675539 0.08093133 -0.9911938 0.1048089 0.1076646 -0.9865471 0.1230172 0.1016406 -0.986938 0.1249903 0.1291787 -0.98116 0.1436594 0.119586 -0.9813178 0.1507137 0.1569665 -0.9718269 0.1758233 0.1462471 -0.9723135 0.1822587 0.1849979 -0.9604807 0.2079726 0.1730479 -0.9614294 0.2137944 0.2133602 -0.9469989 0.2401469 0.2000511 -0.9485679 0.2453539 0.2421306 -0.9312295 0.2723681 0.227316 -0.933609 0.2769506 0.2713991 -0.9129816 0.3046428 0.2548869 -0.9164082 0.3085914 0.3012804 -0.8920035 0.3369868 0.2828307 -0.8967692 0.3403115 0.3231081 -0.8734515 0.3642578 0.305502 -0.8809249 0.3614412 0.3463568 -0.8553733 0.3851928 0.3249681 -0.8631166 0.3865561 0.3751524 -0.829024 0.4147044 0.3513392 -0.8391097 0.4152778 0.4042332 -0.7998546 0.4436533 0.3776503 -0.8128575 0.4434444 0.4336264 -0.7676319 0.471921 0.4038452 -0.7842868 0.4709599 0.4633453 -0.732091 0.4993536 0.4298397 -0.753343 0.4977068 0.4934137 -0.6929064 0.52576 0.4555033 -0.7200047 0.5235553 0.5229977 -0.6506379 0.5505849 0.4801668 -0.6853865 0.5474351 0.5515271 -0.6063777 0.5728211 0.5029792 -0.6504798 0.5691115 0.5795661 -0.5594016 0.5925984 0.5241581 -0.6149132 0.589186 0.6075203 -0.5085694 0.6101446 0.0003903751 -0.9999999 0.0002695986 0.01091093 -0.9999121 0.007535323 0.01003262 -0.9999115 0.008738041 0.03691877 -0.9989457 0.02728419 0.03536491 -0.9989488 0.02916621 0.06901915 -0.996242 0.05232765 0.06721701 -0.9962696 0.05411725 0.1012431 -0.9918438 0.07743207 0.09912754 -0.9919204 0.07916837 0.1242087 -0.9875774 0.09624464 0.1226547 -0.9877314 0.09665673 0.1477943 -0.98246 0.1137066 0.1451468 -0.9826642 0.1153401 0.1798838 -0.9738642 0.138673 0.1767542 -0.97421 0.14026 0.2121004 -0.9634374 0.1637127 0.2083869 -0.9639851 0.1652501 0.2445157 -0.9510741 0.1888655 0.2401047 -0.9519033 0.1903413 0.2772097 -0.9366381 0.2141584 0.2719464 -0.9378586 0.2155609 0.3102455 -0.9199632 0.2396151 0.3039608 -0.9217179 0.2409229 0.3437325 -0.9008248 0.2652596 0.3362107 -0.9033063 0.2664584 0.3689097 -0.8844124 0.2858675 0.3615061 -0.8878464 0.2846789 0.3939268 -0.8675745 0.3035394 0.3843339 -0.8716719 0.3040978 0.4256066 -0.8436681 0.3272358 0.4142954 -0.8491692 0.3275224 0.4573562 -0.8172508 0.3506086 0.4440236 -0.8245733 0.3506021 0.4892 -0.7881185 0.3735674 0.4734808 -0.7978032 0.3732639 0.521135 -0.7560521 0.3959843 0.5025994 -0.7687943 0.3954102 0.5531653 -0.7207879 0.4176997 0.5312982 -0.7374874 0.4169345 0.5844499 -0.6829433 0.4381858 0.5588429 -0.7047907 0.4369952 0.6143129 -0.6434712 0.4566886 0.5844447 -0.6716514 0.4553118 0.6433241 -0.6017443 0.4733263 0.6084659 -0.6376835 0.4723655 0.6719052 -0.5569019 0.4882661 0.6311888 -0.6026482 0.4882785 0.6999468 -0.5087965 0.5011991 0.1178 -0.3006295 0.9464381 0.115314 -0.3040526 0.9456505 0.2724078 -0.01386017 0.9620821 0 -0.400276 0.9163946 0.1050786 -0.2270227 0.9682041 0.1062878 -0.4348412 0.8942126 0.2220571 -0.2959509 0.9290338 0.2201744 -0.4653462 0.8573074 0.3449288 -0.3045851 0.8878356 0.3382652 -0.4899307 0.8034579 0.4688919 -0.3093941 0.8272942 0.4575729 -0.5056889 0.7313725 0.4569639 -0.5064523 0.731225 0.5871568 -0.289239 0.7560342 0.8006621 -0.5526298 0.2313881 0.8138176 -0.534327 0.2284636 0.7796058 -0.5846002 0.2246272 0.7886781 -0.5728533 0.2232174 0.7573451 -0.6157528 0.2174322 0.7625291 -0.6095115 0.2168988 0.733814 -0.6461507 0.2097766 0.7354035 -0.6443732 0.2096782 0.7090183 -0.6757402 0.2016633 0.7073448 -0.6774763 0.2017155 0.6825219 -0.7049345 0.1929535 0.6778905 -0.7093638 0.1930481 0.653747 -0.7341424 0.1834389 0.646412 -0.7405714 0.1835908 0.623257 -0.7625467 0.1734165 0.6136409 -0.7702813 0.1735266 0.5918155 -0.7893904 0.1631483 0.5803013 -0.7978689 0.1632656 0.5594292 -0.8146949 0.1526791 0.5464023 -0.8234497 0.1528894 0.5261332 -0.8384555 0.1420433 0.5119143 -0.8471426 0.1424536 0.4919411 -0.8606746 0.1312747 0.4768235 -0.869031 0.1320013 0.4638596 -0.8771237 0.1244529 0.4504389 -0.8843956 0.1222673 0.4359493 -0.8927603 0.1136985 0.4195242 -0.9003414 0.1156927 0.39729 -0.9119956 0.1021011 0.3806073 -0.9187966 0.1046463 0.3582261 -0.9292284 0.09060144 0.341494 -0.9351909 0.09380742 0.3187141 -0.9445366 0.07919538 0.3021348 -0.9496325 0.08314226 0.2787621 -0.9579587 0.06787349 0.2625033 -0.9621936 0.07263213 0.2383652 -0.9695235 0.05662284 0.2225834 -0.9729242 0.06225116 0.1975242 -0.979245 0.04542445 0.1823565 -0.981858 0.05197071 0.165166 -0.9854418 0.04030512 0.1559677 -0.9868779 0.04178424 0.1373977 -0.9900869 0.02915257 0.1232577 -0.9916779 0.03718397 0.0952375 -0.9952921 0.0179856 0.08209341 -0.9962609 0.02692247 0.05294852 -0.9985736 0.006865831 0.04088926 -0.9990237 0.01672252 0.01691111 -0.999857 0.0001821018 0.009744389 -0.9999298 0.006729613 0.0003515938 -0.9999999 0.0002428156 0 -0.1622986 0.9867417 0.1385237 0.05892097 0.9886048 0 -0.2096556 0.9777753 0.1287447 -0.0187801 0.9914999 0 -0.2572321 0.9663496 0.1407467 0.08062679 0.9867571 0.1270785 -0.1702749 0.9771681 0.4846686 0.4182682 0.768211 0.2699932 -0.0833794 0.9592453 0 -0.3049518 0.9523677 0.120341 -0.09117611 0.9885367 0.1146471 -0.3449899 0.9315783 0.2507475 -0.1564536 0.9553261 0.2335303 -0.3832101 0.8936519 0.2278753 -0.3906392 0.8918934 0.3923972 -0.09964983 0.9143819 0.2379436 -0.3434779 0.9085185 0.4094727 -0.05426395 0.9107071 0 -0.3526768 0.9357452 0.11249 -0.1604423 0.9806142 0.1107421 -0.3898915 0.9141777 0.2359327 -0.2285229 0.9445174 0.2277119 -0.4236658 0.8767295 0.3658746 -0.2321838 0.9012361 0.3470807 -0.4526284 0.8213785 0.3440503 -0.4564778 0.8205227 0.4990707 -0.1898485 0.8455094 0.3452919 -0.4283195 0.8350545 0 -0.4491738 0.8934444 0.09787045 -0.2914018 0.951581 0.1013243 -0.4795874 0.8716245 0.2088456 -0.3595692 0.9094468 0.2114274 -0.5072979 0.8354324 0.3252834 -0.3707924 0.8698872 0.3269477 -0.5288575 0.7832081 0.4438921 -0.3785229 0.812207 0.4446785 -0.5416669 0.7133428 0.5585144 -0.385189 0.7346367 0.5612718 -0.5427815 0.6247898 0.5705321 -0.5309296 0.6265836 0.6621907 -0.3788531 0.646509 0.8329976 0.2073577 0.5129502 0.6807055 -0.3807086 0.6258601 0.5085248 -0.1622981 0.8456133 0.4856042 -0.4011686 0.7766931 0.7630705 0.3233895 0.5595914 0.6001714 -0.3318641 0.7277777 0.5962846 -0.4190091 0.6847452 0 -0.4994131 0.8663641 0.09069855 -0.3556404 0.9302116 0.09583072 -0.5252398 0.8455411 0.1959666 -0.4215692 0.8853679 0.201632 -0.5490836 0.8110806 0.3065018 -0.432134 0.8481254 0.3139214 -0.5681204 0.7607184 0.4200455 -0.4411523 0.7930614 0.4292002 -0.5788351 0.693352 0.5314867 -0.4478658 0.7189841 0.5437534 -0.5787661 0.6077515 0.6353856 -0.453431 0.6250483 0.652386 -0.5668832 0.503027 0.6699194 -0.5435573 0.5057207 0.7254258 -0.4509688 0.5199851 0.687327 -0.5089418 0.5182276 0.7438666 -0.4171097 0.5221896 0.759982 -0.5086138 0.4046472 0.9303551 -0.1014317 0.3523508 0.7475271 -0.5454381 0.3790786 0.7782418 -0.5040779 0.3744935 0.7260101 -0.5805952 0.3685356 0.7515245 -0.5487391 0.3661914 0.7031887 -0.6147664 0.3571947 0.7239557 -0.5907664 0.3562066 0.6790763 -0.6479321 0.3450209 0.6955929 -0.6302946 0.3447888 0.6537783 -0.6799417 0.3320441 0.6665266 -0.6673872 0.3321696 0.6268728 -0.7112114 0.3181336 0.636323 -0.7027053 0.3182739 0.5978802 -0.7421368 0.3029392 0.6043857 -0.7368261 0.302994 0.5675167 -0.7718089 0.2867681 0.5714169 -0.7689103 0.2868091 0.5365157 -0.7994672 0.2701906 0.5382599 -0.7982911 0.2701994 0.5049363 -0.8251605 0.2532777 0.5048945 -0.825186 0.253278 0.4728317 -0.8489318 0.2361039 0.4713185 -0.8497615 0.2361449 0.4402195 -0.8708426 0.2187236 0.4375148 -0.8721685 0.2188672 0.4144658 -0.8865709 0.2054512 0.4114599 -0.888082 0.2049659 0.3874142 -0.9019624 0.1907197 0.3832186 -0.9036289 0.1913067 0.3515542 -0.9202426 0.1719394 0.3467014 -0.921919 0.17281 0.315677 -0.9363959 0.1533318 0.3103696 -0.9379703 0.1545391 0.2797239 -0.9505596 0.1348738 0.2741357 -0.9519602 0.1364602 0.2436734 -0.9628284 0.1165534 0.2379507 -0.9640146 0.118555 0.20749 -0.973281 0.09834678 0.2017635 -0.9742344 0.1007905 0.1711417 -0.9819748 0.08022416 0.1655258 -0.9826958 0.08312839 0.1438387 -0.9872333 0.06841516 0.1403201 -0.9876882 0.06915412 0.1179605 -0.9915524 0.05393784 0.1126398 -0.9919667 0.05757052 0.08088409 -0.99608 0.03581171 0.07592518 -0.9963157 0.03987982 0.04379584 -0.9988825 0.01776821 0.03925746 -0.998981 0.02226805 0.01323962 -0.999903 0.004320654 0.01089093 -0.9999167 0.006934966 0.0006621929 -0.9999998 -0.0001054837 0.8034704 -0.4942413 0.3319048 0.8106994 -0.5172245 0.2743089 0.9643003 -0.1484708 0.2192746 0.834033 -0.5149408 0.1980535 0.8397077 -0.5250785 0.1385048 0.4062758 -0.9131873 0.03207639 0.4386286 -0.8980023 0.03459548 0.432998 -0.9009864 0.02713417 0.4707009 -0.8808609 0.05024553 0.4642723 -0.8853109 0.02599686 0.504136 -0.8622017 0.04954962 0.4911489 -0.8704885 0.0319784 0.5306979 -0.8457732 0.0550206 0.520621 -0.8531685 0.03251573 0.5663911 -0.8220842 0.05812735 0.5548689 -0.8311337 0.03656895 0.6006581 -0.7971709 0.06106009 0.5880784 -0.8077748 0.04078963 0.6334754 -0.7711282 0.06379929 0.6202798 -0.7830797 0.0451588 0.6648418 -0.7440336 0.06632687 0.6515428 -0.756984 0.04967159 0.694723 -0.7159971 0.06861753 0.6818989 -0.7294291 0.05428802 0.7225128 -0.6877622 0.07041705 0.7106507 -0.7010694 0.05896831 0.7476093 -0.6602268 0.07197704 0.7373499 -0.6725335 0.06335463 0.7706649 -0.6329947 0.07343977 0.7626058 -0.6433396 0.06742895 0.7921778 -0.6056978 0.0747302 0.7868543 -0.6130123 0.0712474 0.8122143 -0.5784005 0.07590023 0.8100904 -0.5815262 0.07470457 0.8308874 -0.5510853 0.07701344 0.8323204 -0.5488235 0.0776882 0.9475747 -0.309582 0.07912666 0.8473891 -0.5275282 0.06037925 -0.3485019 -0.4159291 0.8399699 -0.6873125 -0.505936 0.5211815 -0.8397077 -0.5250785 0.1385048 -0.2352224 -0.3472696 0.9077854 -3.934979e-05 -0.9999993 0.001158765 -0.0003903126 -0.9999999 0.0002695554 -0.0007055724 -0.9999997 -8.304308e-05 -0.008840443 -0.9999455 0.005534933 -0.02101076 -0.9997726 -0.003640115 -0.03178636 -0.9994875 0.003792072 -0.07656014 -0.9969325 -0.01625132 -0.06453726 -0.9979125 -0.002354512 -0.08752175 -0.9960716 0.0134632 -0.1102701 -0.9939015 0.0006467701 -0.1330979 -0.9909691 0.01628468 -0.1574271 -0.9875188 0.004826775 -0.171152 -0.9851429 0.01415911 -0.1865974 -0.9823587 0.01235879 -0.1883183 -0.9820149 0.01352529 -0.2169672 -0.9760097 0.01817195 -0.2192928 -0.9756287 0.007699941 -0.2423167 -0.9699211 0.02314387 -0.2692875 -0.96294 0.01519503 -0.2857154 -0.9579594 0.02608679 -0.3135117 -0.9493866 0.01937663 -0.3256133 -0.9451095 0.02727405 -0.3563381 -0.9340452 0.02413995 -0.3542204 -0.9349064 0.02186103 -0.3704776 -0.9282804 0.03227697 -0.3993106 -0.9163967 0.02771503 -0.4118134 -0.9105743 0.03555633 -0.4408022 -0.8970382 0.03187223 -0.4524609 -0.8909314 0.03899434 -0.4813461 -0.8757908 0.03600564 -0.4855643 -0.8733529 0.0384963 -0.509169 -0.8596219 0.04239215 -0.511561 -0.8581306 0.04378507 -0.5388809 -0.8413032 0.0426186 -0.5470582 -0.8357633 0.04719145 -0.5734606 -0.8179184 0.04639493 -0.5814819 -0.8119791 0.05068318 -0.606637 -0.7934004 0.05007438 -0.614865 -0.7867646 0.05424353 -0.6383996 -0.7678331 0.0536498 -0.647234 -0.7600934 0.05784618 -0.6687624 -0.7412789 0.05711704 -0.678627 -0.7319083 0.06144653 -0.6977047 -0.7138287 0.06047178 -0.7084056 -0.7028316 0.06472426 -0.7245533 -0.6862603 0.06379044 -0.7358987 -0.6736898 0.06778802 -0.7489194 -0.6592849 0.06680613 -0.7553558 -0.6516986 0.06874911 -0.7712916 -0.6325884 0.07029312 -0.002908326 -0.9999909 0.003140135 -0.0006528849 -0.9993673 0.03556146 -0.007915807 -0.9991453 0.04057166 -0.006501612 -0.9954324 0.09524766 -0.01323545 -0.9949111 0.09988383 -0.01571778 -0.9874951 0.1568641 -0.01859431 -0.9871297 0.1588366 -0.02502259 -0.9756147 0.2180592 -0.02146482 -0.9762385 0.215633 -0.03398072 -0.9680999 0.2482497 -0.02636008 -0.969648 0.2430798 -0.03871697 -0.9517884 0.3043021 -0.03177269 -0.9535266 0.2996292 -0.04829103 -0.9307848 0.3623641 -0.03725724 -0.9341139 0.3550256 -0.05806452 -0.9060574 0.4191521 -0.04282793 -0.9114555 0.4091633 -0.06809127 -0.8775833 0.4745642 -0.04850135 -0.8855823 0.4619432 -0.07842701 -0.8453125 0.5284845 -0.05428543 -0.8565187 0.5132531 -0.08912694 -0.8091642 0.5807837 -0.06019738 -0.8242732 0.5629832 -0.1002548 -0.7689465 0.6314034 -0.06410309 -0.7899733 0.6097811 -0.1107287 -0.7436907 0.65929 -0.06902236 -0.7694904 0.6349176 -0.1178907 -0.7034564 0.7008929 -0.07464872 -0.7326999 0.6764454 -0.1292874 -0.6575535 0.7422318 -0.08026151 -0.6937971 0.7156841 -0.1410841 -0.608395 0.7809935 -0.08582695 -0.6528949 0.7525703 -0.1533252 -0.5558517 0.8170192 -0.09129383 -0.6101258 0.7870273 -0.1660755 -0.499717 0.8501188 -0.09659208 -0.565641 0.8189752 -0.1794122 -0.4396864 0.8800495 -0.1015197 -0.5197206 0.8482831 -0.1931995 -0.3780639 0.9053959 -0.1058983 -0.4748086 0.8736946 -0.2070397 -0.3150716 0.9262097 -0.1096953 -0.4310215 0.8956491 -0.2212828 -0.2486174 0.9429864 -0.1128393 -0.3873715 0.9149921 -0.2364172 -0.1776571 0.9552721 -0.1150967 -0.3444116 0.9317368 -0.7683026 -0.6363772 0.06881281 -0.7864267 -0.6133206 0.07328659 -0.7925373 -0.6055248 0.07227945 -0.8099707 -0.5815923 0.07548402 -0.8123097 -0.5783903 0.07495101 -0.832374 -0.5488138 0.07718035 -0.01078142 -0.9999142 0.007445699 -0.01003735 -0.9999114 0.008741304 -0.03658604 -0.9989642 0.02705467 -0.03549361 -0.9989416 0.0292548 -0.06846557 -0.9963002 0.05194673 -0.06756107 -0.9962335 0.05435306 -0.1004337 -0.9919693 0.0768777 -0.09971597 -0.9918294 0.07956914 -0.1232548 -0.9877599 0.09559539 -0.1235063 -0.9875686 0.09723455 -0.1465377 -0.9827464 0.1128547 -0.1461643 -0.9824328 0.116024 -0.1782356 -0.9743241 0.1375666 -0.1781438 -0.9738232 0.1411845 -0.2099734 -0.9641412 0.1623045 -0.2102302 -0.9633772 0.1664564 -0.2418083 -0.9521151 0.1870979 -0.2425026 -0.9509856 0.1918828 -0.2737821 -0.9381448 0.2119616 -0.2750321 -0.9365094 0.2175028 -0.3059361 -0.9221035 0.2369138 -0.3078912 -0.919778 0.2433343 -0.3383366 -0.9038263 0.2619662 -0.3411841 -0.9005594 0.2694182 -0.3626553 -0.8881804 0.2821644 -0.3675252 -0.884235 0.2881907 -0.3864814 -0.8724102 0.2992201 -0.3913243 -0.8671676 0.3080353 -0.4165278 -0.8501244 0.3221693 -0.4228767 -0.8431196 0.3321514 -0.4463239 -0.825807 0.3447283 -0.4545111 -0.8165174 0.3559763 -0.4758268 -0.7993946 0.3668203 -0.486257 -0.7871438 0.3794193 -0.5049533 -0.770851 0.3883439 -0.5181187 -0.754764 0.4023485 -0.533609 -0.7401521 0.4091898 -0.550108 -0.7190933 0.424601 -0.5609463 -0.7080557 0.4289479 -0.5815427 -0.6808447 0.4452622 -0.5862931 -0.6756402 0.4469572 -0.6115786 -0.6409054 0.4639093 -0.6100248 -0.6427305 0.4634299 -0.6407238 -0.5985183 0.4808835 -0.6323367 -0.6090563 0.4787492 -0.6694693 -0.5528958 0.4961018 -0.6529393 -0.5750821 0.4929006 -0.6977369 -0.503832 0.5092313 -0.7274011 -0.4571507 0.5117626 -0.8473728 -0.5275548 0.0603779 -0.9475732 -0.3095863 0.07912783 -0.830857 -0.5510424 0.07764675 -0.8106991 -0.5172238 0.274311 -0.8340331 -0.514941 0.1980516 -0.9643043 -0.1484477 0.2192728 -0.8132052 -0.5337982 0.2318551 -0.8010392 -0.5538645 0.227091 -0.7881396 -0.5726488 0.2256308 -0.7800058 -0.5852073 0.2216377 -0.7621396 -0.6094875 0.2183305 -0.7576542 -0.6159842 0.2156931 -0.7352557 -0.6443931 0.2101346 -0.7339366 -0.6461881 0.2092319 -0.7075319 -0.6774305 0.2012125 -0.7088642 -0.6757251 0.2022552 -0.6785169 -0.7091717 0.1915471 -0.6819721 -0.7049912 0.1946826 -0.6476231 -0.7401468 0.1810168 -0.6526791 -0.7343563 0.1863623 -0.6154798 -0.7695955 0.1700218 -0.6216406 -0.7629591 0.1773594 -0.5828229 -0.7969109 0.1589042 -0.5895901 -0.7900348 0.1680128 -0.5496424 -0.8222303 0.1477519 -0.5565664 -0.8155696 0.1583664 -0.5159023 -0.8456853 0.1366059 -0.5226133 -0.8395405 0.1484822 -0.481574 -0.8673718 0.1255097 -0.4877488 -0.8619442 0.1383959 -0.4534129 -0.8834015 0.1184006 -0.4612321 -0.8778983 0.1286836 -0.4259039 -0.898325 0.1077875 -0.4303108 -0.8943536 0.1223285 -0.3877377 -0.9167259 0.0962967 -0.3909844 -0.9136556 0.1111955 -0.349345 -0.9331255 0.08505799 -0.3512782 -0.9309033 0.1001129 -0.3106544 -0.9476342 0.07404787 -0.3111716 -0.9461704 0.08907198 -0.2716368 -0.9603199 0.06323782 -0.2706675 -0.9595023 0.07806757 -0.2322714 -0.971228 0.0525954 -0.229773 -0.9709288 0.06709424 -0.1925371 -0.9803868 0.04208554 -0.1884891 -0.9804693 0.05614005 -0.1606884 -0.9863013 0.03727187 -0.1609745 -0.9859232 0.04519563 -0.1341253 -0.9905984 0.02692999 -0.1277452 -0.9909894 0.04026374 -0.09319499 -0.9955096 0.01658829 -0.08537335 -0.9959216 0.02918195 -0.05215639 -0.998619 0.006321214 -0.04293473 -0.9989133 0.01813396 -0.01688104 -0.9998575 0.0001613641 -0.0105673 -0.9999176 0.00729793 -0.0003515375 -0.9999999 0.0002427768 -0.80347 -0.49424 0.3319078 -0.9303496 -0.1014672 0.3523549 -0.7768633 -0.5017142 0.3804817 -0.7480892 -0.549964 0.371352 -0.7500825 -0.5470831 0.3715861 -0.7268528 -0.5837743 0.3617908 -0.7224956 -0.5896612 0.3609705 -0.7041891 -0.6169581 0.3513977 -0.6941777 -0.6295979 0.3488894 -0.6801451 -0.6493843 0.3401507 -0.6652169 -0.666983 0.3355892 -0.654812 -0.6808804 0.3280596 -0.635127 -0.7025093 0.3210832 -0.6278427 -0.7117904 0.3149095 -0.6033785 -0.7367637 0.3051452 -0.5987101 -0.7424573 0.3005051 -0.5707235 -0.7689109 0.2881854 -0.5681002 -0.7719489 0.2852315 -0.537903 -0.7983105 0.2708519 -0.5368173 -0.7995092 0.2694666 -0.5049014 -0.8251873 0.25326 -0.5049273 -0.8251598 0.2532976 -0.4717143 -0.8497185 0.2355079 -0.472492 -0.8489257 0.2368052 -0.4383115 -0.872071 0.2176583 -0.4395373 -0.870854 0.220046 -0.4120765 -0.8880042 0.2040623 -0.4139357 -0.8865901 0.2064348 -0.3847508 -0.9034331 0.189144 -0.3860939 -0.9020287 0.1930689 -0.3486556 -0.9216732 0.17017 -0.3498655 -0.9203472 0.1748005 -0.3127208 -0.9376884 0.1514794 -0.313638 -0.9365332 0.1566424 -0.2768574 -0.9516567 0.1330396 -0.277361 -0.9507201 0.1385716 -0.2410104 -0.963707 0.1148161 -0.241012 -0.9630015 0.1205869 -0.2051267 -0.9739388 0.09677944 -0.2045615 -0.9734542 0.1026721 -0.1691521 -0.9824276 0.07888962 -0.1679779 -0.9821372 0.08479328 -0.1420248 -0.9875805 0.06718546 -0.1423502 -0.9872998 0.07053663 -0.1166165 -0.9917606 0.05302383 -0.1144857 -0.9916811 0.05883623 -0.08003458 -0.9961693 0.03523003 -0.07729077 -0.9961725 0.04082005 -0.04346336 -0.9989011 0.01753949 -0.04011652 -0.9989335 0.02286072 -0.01322855 -0.9999032 0.004313018 -0.01119452 -0.9999118 0.007143934 -0.0006620868 -0.9999998 -0.0001055566 -0.759966 -0.508639 0.4046456 -0.74435 -0.4191032 0.5198997 -0.6704468 -0.5324165 0.5167531 -0.6638874 -0.3921443 0.6367702 -0.6329673 -0.4425549 0.6352146 -0.5603479 -0.558356 0.6117587 -0.6045914 -0.4992591 0.6206526 -0.5441117 -0.5915785 0.5949599 -0.5761971 -0.5513935 0.6032926 -0.5254202 -0.6256597 0.5766138 -0.5477897 -0.5994452 0.5836026 -0.5049295 -0.6596036 0.556749 -0.5188004 -0.6444323 0.5617412 -0.4827267 -0.6934619 0.5348697 -0.4887571 -0.6873292 0.5373034 -0.4586134 -0.7272072 0.5107283 -0.4585059 -0.7273085 0.5106806 -0.4332674 -0.759483 0.4852472 -0.4286432 -0.763508 0.4830327 -0.4075179 -0.7895614 0.4588267 -0.3991369 -0.7962862 0.4545526 -0.3815101 -0.817414 0.4316067 -0.3699688 -0.8259263 0.4254043 -0.3553458 -0.8430611 0.4037045 -0.3411055 -0.85268 0.3957068 -0.3290909 -0.8665502 0.3752199 -0.3201656 -0.8721089 0.370027 -0.3078349 -0.8826365 0.3552331 -0.2955827 -0.8896999 0.3479439 -0.2873869 -0.8997056 0.3285404 -0.2657416 -0.9110311 0.3152835 -0.2594529 -0.9188951 0.2971802 -0.2365028 -0.9295781 0.2827562 -0.2318921 -0.9357151 0.2658255 -0.2077574 -0.9456077 0.2503256 -0.2046346 -0.9503426 0.2344645 -0.1794179 -0.9593205 0.2179754 -0.1776353 -0.9629098 0.2031021 -0.1514011 -0.9708743 0.18569 -0.1508408 -0.9735295 0.1717188 -0.123618 -0.9803968 0.1534293 -0.1241905 -0.982292 0.1402825 -0.1051657 -0.9862624 0.1273837 -0.1037138 -0.9873015 0.1203296 -0.08345022 -0.9908017 0.1065268 -0.08559743 -0.9918494 0.09438152 -0.05578064 -0.9957008 0.07394918 -0.05889439 -0.9963015 0.06256866 -0.02824168 -0.9987404 0.04147242 -0.03230732 -0.9990041 0.03077209 -0.007270781 -0.9998824 0.01350333 -0.009982063 -0.9999224 0.00745498 -0.0001579985 -0.9999997 0.0006703846 -0.5962617 -0.4190418 0.6847453 -0.6807113 -0.3807005 0.6258588 -0.8330128 0.2078005 0.5127462 -0.5738343 -0.5106121 0.6403041 -0.5874821 -0.3135671 0.7460164 -0.5567822 -0.3651373 0.7461021 -0.4544341 -0.5298712 0.716049 -0.5288253 -0.4304155 0.7314959 -0.4435439 -0.5623147 0.6979046 -0.501554 -0.4896038 0.7132543 -0.429488 -0.5968411 0.6777321 -0.4747695 -0.5437452 0.6920514 -0.4132724 -0.6319454 0.6556302 -0.447819 -0.5941424 0.6681713 -0.3952487 -0.6675242 0.6310229 -0.4201976 -0.6421465 0.6411567 -0.3754175 -0.7033266 0.60365 -0.3927061 -0.6870426 0.6113545 -0.3544196 -0.7376888 0.574632 -0.3658038 -0.727783 0.5801032 -0.3330257 -0.7699168 0.5443546 -0.3394399 -0.7647724 0.5476348 -0.3114119 -0.7999266 0.5129718 -0.3135714 -0.7983347 0.5141349 -0.289694 -0.8277032 0.4806088 -0.2881564 -0.8287411 0.4797437 -0.2679546 -0.8532628 0.4473733 -0.270386 -0.8517514 0.4487884 -0.250001 -0.869951 0.4250701 -0.2483198 -0.8709212 0.4240678 -0.2336373 -0.8896522 0.3923425 -0.2225018 -0.8954723 0.3855155 -0.2107053 -0.9107116 0.3552571 -0.1973612 -0.9169155 0.3468637 -0.1881769 -0.9292362 0.3179775 -0.1727847 -0.9355365 0.308086 -0.1659843 -0.9453896 0.2805135 -0.1486854 -0.9515388 0.2691963 -0.1440857 -0.9592974 0.2428741 -0.1249739 -0.9650889 0.2301845 -0.1224322 -0.9710612 0.2050625 -0.1015567 -0.9763157 0.1910337 -0.1009616 -0.9807657 0.1670491 -0.08702006 -0.9836617 0.1575985 -0.08374204 -0.9859217 0.1447262 -0.06783186 -0.9886727 0.133884 -0.06998387 -0.9913151 0.1113401 -0.04469988 -0.994567 0.09401166 -0.04858548 -0.9961725 0.07266141 -0.02172089 -0.9982954 0.05417122 -0.02730074 -0.9990492 0.03399059 -0.004948122 -0.9998153 0.01857227 -0.008934526 -0.9999373 0.006740596 -0.0001548761 -0.9999998 0.0006772812 -0.6001731 -0.331867 0.7277751 -0.7630949 0.3231469 0.5596983 -0.4637555 -0.4762841 0.7470505 -0.4970888 -0.2289953 0.8369372 -0.468635 -0.2772908 0.8387438 -0.3423977 -0.4849137 0.80475 -0.4422247 -0.3503856 0.8256314 -0.3358145 -0.5186419 0.7862819 -0.4172248 -0.4160348 0.8079842 -0.3261435 -0.5548227 0.7653772 -0.3931791 -0.4759089 0.7867152 -0.3143969 -0.5918753 0.7421848 -0.3693562 -0.5315558 0.7622495 -0.3009847 -0.6298223 0.7160532 -0.3452332 -0.5847145 0.7341138 -0.2860129 -0.668318 0.6866933 -0.3214911 -0.6348563 0.7025675 -0.2700287 -0.7053932 0.6553662 -0.2984683 -0.6806246 0.6690791 -0.2536601 -0.7404546 0.6224014 -0.2760825 -0.7224611 0.6338993 -0.2370819 -0.7733757 0.5879474 -0.2542666 -0.7607051 0.5972239 -0.2204168 -0.8040908 0.5521362 -0.2329687 -0.7956181 0.5592114 -0.2037454 -0.8325775 0.5150753 -0.21861 -0.823354 0.5237345 -0.1897074 -0.8501877 0.4911129 -0.1997672 -0.8443719 0.4971209 -0.1775296 -0.8736876 0.4529386 -0.1784616 -0.8732007 0.4535107 -0.160023 -0.8975595 0.4108279 -0.1578234 -0.8985811 0.4094431 -0.1428674 -0.9187064 0.3681951 -0.1377466 -0.9208 0.3649017 -0.1260137 -0.9372538 0.3250782 -0.1181445 -0.9400471 0.3199268 -0.1094292 -0.9532953 0.2815198 -0.09893411 -0.9564704 0.274548 -0.09306955 -0.9669118 0.2375281 -0.08002605 -0.9701881 0.2287592 -0.07688794 -0.978156 0.1931294 -0.06909241 -0.9797655 0.1878449 -0.06335941 -0.9836191 0.1687574 -0.05287809 -0.9854367 0.1616121 -0.05360414 -0.9903588 0.1277345 -0.03432592 -0.9928277 0.1145205 -0.03753344 -0.9959038 0.08226016 -0.0159192 -0.9976002 0.06738185 -0.02157226 -0.9990947 0.03666851 -0.003079508 -0.9997093 0.02391372 -0.007420525 -0.9999564 0.005668767 -0.0001574748 -0.9999998 0.0006696581 -0.4078795 -0.0714246 0.9102377 -0.2398873 -0.3314423 0.9124693 -0.2699929 -0.08338083 0.9592453 -0.2528023 -0.1010093 0.9622308 -0.2678087 -0.07698982 0.960391 -0.1192805 -0.2583406 0.9586617 -0.484674 0.4182817 0.7682002 -0.1270756 -0.1702784 0.9771678 0 -0.9999985 0.001701909 -0.002869008 -0.9999891 0.003683216 0 -0.9991276 0.04176305 -0.007458358 -0.9988714 0.04690687 0 -0.9941601 0.1079151 -0.0120567 -0.9931516 0.1162089 0 -0.9848291 0.1735267 -0.01670383 -0.9826031 0.1849646 0 -0.97116 0.2384286 -0.0188562 -0.9677353 0.2512625 0 -0.9637235 0.2669023 -0.02346656 -0.9588904 0.2828046 0 -0.944278 0.329149 -0.0282213 -0.9370381 0.3480853 0 -0.9209403 0.3897037 -0.03307948 -0.9107518 0.4116272 0 -0.8938327 0.4484006 -0.03806424 -0.8801053 0.4732502 0 -0.8630759 0.5050741 -0.04320455 -0.845156 0.5327708 0 -0.828785 0.5595672 -0.04852398 -0.8059424 0.590002 0 -0.7910738 0.6117206 -0.05406337 -0.7624754 0.6447546 0 -0.7499606 0.6614825 -0.05751797 -0.7161081 0.6956155 0 -0.7275344 0.6860713 -0.06252641 -0.6886145 0.7224268 0 -0.6855067 0.7280663 -0.06814025 -0.6389664 0.7662107 0 -0.6415119 0.7671131 -0.07394062 -0.5863375 0.8066852 0 -0.5957241 0.8031891 -0.0799491 -0.5307671 0.8437383 0 -0.5483066 0.8362774 -0.08618663 -0.4722571 0.8772371 0 -0.4994131 0.866364 -0.09267917 -0.4107631 0.9070195 0 -0.4491737 0.8934444 -0.0992753 -0.3463651 0.9328321 0 -0.4002761 0.9163946 -0.1058864 -0.2820776 0.9535305 0 -0.3526768 0.9357451 -0.1126575 -0.2175733 0.9695205 0 -0.3049519 0.9523678 -0.1197486 -0.1507511 0.9812922 0 -0.2572322 0.9663496 -0.1272308 -0.08132927 0.9885332 0 -0.2096556 0.9777753 -0.1356099 -0.008279714 0.9907278 0 -0.1622986 0.9867417 -0.1400022 0.06134373 0.9882492 0 -0.148582 0.9889001 -0.4856849 -0.4010524 0.7767027 -0.5080282 -0.1731405 0.8437592 -0.3518549 -0.419618 0.836731 -0.3888501 -0.151299 0.9087927 -0.3671937 -0.1873343 0.9110844 -0.2290217 -0.4220375 0.8771735 -0.3445267 -0.2646454 0.9007021 -0.2249663 -0.4597386 0.8590871 -0.3235062 -0.3345419 0.8851132 -0.2188237 -0.4991685 0.8384194 -0.3036149 -0.3987537 0.8653401 -0.2112066 -0.5392261 0.8152466 -0.2841576 -0.4587824 0.8418867 -0.2023858 -0.5803459 0.788821 -0.2646563 -0.5166315 0.8142781 -0.1924511 -0.6222554 0.7587891 -0.2456561 -0.5719422 0.7826463 -0.1817824 -0.6627324 0.7264578 -0.2273792 -0.6229434 0.7484919 -0.1708042 -0.7013314 0.6920695 -0.2097296 -0.6700502 0.7120718 -0.1596538 -0.7379011 0.6557534 -0.1926373 -0.7135575 0.6735923 -0.1484244 -0.7723457 0.6176183 -0.1760438 -0.7536906 0.6332133 -0.1371863 -0.8045924 0.5777637 -0.1652499 -0.7872084 0.5941343 -0.1275388 -0.8234677 0.5528425 -0.1502888 -0.8102797 0.5664451 -0.1195469 -0.8518611 0.5099425 -0.1339093 -0.8443618 0.5187692 -0.1077577 -0.8794739 0.4635882 -0.118108 -0.8746689 0.4701116 -0.09621855 -0.9041432 0.4162536 -0.1027971 -0.9014558 0.4204881 -0.08489864 -0.9259371 0.3680118 -0.08790357 -0.9248716 0.3699802 -0.07377753 -0.9449018 0.3189317 -0.07334948 -0.945031 0.3186472 -0.06282455 -0.9610677 0.2690758 -0.05906639 -0.9620101 0.2665481 -0.05200557 -0.9744543 0.2184813 -0.05140514 -0.9745774 0.2180742 -0.04259191 -0.9803919 0.1924001 -0.03860299 -0.9810868 0.1896801 -0.03646861 -0.9889675 0.1435738 -0.0246634 -0.990473 0.1354803 -0.02574941 -0.9954883 0.09132336 -0.01084739 -0.9966498 0.08106463 -0.01510666 -0.9991297 0.0388794 -0.001642716 -0.9995607 0.02959288 -0.005341871 -0.9999741 0.004820733 -3.934979e-05 -0.9999993 0.001158765 -0.9979518 0.02116662 0.06036637 -0.9800378 0.1894252 0.06036612 -0.9339607 0.3522407 0.0603641 -0.8610399 0.5049418 0.06036625 -0.06857835 -0.03826157 0.9969118 -0.05507986 -0.02486789 0.9981722 -0.0569885 -0.02011229 0.9981722 -0.0584875 -0.01521208 0.9981722 -0.05956598 -0.01020261 0.9981722 -0.06021614 -0.005119651 0.9981722 -0.06043353 0 0.9981722 -0.06021628 0.005119663 0.9981722 -0.05956594 0.0102026 0.9981722 -0.05848753 0.01521208 0.9981722 -0.05698851 0.02011229 0.9981722 -0.05507978 0.02486788 0.9981722 -0.53462 0.3086981 0.7866937 -0.4628978 0.2441236 0.8521321 -0.4547146 0.2471138 0.855669 -0.3306171 0.1928887 0.9238432 -0.370812 0.1761012 0.911859 -0.2294516 0.1505934 0.9615995 -0.2600149 0.1450693 0.954645 -0.1731035 0.09657908 0.980157 -0.1533462 0.09620248 0.9834785 -0.07540473 0.02714104 0.9967836 -0.0527752 0.02944458 0.9981722 -0.620746 0.3806097 0.6854274 -0.5988532 0.3341156 0.7278334 -0.5471324 0.3052592 0.7793992 -0.06053714 -0.01401663 0.9980676 -0.1662719 -0.1076984 0.980181 -0.1575497 -0.08790123 0.9835911 -0.2397794 -0.1337794 0.9615659 -0.2547694 -0.1553454 0.9544425 -0.3435953 -0.1713902 0.9233459 -0.3565212 -0.2042979 0.9116771 -0.4598195 -0.2493192 0.8522945 -0.4583158 -0.2400744 0.8557516 -0.5413728 -0.3149069 0.7795826 -0.5388668 -0.3006477 0.786914 -0.5988538 -0.334116 0.7278328 -0.6104714 -0.358268 0.7063771 -0.8238544 0.4596492 0.3316422 -0.7986099 0.4455646 0.4045917 -0.7933671 0.4499682 0.4099966 -0.7489693 0.4081477 0.5219774 -0.7550495 0.4029548 0.5172307 -0.6742901 0.3916318 0.6260651 -0.6876645 0.383666 0.6163749 -0.6177776 0.3446742 0.7067888 -0.05507981 -0.02486781 0.9981723 -0.1644301 -0.074238 0.9835911 -0.1644301 -0.07423811 0.9835911 -0.2713698 -0.1225201 0.9546451 -0.2713696 -0.1225196 0.9546453 -0.3743353 -0.1690071 0.9117618 -0.3743356 -0.1690078 0.9117616 -0.4718196 -0.2130207 0.855575 -0.4718193 -0.2130201 0.8555751 -0.5623996 -0.2539158 0.7869139 -0.5623996 -0.253916 0.7869138 -0.6447564 -0.2910991 0.7067888 -0.6447565 -0.291099 0.7067888 -0.7176955 -0.3240301 0.6163746 -0.7176957 -0.324031 0.616374 -0.7801582 -0.3522321 0.5169969 -0.7801582 -0.3522308 0.5169978 -0.8312436 -0.3752951 0.4101068 -0.8312435 -0.3752972 0.4101053 -0.8702145 -0.3928922 0.2972582 -0.8702149 -0.3928902 0.2972597 -0.8965109 -0.4047625 0.1800984 -0.896511 -0.4047624 0.1800984 -0.6361369 -0.3549172 0.6851011 -0.6811119 -0.3800099 0.6258425 -0.682584 -0.3930331 0.6161201 -0.7520533 -0.4026412 0.5218199 -0.7512257 -0.410169 0.517128 -0.7950966 -0.4517132 0.4046931 -0.7964617 -0.4443662 0.4101067 -0.8238544 -0.4596492 0.3316422 -0.8249826 -0.4808308 0.2969942 -0.8398271 -0.4685615 0.2741176 -0.8589976 -0.4792573 0.1800985 -0.8443877 -0.4977931 0.1980189 -0.8648748 -0.4825358 0.1383864 -0.8249872 0.4941047 0.2743294 -0.8338022 0.4652001 0.2972588 -0.856009 0.4775898 0.1978803 -0.8510014 0.4933697 0.1799528 -0.8648751 0.4825354 0.1383864 -0.8716871 0.486336 0.06032389 -0.8824241 0.4683807 0.04412704 -0.05507991 0.02486785 0.9981723 -0.1644302 0.07423807 0.9835911 -0.1644299 0.07423811 0.9835911 -0.2713693 0.1225199 0.9546452 -0.2713701 0.1225197 0.954645 -0.3743359 0.1690073 0.9117616 -0.3743352 0.1690075 0.9117618 -0.4718193 0.2130203 0.8555752 -0.4718196 0.2130202 0.8555751 -0.5623997 0.2539159 0.7869138 -0.5623997 0.2539158 0.7869138 -0.6447566 0.2910989 0.7067888 -0.6447566 0.291099 0.7067888 -0.717696 0.3240302 0.616374 -0.717695 0.3240308 0.6163748 -0.7801577 0.352232 0.5169977 -0.7801588 0.3522311 0.5169966 -0.8312441 0.3752954 0.4101057 -0.8312431 0.3752964 0.4101067 -0.8702143 0.3928914 0.2972596 -0.8702152 0.3928905 0.2972587 -0.8965108 0.4047626 0.1800986 -0.896511 0.4047624 0.1800984 -0.9097541 0.4107416 0.06032333 -0.9097537 0.4107423 0.06032399 -0.05698849 0.0201123 0.9981723 -0.1701279 0.0600413 0.9835911 -0.1701283 0.06004119 0.9835911 -0.2807738 0.0990899 0.9546451 -0.2807731 0.09909014 0.9546452 -0.3873076 0.1366881 0.9117616 -0.3873076 0.1366881 0.9117616 -0.4881695 0.1722842 0.8555751 -0.4881692 0.1722843 0.8555752 -0.5818882 0.2053596 0.7869139 -0.5818884 0.2053595 0.7869138 -0.6670986 0.2354318 0.7067894 -0.6670996 0.235431 0.7067887 -0.7425667 0.2620648 0.616374 -0.7425665 0.2620648 0.616374 -0.8071931 0.2848726 0.516998 -0.8071934 0.2848723 0.5169977 -0.8600497 0.3035262 0.4101051 -0.8600494 0.3035267 0.4101056 -0.9003707 0.3177569 0.2972594 -0.9003706 0.317757 0.2972596 -0.927578 0.327359 0.180098 -0.9275776 0.3273596 0.1800986 -0.9412795 0.3321953 0.06032524 -0.9488627 0.3125995 0.04405758 -0.0584875 0.0152121 0.9981723 -0.1746028 0.04541269 0.9835911 -0.1746029 0.04541267 0.9835911 -0.288159 0.07494764 0.9546451 -0.288159 0.07494769 0.954645 -0.3974948 0.103385 0.9117618 -0.3974952 0.1033848 0.9117616 -0.5010102 0.1303081 0.855575 -0.5010101 0.1303082 0.8555751 -0.597194 0.1553248 0.7869139 -0.597194 0.1553248 0.7869139 -0.6846465 0.1780704 0.7067887 -0.6846453 0.1780714 0.7067894 -0.7620973 0.1982162 0.616375 -0.7620985 0.1982149 0.6163738 -0.8284252 0.2154659 0.5169972 -0.8284245 0.2154669 0.5169981 -0.8826708 0.2295759 0.4101064 -0.8826718 0.2295743 0.410105 -0.9240539 0.2403374 0.2972579 -0.924053 0.2403392 0.2972594 -0.9519759 0.2476018 0.1800981 -0.951976 0.2476016 0.180098 -0.9660381 0.2512591 0.06032542 -0.9660382 0.2512589 0.06032528 -0.05956599 0.01020258 0.9981723 -0.1778225 0.03045778 0.9835911 -0.1778223 0.03045787 0.9835911 -0.2934727 0.05026677 0.954645 -0.2934723 0.05026697 0.9546451 -0.4048239 0.06933965 0.9117619 -0.4048242 0.06933948 0.9117618 -0.5102475 0.08739671 0.8555754 -0.5102483 0.08739611 0.855575 -0.6082059 0.1041744 0.7869138 -0.6082057 0.1041746 0.7869139 -0.6972703 0.1194297 0.706789 -0.6972709 0.1194293 0.7067886 -0.7761502 0.1329398 0.6163746 -0.77615 0.1329402 0.616375 -0.8437009 0.1445104 0.5169965 -0.8437004 0.1445113 0.5169972 -0.8989462 0.1539739 0.410107 -0.8989465 0.1539733 0.4101064 -0.9410921 0.161192 0.2972588 -0.9410926 0.1611908 0.2972578 -0.9695302 0.1660616 0.1800971 -0.9695296 0.1660629 0.1800982 -0.9838512 0.1685159 0.06032521 -0.9880334 0.1478341 0.04398895 -0.06021613 0.005119757 0.9981723 -0.179763 0.01528399 0.9835912 -0.1797635 0.01528369 0.9835911 -0.2966761 0.02522373 0.954645 -0.2966761 0.02522368 0.954645 -0.4092435 0.03479427 0.9117615 -0.4092428 0.03479486 0.9117619 -0.5158171 0.04385607 0.8555754 -0.5158171 0.04385607 0.8555754 -0.6148447 0.05227565 0.7869137 -0.6148447 0.05227568 0.7869137 -0.7048812 0.05993082 0.7067891 -0.7048813 0.05993065 0.706789 -0.7846228 0.06671049 0.616374 -0.7846221 0.06671145 0.6163747 -0.8529093 0.07251749 0.5169979 -0.8529104 0.0725157 0.5169966 -0.9087591 0.07726403 0.4101063 -0.9087587 0.07726492 0.410107 -0.9513645 0.08088738 0.2972588 -0.9513645 0.08088738 0.2972589 -0.9801126 0.08333163 0.1800975 -0.9801127 0.08333111 0.1800971 -0.9945904 0.08456203 0.06032579 -0.9945904 0.08456126 0.06032518 -0.06043353 0 0.9981722 -0.1804116 0 0.9835912 -0.1804116 0 0.9835913 -0.2977464 0 0.954645 -0.2977464 0 0.954645 -0.41072 0 0.9117615 -0.4107201 0 0.9117615 -0.5176781 0 0.8555754 -0.5176781 0 0.8555754 -0.6170631 0 0.7869137 -0.6170631 0 0.7869137 -0.7074243 0 0.706789 -0.7074243 0 0.7067891 -0.7874536 0 0.616374 -0.7874536 0 0.616374 -0.8559867 0 0.5169979 -0.8559867 0 0.5169979 -0.9120377 0 0.4101063 -0.9120377 0 0.4101063 -0.9547969 0 0.2972588 -0.9547969 0 0.2972588 -0.9836488 0 0.1800975 -0.9836488 0 0.1800975 -0.9981787 0 0.06032582 -0.9988106 -0.02118484 0.04391674 -0.06021628 -0.005119769 0.9981722 -0.1797635 -0.01528404 0.9835911 -0.179763 -0.01528366 0.9835912 -0.2966761 -0.02522373 0.954645 -0.2966761 -0.02522368 0.954645 -0.4092429 -0.03479423 0.9117618 -0.4092435 -0.03479492 0.9117615 -0.5158171 -0.04385607 0.8555755 -0.5158172 -0.0438561 0.8555754 -0.6148447 -0.05227569 0.7869137 -0.6148448 -0.05227569 0.7869138 -0.7048813 -0.05993083 0.706789 -0.7048812 -0.05993064 0.7067891 -0.7846222 -0.0667104 0.6163747 -0.7846227 -0.0667115 0.616374 -0.8529102 -0.07251757 0.5169966 -0.8529095 -0.07251563 0.5169979 -0.9087588 -0.07726403 0.410107 -0.908759 -0.07726494 0.4101063 -0.9513645 -0.08088735 0.2972588 -0.9513645 -0.08088738 0.2972589 -0.9801127 -0.08333162 0.1800971 -0.9801127 -0.08333111 0.1800976 -0.9945904 -0.08456203 0.06032519 -0.9945904 -0.08456126 0.06032579 -0.9800378 -0.1894252 0.06036613 -0.05956594 -0.01020257 0.9981723 -0.1778223 -0.03045776 0.9835911 -0.1778225 -0.03045789 0.9835911 -0.2934724 -0.0502667 0.9546451 -0.2934726 -0.05026702 0.954645 -0.4048241 -0.06933967 0.9117618 -0.4048239 -0.06933944 0.9117619 -0.5102481 -0.08739679 0.855575 -0.5102475 -0.08739594 0.8555754 -0.6082058 -0.1041744 0.7869138 -0.608206 -0.1041747 0.7869137 -0.6972707 -0.1194298 0.7067885 -0.6972704 -0.1194292 0.706789 -0.77615 -0.1329398 0.616375 -0.7761503 -0.1329403 0.6163746 -0.8437006 -0.1445104 0.5169972 -0.8437008 -0.1445114 0.5169965 -0.8989464 -0.153974 0.4101064 -0.8989463 -0.1539732 0.410107 -0.9410923 -0.1611921 0.2972579 -0.9410923 -0.1611908 0.2972588 -0.9695299 -0.1660616 0.1800982 -0.9695299 -0.1660629 0.1800971 -0.9843046 -0.1685935 0.05215965 -0.9871871 -0.1477075 0.06036565 -0.05848753 -0.01521212 0.9981723 -0.1746029 -0.04541274 0.9835911 -0.1746028 -0.04541267 0.9835912 -0.288159 -0.07494763 0.9546451 -0.288159 -0.07494766 0.9546451 -0.397495 -0.103385 0.9117616 -0.3974949 -0.1033847 0.9117618 -0.5010101 -0.1303081 0.855575 -0.5010101 -0.1303082 0.855575 -0.597194 -0.1553247 0.786914 -0.5971941 -0.1553249 0.7869138 -0.6846457 -0.1780703 0.7067894 -0.6846462 -0.1780716 0.7067886 -0.7620981 -0.1982164 0.6163739 -0.7620977 -0.1982147 0.616375 -0.8284246 -0.2154658 0.5169981 -0.8284249 -0.2154671 0.5169972 -0.8826713 -0.2295762 0.410105 -0.8826712 -0.2295742 0.4101065 -0.9240534 -0.2403373 0.2972595 -0.9240534 -0.2403395 0.2972579 -0.9519759 -0.2476019 0.1800978 -0.9519759 -0.2476014 0.1800981 -0.9660381 -0.2512589 0.06032528 -0.9660382 -0.2512588 0.06032542 -0.9339606 -0.352241 0.06036424 -0.05698851 -0.0201123 0.9981723 -0.1701282 -0.06004138 0.9835911 -0.170128 -0.06004114 0.9835911 -0.2807734 -0.09908982 0.9546452 -0.2807737 -0.09909033 0.9546451 -0.3873076 -0.1366881 0.9117616 -0.3873075 -0.1366881 0.9117616 -0.4881693 -0.1722841 0.8555751 -0.4881694 -0.1722843 0.8555751 -0.5818884 -0.2053596 0.7869139 -0.5818883 -0.2053594 0.7869139 -0.6670992 -0.2354319 0.7067888 -0.6670989 -0.2354308 0.7067894 -0.7425666 -0.2620647 0.616374 -0.7425667 -0.2620648 0.616374 -0.8071932 -0.2848727 0.5169978 -0.8071931 -0.2848722 0.5169981 -0.8600497 -0.3035262 0.4101054 -0.8600497 -0.3035267 0.410105 -0.9003707 -0.3177567 0.2972597 -0.9003706 -0.3177569 0.2972596 -0.9275779 -0.3273588 0.1800984 -0.9275778 -0.3273597 0.1800978 -0.9417133 -0.3323483 0.05215957 -0.9480529 -0.3123327 0.06036559 -0.9097536 -0.4107425 0.06032349 -0.909754 -0.4107415 0.06032431 -0.8816737 -0.4679824 0.06036451 -0.8720884 -0.4865605 0.05215971 -0.8610407 -0.5049405 0.06036565 0 0.9999993 0.001158748 -0.1791143 0.9836334 0.01958136 -0.152233 0.9883438 0.001297419 -0.140216 0.9898947 0.02116744 -0.1070381 0.9942537 -0.001567987 -0.09271193 0.9955472 0.01703892 -0.06453938 0.9979123 -0.002354204 -0.07656644 0.9969319 -0.01625583 -0.208192 0.9779446 0.01674546 -0.1883159 0.9820153 0.01352328 -0.1794775 0.9837332 0.007537554 -0.2242335 0.9744733 0.0110049 -0.2538321 0.9667543 0.0309106 -0.2595002 0.9657035 0.008735669 -0.2988737 0.9536558 0.03485772 -0.3019898 0.9532369 0.01189652 0 0.9999993 0.001158748 -0 0.9999993 0.001158748 -0.0001061152 0.999125 0.0418234 -0 0.9991281 0.04175019 -0.002886046 0.9939387 0.1098975 -0 0.9941607 0.10791 -0.007495676 0.983881 0.1786672 -0 0.9848294 0.1735256 -0.01215057 0.9690123 0.2467135 -0 0.9711599 0.2384292 -0.01683994 0.9603359 0.2783369 -0 0.9637234 0.2669027 -0.01901606 0.9395245 0.3419534 -0 0.9442776 0.3291501 -0.02381915 0.9137601 0.4055556 -0 0.9209405 0.3897033 -0.02873138 0.8836575 0.4672514 -0 0.8938326 0.4484009 -0.03377671 0.849284 0.5268547 -0 0.8630757 0.5050745 -0.03898855 0.8106802 0.5841895 -0 0.8287849 0.5595673 -0.04439547 0.7678702 0.6390653 -0 0.7910733 0.6117213 -0.05003417 0.7207512 0.6913858 -0 0.7499601 0.6614832 -0.05549407 0.6932368 0.7185701 -0 0.7275338 0.686072 -0.05902649 0.6455207 0.7614583 -0 0.685507 0.728066 -0.06485106 0.5934705 0.8022389 -0 0.6415122 0.7671128 -0.07089815 0.5384889 0.8396447 -0 0.5957238 0.8031893 -0.0771975 0.4805724 0.8735507 -0 0.5483062 0.8362776 -0.08378424 0.4196661 0.9038034 -0.005338317 0.9999741 0.00484524 -0.000564781 0.9993696 0.03549736 -0.01419273 0.9988908 0.04489619 -0.004074362 0.995603 0.09358428 -0.0233847 0.9939981 0.1068692 -0.009414346 0.9882537 0.1525327 -0.0326821 0.9851651 0.1684685 -0.01479368 0.9773582 0.2110735 -0.03737072 0.9733056 0.2264501 -0.01978861 0.9709149 0.238606 -0.04620359 0.9654391 0.2565008 -0.0226767 0.9556974 0.293476 -0.05569939 0.947242 0.3156424 -0.02815761 0.9367263 0.3489284 -0.06538548 0.9252775 0.3736125 -0.03372264 0.9145223 0.4031275 -0.07531906 0.8995399 0.4302964 -0.03938506 0.8891175 0.4559813 -0.08554405 0.8699924 0.4855877 -0.04516724 0.8605359 0.5073834 -0.09611248 0.8365751 0.5393558 -0.05108212 0.8287904 0.5572227 -0.1070962 0.7991824 0.5914711 -0.05714532 0.7938105 0.6054745 -0.1141766 0.7603579 0.6393901 -0.06260446 0.773245 0.6310094 -0.1238742 0.7350507 0.6666 -0.0664977 0.7379213 0.6716027 -0.1349533 0.691195 0.7099557 -0.07237755 0.6993153 0.7111396 -0.1463777 0.6441281 0.7507814 -0.07828332 0.6586451 0.7483705 -0.1581802 0.5937631 0.7889388 -0.08418877 0.6160062 0.7832297 -0.1704017 0.5399654 0.8242576 -0.09005683 0.5715015 0.8156444 -0.1830959 0.4825337 0.8565262 0 0.9999993 0.001158748 -0.007293942 0.9999542 0.006195934 -0.001570599 0.999562 0.02954938 -0.02019297 0.998897 0.04239187 -0.008883144 0.9967793 0.07970071 -0.03399255 0.9947059 0.09697774 -0.01954775 0.991061 0.1319696 -0.04791468 0.9873104 0.1514019 -0.03029885 0.9824579 0.184007 -0.05552827 0.9779758 0.2011965 -0.03986826 0.9768376 0.210235 -0.06817219 0.9709399 0.2294085 -0.04601375 0.9651207 0.2577302 -0.0823641 0.9558316 0.2821381 -0.05693594 0.9497854 0.3076784 -0.09682267 0.9375392 0.3341343 -0.06800129 0.9316791 0.3568612 -0.1116096 0.9159938 0.3853552 -0.07925545 0.9107759 0.4052232 -0.1268001 0.8911002 0.4357317 -0.09072799 0.8870313 0.4527074 -0.1424602 0.8627263 0.4851891 -0.1024491 0.8603842 0.4992427 -0.1586894 0.8306854 0.5336472 -0.1144509 0.8307005 0.5448282 -0.1694962 0.7985286 0.5776013 -0.1250172 0.8117587 0.5704547 -0.1834501 0.7752838 0.604385 -0.1328979 0.7823188 0.6085355 -0.1997015 0.7367615 0.645989 -0.144502 0.7485163 0.6471804 -0.216397 0.6949469 0.6857268 -0.1561556 0.7124813 0.6840948 -0.2335804 0.6496626 0.7234492 -0.1678091 0.6742526 0.7191824 -0.2512987 0.6006788 0.758969 -0.1793869 0.6338924 0.7523302 -0.2696264 0.5476753 0.7920564 -0.1907835 0.5914847 0.7834204 -0.2881064 0.4908283 0.8222422 0 0.9999993 0.001158748 -0.008776492 0.9999356 0.007199402 -0.003025799 0.9997105 0.02387071 -0.02547647 0.9989005 0.03935398 -0.01441 0.9976927 0.06634521 -0.04385159 0.9952771 0.08660563 -0.03040576 0.9932624 0.1118268 -0.06239896 0.9890493 0.1337455 -0.04649988 0.9864629 0.157254 -0.07330698 0.9817429 0.1755196 -0.06022238 0.9814873 0.1818132 -0.08934409 0.9753963 0.2015435 -0.0699729 0.972539 0.2219721 -0.1081666 0.9627995 0.2476228 -0.08625624 0.960084 0.2660801 -0.1272872 0.9475082 0.2933022 -0.1027308 0.9452457 0.3097691 -0.1467973 0.9294195 0.3385704 -0.1194421 0.9279544 0.3530355 -0.1667707 0.9083948 0.3834144 -0.1364422 0.90812 0.3958554 -0.1872903 0.8842601 0.4277925 -0.1537698 0.885632 0.4381904 -0.2084739 0.856778 0.4716674 -0.1714721 0.860314 0.4800597 -0.2230258 0.8302898 0.5107625 -0.1866837 0.8427173 0.5049523 -0.2407094 0.8089579 0.5363266 -0.1985548 0.8182186 0.5395316 -0.2617044 0.7752032 0.5749529 -0.2155891 0.788509 0.5759992 -0.2831762 0.738209 0.612257 -0.2326756 0.7564869 0.6112198 -0.3051585 0.6977512 0.6480907 -0.2497536 0.7221438 0.6450824 -0.3277086 0.6535379 0.6822722 -0.2667239 0.6854969 0.6774602 -0.3508753 0.6052118 0.7145665 -0.2834565 0.6466012 0.7082085 -0.3740692 0.5530534 0.7444488 -0.299422 0.6071987 0.7359729 -0.3969389 0.498665 0.7705664 -0.0003197442 0.9999999 0.0002208198 -0.3256146 0.9451091 0.02727506 -0.356339 0.9340448 0.02414097 -0.354219 0.934907 0.02185968 -0.3865413 0.9212852 0.04265356 -0.3846689 0.9228672 0.01860126 -0.4290743 0.9020728 0.04647395 -0.4248389 0.9049965 0.02220716 -0.4707018 0.8808604 0.05024781 -0.4642729 0.8853106 0.02599782 -0.5041322 0.862204 0.04954812 -0.4911445 0.8704911 0.03197626 -0.5306996 0.8457721 0.05502195 -0.5206221 0.8531678 0.03251592 -0.5663899 0.822085 0.0581263 -0.5548697 0.831133 0.03657154 -0.6006579 0.7971709 0.06106229 -0.5880753 0.8077771 0.04078719 -0.6334762 0.7711275 0.06379887 -0.6202828 0.7830772 0.04516131 -0.6648414 0.7440341 0.06632798 -0.6515395 0.756987 0.04966911 -0.6947224 0.7159976 0.0686163 -0.6818995 0.7294285 0.05428797 -0.7225121 0.687763 0.0704165 -0.7106515 0.7010685 0.0589692 -0.7476115 0.6602244 0.07197839 -0.7373487 0.672535 0.06335325 -0.0101775 0.9999235 0.007028724 -0.004901552 0.9998156 0.01856557 -0.02999954 0.9989058 0.03587679 -0.02067436 0.9983565 0.05345007 -0.05298637 0.9957228 0.07568645 -0.04196831 0.9948612 0.09213969 -0.07611341 0.9903829 0.1155356 -0.06338403 0.9893745 0.1308461 -0.09069338 0.9846008 0.1494518 -0.08081958 0.9848553 0.1533891 -0.1096859 0.9788038 0.1729513 -0.09451158 0.9779406 0.1862784 -0.1330486 0.9681347 0.2121634 -0.116055 0.9676001 0.2242347 -0.156707 0.9551633 0.2512089 -0.1377842 0.9551743 0.2620258 -0.1807494 0.9397686 0.2901115 -0.1597691 0.9405715 0.299665 -0.2052708 0.9217941 0.3288759 -0.1820578 0.9236763 0.3371603 -0.2303463 0.9010484 0.3674947 -0.2047003 0.9043508 0.3744961 -0.256103 0.8772735 0.4059587 -0.227758 0.8823987 0.4117024 -0.2743586 0.8553473 0.439441 -0.2470364 0.8658413 0.4350768 -0.2951585 0.8357509 0.4630358 -0.2628073 0.8452429 0.4652921 -0.3203634 0.8060893 0.4975814 -0.2848167 0.8188208 0.4984094 -0.3459931 0.773355 0.5312351 -0.3068524 0.7900824 0.5306709 -0.3720783 0.737305 0.563861 -0.3288429 0.7589825 0.5619679 -0.3986536 0.6976432 0.5952893 -0.350703 0.7254902 0.5921751 -0.4257482 0.6540216 0.6252953 -0.3722776 0.6896338 0.6211398 -0.4526471 0.6068519 0.6533309 -0.3929542 0.6528203 0.6476208 -0.4788736 0.5574502 0.6781809 -0.4119047 0.616015 0.6714612 -0.5049983 0.5049833 0.6999776 7.993601e-05 0.9999995 0.001103543 -0.01030027 0.9999127 0.008272288 -0.00726188 0.9998829 0.01346845 -0.03384103 0.9989212 0.03180098 -0.0276537 0.9987738 0.04106439 -0.06137053 0.9960437 0.06426845 -0.05424612 0.9958634 0.07289328 -0.08906652 0.9913154 0.09675264 -0.08093252 0.9911941 0.1048054 -0.1076678 0.986547 0.123015 -0.1016429 0.986938 0.1249885 -0.1291807 0.98116 0.1436573 -0.1195831 0.9813179 0.1507152 -0.1569649 0.9718268 0.1758257 -0.1462473 0.9723133 0.18226 -0.1849967 0.9604808 0.207973 -0.1730496 0.9614292 0.2137934 -0.2133615 0.946999 0.2401455 -0.2000506 0.9485681 0.2453532 -0.2421307 0.9312296 0.2723678 -0.2273168 0.9336089 0.27695 -0.2713996 0.9129817 0.304642 -0.2548866 0.9164085 0.3085908 -0.3012815 0.8920029 0.3369869 -0.2828297 0.8967693 0.3403121 -0.3231074 0.8734514 0.3642586 -0.3055029 0.8809242 0.3614422 -0.3463561 0.8553736 0.3851928 -0.3249681 0.8631166 0.3865561 -0.3751512 0.8290249 0.4147038 -0.3513394 0.83911 0.4152772 -0.4042353 0.7998533 0.4436537 -0.3776505 0.8128572 0.4434448 -0.433628 0.7676303 0.471922 -0.4038435 0.7842872 0.4709607 -0.4633444 0.7320906 0.4993549 -0.4298387 0.7533427 0.4977081 -0.4934077 0.6929113 0.5257593 -0.455503 0.7200052 0.5235547 -0.5230005 0.6506351 0.5505856 -0.4801686 0.6853848 0.5474358 -0.5515311 0.6063729 0.5728223 -0.5029822 0.6504764 0.5691128 -0.579565 0.5594029 0.5925984 -0.5241504 0.6149204 0.5891852 -0.6075199 0.508568 0.610146 -0.0003996802 0.9999999 0.0002760248 -0.01090936 0.9999121 0.007533975 -0.01003035 0.9999115 0.008737793 -0.03691849 0.9989457 0.02728531 -0.03536464 0.9989488 0.0291673 -0.06901815 0.996242 0.05232821 -0.06721978 0.9962696 0.0541141 -0.1012471 0.9918436 0.07742983 -0.09912422 0.9919205 0.07917215 -0.1242027 0.987578 0.09624659 -0.1226568 0.9877312 0.09665655 -0.1477964 0.9824597 0.1137064 -0.145147 0.9826642 0.1153411 -0.1798843 0.973864 0.1386742 -0.1767528 0.9742099 0.140262 -0.2120978 0.9634376 0.1637142 -0.2083853 0.9639853 0.1652512 -0.2445136 0.9510745 0.1888662 -0.2401051 0.9519032 0.1903412 -0.2772112 0.9366375 0.214159 -0.2719457 0.9378585 0.215562 -0.3102447 0.9199632 0.2396162 -0.3039604 0.9217178 0.2409239 -0.3437307 0.9008255 0.2652597 -0.3362121 0.9033059 0.266458 -0.3689113 0.8844119 0.2858672 -0.3615061 0.8878466 0.2846784 -0.3939263 0.867575 0.3035386 -0.3843336 0.8716724 0.3040969 -0.4256074 0.8436677 0.3272355 -0.414294 0.84917 0.3275223 -0.4573562 0.8172505 0.3506092 -0.4440255 0.8245719 0.3506027 -0.489201 0.7881178 0.3735675 -0.4734829 0.7978019 0.3732641 -0.5211354 0.7560523 0.3959835 -0.5025992 0.7687947 0.3954096 -0.5531633 0.7207902 0.4176981 -0.531292 0.737493 0.4169328 -0.5844509 0.6829417 0.4381871 -0.5588458 0.7047874 0.4369966 -0.6143088 0.6434758 0.4566876 -0.5844496 0.6716475 0.4553111 -0.6433327 0.6017351 0.4733265 -0.6084645 0.6376848 0.4723655 -0.6719025 0.5569053 0.4882659 -0.6311889 0.6026484 0.4882782 -0.6999469 0.5087968 0.5011988 -0.1177992 0.3006313 0.9464377 -0.1153142 0.3040529 0.9456503 -0.2724099 0.01385666 0.9620816 0 0.4002764 0.9163945 -0.1050789 0.2270223 0.9682042 -0.1062883 0.4348403 0.894213 -0.2220585 0.2959488 0.9290341 -0.2201761 0.4653454 0.8573075 -0.3449324 0.3045816 0.8878354 -0.3382687 0.4899264 0.8034591 -0.4688925 0.309393 0.8272943 -0.4575736 0.5056893 0.7313718 -0.4569636 0.5064542 0.731224 -0.5871582 0.2892376 0.7560336 -0.8006608 0.5526317 0.2313881 -0.8138177 0.534327 0.2284633 -0.7796059 0.5846002 0.2246268 -0.7886816 0.5728487 0.2232165 -0.7573442 0.6157546 0.2174305 -0.7625256 0.6095164 0.2168973 -0.7338134 0.6461516 0.2097759 -0.7354022 0.644375 0.2096775 -0.7090226 0.6757355 0.2016644 -0.7073468 0.677474 0.2017166 -0.6825213 0.7049351 0.1929536 -0.6778895 0.7093646 0.1930482 -0.6537408 0.7341483 0.183437 -0.646412 0.7405719 0.1835888 -0.6232629 0.7625417 0.1734172 -0.6136405 0.7702815 0.1735274 -0.5918145 0.789391 0.1631489 -0.5803018 0.7978685 0.1632662 -0.5594266 0.8146971 0.1526782 -0.5464041 0.8234487 0.1528883 -0.5261337 0.8384554 0.1420417 -0.5119135 0.8471435 0.142452 -0.4919443 0.8606727 0.1312755 -0.4768256 0.8690298 0.1320022 -0.4638594 0.8771237 0.1244526 -0.4504344 0.8843979 0.1222662 -0.435948 0.8927607 0.1136994 -0.4195266 0.9003402 0.1156932 -0.3972914 0.911995 0.1021009 -0.3806051 0.9187974 0.1046466 -0.3582225 0.9292298 0.09060097 -0.3414952 0.9351906 0.09380611 -0.3187166 0.9445358 0.07919507 -0.3021367 0.9496319 0.08314212 -0.2787619 0.9579589 0.06787194 -0.2625028 0.9621938 0.0726307 -0.2383668 0.9695232 0.05662282 -0.2225832 0.9729242 0.06225179 -0.1975243 0.9792449 0.04542533 -0.1823528 0.9818585 0.0519732 -0.1651635 0.9854422 0.04030844 -0.1559657 0.9868782 0.04178748 -0.1373938 0.9900874 0.02915457 -0.1232569 0.9916779 0.03718425 -0.09523834 0.995292 0.01798704 -0.08208726 0.9962613 0.02692866 -0.05294146 0.998574 0.006871417 -0.04090357 0.9990233 0.01671061 -0.01692539 0.9998567 0.0001701464 -0.009745075 0.9999298 0.006730087 0 0.1622984 0.9867418 -0.1385237 -0.05892082 0.9886048 0 0.2096555 0.9777753 -0.128744 0.01878148 0.9915 0 0.257232 0.9663497 -0.1407449 -0.0806236 0.9867577 -0.1270725 0.1702828 0.9771675 -0.4846728 -0.4182796 0.7682021 -0.269993 0.0833812 0.9592451 0 0.3049515 0.9523678 -0.1203422 0.09117381 0.9885368 -0.1146481 0.3449888 0.9315785 -0.2507436 0.1564594 0.9553261 -0.2335255 0.383215 0.893651 -0.2278788 0.3906332 0.8918951 -0.3923972 0.09964894 0.914382 -0.2379437 0.343477 0.9085187 -0.4094601 0.05428774 0.9107113 0 0.352677 0.9357451 -0.11249 0.1604422 0.9806142 -0.1107427 0.3898903 0.9141781 -0.2359323 0.2285224 0.9445176 -0.227711 0.4236672 0.8767291 -0.3658757 0.2321824 0.901236 -0.3470831 0.4526254 0.8213791 -0.3440497 0.4564785 0.8205225 -0.4990707 0.1898484 0.8455094 -0.3452781 0.4283375 0.8350509 0 0.4491736 0.8934445 -0.09786975 0.2914031 0.9515806 -0.1013231 0.479588 0.8716244 -0.2088454 0.3595689 0.909447 -0.2114271 0.5072986 0.8354319 -0.3252821 0.3707944 0.8698868 -0.3269466 0.5288591 0.7832075 -0.4438986 0.3785136 0.8122078 -0.4446863 0.5416588 0.7133442 -0.5585138 0.3851911 0.734636 -0.5612708 0.5427828 0.6247895 -0.5705353 0.5309254 0.6265842 -0.6621931 0.3788486 0.6465091 -0.8329975 -0.2073597 0.5129495 -0.6806895 0.3807376 0.6258601 -0.508522 0.1623027 0.8456142 -0.4855951 0.4011818 0.776692 -0.7630714 -0.3234129 0.5595767 -0.6001577 0.3318919 0.7277764 -0.5962709 0.4190288 0.6847451 0 0.4994128 0.8663642 -0.0906985 0.3556404 0.9302117 -0.09583055 0.5252395 0.8455412 -0.1959656 0.4215697 0.885368 -0.201631 0.549085 0.8110799 -0.3065016 0.4321347 0.8481252 -0.313921 0.568121 0.7607182 -0.4200434 0.4411551 0.7930609 -0.429198 0.5788377 0.6933513 -0.5314907 0.4478602 0.7189846 -0.5437582 0.5787598 0.6077534 -0.635381 0.4534373 0.6250485 -0.6523805 0.5668896 0.5030267 -0.6699237 0.5435509 0.5057219 -0.7254277 0.4509652 0.5199856 -0.6873083 0.5089682 0.5182266 -0.7438542 0.4171305 0.5221906 -0.7599688 0.5086352 0.4046452 -0.9303495 0.1014677 0.352355 -0.7475291 0.5454357 0.3790779 -0.7782407 0.5040796 0.3744932 -0.7260101 0.5805953 0.3685355 -0.7515246 0.5487392 0.3661912 -0.7031859 0.6147701 0.3571939 -0.7239547 0.5907682 0.3562058 -0.6790851 0.6479219 0.3450225 -0.6955916 0.630295 0.3447906 -0.6537734 0.6799461 0.3320447 -0.6665306 0.6673828 0.3321703 -0.6268743 0.71121 0.3181336 -0.6363227 0.7027057 0.3182738 -0.597878 0.742139 0.3029383 -0.6043794 0.7368316 0.3029931 -0.5675161 0.7718086 0.2867696 -0.5714223 0.7689058 0.2868107 -0.5365171 0.7994666 0.2701902 -0.5382594 0.7982916 0.2701989 -0.5049366 0.8251602 0.2532777 -0.5048916 0.8251877 0.253278 -0.4728317 0.8489314 0.2361054 -0.4713171 0.8497617 0.2361464 -0.4402177 0.8708431 0.2187248 -0.4375176 0.8721668 0.2188681 -0.4144671 0.8865702 0.2054512 -0.4114597 0.8880822 0.2049656 -0.387413 0.9019631 0.1907188 -0.3832187 0.9036292 0.1913056 -0.3515547 0.9202426 0.1719386 -0.3467035 0.9219186 0.172809 -0.3156793 0.9363954 0.1533308 -0.3103656 0.9379716 0.1545395 -0.2797215 0.9505602 0.1348751 -0.2741378 0.9519596 0.1364602 -0.2436729 0.9628288 0.1165517 -0.237951 0.9640148 0.1185531 -0.2074918 0.9732805 0.09834614 -0.2017659 0.974234 0.1007896 -0.1711442 0.9819745 0.08022343 -0.1655265 0.9826956 0.08312856 -0.1438358 0.9872341 0.06841287 -0.1403235 0.9876879 0.06915049 -0.1179649 0.991552 0.05393488 -0.1126341 0.9919671 0.0575745 -0.08087991 0.9960801 0.03581672 -0.07592775 0.9963155 0.03987931 -0.04379729 0.9988825 0.01776692 -0.0392383 0.9989813 0.02228718 -0.01322235 0.9999032 0.004341113 -0.01122327 0.9999154 0.006566288 -0.0009603068 0.9999995 -0.000497772 -0.0003196931 0.9999999 0.0002207846 -0.0317956 0.9994872 0.00378623 -0.02097155 0.9997733 -0.003679376 -0.009745075 0.9999298 0.006730087 -0.0003196931 0.9999999 0.0002207846 -0.803468 0.4942432 0.3319078 -0.810697 0.5172267 0.2743119 -0.9643046 0.1484461 0.2192726 -0.8340332 0.5149412 0.1980511 -0.8397077 0.5250785 0.1385048 -0.7553568 0.6516975 0.06874944 -0.7712926 0.6325871 0.07029342 -0.7683043 0.636375 0.06881345 -0.792174 0.6057028 0.07472839 -0.7868568 0.6130089 0.07124966 -0.8122175 0.5783957 0.07590264 -0.8100918 0.5815241 0.07470594 -0.8308873 0.5510852 0.07701466 -0.83232 0.5488241 0.07768921 -0.9475732 0.3095863 0.07912783 -0.8473765 0.5275486 0.06037853</float_array>
          <technique_common>
            <accessor count="4174" source="#cubenormals-array2-array" stride="3">
              <param type="float" name="X"/>
              <param type="float" name="Y"/>
              <param type="float" name="Z"/>
            </accessor>
          </technique_common>
        </source>
        <vertices id="cubeverts-array2-vertices">
          <input semantic="POSITION" source="#cubeverts-array2"/>
        </vertices>
        <triangles count="4174" material="ref_joint_leg_for_soft_link___leg_mount_down_1">
          <input offset="0" semantic="VERTEX" source="#cubeverts-array2-vertices"/>
          <input offset="1" semantic="NORMAL" source="#cubenormals-array2"/>
          <p>103 0 137 0 147 0 95 1 103 1 147 1 146 2 101 2 93 2 89 3 146 3 93 3 97 4 146 4 89 4 101 5 146 5 136 5 130 6 101 6 136 6 105 7 101 7 130 7 124 8 105 8 130 8 109 9 105 9 124 9 122 10 109 10 124 10 113 11 109 11 122 11 113 12 122 12 120 12 118 13 113 13 120 13 117 14 113 14 118 14 119 15 117 15 118 15 115 16 117 16 119 16 121 17 115 17 119 17 111 18 115 18 121 18 123 19 111 19 121 19 107 20 111 20 123 20 125 21 107 21 123 21 103 22 107 22 125 22 131 23 103 23 125 23 137 24 103 24 131 24 97 25 89 25 85 25 81 26 97 26 85 26 77 27 97 27 81 27 73 28 77 28 81 28 61 29 77 29 73 29 69 30 61 30 73 30 37 31 61 31 69 31 65 32 37 32 69 32 25 33 37 33 65 33 57 34 25 34 65 34 21 35 25 35 57 35 53 36 21 36 57 36 17 37 21 37 53 37 49 38 17 38 53 38 13 39 17 39 49 39 45 40 13 40 49 40 9 41 13 41 45 41 41 42 9 42 45 42 5 43 9 43 41 43 33 44 5 44 41 44 1 45 5 45 33 45 29 46 1 46 33 46 3 47 1 47 29 47 31 48 3 48 29 48 7 49 3 49 31 49 35 50 7 50 31 50 11 51 7 51 35 51 43 52 11 52 35 52 15 53 11 53 43 53 47 54 15 54 43 54 19 55 15 55 47 55 51 56 19 56 47 56 23 57 19 57 51 57 55 58 23 58 51 58 27 59 23 59 55 59 59 60 27 60 55 60 39 61 27 61 59 61 67 62 39 62 59 62 63 63 39 63 67 63 71 64 63 64 67 64 79 65 63 65 71 65 75 66 79 66 71 66 99 67 79 67 75 67 99 68 75 68 83 68 87 69 99 69 83 69 147 70 99 70 87 70 91 71 147 71 87 71 95 72 147 72 91 72 2079 73 2080 73 2078 73 2077 74 2079 74 2078 74 147 75 98 75 99 75 1981 76 1832 76 1852 76 98 77 147 77 151 77 157 78 98 78 151 78 165 79 98 79 157 79 1551 80 1981 80 1493 80 1981 81 1894 81 1908 81 1914 82 1981 82 1908 82 1922 83 1981 83 1914 83 98 84 165 84 171 84 185 85 98 85 171 85 195 86 98 86 185 86 1981 87 1551 87 1621 87 1702 88 1981 88 1621 88 1748 89 1981 89 1702 89 1981 90 1748 90 1782 90 1812 91 1981 91 1782 91 1832 92 1981 92 1812 92 1981 93 1852 93 1868 93 1884 94 1981 94 1868 94 1894 95 1981 95 1884 95 1981 96 1922 96 1928 96 1932 97 1981 97 1928 97 1982 98 1981 98 1932 98 1981 99 98 99 1043 99 1065 100 1981 100 1043 100 1091 101 1981 101 1065 101 1981 102 1091 102 1125 102 1163 103 1981 103 1125 103 1205 104 1981 104 1163 104 1981 105 1205 105 1225 105 1265 106 1981 106 1225 106 1353 107 1981 107 1265 107 98 108 195 108 211 108 227 109 98 109 211 109 247 110 98 110 227 110 1981 111 1353 111 1397 111 1439 112 1981 112 1397 112 1493 113 1981 113 1439 113 98 114 247 114 267 114 297 115 98 115 267 115 331 116 98 116 297 116 98 117 331 117 377 117 459 118 98 118 377 118 525 119 98 119 459 119 98 120 525 120 585 120 643 121 98 121 585 121 685 122 98 122 643 122 98 123 685 123 727 123 816 124 98 124 727 124 856 125 98 125 816 125 98 126 856 126 876 126 920 127 98 127 876 127 962 128 98 128 920 128 98 129 962 129 994 129 1020 130 98 130 994 130 1043 131 98 131 1020 131 0 132 1 132 3 132 2 133 0 133 3 133 1931 134 1927 134 1979 134 1980 135 1931 135 1979 135 1041 136 1019 136 96 136 1979 137 1041 137 96 137 96 138 156 138 150 138 146 139 96 139 150 139 97 140 96 140 146 140 1979 141 1701 141 1620 141 1550 142 1979 142 1620 142 96 143 376 143 330 143 1979 144 1927 144 1921 144 1913 145 1979 145 1921 145 1907 146 1979 146 1913 146 1979 147 1550 147 1492 147 1438 148 1979 148 1492 148 1396 149 1979 149 1438 149 726 150 96 150 815 150 226 151 96 151 246 151 96 152 184 152 170 152 164 153 96 153 170 153 156 154 96 154 164 154 1979 155 1907 155 1893 155 1883 156 1979 156 1893 156 1867 157 1979 157 1883 157 96 158 726 158 684 158 642 159 96 159 684 159 584 160 96 160 642 160 96 161 584 161 524 161 458 162 96 162 524 162 376 163 96 163 458 163 96 164 330 164 296 164 266 165 96 165 296 165 246 166 96 166 266 166 96 167 226 167 210 167 194 168 96 168 210 168 184 169 96 169 194 169 96 170 1019 170 993 170 961 171 96 171 993 171 919 172 96 172 961 172 96 173 919 173 875 173 855 174 96 174 875 174 815 175 96 175 855 175 1979 176 1396 176 1352 176 1264 177 1979 177 1352 177 1224 178 1979 178 1264 178 1979 179 1867 179 1851 179 1831 180 1979 180 1851 180 1811 181 1979 181 1831 181 1979 182 1811 182 1781 182 1747 183 1979 183 1781 183 1701 184 1979 184 1747 184 1979 185 1224 185 1204 185 1162 186 1979 186 1204 186 1124 187 1979 187 1162 187 1979 188 1124 188 1090 188 1064 189 1979 189 1090 189 1041 190 1979 190 1064 190 2048 191 2078 191 2052 191 1957 192 1972 192 1968 192 1959 193 1957 193 1968 193 1992 194 1931 194 1980 194 1978 195 1932 195 1942 195 1948 196 1978 196 1942 196 1974 197 1978 197 1948 197 2074 198 2078 198 2048 198 2044 199 2074 199 2048 199 2070 200 2074 200 2044 200 2036 201 2070 201 2044 201 2066 202 2070 202 2036 202 2032 203 2066 203 2036 203 2062 204 2066 204 2032 204 2028 205 2062 205 2032 205 2058 206 2062 206 2028 206 2024 207 2058 207 2028 207 2054 208 2058 208 2024 208 2016 209 2054 209 2024 209 2040 210 2054 210 2016 210 2012 211 2040 211 2016 211 2020 212 2040 212 2012 212 2008 213 2020 213 2012 213 2000 214 2020 214 2008 214 2004 215 2000 215 2008 215 1980 216 2000 216 2004 216 1996 217 1980 217 2004 217 1992 218 1980 218 1996 218 1972 219 1957 219 1955 219 1953 220 1972 220 1955 220 1976 221 1972 221 1953 221 1931 222 1992 222 1988 222 1984 223 1931 223 1988 223 1941 224 1931 224 1984 224 1976 225 1941 225 1984 225 1947 226 1941 226 1976 226 1953 227 1947 227 1976 227 1974 228 1948 228 1954 228 1956 229 1974 229 1954 229 1970 230 1974 230 1956 230 1958 231 1970 231 1956 231 1966 232 1970 232 1958 232 1960 233 1966 233 1958 233 1962 234 1966 234 1960 234 1959 235 1962 235 1960 235 1964 236 1962 236 1959 236 1968 237 1964 237 1959 237 1990 238 1994 238 1982 238 1932 239 1990 239 1982 239 1986 240 1990 240 1932 240 1978 241 1986 241 1932 241 1982 242 1994 242 1998 242 2006 243 1982 243 1998 243 2002 244 1982 244 2006 244 2010 245 2002 245 2006 245 2050 246 2052 246 2078 246 2080 247 2050 247 2078 247 2046 248 2050 248 2080 248 2076 249 2046 249 2080 249 2038 250 2046 250 2076 250 2072 251 2038 251 2076 251 2034 252 2038 252 2072 252 2068 253 2034 253 2072 253 2030 254 2034 254 2068 254 2064 255 2030 255 2068 255 2026 256 2030 256 2064 256 2060 257 2026 257 2064 257 2018 258 2026 258 2060 258 2056 259 2018 259 2060 259 2014 260 2018 260 2056 260 2042 261 2014 261 2056 261 2010 262 2014 262 2042 262 2022 263 2010 263 2042 263 2002 264 2010 264 2022 264 98 265 1977 265 1973 265 2043 266 2077 266 2073 266 110 267 1973 267 114 267 1971 268 104 268 108 268 112 269 1971 269 108 269 1967 270 1971 270 112 270 96 271 1971 271 1975 271 1983 272 96 272 1975 272 1979 273 96 273 1983 273 1987 274 1979 274 1983 274 1991 275 1979 275 1987 275 2035 276 2043 276 2073 276 2069 277 2035 277 2073 277 2031 278 2035 278 2069 278 2065 279 2031 279 2069 279 2027 280 2031 280 2065 280 2061 281 2027 281 2065 281 2023 282 2027 282 2061 282 2057 283 2023 283 2061 283 2015 284 2023 284 2057 284 2053 285 2015 285 2057 285 2011 286 2015 286 2053 286 2039 287 2011 287 2053 287 2007 288 2011 288 2039 288 2077 289 2043 289 2047 289 2051 290 2077 290 2047 290 2079 291 2077 291 2051 291 2049 292 2079 292 2051 292 2075 293 2079 293 2049 293 2045 294 2075 294 2049 294 2071 295 2075 295 2045 295 2037 296 2071 296 2045 296 2067 297 2071 297 2037 297 2033 298 2067 298 2037 298 2063 299 2067 299 2033 299 2029 300 2063 300 2033 300 2059 301 2063 301 2029 301 2025 302 2059 302 2029 302 2055 303 2059 303 2025 303 2017 304 2055 304 2025 304 2041 305 2055 305 2017 305 2013 306 2041 306 2017 306 2021 307 2041 307 2013 307 2009 308 2021 308 2013 308 2001 309 2021 309 2009 309 2005 310 2001 310 2009 310 1981 311 2001 311 2005 311 1997 312 1981 312 2005 312 1973 313 110 313 106 313 102 314 1973 314 106 314 98 315 1973 315 102 315 94 316 98 316 102 316 90 317 98 317 94 317 96 318 84 318 88 318 92 319 96 319 88 319 1971 320 96 320 92 320 100 321 1971 321 92 321 104 322 1971 322 100 322 1981 323 1997 323 1993 323 1989 324 1981 324 1993 324 98 325 1981 325 1989 325 1985 326 98 326 1989 326 1977 327 98 327 1985 327 114 328 1973 328 1969 328 1965 329 114 329 1969 329 116 330 114 330 1965 330 1961 331 116 331 1965 331 112 332 116 332 1961 332 1963 333 112 333 1961 333 1967 334 112 334 1963 334 1979 335 1991 335 1995 335 2003 336 1979 336 1995 336 1999 337 1979 337 2003 337 2007 338 1999 338 2003 338 2019 339 1999 339 2007 339 2039 340 2019 340 2007 340 98 341 90 341 86 341 82 342 98 342 86 342 78 343 98 343 82 343 74 344 78 344 82 344 62 345 78 345 74 345 70 346 62 346 74 346 38 347 62 347 70 347 66 348 38 348 70 348 26 349 38 349 66 349 58 350 26 350 66 350 22 351 26 351 58 351 54 352 22 352 58 352 18 353 22 353 54 353 50 354 18 354 54 354 14 355 18 355 50 355 46 356 14 356 50 356 10 357 14 357 46 357 42 358 10 358 46 358 6 359 10 359 42 359 34 360 6 360 42 360 2 361 6 361 34 361 30 362 2 362 34 362 0 363 2 363 30 363 28 364 0 364 30 364 4 365 0 365 28 365 32 366 4 366 28 366 8 367 4 367 32 367 40 368 8 368 32 368 12 369 8 369 40 369 44 370 12 370 40 370 16 371 12 371 44 371 48 372 16 372 44 372 20 373 16 373 48 373 52 374 20 374 48 374 24 375 20 375 52 375 56 376 24 376 52 376 36 377 24 377 56 377 64 378 36 378 56 378 60 379 36 379 64 379 68 380 60 380 64 380 76 381 60 381 68 381 72 382 76 382 68 382 96 383 76 383 72 383 80 384 96 384 72 384 84 385 96 385 80 385 1501 386 1519 386 1503 386 558 387 539 387 538 387 612 388 539 388 558 388 612 389 558 389 560 389 576 390 612 390 560 390 588 391 612 391 576 391 518 392 538 392 539 392 481 393 518 393 539 393 494 394 518 394 481 394 441 395 440 395 454 395 466 396 441 396 454 396 481 397 441 397 466 397 480 398 481 398 466 398 494 399 481 399 480 399 441 400 422 400 426 400 416 401 422 401 441 401 390 402 387 402 386 402 441 403 387 403 390 403 396 404 441 404 390 404 402 405 441 405 396 405 441 406 402 406 408 406 412 407 441 407 408 407 416 408 441 408 412 408 441 409 426 409 430 409 432 410 441 410 430 410 440 411 441 411 432 411 428 412 440 412 432 412 424 413 440 413 428 413 440 414 424 414 420 414 414 415 440 415 420 415 410 416 440 416 414 416 440 417 410 417 404 417 398 418 440 418 404 418 434 419 440 419 398 419 392 420 434 420 398 420 400 421 434 421 392 421 385 422 400 422 392 422 384 423 400 423 385 423 442 424 425 424 429 424 421 425 425 425 442 425 401 426 384 426 385 426 393 427 401 427 385 427 435 428 401 428 393 428 442 429 435 429 393 429 399 430 442 430 393 430 405 431 442 431 399 431 442 432 405 432 411 432 415 433 442 433 411 433 421 434 442 434 415 434 443 435 433 435 431 435 427 436 443 436 431 436 423 437 443 437 427 437 443 438 423 438 417 438 413 439 443 439 417 439 409 440 443 440 413 440 443 441 409 441 403 441 397 442 443 442 403 442 387 443 443 443 397 443 391 444 387 444 397 444 386 445 387 445 391 445 442 446 429 446 433 446 443 447 442 447 433 447 455 448 442 448 443 448 483 449 455 449 443 449 467 450 455 450 483 450 541 451 540 451 519 451 495 452 541 452 519 452 483 453 541 453 495 453 482 454 483 454 495 454 467 455 483 455 482 455 613 456 603 456 589 456 613 457 589 457 577 457 561 458 613 458 577 458 541 459 613 459 561 459 559 460 541 460 561 460 540 461 541 461 559 461 679 462 663 462 649 462 679 463 649 463 635 463 623 464 679 464 635 464 613 465 679 465 623 465 615 466 613 466 623 466 603 467 613 467 615 467 792 468 723 468 711 468 695 469 792 469 711 469 679 470 792 470 695 470 677 471 679 471 695 471 663 472 679 472 677 472 860 473 854 473 834 473 860 474 834 474 818 474 798 475 860 475 818 475 792 476 860 476 798 476 788 477 792 477 798 477 723 478 792 478 788 478 938 479 922 479 898 479 878 480 938 480 898 480 860 481 938 481 878 481 862 482 860 482 878 482 854 483 860 483 862 483 988 484 974 484 1006 484 1010 485 988 485 1006 485 1006 486 974 486 952 486 946 487 1006 487 952 487 938 488 1006 488 946 488 940 489 938 489 946 489 922 490 938 490 940 490 1045 491 1043 491 1040 491 1018 492 1045 492 1040 492 1071 493 1045 493 1018 493 1010 494 1071 494 1018 494 1093 495 1071 495 1010 495 1006 496 1093 496 1010 496 1113 497 1093 497 1006 497 1111 498 1113 498 1006 498 1131 499 1113 499 1111 499 1137 500 1131 500 1111 500 1185 501 1227 501 1203 501 1187 502 1185 502 1203 502 1111 503 1185 503 1187 503 1161 504 1111 504 1187 504 1137 505 1111 505 1161 505 1283 506 1257 506 1295 506 1257 507 1283 507 1263 507 1255 508 1257 508 1263 508 1185 509 1257 509 1255 509 1243 510 1185 510 1255 510 1227 511 1185 511 1243 511 1369 512 1403 512 1387 512 1371 513 1369 513 1387 513 1257 514 1369 514 1371 514 1357 515 1257 515 1371 515 1295 516 1257 516 1357 516 1435 517 1501 517 1503 517 1435 518 1503 518 1489 518 1475 519 1435 519 1489 519 1459 520 1435 520 1475 520 1435 521 1459 521 1447 521 1431 522 1435 522 1447 522 1369 523 1435 523 1431 523 1417 524 1369 524 1431 524 1403 525 1369 525 1417 525 1501 526 1573 526 1557 526 1521 527 1501 527 1557 527 1519 528 1501 528 1521 528 1619 529 1618 529 1609 529 1585 530 1619 530 1609 530 1573 531 1619 531 1585 531 1572 532 1573 532 1585 532 1557 533 1573 533 1572 533 1619 534 1662 534 1664 534 1653 535 1619 535 1664 535 1649 536 1619 536 1653 536 1643 537 1647 537 1618 537 1619 538 1643 538 1618 538 1645 539 1643 539 1619 539 1649 540 1645 540 1619 540 1618 541 1647 541 1651 541 1655 542 1618 542 1651 542 1625 543 1618 543 1655 543 1641 544 1625 544 1655 544 1661 545 1670 545 1676 545 1666 546 1670 546 1661 546 1661 547 1641 547 1655 547 1658 548 1661 548 1655 548 1666 549 1661 549 1658 549 1659 550 1675 550 1669 550 1661 551 1676 551 1682 551 1688 552 1661 552 1682 552 1680 553 1661 553 1688 553 1693 554 1680 554 1688 554 1679 555 1680 555 1693 555 1687 556 1679 556 1693 556 1659 557 1679 557 1687 557 1681 558 1659 558 1687 558 1675 559 1659 559 1681 559 1616 560 1650 560 1646 560 1659 561 1669 561 1665 561 1654 562 1659 562 1665 562 1640 563 1659 563 1654 563 1650 564 1640 564 1654 564 1624 565 1640 565 1650 565 1616 566 1624 566 1650 566 1644 567 1617 567 1642 567 1617 568 1644 568 1648 568 1652 569 1617 569 1648 569 1660 570 1617 570 1652 570 1616 571 1646 571 1642 571 1617 572 1616 572 1642 572 1608 573 1616 573 1617 573 1571 574 1608 574 1617 574 1584 575 1608 575 1571 575 1500 576 1518 576 1520 576 1556 577 1500 577 1520 577 1571 578 1500 578 1556 578 1570 579 1571 579 1556 579 1584 580 1571 580 1570 580 1434 581 1446 581 1458 581 1434 582 1458 582 1474 582 1488 583 1434 583 1474 583 1500 584 1434 584 1488 584 1502 585 1500 585 1488 585 1518 586 1500 586 1502 586 1368 587 1386 587 1402 587 1416 588 1368 588 1402 588 1434 589 1368 589 1416 589 1430 590 1434 590 1416 590 1446 591 1434 591 1430 591 1256 592 1262 592 1282 592 1256 593 1282 593 1294 593 1356 594 1256 594 1294 594 1368 595 1256 595 1356 595 1370 596 1368 596 1356 596 1386 597 1368 597 1370 597 1184 598 1202 598 1226 598 1242 599 1184 599 1226 599 1256 600 1184 600 1242 600 1254 601 1256 601 1242 601 1262 602 1256 602 1254 602 1130 603 1110 603 1112 603 1110 604 1130 604 1136 604 1160 605 1110 605 1136 605 1184 606 1110 606 1160 606 1186 607 1184 607 1160 607 1202 608 1184 608 1186 608 1044 609 1070 609 1039 609 1041 610 1044 610 1039 610 1092 611 1112 611 1110 611 1005 612 1092 612 1110 612 1070 613 1092 613 1005 613 1005 614 951 614 973 614 1005 615 973 615 987 615 1009 616 1005 616 987 616 1070 617 1005 617 1009 617 1017 618 1070 618 1009 618 1039 619 1070 619 1017 619 937 620 897 620 921 620 939 621 937 621 921 621 1005 622 937 622 939 622 945 623 1005 623 939 623 951 624 1005 624 945 624 833 625 859 625 817 625 859 626 833 626 853 626 861 627 859 627 853 627 937 628 859 628 861 628 877 629 937 629 861 629 897 630 937 630 877 630 791 631 710 631 722 631 787 632 791 632 722 632 859 633 791 633 787 633 797 634 859 634 787 634 817 635 859 635 797 635 612 636 588 636 602 636 614 637 612 637 602 637 678 638 612 638 614 638 678 639 614 639 622 639 634 640 678 640 622 640 648 641 678 641 634 641 678 642 648 642 662 642 676 643 678 643 662 643 791 644 678 644 676 644 694 645 791 645 676 645 710 646 791 646 694 646 1660 647 1652 647 1663 647 1667 648 1660 648 1663 648 1671 649 1660 649 1667 649 1660 650 1671 650 1677 650 1683 651 1660 651 1677 651 1694 652 1660 652 1683 652 1694 653 1683 653 1689 653 1690 654 1694 654 1689 654 1662 655 1694 655 1690 655 1684 656 1662 656 1690 656 1678 657 1662 657 1684 657 1662 658 1678 658 1672 658 1668 659 1662 659 1672 659 1664 660 1662 660 1668 660 1317 661 1617 661 1660 661 1351 662 1317 662 1660 662 882 663 846 663 678 663 791 664 882 664 678 664 916 665 882 665 791 665 859 666 916 666 791 666 958 667 916 667 859 667 937 668 958 668 859 668 990 669 958 669 937 669 1067 670 990 670 937 670 782 671 387 671 441 671 1571 672 1617 672 1317 672 1289 673 1571 673 1317 673 1500 674 1571 674 1289 674 1271 675 1500 675 1289 675 1434 676 1500 676 1271 676 1245 677 1434 677 1271 677 1368 678 1434 678 1245 678 1368 679 1245 679 1215 679 1175 680 1368 680 1215 680 1256 681 1368 681 1175 681 1141 682 1256 682 1175 682 1184 683 1256 683 1141 683 1103 684 1184 684 1141 684 1110 685 1184 685 1103 685 1067 686 1110 686 1103 686 1005 687 1110 687 1067 687 937 688 1005 688 1067 688 802 689 782 689 441 689 481 690 802 690 441 690 822 691 802 691 481 691 539 692 822 692 481 692 846 693 822 693 539 693 612 694 846 694 539 694 678 695 846 695 612 695 387 696 782 696 740 696 742 697 387 697 740 697 443 698 387 698 742 698 784 699 443 699 742 699 483 700 443 700 784 700 804 701 483 701 784 701 541 702 483 702 804 702 824 703 541 703 804 703 613 704 541 704 824 704 848 705 613 705 824 705 679 706 613 706 848 706 884 707 679 707 848 707 792 708 679 708 884 708 918 709 792 709 884 709 860 710 792 710 918 710 960 711 860 711 918 711 938 712 860 712 960 712 1006 713 938 713 960 713 992 714 1006 714 960 714 1111 715 1006 715 992 715 1069 716 1111 716 992 716 1185 717 1111 717 1069 717 1185 718 1069 718 1105 718 1143 719 1185 719 1105 719 1257 720 1185 720 1143 720 1177 721 1257 721 1143 721 1369 722 1257 722 1177 722 1217 723 1369 723 1177 723 1435 724 1369 724 1217 724 1247 725 1435 725 1217 725 1501 726 1435 726 1247 726 1273 727 1501 727 1247 727 1573 728 1501 728 1273 728 1291 729 1573 729 1273 729 1619 730 1573 730 1291 730 1319 731 1619 731 1291 731 1662 732 1619 732 1319 732 1351 733 1662 733 1319 733 1694 734 1662 734 1351 734 1660 735 1694 735 1351 735 1317 736 1322 736 1310 736 741 737 736 737 732 737 728 738 741 738 732 738 739 739 741 739 728 739 731 740 739 740 728 740 784 741 772 741 776 741 784 742 756 742 762 742 768 743 784 743 762 743 772 744 784 744 768 744 774 745 770 745 741 745 783 746 774 746 741 746 778 747 774 747 783 747 741 748 770 748 764 748 760 749 741 749 764 749 754 750 741 750 760 750 741 751 754 751 750 751 744 752 741 752 750 752 736 753 741 753 744 753 740 754 737 754 733 754 729 755 740 755 733 755 742 756 740 756 729 756 730 757 742 757 729 757 734 758 742 758 730 758 742 759 734 759 738 759 746 760 742 760 738 760 784 761 742 761 746 761 752 762 784 762 746 762 756 763 784 763 752 763 781 764 769 764 773 764 781 765 753 765 759 765 763 766 781 766 759 766 769 767 781 767 763 767 739 768 731 768 735 768 743 769 739 769 735 769 781 770 739 770 743 770 749 771 781 771 743 771 753 772 781 772 749 772 782 773 777 773 775 773 782 774 775 774 771 774 767 775 782 775 771 775 761 776 782 776 767 776 782 777 761 777 755 777 751 778 782 778 755 778 740 779 782 779 751 779 745 780 740 780 751 780 737 781 740 781 745 781 1316 782 1320 782 1324 782 1330 783 1316 783 1324 783 1334 784 1316 784 1330 784 1289 785 1317 785 1310 785 1306 786 1289 786 1310 786 1302 787 1289 787 1306 787 1288 788 1300 788 1304 788 1308 789 1288 789 1304 789 1316 790 1288 790 1308 790 1312 791 1316 791 1308 791 1320 792 1316 792 1312 792 1338 793 1317 793 1342 793 1317 794 1338 794 1332 794 1328 795 1317 795 1332 795 1322 796 1317 796 1328 796 1319 797 1323 797 1329 797 1333 798 1319 798 1329 798 1339 799 1319 799 1333 799 1319 800 1339 800 1343 800 1347 801 1319 801 1343 801 1351 802 1319 802 1347 802 1350 803 1351 803 1347 803 1317 804 1351 804 1350 804 1346 805 1317 805 1350 805 1342 806 1317 806 1346 806 1291 807 1301 807 1303 807 1307 808 1291 808 1303 808 1319 809 1291 809 1307 809 1311 810 1319 810 1307 810 1323 811 1319 811 1311 811 1316 812 1334 812 1340 812 1344 813 1316 813 1340 813 1348 814 1316 814 1344 814 1349 815 1348 815 1344 815 1318 816 1348 816 1349 816 1345 817 1318 817 1349 817 1341 818 1318 818 1345 818 1318 819 1341 819 1335 819 1331 820 1318 820 1335 820 1325 821 1318 821 1331 821 1318 822 1325 822 1321 822 1313 823 1318 823 1321 823 1290 824 1318 824 1313 824 1309 825 1290 825 1313 825 1305 826 1290 826 1309 826 1290 827 1305 827 1301 827 1291 828 1290 828 1301 828 1272 829 1290 829 1291 829 1273 830 1272 830 1291 830 1246 831 1272 831 1273 831 1247 832 1246 832 1273 832 1216 833 1246 833 1247 833 1217 834 1216 834 1247 834 1176 835 1216 835 1217 835 1177 836 1176 836 1217 836 1142 837 1176 837 1177 837 1143 838 1142 838 1177 838 1104 839 1142 839 1143 839 1105 840 1104 840 1143 840 1068 841 1104 841 1105 841 1069 842 1068 842 1105 842 991 843 1068 843 1069 843 992 844 991 844 1069 844 959 845 991 845 992 845 960 846 959 846 992 846 917 847 959 847 960 847 918 848 917 848 960 848 883 849 917 849 918 849 884 850 883 850 918 850 847 851 883 851 884 851 848 852 847 852 884 852 823 853 847 853 848 853 824 854 823 854 848 854 803 855 823 855 824 855 804 856 803 856 824 856 783 857 803 857 804 857 784 858 783 858 804 858 778 859 783 859 784 859 776 860 778 860 784 860 781 861 773 861 777 861 782 862 781 862 777 862 801 863 781 863 782 863 802 864 801 864 782 864 821 865 801 865 802 865 822 866 821 866 802 866 845 867 821 867 822 867 846 868 845 868 822 868 881 869 845 869 846 869 882 870 881 870 846 870 915 871 881 871 882 871 916 872 915 872 882 872 957 873 915 873 916 873 958 874 957 874 916 874 989 875 957 875 958 875 990 876 989 876 958 876 1066 877 989 877 990 877 1067 878 1066 878 990 878 1102 879 1066 879 1067 879 1103 880 1102 880 1067 880 1140 881 1102 881 1103 881 1141 882 1140 882 1103 882 1174 883 1140 883 1141 883 1175 884 1174 884 1141 884 1214 885 1174 885 1175 885 1215 886 1214 886 1175 886 1244 887 1214 887 1215 887 1245 888 1244 888 1215 888 1270 889 1244 889 1245 889 1271 890 1270 890 1245 890 1288 891 1270 891 1271 891 1289 892 1288 892 1271 892 1300 893 1288 893 1289 893 1302 894 1300 894 1289 894 1042 895 1348 895 1318 895 1042 896 1270 896 1288 896 1316 897 1042 897 1288 897 1348 898 1042 898 1316 898 1042 899 1174 899 1214 899 1244 900 1042 900 1214 900 1270 901 1042 901 1244 901 1042 902 1066 902 1102 902 1140 903 1042 903 1102 903 1174 904 1042 904 1140 904 1042 905 915 905 957 905 989 906 1042 906 957 906 1066 907 1042 907 989 907 1042 908 821 908 845 908 881 909 1042 909 845 909 915 910 1042 910 881 910 1042 911 739 911 781 911 801 912 1042 912 781 912 821 913 1042 913 801 913 1042 914 803 914 783 914 741 915 1042 915 783 915 739 916 1042 916 741 916 1042 917 883 917 847 917 823 918 1042 918 847 918 803 919 1042 919 823 919 1042 920 991 920 959 920 917 921 1042 921 959 921 883 922 1042 922 917 922 1042 923 1142 923 1104 923 1068 924 1042 924 1104 924 991 925 1042 925 1068 925 1042 926 1246 926 1216 926 1176 927 1042 927 1216 927 1142 928 1042 928 1176 928 1042 929 1318 929 1290 929 1272 930 1042 930 1290 930 1246 931 1042 931 1272 931 408 932 737 932 745 932 408 933 745 933 751 933 755 934 408 934 751 934 412 935 408 935 755 935 761 936 412 936 755 936 416 937 412 937 761 937 767 938 416 938 761 938 422 939 416 939 767 939 771 940 422 940 767 940 426 941 422 941 771 941 775 942 426 942 771 942 430 943 426 943 775 943 777 944 430 944 775 944 432 945 430 945 777 945 773 946 432 946 777 946 428 947 432 947 773 947 769 948 428 948 773 948 424 949 428 949 769 949 763 950 424 950 769 950 420 951 424 951 763 951 759 952 420 952 763 952 414 953 420 953 759 953 753 954 414 954 759 954 410 955 414 955 753 955 749 956 410 956 753 956 404 957 410 957 749 957 743 958 404 958 749 958 398 959 404 959 743 959 732 960 736 960 393 960 385 961 732 961 393 961 728 962 732 962 385 962 392 963 728 963 385 963 731 964 728 964 392 964 398 965 731 965 392 965 735 966 731 966 398 966 743 967 735 967 398 967 736 968 744 968 405 968 399 969 736 969 405 969 393 970 736 970 399 970 405 971 744 971 750 971 754 972 405 972 750 972 411 973 405 973 754 973 760 974 411 974 754 974 415 975 411 975 760 975 764 976 415 976 760 976 421 977 415 977 764 977 770 978 421 978 764 978 425 979 421 979 770 979 774 980 425 980 770 980 429 981 425 981 774 981 778 982 429 982 774 982 433 983 429 983 778 983 776 984 433 984 778 984 431 985 433 985 776 985 772 986 431 986 776 986 427 987 431 987 772 987 768 988 427 988 772 988 423 989 427 989 768 989 762 990 423 990 768 990 417 991 423 991 762 991 756 992 417 992 762 992 413 993 417 993 756 993 752 994 413 994 756 994 409 995 413 995 752 995 746 996 409 996 752 996 403 997 409 997 746 997 734 998 730 998 397 998 403 999 734 999 397 999 738 1000 734 1000 403 1000 746 1001 738 1001 403 1001 737 1002 408 1002 402 1002 396 1003 737 1003 402 1003 733 1004 737 1004 396 1004 390 1005 733 1005 396 1005 729 1006 733 1006 390 1006 386 1007 729 1007 390 1007 730 1008 729 1008 386 1008 391 1009 730 1009 386 1009 397 1010 730 1010 391 1010 1646 1011 1650 1011 1304 1011 1300 1012 1646 1012 1304 1012 1642 1013 1646 1013 1300 1013 1302 1014 1642 1014 1300 1014 1644 1015 1642 1015 1302 1015 1306 1016 1644 1016 1302 1016 1648 1017 1644 1017 1306 1017 1310 1018 1648 1018 1306 1018 1652 1019 1648 1019 1310 1019 1322 1020 1652 1020 1310 1020 1663 1021 1652 1021 1322 1021 1328 1022 1663 1022 1322 1022 1667 1023 1663 1023 1328 1023 1332 1024 1667 1024 1328 1024 1671 1025 1667 1025 1332 1025 1338 1026 1671 1026 1332 1026 1677 1027 1671 1027 1338 1027 1342 1028 1677 1028 1338 1028 1683 1029 1677 1029 1342 1029 1346 1030 1683 1030 1342 1030 1689 1031 1683 1031 1346 1031 1350 1032 1689 1032 1346 1032 1690 1033 1689 1033 1350 1033 1690 1034 1350 1034 1347 1034 1343 1035 1690 1035 1347 1035 1684 1036 1690 1036 1343 1036 1339 1037 1684 1037 1343 1037 1678 1038 1684 1038 1339 1038 1333 1039 1678 1039 1339 1039 1672 1040 1678 1040 1333 1040 1329 1041 1672 1041 1333 1041 1668 1042 1672 1042 1329 1042 1323 1043 1668 1043 1329 1043 1664 1044 1668 1044 1323 1044 1311 1045 1664 1045 1323 1045 1653 1046 1664 1046 1311 1046 1307 1047 1653 1047 1311 1047 1649 1048 1653 1048 1307 1048 1303 1049 1649 1049 1307 1049 1645 1050 1649 1050 1303 1050 1301 1051 1645 1051 1303 1051 1643 1052 1645 1052 1301 1052 1305 1053 1643 1053 1301 1053 1647 1054 1643 1054 1305 1054 1309 1055 1647 1055 1305 1055 1651 1056 1647 1056 1309 1056 1313 1057 1651 1057 1309 1057 1655 1058 1651 1058 1313 1058 1321 1059 1655 1059 1313 1059 1658 1060 1655 1060 1321 1060 1325 1061 1658 1061 1321 1061 1666 1062 1658 1062 1325 1062 1331 1063 1666 1063 1325 1063 1670 1064 1666 1064 1331 1064 1335 1065 1670 1065 1331 1065 1676 1066 1670 1066 1335 1066 1341 1067 1676 1067 1335 1067 1682 1068 1676 1068 1341 1068 1345 1069 1682 1069 1341 1069 1688 1070 1682 1070 1345 1070 1349 1071 1688 1071 1345 1071 1693 1072 1688 1072 1349 1072 1344 1073 1693 1073 1349 1073 1687 1074 1693 1074 1344 1074 1340 1075 1687 1075 1344 1075 1681 1076 1687 1076 1340 1076 1334 1077 1681 1077 1340 1077 1675 1078 1681 1078 1334 1078 1330 1079 1675 1079 1334 1079 1669 1080 1675 1080 1330 1080 1324 1081 1669 1081 1330 1081 1665 1082 1669 1082 1324 1082 1320 1083 1665 1083 1324 1083 1654 1084 1665 1084 1320 1084 1312 1085 1654 1085 1320 1085 1650 1086 1654 1086 1312 1086 1308 1087 1650 1087 1312 1087 1304 1088 1650 1088 1308 1088 2049 1089 2051 1089 2052 1089 2050 1090 2049 1090 2052 1090 2045 1091 2049 1091 2050 1091 2046 1092 2045 1092 2050 1092 2037 1093 2045 1093 2046 1093 2038 1094 2037 1094 2046 1094 2033 1095 2037 1095 2038 1095 2034 1096 2033 1096 2038 1096 2029 1097 2033 1097 2034 1097 2030 1098 2029 1098 2034 1098 2025 1099 2029 1099 2030 1099 2026 1100 2025 1100 2030 1100 2017 1101 2025 1101 2026 1101 2018 1102 2017 1102 2026 1102 2013 1103 2017 1103 2018 1103 2014 1104 2013 1104 2018 1104 2009 1105 2013 1105 2014 1105 2010 1106 2009 1106 2014 1106 2005 1107 2009 1107 2010 1107 2006 1108 2005 1108 2010 1108 1997 1109 2005 1109 2006 1109 1998 1110 1997 1110 2006 1110 1993 1111 1997 1111 1998 1111 1994 1112 1993 1112 1998 1112 1989 1113 1993 1113 1994 1113 1990 1114 1989 1114 1994 1114 1985 1115 1989 1115 1990 1115 1986 1116 1985 1116 1990 1116 1977 1117 1985 1117 1986 1117 1978 1118 1977 1118 1986 1118 1973 1119 1977 1119 1978 1119 1974 1120 1973 1120 1978 1120 1969 1121 1973 1121 1974 1121 1970 1122 1969 1122 1974 1122 1965 1123 1969 1123 1970 1123 1966 1124 1965 1124 1970 1124 1961 1125 1965 1125 1966 1125 1962 1126 1961 1126 1966 1126 1963 1127 1961 1127 1962 1127 1964 1128 1963 1128 1962 1128 1967 1129 1963 1129 1964 1129 1968 1130 1967 1130 1964 1130 1971 1131 1967 1131 1968 1131 1972 1132 1971 1132 1968 1132 1975 1133 1971 1133 1972 1133 1976 1134 1975 1134 1972 1134 1983 1135 1975 1135 1976 1135 1984 1136 1983 1136 1976 1136 1987 1137 1983 1137 1984 1137 1988 1138 1987 1138 1984 1138 1991 1139 1987 1139 1988 1139 1992 1140 1991 1140 1988 1140 1995 1141 1991 1141 1992 1141 1996 1142 1995 1142 1992 1142 2003 1143 1995 1143 1996 1143 2004 1144 2003 1144 1996 1144 2007 1145 2003 1145 2004 1145 2008 1146 2007 1146 2004 1146 2011 1147 2007 1147 2008 1147 2012 1148 2011 1148 2008 1148 2015 1149 2011 1149 2012 1149 2016 1150 2015 1150 2012 1150 2023 1151 2015 1151 2016 1151 2024 1152 2023 1152 2016 1152 2027 1153 2023 1153 2024 1153 2028 1154 2027 1154 2024 1154 2031 1155 2027 1155 2028 1155 2032 1156 2031 1156 2028 1156 2035 1157 2031 1157 2032 1157 2036 1158 2035 1158 2032 1158 2043 1159 2035 1159 2036 1159 2044 1160 2043 1160 2036 1160 2047 1161 2043 1161 2044 1161 2048 1162 2047 1162 2044 1162 2051 1163 2047 1163 2048 1163 2052 1164 2051 1164 2048 1164 114 1165 116 1165 117 1165 115 1166 114 1166 117 1166 110 1167 114 1167 115 1167 111 1168 110 1168 115 1168 106 1169 110 1169 111 1169 107 1170 106 1170 111 1170 102 1171 106 1171 107 1171 103 1172 102 1172 107 1172 94 1173 102 1173 103 1173 95 1174 94 1174 103 1174 90 1175 94 1175 95 1175 91 1176 90 1176 95 1176 86 1177 90 1177 91 1177 87 1178 86 1178 91 1178 82 1179 86 1179 87 1179 83 1180 82 1180 87 1180 74 1181 82 1181 83 1181 75 1182 74 1182 83 1182 70 1183 74 1183 75 1183 71 1184 70 1184 75 1184 66 1185 70 1185 71 1185 67 1186 66 1186 71 1186 58 1187 66 1187 67 1187 59 1188 58 1188 67 1188 54 1189 58 1189 59 1189 55 1190 54 1190 59 1190 50 1191 54 1191 55 1191 51 1192 50 1192 55 1192 46 1193 50 1193 51 1193 47 1194 46 1194 51 1194 42 1195 46 1195 47 1195 43 1196 42 1196 47 1196 34 1197 42 1197 43 1197 35 1198 34 1198 43 1198 30 1199 34 1199 35 1199 31 1200 30 1200 35 1200 28 1201 30 1201 31 1201 29 1202 28 1202 31 1202 32 1203 28 1203 29 1203 33 1204 32 1204 29 1204 40 1205 32 1205 33 1205 41 1206 40 1206 33 1206 44 1207 40 1207 41 1207 45 1208 44 1208 41 1208 48 1209 44 1209 45 1209 49 1210 48 1210 45 1210 52 1211 48 1211 49 1211 53 1212 52 1212 49 1212 56 1213 52 1213 53 1213 57 1214 56 1214 53 1214 64 1215 56 1215 57 1215 65 1216 64 1216 57 1216 68 1217 64 1217 65 1217 69 1218 68 1218 65 1218 72 1219 68 1219 69 1219 73 1220 72 1220 69 1220 80 1221 72 1221 73 1221 81 1222 80 1222 73 1222 84 1223 80 1223 81 1223 85 1224 84 1224 81 1224 88 1225 84 1225 85 1225 89 1226 88 1226 85 1226 92 1227 88 1227 89 1227 93 1228 92 1228 89 1228 100 1229 92 1229 93 1229 101 1230 100 1230 93 1230 104 1231 100 1231 101 1231 105 1232 104 1232 101 1232 108 1233 104 1233 105 1233 109 1234 108 1234 105 1234 112 1235 108 1235 109 1235 113 1236 112 1236 109 1236 116 1237 112 1237 113 1237 117 1238 116 1238 113 1238 2075 1239 2080 1239 2079 1239 2076 1240 2080 1240 2075 1240 2071 1241 2076 1241 2075 1241 2072 1242 2076 1242 2071 1242 2067 1243 2072 1243 2071 1243 2068 1244 2072 1244 2067 1244 2063 1245 2068 1245 2067 1245 2064 1246 2068 1246 2063 1246 2059 1247 2064 1247 2063 1247 2060 1248 2064 1248 2059 1248 2055 1249 2060 1249 2059 1249 2056 1250 2060 1250 2055 1250 2041 1251 2056 1251 2055 1251 2042 1252 2056 1252 2041 1252 2021 1253 2042 1253 2041 1253 2022 1254 2042 1254 2021 1254 2001 1255 2022 1255 2021 1255 2002 1256 2022 1256 2001 1256 1981 1257 2002 1257 2001 1257 1982 1258 2002 1258 1981 1258 1999 1259 1980 1259 1979 1259 2000 1260 1980 1260 1999 1260 2019 1261 2000 1261 1999 1261 2020 1262 2000 1262 2019 1262 2039 1263 2020 1263 2019 1263 2040 1264 2020 1264 2039 1264 2053 1265 2040 1265 2039 1265 2054 1266 2040 1266 2053 1266 2057 1267 2054 1267 2053 1267 2058 1268 2054 1268 2057 1268 2061 1269 2058 1269 2057 1269 2062 1270 2058 1270 2061 1270 2065 1271 2062 1271 2061 1271 2066 1272 2062 1272 2065 1272 2069 1273 2066 1273 2065 1273 2070 1274 2066 1274 2069 1274 2073 1275 2070 1275 2069 1275 2074 1276 2070 1276 2073 1276 2077 1277 2074 1277 2073 1277 2078 1278 2074 1278 2077 1278 4 1279 1 1279 0 1279 5 1280 1 1280 4 1280 8 1281 5 1281 4 1281 9 1282 5 1282 8 1282 12 1283 9 1283 8 1283 13 1284 9 1284 12 1284 16 1285 13 1285 12 1285 17 1286 13 1286 16 1286 20 1287 17 1287 16 1287 21 1288 17 1288 20 1288 24 1289 21 1289 20 1289 25 1290 21 1290 24 1290 36 1291 25 1291 24 1291 37 1292 25 1292 36 1292 60 1293 37 1293 36 1293 61 1294 37 1294 60 1294 76 1295 61 1295 60 1295 77 1296 61 1296 76 1296 96 1297 77 1297 76 1297 97 1298 77 1298 96 1298 78 1299 99 1299 98 1299 79 1300 99 1300 78 1300 62 1301 79 1301 78 1301 63 1302 79 1302 62 1302 38 1303 63 1303 62 1303 39 1304 63 1304 38 1304 26 1305 39 1305 38 1305 27 1306 39 1306 26 1306 22 1307 27 1307 26 1307 23 1308 27 1308 22 1308 18 1309 23 1309 22 1309 19 1310 23 1310 18 1310 14 1311 19 1311 18 1311 15 1312 19 1312 14 1312 10 1313 15 1313 14 1313 11 1314 15 1314 10 1314 6 1315 11 1315 10 1315 7 1316 11 1316 6 1316 2 1317 7 1317 6 1317 3 1318 7 1318 2 1318 1836 1319 1798 1319 1838 1319 1657 1320 1595 1320 1686 1320 1525 1321 1527 1321 1531 1321 1862 1322 1836 1322 1872 1322 1043 1323 1061 1323 1063 1323 1043 1324 1051 1324 1053 1324 1047 1325 1043 1325 1045 1325 1071 1326 1047 1326 1045 1326 1073 1327 1047 1327 1071 1327 1093 1328 1073 1328 1071 1328 1095 1329 1073 1329 1093 1329 1113 1330 1095 1330 1093 1330 1119 1331 1095 1331 1113 1331 1131 1332 1119 1332 1113 1332 1135 1333 1119 1333 1131 1333 1137 1334 1135 1334 1131 1334 1149 1335 1135 1335 1137 1335 1161 1336 1149 1336 1137 1336 1169 1337 1149 1337 1161 1337 1187 1338 1169 1338 1161 1338 1195 1339 1169 1339 1187 1339 1203 1340 1195 1340 1187 1340 1219 1341 1195 1341 1203 1341 1227 1342 1219 1342 1203 1342 1235 1343 1219 1343 1227 1343 1243 1344 1235 1344 1227 1344 1261 1345 1235 1345 1243 1345 1255 1346 1261 1346 1243 1346 1279 1347 1261 1347 1255 1347 1089 1348 1063 1348 1061 1348 1087 1349 1089 1349 1061 1349 1121 1350 1089 1350 1087 1350 1117 1351 1121 1351 1087 1351 1157 1352 1121 1352 1117 1352 1151 1353 1157 1353 1117 1353 1197 1354 1157 1354 1151 1354 1191 1355 1197 1355 1151 1355 1213 1356 1197 1356 1191 1356 1209 1357 1213 1357 1191 1357 1251 1358 1213 1358 1209 1358 1241 1359 1251 1359 1209 1359 1297 1360 1251 1360 1241 1360 1281 1361 1297 1361 1241 1361 1379 1362 1297 1362 1281 1362 1365 1363 1379 1363 1281 1363 1419 1364 1379 1364 1365 1364 1399 1365 1419 1365 1365 1365 1461 1366 1419 1366 1399 1366 1437 1367 1461 1367 1399 1367 1517 1368 1461 1368 1437 1368 1479 1369 1517 1369 1437 1369 1577 1370 1517 1370 1479 1370 1535 1371 1577 1371 1479 1371 1601 1372 1577 1372 1535 1372 1561 1373 1601 1373 1535 1373 1708 1374 1601 1374 1561 1374 1607 1375 1708 1375 1561 1375 1744 1376 1708 1376 1607 1376 1704 1377 1744 1377 1607 1377 1776 1378 1744 1378 1704 1378 1738 1379 1776 1379 1704 1379 1804 1380 1776 1380 1738 1380 1764 1381 1804 1381 1738 1381 1824 1382 1804 1382 1764 1382 1790 1383 1824 1383 1764 1383 1842 1384 1824 1384 1790 1384 1806 1385 1842 1385 1790 1385 1854 1386 1842 1386 1806 1386 1822 1387 1854 1387 1806 1387 1866 1388 1854 1388 1822 1388 1834 1389 1866 1389 1822 1389 1880 1390 1866 1390 1834 1390 1848 1391 1880 1391 1834 1391 1888 1392 1880 1392 1848 1392 1858 1393 1888 1393 1848 1393 1896 1394 1888 1394 1858 1394 1279 1395 1255 1395 1263 1395 1283 1396 1279 1396 1263 1396 1315 1397 1279 1397 1283 1397 1295 1398 1315 1398 1283 1398 1355 1399 1315 1399 1295 1399 1357 1400 1355 1400 1295 1400 1373 1401 1355 1401 1357 1401 1371 1402 1373 1402 1357 1402 1389 1403 1373 1403 1371 1403 1387 1404 1389 1404 1371 1404 1405 1405 1389 1405 1387 1405 1403 1406 1405 1406 1387 1406 1421 1407 1405 1407 1403 1407 1417 1408 1421 1408 1403 1408 1433 1409 1421 1409 1417 1409 1431 1410 1433 1410 1417 1410 1449 1411 1433 1411 1431 1411 1447 1412 1449 1412 1431 1412 1465 1413 1449 1413 1447 1413 1459 1414 1465 1414 1447 1414 1477 1415 1465 1415 1459 1415 1475 1416 1477 1416 1459 1416 1485 1417 1477 1417 1475 1417 1489 1418 1485 1418 1475 1418 1499 1419 1485 1419 1489 1419 1503 1420 1499 1420 1489 1420 1513 1421 1499 1421 1503 1421 1519 1422 1513 1422 1503 1422 1079 1423 1053 1423 1051 1423 1077 1424 1079 1424 1051 1424 1101 1425 1079 1425 1077 1425 1099 1426 1101 1426 1077 1426 1129 1427 1101 1427 1099 1427 1127 1428 1129 1428 1099 1428 1159 1429 1129 1429 1127 1429 1153 1430 1159 1430 1127 1430 1171 1431 1159 1431 1153 1431 1165 1432 1171 1432 1153 1432 1201 1433 1171 1433 1165 1433 1193 1434 1201 1434 1165 1434 1231 1435 1201 1435 1193 1435 1221 1436 1231 1436 1193 1436 1259 1437 1231 1437 1221 1437 1239 1438 1259 1438 1221 1438 1285 1439 1259 1439 1239 1439 1269 1440 1285 1440 1239 1440 1359 1441 1285 1441 1269 1441 1293 1442 1359 1442 1269 1442 1381 1443 1359 1443 1293 1443 1361 1444 1381 1444 1293 1444 1407 1445 1381 1445 1361 1445 1385 1446 1407 1446 1361 1446 1415 1447 1407 1447 1385 1447 1395 1448 1415 1448 1385 1448 1441 1449 1415 1449 1395 1449 1411 1450 1441 1450 1395 1450 1463 1451 1441 1451 1411 1451 1429 1452 1463 1452 1411 1452 1481 1453 1463 1453 1429 1453 1453 1454 1481 1454 1429 1454 1507 1455 1481 1455 1453 1455 1467 1456 1507 1456 1453 1456 1537 1457 1507 1457 1467 1457 1487 1458 1537 1458 1467 1458 1555 1459 1537 1459 1487 1459 1505 1460 1555 1460 1487 1460 1575 1461 1555 1461 1505 1461 1523 1462 1575 1462 1505 1462 1593 1463 1575 1463 1523 1463 1543 1464 1593 1464 1523 1464 1605 1465 1593 1465 1543 1465 1553 1466 1605 1466 1543 1466 1623 1467 1605 1467 1553 1467 1569 1468 1623 1468 1553 1468 1631 1469 1623 1469 1569 1469 1581 1470 1631 1470 1569 1470 1589 1471 1631 1471 1581 1471 1519 1472 1521 1472 1527 1472 1525 1473 1519 1473 1527 1473 1513 1474 1519 1474 1525 1474 1547 1475 1541 1475 1549 1475 1525 1476 1531 1476 1541 1476 1547 1477 1525 1477 1541 1477 1513 1478 1525 1478 1547 1478 1539 1479 1513 1479 1547 1479 1499 1480 1513 1480 1539 1480 1529 1481 1499 1481 1539 1481 1485 1482 1499 1482 1529 1482 1515 1483 1485 1483 1529 1483 1477 1484 1485 1484 1515 1484 1497 1485 1477 1485 1515 1485 1465 1486 1477 1486 1497 1486 1483 1487 1465 1487 1497 1487 1449 1488 1465 1488 1483 1488 1471 1489 1449 1489 1483 1489 1433 1490 1449 1490 1471 1490 1455 1491 1433 1491 1471 1491 1421 1492 1433 1492 1455 1492 1443 1493 1421 1493 1455 1493 1405 1494 1421 1494 1443 1494 1425 1495 1405 1495 1443 1495 1389 1496 1405 1496 1425 1496 1409 1497 1389 1497 1425 1497 1373 1498 1389 1498 1409 1498 1391 1499 1373 1499 1409 1499 1355 1500 1373 1500 1391 1500 1375 1501 1355 1501 1391 1501 1315 1502 1355 1502 1375 1502 1363 1503 1315 1503 1375 1503 1279 1504 1315 1504 1363 1504 1299 1505 1279 1505 1363 1505 1261 1506 1279 1506 1299 1506 1277 1507 1261 1507 1299 1507 1235 1508 1261 1508 1277 1508 1249 1509 1235 1509 1277 1509 1219 1510 1235 1510 1249 1510 1229 1511 1219 1511 1249 1511 1195 1512 1219 1512 1229 1512 1207 1513 1195 1513 1229 1513 1169 1514 1195 1514 1207 1514 1181 1515 1169 1515 1207 1515 1149 1516 1169 1516 1181 1516 1155 1517 1149 1517 1181 1517 1135 1518 1149 1518 1155 1518 1145 1519 1135 1519 1155 1519 1119 1520 1135 1520 1145 1520 1123 1521 1119 1521 1145 1521 1095 1522 1119 1522 1123 1522 1097 1523 1095 1523 1123 1523 1073 1524 1095 1524 1097 1524 1075 1525 1073 1525 1097 1525 1047 1526 1073 1526 1075 1526 1049 1527 1047 1527 1075 1527 1043 1528 1047 1528 1049 1528 1547 1529 1549 1529 1567 1529 1589 1530 1547 1530 1567 1530 1539 1531 1547 1531 1589 1531 1581 1532 1539 1532 1589 1532 1529 1533 1539 1533 1581 1533 1569 1534 1529 1534 1581 1534 1515 1535 1529 1535 1569 1535 1553 1536 1515 1536 1569 1536 1497 1537 1515 1537 1553 1537 1543 1538 1497 1538 1553 1538 1483 1539 1497 1539 1543 1539 1523 1540 1483 1540 1543 1540 1471 1541 1483 1541 1523 1541 1505 1542 1471 1542 1523 1542 1455 1543 1471 1543 1505 1543 1487 1544 1455 1544 1505 1544 1443 1545 1455 1545 1487 1545 1467 1546 1443 1546 1487 1546 1425 1547 1443 1547 1467 1547 1453 1548 1425 1548 1467 1548 1409 1549 1425 1549 1453 1549 1429 1550 1409 1550 1453 1550 1391 1551 1409 1551 1429 1551 1411 1552 1391 1552 1429 1552 1375 1553 1391 1553 1411 1553 1395 1554 1375 1554 1411 1554 1363 1555 1375 1555 1395 1555 1385 1556 1363 1556 1395 1556 1299 1557 1363 1557 1385 1557 1361 1558 1299 1558 1385 1558 1277 1559 1299 1559 1361 1559 1293 1560 1277 1560 1361 1560 1249 1561 1277 1561 1293 1561 1269 1562 1249 1562 1293 1562 1229 1563 1249 1563 1269 1563 1239 1564 1229 1564 1269 1564 1207 1565 1229 1565 1239 1565 1221 1566 1207 1566 1239 1566 1181 1567 1207 1567 1221 1567 1193 1568 1181 1568 1221 1568 1155 1569 1181 1569 1193 1569 1165 1570 1155 1570 1193 1570 1145 1571 1155 1571 1165 1571 1153 1572 1145 1572 1165 1572 1123 1573 1145 1573 1153 1573 1127 1574 1123 1574 1153 1574 1097 1575 1123 1575 1127 1575 1099 1576 1097 1576 1127 1576 1075 1577 1097 1577 1099 1577 1077 1578 1075 1578 1099 1578 1049 1579 1075 1579 1077 1579 1051 1580 1049 1580 1077 1580 1043 1581 1049 1581 1051 1581 1589 1582 1567 1582 1595 1582 1657 1583 1589 1583 1595 1583 1631 1584 1589 1584 1657 1584 1736 1585 1631 1585 1657 1585 1623 1586 1631 1586 1736 1586 1726 1587 1623 1587 1736 1587 1605 1588 1623 1588 1726 1588 1716 1589 1605 1589 1726 1589 1593 1590 1605 1590 1716 1590 1700 1591 1593 1591 1716 1591 1575 1592 1593 1592 1700 1592 1635 1593 1575 1593 1700 1593 1555 1594 1575 1594 1635 1594 1611 1595 1555 1595 1635 1595 1537 1596 1555 1596 1611 1596 1587 1597 1537 1597 1611 1597 1507 1598 1537 1598 1587 1598 1563 1599 1507 1599 1587 1599 1481 1600 1507 1600 1563 1600 1533 1601 1481 1601 1563 1601 1463 1602 1481 1602 1533 1602 1495 1603 1463 1603 1533 1603 1441 1604 1463 1604 1495 1604 1469 1605 1441 1605 1495 1605 1415 1606 1441 1606 1469 1606 1445 1607 1415 1607 1469 1607 1407 1608 1415 1608 1445 1608 1427 1609 1407 1609 1445 1609 1381 1610 1407 1610 1427 1610 1401 1611 1381 1611 1427 1611 1359 1612 1381 1612 1401 1612 1377 1613 1359 1613 1401 1613 1285 1614 1359 1614 1377 1614 1327 1615 1285 1615 1377 1615 1259 1616 1285 1616 1327 1616 1275 1617 1259 1617 1327 1617 1231 1618 1259 1618 1275 1618 1237 1619 1231 1619 1275 1619 1201 1620 1231 1620 1237 1620 1211 1621 1201 1621 1237 1621 1171 1622 1201 1622 1211 1622 1179 1623 1171 1623 1211 1623 1159 1624 1171 1624 1179 1624 1167 1625 1159 1625 1179 1625 1129 1626 1159 1626 1167 1626 1133 1627 1129 1627 1167 1627 1101 1628 1129 1628 1133 1628 1107 1629 1101 1629 1133 1629 1079 1630 1101 1630 1107 1630 1081 1631 1079 1631 1107 1631 1053 1632 1079 1632 1081 1632 1055 1633 1053 1633 1081 1633 1043 1634 1053 1634 1055 1634 1742 1635 1728 1635 1752 1635 1657 1636 1686 1636 1728 1636 1742 1637 1657 1637 1728 1637 1736 1638 1657 1638 1742 1638 1786 1639 1736 1639 1742 1639 1726 1640 1736 1640 1786 1640 1774 1641 1726 1641 1786 1641 1716 1642 1726 1642 1774 1642 1766 1643 1716 1643 1774 1643 1700 1644 1716 1644 1766 1644 1756 1645 1700 1645 1766 1645 1635 1646 1700 1646 1756 1646 1740 1647 1635 1647 1756 1647 1611 1648 1635 1648 1740 1648 1718 1649 1611 1649 1740 1649 1587 1650 1611 1650 1718 1650 1692 1651 1587 1651 1718 1651 1563 1652 1587 1652 1692 1652 1615 1653 1563 1653 1692 1653 1533 1654 1563 1654 1615 1654 1583 1655 1533 1655 1615 1655 1495 1656 1533 1656 1583 1656 1545 1657 1495 1657 1583 1657 1469 1658 1495 1658 1545 1658 1509 1659 1469 1659 1545 1659 1445 1660 1469 1660 1509 1660 1473 1661 1445 1661 1509 1661 1427 1662 1445 1662 1473 1662 1457 1663 1427 1663 1473 1663 1401 1664 1427 1664 1457 1664 1423 1665 1401 1665 1457 1665 1377 1666 1401 1666 1423 1666 1393 1667 1377 1667 1423 1667 1327 1668 1377 1668 1393 1668 1367 1669 1327 1669 1393 1669 1275 1670 1327 1670 1367 1670 1287 1671 1275 1671 1367 1671 1237 1672 1275 1672 1287 1672 1253 1673 1237 1673 1287 1673 1211 1674 1237 1674 1253 1674 1223 1675 1211 1675 1253 1675 1179 1676 1211 1676 1223 1676 1189 1677 1179 1677 1223 1677 1167 1678 1179 1678 1189 1678 1173 1679 1167 1679 1189 1679 1133 1680 1167 1680 1173 1680 1139 1681 1133 1681 1173 1681 1107 1682 1133 1682 1139 1682 1109 1683 1107 1683 1139 1683 1081 1684 1107 1684 1109 1684 1083 1685 1081 1685 1109 1685 1055 1686 1081 1686 1083 1686 1057 1687 1055 1687 1083 1687 1043 1688 1055 1688 1057 1688 1742 1689 1752 1689 1772 1689 1793 1690 1742 1690 1772 1690 1786 1691 1742 1691 1793 1691 1828 1692 1786 1692 1793 1692 1774 1693 1786 1693 1828 1693 1818 1694 1774 1694 1828 1694 1766 1695 1774 1695 1818 1695 1810 1696 1766 1696 1818 1696 1756 1697 1766 1697 1810 1697 1800 1698 1756 1698 1810 1698 1740 1699 1756 1699 1800 1699 1784 1700 1740 1700 1800 1700 1718 1701 1740 1701 1784 1701 1770 1702 1718 1702 1784 1702 1692 1703 1718 1703 1770 1703 1746 1704 1692 1704 1770 1704 1615 1705 1692 1705 1746 1705 1720 1706 1615 1706 1746 1706 1583 1707 1615 1707 1720 1707 1639 1708 1583 1708 1720 1708 1545 1709 1583 1709 1639 1709 1597 1710 1545 1710 1639 1710 1509 1711 1545 1711 1597 1711 1559 1712 1509 1712 1597 1712 1473 1713 1509 1713 1559 1713 1511 1714 1473 1714 1559 1714 1457 1715 1473 1715 1511 1715 1491 1716 1457 1716 1511 1716 1423 1717 1457 1717 1491 1717 1451 1718 1423 1718 1491 1718 1393 1719 1423 1719 1451 1719 1413 1720 1393 1720 1451 1720 1367 1721 1393 1721 1413 1721 1383 1722 1367 1722 1413 1722 1287 1723 1367 1723 1383 1723 1337 1724 1287 1724 1383 1724 1253 1725 1287 1725 1337 1725 1267 1726 1253 1726 1337 1726 1223 1727 1253 1727 1267 1727 1233 1728 1223 1728 1267 1728 1189 1729 1223 1729 1233 1729 1199 1730 1189 1730 1233 1730 1173 1731 1189 1731 1199 1731 1183 1732 1173 1732 1199 1732 1139 1733 1173 1733 1183 1733 1147 1734 1139 1734 1183 1734 1109 1735 1139 1735 1147 1735 1115 1736 1109 1736 1147 1736 1083 1737 1109 1737 1115 1737 1085 1738 1083 1738 1115 1738 1057 1739 1083 1739 1085 1739 1059 1740 1057 1740 1085 1740 1043 1741 1057 1741 1059 1741 1872 1742 1836 1742 1838 1742 1876 1743 1872 1743 1838 1743 1890 1744 1872 1744 1876 1744 1896 1745 1858 1745 1862 1745 1872 1746 1896 1746 1862 1746 1904 1747 1896 1747 1872 1747 1890 1748 1904 1748 1872 1748 1906 1749 1904 1749 1890 1749 1065 1750 1043 1750 1063 1750 1089 1751 1065 1751 1063 1751 1091 1752 1065 1752 1089 1752 1121 1753 1091 1753 1089 1753 1125 1754 1091 1754 1121 1754 1157 1755 1125 1755 1121 1755 1163 1756 1125 1756 1157 1756 1197 1757 1163 1757 1157 1757 1205 1758 1163 1758 1197 1758 1213 1759 1205 1759 1197 1759 1225 1760 1205 1760 1213 1760 1251 1761 1225 1761 1213 1761 1265 1762 1225 1762 1251 1762 1297 1763 1265 1763 1251 1763 1353 1764 1265 1764 1297 1764 1379 1765 1353 1765 1297 1765 1397 1766 1353 1766 1379 1766 1419 1767 1397 1767 1379 1767 1439 1768 1397 1768 1419 1768 1461 1769 1439 1769 1419 1769 1493 1770 1439 1770 1461 1770 1517 1771 1493 1771 1461 1771 1551 1772 1493 1772 1517 1772 1577 1773 1551 1773 1517 1773 1621 1774 1551 1774 1577 1774 1601 1775 1621 1775 1577 1775 1702 1776 1621 1776 1601 1776 1708 1777 1702 1777 1601 1777 1748 1778 1702 1778 1708 1778 1744 1779 1748 1779 1708 1779 1782 1780 1748 1780 1744 1780 1776 1781 1782 1781 1744 1781 1812 1782 1782 1782 1776 1782 1804 1783 1812 1783 1776 1783 1832 1784 1812 1784 1804 1784 1824 1785 1832 1785 1804 1785 1852 1786 1832 1786 1824 1786 1842 1787 1852 1787 1824 1787 1868 1788 1852 1788 1842 1788 1854 1789 1868 1789 1842 1789 1884 1790 1868 1790 1854 1790 1866 1791 1884 1791 1854 1791 1894 1792 1884 1792 1866 1792 1880 1793 1894 1793 1866 1793 1908 1794 1894 1794 1880 1794 1888 1795 1908 1795 1880 1795 1914 1796 1908 1796 1888 1796 1896 1797 1914 1797 1888 1797 1922 1798 1914 1798 1896 1798 1904 1799 1922 1799 1896 1799 1928 1800 1922 1800 1904 1800 1906 1801 1928 1801 1904 1801 1932 1802 1928 1802 1906 1802 1793 1803 1772 1803 1798 1803 1836 1804 1793 1804 1798 1804 1828 1805 1793 1805 1836 1805 1862 1806 1828 1806 1836 1806 1818 1807 1828 1807 1862 1807 1858 1808 1818 1808 1862 1808 1810 1809 1818 1809 1858 1809 1848 1810 1810 1810 1858 1810 1800 1811 1810 1811 1848 1811 1834 1812 1800 1812 1848 1812 1784 1813 1800 1813 1834 1813 1822 1814 1784 1814 1834 1814 1770 1815 1784 1815 1822 1815 1806 1816 1770 1816 1822 1816 1746 1817 1770 1817 1806 1817 1790 1818 1746 1818 1806 1818 1720 1819 1746 1819 1790 1819 1764 1820 1720 1820 1790 1820 1639 1821 1720 1821 1764 1821 1738 1822 1639 1822 1764 1822 1597 1823 1639 1823 1738 1823 1704 1824 1597 1824 1738 1824 1559 1825 1597 1825 1704 1825 1607 1826 1559 1826 1704 1826 1511 1827 1559 1827 1607 1827 1561 1828 1511 1828 1607 1828 1491 1829 1511 1829 1561 1829 1535 1830 1491 1830 1561 1830 1451 1831 1491 1831 1535 1831 1479 1832 1451 1832 1535 1832 1413 1833 1451 1833 1479 1833 1437 1834 1413 1834 1479 1834 1383 1835 1413 1835 1437 1835 1399 1836 1383 1836 1437 1836 1337 1837 1383 1837 1399 1837 1365 1838 1337 1838 1399 1838 1267 1839 1337 1839 1365 1839 1281 1840 1267 1840 1365 1840 1233 1841 1267 1841 1281 1841 1241 1842 1233 1842 1281 1842 1199 1843 1233 1843 1241 1843 1209 1844 1199 1844 1241 1844 1183 1845 1199 1845 1209 1845 1191 1846 1183 1846 1209 1846 1147 1847 1183 1847 1191 1847 1151 1848 1147 1848 1191 1848 1115 1849 1147 1849 1151 1849 1117 1850 1115 1850 1151 1850 1085 1851 1115 1851 1117 1851 1087 1852 1085 1852 1117 1852 1059 1853 1085 1853 1087 1853 1061 1854 1059 1854 1087 1854 1043 1855 1059 1855 1061 1855 1521 1856 1565 1856 1527 1856 1673 1857 1659 1857 1640 1857 1612 1858 1616 1858 1608 1858 1564 1859 1570 1859 1556 1859 1906 1860 1942 1860 1932 1860 1926 1861 1948 1861 1942 1861 1936 1862 1954 1862 1948 1862 1944 1863 1956 1863 1954 1863 1946 1864 1958 1864 1956 1864 1950 1865 1960 1865 1958 1865 1952 1866 1959 1866 1960 1866 1951 1867 1957 1867 1959 1867 1949 1868 1955 1868 1957 1868 1945 1869 1953 1869 1955 1869 1943 1870 1947 1870 1953 1870 1935 1871 1941 1871 1947 1871 1825 1872 1795 1872 1797 1872 1837 1873 1825 1873 1797 1873 1855 1874 1825 1874 1837 1874 1875 1875 1855 1875 1837 1875 1881 1876 1855 1876 1875 1876 1889 1877 1881 1877 1875 1877 1909 1878 1881 1878 1889 1878 1905 1879 1909 1879 1889 1879 1925 1880 1909 1880 1905 1880 1931 1881 1925 1881 1905 1881 1941 1882 1925 1882 1931 1882 1795 1883 1727 1883 1751 1883 1771 1884 1795 1884 1751 1884 1797 1885 1795 1885 1771 1885 1926 1886 1942 1886 1906 1886 1890 1887 1926 1887 1906 1887 1910 1888 1926 1888 1890 1888 1876 1889 1910 1889 1890 1889 1882 1890 1910 1890 1876 1890 1838 1891 1882 1891 1876 1891 1856 1892 1882 1892 1838 1892 1798 1893 1856 1893 1838 1893 1826 1894 1856 1894 1798 1894 1772 1895 1826 1895 1798 1895 1796 1896 1826 1896 1772 1896 1752 1897 1796 1897 1772 1897 1760 1898 1796 1898 1752 1898 1598 1899 1548 1899 1566 1899 1594 1900 1598 1900 1566 1900 1636 1901 1598 1901 1594 1901 1685 1902 1636 1902 1594 1902 1723 1903 1636 1903 1685 1903 1727 1904 1723 1904 1685 1904 1759 1905 1723 1905 1727 1905 1795 1906 1759 1906 1727 1906 1944 1907 1954 1907 1936 1907 1918 1908 1944 1908 1936 1908 1930 1909 1944 1909 1918 1909 1898 1910 1930 1910 1918 1910 1912 1911 1930 1911 1898 1911 1870 1912 1912 1912 1898 1912 1886 1913 1912 1913 1870 1913 1844 1914 1886 1914 1870 1914 1860 1915 1886 1915 1844 1915 1814 1916 1860 1916 1844 1916 1830 1917 1860 1917 1814 1917 1780 1918 1830 1918 1814 1918 1802 1919 1830 1919 1780 1919 1750 1920 1802 1920 1780 1920 1768 1921 1802 1921 1750 1921 1712 1922 1768 1922 1750 1922 1732 1923 1768 1923 1712 1923 1629 1924 1732 1924 1712 1924 1706 1925 1732 1925 1629 1925 1603 1926 1706 1926 1629 1926 1627 1927 1706 1927 1603 1927 1591 1928 1627 1928 1603 1928 1613 1929 1627 1929 1591 1929 1936 1930 1948 1930 1926 1930 1910 1931 1936 1931 1926 1931 1918 1932 1936 1932 1910 1932 1882 1933 1918 1933 1910 1933 1898 1934 1918 1934 1882 1934 1856 1935 1898 1935 1882 1935 1870 1936 1898 1936 1856 1936 1826 1937 1870 1937 1856 1937 1844 1938 1870 1938 1826 1938 1796 1939 1844 1939 1826 1939 1814 1940 1844 1940 1796 1940 1760 1941 1814 1941 1796 1941 1780 1942 1814 1942 1760 1942 1724 1943 1780 1943 1760 1943 1750 1944 1780 1944 1724 1944 1637 1945 1750 1945 1724 1945 1712 1946 1750 1946 1637 1946 1599 1947 1712 1947 1637 1947 1629 1948 1712 1948 1599 1948 1579 1949 1629 1949 1599 1949 1603 1950 1629 1950 1579 1950 1565 1951 1603 1951 1579 1951 1591 1952 1603 1952 1565 1952 1760 1953 1752 1953 1728 1953 1686 1954 1760 1954 1728 1954 1724 1955 1760 1955 1686 1955 1595 1956 1724 1956 1686 1956 1637 1957 1724 1957 1595 1957 1567 1958 1637 1958 1595 1958 1599 1959 1637 1959 1567 1959 1549 1960 1599 1960 1567 1960 1579 1961 1599 1961 1549 1961 1541 1962 1579 1962 1549 1962 1565 1963 1579 1963 1541 1963 1531 1964 1565 1964 1541 1964 1527 1965 1565 1965 1531 1965 1540 1966 1548 1966 1598 1966 1578 1967 1540 1967 1598 1967 1530 1968 1540 1968 1578 1968 1564 1969 1530 1969 1578 1969 1526 1970 1530 1970 1564 1970 1556 1971 1526 1971 1564 1971 1520 1972 1526 1972 1556 1972 1925 1973 1941 1973 1935 1973 1917 1974 1925 1974 1935 1974 1909 1975 1925 1975 1917 1975 1897 1976 1909 1976 1917 1976 1881 1977 1909 1977 1897 1977 1869 1978 1881 1978 1897 1978 1855 1979 1881 1979 1869 1979 1843 1980 1855 1980 1869 1980 1825 1981 1855 1981 1843 1981 1813 1982 1825 1982 1843 1982 1795 1983 1825 1983 1813 1983 1779 1984 1795 1984 1813 1984 1759 1985 1795 1985 1779 1985 1749 1986 1759 1986 1779 1986 1723 1987 1759 1987 1749 1987 1711 1988 1723 1988 1749 1988 1636 1989 1723 1989 1711 1989 1628 1990 1636 1990 1711 1990 1598 1991 1636 1991 1628 1991 1602 1992 1598 1992 1628 1992 1578 1993 1598 1993 1602 1993 1590 1994 1578 1994 1602 1994 1564 1995 1578 1995 1590 1995 1584 1996 1564 1996 1590 1996 1570 1997 1564 1997 1584 1997 1935 1998 1947 1998 1943 1998 1929 1999 1935 1999 1943 1999 1917 2000 1935 2000 1929 2000 1911 2001 1917 2001 1929 2001 1897 2002 1917 2002 1911 2002 1885 2003 1897 2003 1911 2003 1869 2004 1897 2004 1885 2004 1859 2005 1869 2005 1885 2005 1843 2006 1869 2006 1859 2006 1829 2007 1843 2007 1859 2007 1813 2008 1843 2008 1829 2008 1801 2009 1813 2009 1829 2009 1779 2010 1813 2010 1801 2010 1767 2011 1779 2011 1801 2011 1749 2012 1779 2012 1767 2012 1731 2013 1749 2013 1767 2013 1711 2014 1749 2014 1731 2014 1705 2015 1711 2015 1731 2015 1628 2016 1711 2016 1705 2016 1626 2017 1628 2017 1705 2017 1602 2018 1628 2018 1626 2018 1612 2019 1602 2019 1626 2019 1590 2020 1602 2020 1612 2020 1608 2021 1590 2021 1612 2021 1584 2022 1590 2022 1608 2022 1943 2023 1953 2023 1945 2023 1933 2024 1943 2024 1945 2024 1929 2025 1943 2025 1933 2025 1915 2026 1929 2026 1933 2026 1911 2027 1929 2027 1915 2027 1891 2028 1911 2028 1915 2028 1885 2029 1911 2029 1891 2029 1863 2030 1885 2030 1891 2030 1859 2031 1885 2031 1863 2031 1839 2032 1859 2032 1863 2032 1829 2033 1859 2033 1839 2033 1807 2034 1829 2034 1839 2034 1801 2035 1829 2035 1807 2035 1777 2036 1801 2036 1807 2036 1767 2037 1801 2037 1777 2037 1753 2038 1767 2038 1777 2038 1731 2039 1767 2039 1753 2039 1721 2040 1731 2040 1753 2040 1705 2041 1731 2041 1721 2041 1695 2042 1705 2042 1721 2042 1626 2043 1705 2043 1695 2043 1632 2044 1626 2044 1695 2044 1612 2045 1626 2045 1632 2045 1624 2046 1612 2046 1632 2046 1616 2047 1612 2047 1624 2047 1945 2048 1955 2048 1949 2048 1937 2049 1945 2049 1949 2049 1933 2050 1945 2050 1937 2050 1919 2051 1933 2051 1937 2051 1915 2052 1933 2052 1919 2052 1899 2053 1915 2053 1919 2053 1891 2054 1915 2054 1899 2054 1873 2055 1891 2055 1899 2055 1863 2056 1891 2056 1873 2056 1845 2057 1863 2057 1873 2057 1839 2058 1863 2058 1845 2058 1815 2059 1839 2059 1845 2059 1807 2060 1839 2060 1815 2060 1787 2061 1807 2061 1815 2061 1777 2062 1807 2062 1787 2062 1757 2063 1777 2063 1787 2063 1753 2064 1777 2064 1757 2064 1729 2065 1753 2065 1757 2065 1721 2066 1753 2066 1729 2066 1709 2067 1721 2067 1729 2067 1695 2068 1721 2068 1709 2068 1673 2069 1695 2069 1709 2069 1632 2070 1695 2070 1673 2070 1640 2071 1632 2071 1673 2071 1624 2072 1632 2072 1640 2072 1949 2073 1957 2073 1951 2073 1939 2074 1949 2074 1951 2074 1937 2075 1949 2075 1939 2075 1923 2076 1937 2076 1939 2076 1919 2077 1937 2077 1923 2077 1901 2078 1919 2078 1923 2078 1899 2079 1919 2079 1901 2079 1877 2080 1899 2080 1901 2080 1873 2081 1899 2081 1877 2081 1849 2082 1873 2082 1877 2082 1845 2083 1873 2083 1849 2083 1819 2084 1845 2084 1849 2084 1815 2085 1845 2085 1819 2085 1791 2086 1815 2086 1819 2086 1787 2087 1815 2087 1791 2087 1761 2088 1787 2088 1791 2088 1757 2089 1787 2089 1761 2089 1733 2090 1757 2090 1761 2090 1729 2091 1757 2091 1733 2091 1713 2092 1729 2092 1733 2092 1709 2093 1729 2093 1713 2093 1697 2094 1709 2094 1713 2094 1673 2095 1709 2095 1697 2095 1679 2096 1673 2096 1697 2096 1659 2097 1673 2097 1679 2097 1951 2098 1959 2098 1952 2098 1940 2099 1951 2099 1952 2099 1939 2100 1951 2100 1940 2100 1924 2101 1939 2101 1940 2101 1923 2102 1939 2102 1924 2102 1902 2103 1923 2103 1924 2103 1901 2104 1923 2104 1902 2104 1878 2105 1901 2105 1902 2105 1877 2106 1901 2106 1878 2106 1850 2107 1877 2107 1878 2107 1849 2108 1877 2108 1850 2108 1820 2109 1849 2109 1850 2109 1819 2110 1849 2110 1820 2110 1792 2111 1819 2111 1820 2111 1791 2112 1819 2112 1792 2112 1762 2113 1791 2113 1792 2113 1761 2114 1791 2114 1762 2114 1734 2115 1761 2115 1762 2115 1733 2116 1761 2116 1734 2116 1714 2117 1733 2117 1734 2117 1713 2118 1733 2118 1714 2118 1698 2119 1713 2119 1714 2119 1697 2120 1713 2120 1698 2120 1680 2121 1697 2121 1698 2121 1679 2122 1697 2122 1680 2122 1661 2123 1674 2123 1641 2123 1952 2124 1960 2124 1950 2124 1938 2125 1952 2125 1950 2125 1940 2126 1952 2126 1938 2126 1920 2127 1940 2127 1938 2127 1924 2128 1940 2128 1920 2128 1900 2129 1924 2129 1920 2129 1902 2130 1924 2130 1900 2130 1874 2131 1902 2131 1900 2131 1878 2132 1902 2132 1874 2132 1846 2133 1878 2133 1874 2133 1850 2134 1878 2134 1846 2134 1816 2135 1850 2135 1846 2135 1820 2136 1850 2136 1816 2136 1788 2137 1820 2137 1816 2137 1792 2138 1820 2138 1788 2138 1758 2139 1792 2139 1788 2139 1762 2140 1792 2140 1758 2140 1730 2141 1762 2141 1758 2141 1734 2142 1762 2142 1730 2142 1710 2143 1734 2143 1730 2143 1714 2144 1734 2144 1710 2144 1674 2145 1714 2145 1710 2145 1698 2146 1714 2146 1674 2146 1661 2147 1698 2147 1674 2147 1680 2148 1698 2148 1661 2148 1950 2149 1958 2149 1946 2149 1934 2150 1950 2150 1946 2150 1938 2151 1950 2151 1934 2151 1916 2152 1938 2152 1934 2152 1920 2153 1938 2153 1916 2153 1892 2154 1920 2154 1916 2154 1900 2155 1920 2155 1892 2155 1864 2156 1900 2156 1892 2156 1874 2157 1900 2157 1864 2157 1840 2158 1874 2158 1864 2158 1846 2159 1874 2159 1840 2159 1808 2160 1846 2160 1840 2160 1816 2161 1846 2161 1808 2161 1778 2162 1816 2162 1808 2162 1788 2163 1816 2163 1778 2163 1754 2164 1788 2164 1778 2164 1758 2165 1788 2165 1754 2165 1722 2166 1758 2166 1754 2166 1730 2167 1758 2167 1722 2167 1696 2168 1730 2168 1722 2168 1710 2169 1730 2169 1696 2169 1633 2170 1710 2170 1696 2170 1674 2171 1710 2171 1633 2171 1625 2172 1674 2172 1633 2172 1641 2173 1674 2173 1625 2173 1946 2174 1956 2174 1944 2174 1930 2175 1946 2175 1944 2175 1934 2176 1946 2176 1930 2176 1912 2177 1934 2177 1930 2177 1916 2178 1934 2178 1912 2178 1886 2179 1916 2179 1912 2179 1892 2180 1916 2180 1886 2180 1860 2181 1892 2181 1886 2181 1864 2182 1892 2182 1860 2182 1830 2183 1864 2183 1860 2183 1840 2184 1864 2184 1830 2184 1802 2185 1840 2185 1830 2185 1808 2186 1840 2186 1802 2186 1768 2187 1808 2187 1802 2187 1778 2188 1808 2188 1768 2188 1732 2189 1778 2189 1768 2189 1754 2190 1778 2190 1732 2190 1706 2191 1754 2191 1732 2191 1722 2192 1754 2192 1706 2192 1627 2193 1722 2193 1706 2193 1696 2194 1722 2194 1627 2194 1613 2195 1696 2195 1627 2195 1633 2196 1696 2196 1613 2196 1618 2197 1633 2197 1613 2197 1625 2198 1633 2198 1618 2198 1565 2199 1521 2199 1557 2199 1572 2200 1565 2200 1557 2200 1591 2201 1565 2201 1572 2201 1585 2202 1591 2202 1572 2202 1613 2203 1591 2203 1585 2203 1609 2204 1613 2204 1585 2204 1618 2205 1613 2205 1609 2205 1041 2206 1062 2206 1060 2206 1044 2207 1041 2207 1046 2207 1072 2208 1044 2208 1046 2208 1070 2209 1044 2209 1072 2209 1094 2210 1070 2210 1072 2210 1092 2211 1070 2211 1094 2211 1118 2212 1092 2212 1094 2212 1112 2213 1092 2213 1118 2213 1134 2214 1112 2214 1118 2214 1130 2215 1112 2215 1134 2215 1148 2216 1130 2216 1134 2216 1136 2217 1130 2217 1148 2217 1168 2218 1136 2218 1148 2218 1160 2219 1136 2219 1168 2219 1194 2220 1160 2220 1168 2220 1186 2221 1160 2221 1194 2221 1218 2222 1186 2222 1194 2222 1202 2223 1186 2223 1218 2223 1234 2224 1202 2224 1218 2224 1226 2225 1202 2225 1234 2225 1260 2226 1226 2226 1234 2226 1242 2227 1226 2227 1260 2227 1062 2228 1041 2228 1064 2228 1090 2229 1062 2229 1064 2229 1088 2230 1062 2230 1090 2230 1124 2231 1088 2231 1090 2231 1120 2232 1088 2232 1124 2232 1162 2233 1120 2233 1124 2233 1156 2234 1120 2234 1162 2234 1204 2235 1156 2235 1162 2235 1196 2236 1156 2236 1204 2236 1224 2237 1196 2237 1204 2237 1212 2238 1196 2238 1224 2238 1264 2239 1212 2239 1224 2239 1250 2240 1212 2240 1264 2240 1352 2241 1250 2241 1264 2241 1296 2242 1250 2242 1352 2242 1396 2243 1296 2243 1352 2243 1378 2244 1296 2244 1396 2244 1438 2245 1378 2245 1396 2245 1418 2246 1378 2246 1438 2246 1492 2247 1418 2247 1438 2247 1460 2248 1418 2248 1492 2248 1550 2249 1460 2249 1492 2249 1516 2250 1460 2250 1550 2250 1620 2251 1516 2251 1550 2251 1576 2252 1516 2252 1620 2252 1701 2253 1576 2253 1620 2253 1600 2254 1576 2254 1701 2254 1747 2255 1600 2255 1701 2255 1707 2256 1600 2256 1747 2256 1781 2257 1707 2257 1747 2257 1743 2258 1707 2258 1781 2258 1811 2259 1743 2259 1781 2259 1775 2260 1743 2260 1811 2260 1831 2261 1775 2261 1811 2261 1803 2262 1775 2262 1831 2262 1851 2263 1803 2263 1831 2263 1823 2264 1803 2264 1851 2264 1086 2265 1060 2265 1062 2265 1088 2266 1086 2266 1062 2266 1116 2267 1086 2267 1088 2267 1120 2268 1116 2268 1088 2268 1150 2269 1116 2269 1120 2269 1156 2270 1150 2270 1120 2270 1190 2271 1150 2271 1156 2271 1196 2272 1190 2272 1156 2272 1208 2273 1190 2273 1196 2273 1212 2274 1208 2274 1196 2274 1240 2275 1208 2275 1212 2275 1250 2276 1240 2276 1212 2276 1280 2277 1240 2277 1250 2277 1296 2278 1280 2278 1250 2278 1364 2279 1280 2279 1296 2279 1378 2280 1364 2280 1296 2280 1398 2281 1364 2281 1378 2281 1418 2282 1398 2282 1378 2282 1436 2283 1398 2283 1418 2283 1460 2284 1436 2284 1418 2284 1478 2285 1436 2285 1460 2285 1516 2286 1478 2286 1460 2286 1534 2287 1478 2287 1516 2287 1576 2288 1534 2288 1516 2288 1560 2289 1534 2289 1576 2289 1600 2290 1560 2290 1576 2290 1606 2291 1560 2291 1600 2291 1707 2292 1606 2292 1600 2292 1703 2293 1606 2293 1707 2293 1743 2294 1703 2294 1707 2294 1737 2295 1703 2295 1743 2295 1775 2296 1737 2296 1743 2296 1763 2297 1737 2297 1775 2297 1803 2298 1763 2298 1775 2298 1789 2299 1763 2299 1803 2299 1823 2300 1789 2300 1803 2300 1805 2301 1789 2301 1823 2301 1060 2302 1058 2302 1041 2302 1084 2303 1058 2303 1060 2303 1086 2304 1084 2304 1060 2304 1114 2305 1084 2305 1086 2305 1116 2306 1114 2306 1086 2306 1146 2307 1114 2307 1116 2307 1150 2308 1146 2308 1116 2308 1182 2309 1146 2309 1150 2309 1190 2310 1182 2310 1150 2310 1198 2311 1182 2311 1190 2311 1208 2312 1198 2312 1190 2312 1232 2313 1198 2313 1208 2313 1240 2314 1232 2314 1208 2314 1266 2315 1232 2315 1240 2315 1280 2316 1266 2316 1240 2316 1336 2317 1266 2317 1280 2317 1364 2318 1336 2318 1280 2318 1382 2319 1336 2319 1364 2319 1398 2320 1382 2320 1364 2320 1412 2321 1382 2321 1398 2321 1436 2322 1412 2322 1398 2322 1450 2323 1412 2323 1436 2323 1478 2324 1450 2324 1436 2324 1490 2325 1450 2325 1478 2325 1534 2326 1490 2326 1478 2326 1510 2327 1490 2327 1534 2327 1560 2328 1510 2328 1534 2328 1558 2329 1510 2329 1560 2329 1606 2330 1558 2330 1560 2330 1596 2331 1558 2331 1606 2331 1703 2332 1596 2332 1606 2332 1638 2333 1596 2333 1703 2333 1737 2334 1638 2334 1703 2334 1719 2335 1638 2335 1737 2335 1763 2336 1719 2336 1737 2336 1745 2337 1719 2337 1763 2337 1789 2338 1745 2338 1763 2338 1769 2339 1745 2339 1789 2339 1805 2340 1769 2340 1789 2340 1783 2341 1769 2341 1805 2341 1058 2342 1056 2342 1041 2342 1082 2343 1056 2343 1058 2343 1084 2344 1082 2344 1058 2344 1108 2345 1082 2345 1084 2345 1114 2346 1108 2346 1084 2346 1138 2347 1108 2347 1114 2347 1146 2348 1138 2348 1114 2348 1172 2349 1138 2349 1146 2349 1182 2350 1172 2350 1146 2350 1188 2351 1172 2351 1182 2351 1198 2352 1188 2352 1182 2352 1222 2353 1188 2353 1198 2353 1232 2354 1222 2354 1198 2354 1252 2355 1222 2355 1232 2355 1266 2356 1252 2356 1232 2356 1286 2357 1252 2357 1266 2357 1336 2358 1286 2358 1266 2358 1366 2359 1286 2359 1336 2359 1382 2360 1366 2360 1336 2360 1392 2361 1366 2361 1382 2361 1412 2362 1392 2362 1382 2362 1422 2363 1392 2363 1412 2363 1450 2364 1422 2364 1412 2364 1456 2365 1422 2365 1450 2365 1490 2366 1456 2366 1450 2366 1472 2367 1456 2367 1490 2367 1510 2368 1472 2368 1490 2368 1508 2369 1472 2369 1510 2369 1558 2370 1508 2370 1510 2370 1544 2371 1508 2371 1558 2371 1596 2372 1544 2372 1558 2372 1582 2373 1544 2373 1596 2373 1638 2374 1582 2374 1596 2374 1614 2375 1582 2375 1638 2375 1719 2376 1614 2376 1638 2376 1691 2377 1614 2377 1719 2377 1745 2378 1691 2378 1719 2378 1717 2379 1691 2379 1745 2379 1769 2380 1717 2380 1745 2380 1739 2381 1717 2381 1769 2381 1783 2382 1739 2382 1769 2382 1755 2383 1739 2383 1783 2383 1056 2384 1054 2384 1041 2384 1080 2385 1054 2385 1056 2385 1082 2386 1080 2386 1056 2386 1106 2387 1080 2387 1082 2387 1108 2388 1106 2388 1082 2388 1132 2389 1106 2389 1108 2389 1138 2390 1132 2390 1108 2390 1166 2391 1132 2391 1138 2391 1172 2392 1166 2392 1138 2392 1178 2393 1166 2393 1172 2393 1188 2394 1178 2394 1172 2394 1210 2395 1178 2395 1188 2395 1222 2396 1210 2396 1188 2396 1236 2397 1210 2397 1222 2397 1252 2398 1236 2398 1222 2398 1274 2399 1236 2399 1252 2399 1286 2400 1274 2400 1252 2400 1326 2401 1274 2401 1286 2401 1366 2402 1326 2402 1286 2402 1376 2403 1326 2403 1366 2403 1392 2404 1376 2404 1366 2404 1400 2405 1376 2405 1392 2405 1422 2406 1400 2406 1392 2406 1426 2407 1400 2407 1422 2407 1456 2408 1426 2408 1422 2408 1444 2409 1426 2409 1456 2409 1472 2410 1444 2410 1456 2410 1468 2411 1444 2411 1472 2411 1508 2412 1468 2412 1472 2412 1494 2413 1468 2413 1508 2413 1544 2414 1494 2414 1508 2414 1532 2415 1494 2415 1544 2415 1582 2416 1532 2416 1544 2416 1562 2417 1532 2417 1582 2417 1614 2418 1562 2418 1582 2418 1586 2419 1562 2419 1614 2419 1691 2420 1586 2420 1614 2420 1610 2421 1586 2421 1691 2421 1717 2422 1610 2422 1691 2422 1634 2423 1610 2423 1717 2423 1739 2424 1634 2424 1717 2424 1699 2425 1634 2425 1739 2425 1755 2426 1699 2426 1739 2426 1715 2427 1699 2427 1755 2427 1054 2428 1052 2428 1041 2428 1078 2429 1052 2429 1054 2429 1080 2430 1078 2430 1054 2430 1100 2431 1078 2431 1080 2431 1106 2432 1100 2432 1080 2432 1128 2433 1100 2433 1106 2433 1132 2434 1128 2434 1106 2434 1158 2435 1128 2435 1132 2435 1166 2436 1158 2436 1132 2436 1170 2437 1158 2437 1166 2437 1178 2438 1170 2438 1166 2438 1200 2439 1170 2439 1178 2439 1210 2440 1200 2440 1178 2440 1230 2441 1200 2441 1210 2441 1236 2442 1230 2442 1210 2442 1258 2443 1230 2443 1236 2443 1274 2444 1258 2444 1236 2444 1284 2445 1258 2445 1274 2445 1326 2446 1284 2446 1274 2446 1358 2447 1284 2447 1326 2447 1376 2448 1358 2448 1326 2448 1380 2449 1358 2449 1376 2449 1400 2450 1380 2450 1376 2450 1406 2451 1380 2451 1400 2451 1426 2452 1406 2452 1400 2452 1414 2453 1406 2453 1426 2453 1444 2454 1414 2454 1426 2454 1440 2455 1414 2455 1444 2455 1468 2456 1440 2456 1444 2456 1462 2457 1440 2457 1468 2457 1494 2458 1462 2458 1468 2458 1480 2459 1462 2459 1494 2459 1532 2460 1480 2460 1494 2460 1506 2461 1480 2461 1532 2461 1562 2462 1506 2462 1532 2462 1536 2463 1506 2463 1562 2463 1586 2464 1536 2464 1562 2464 1554 2465 1536 2465 1586 2465 1610 2466 1554 2466 1586 2466 1574 2467 1554 2467 1610 2467 1634 2468 1574 2468 1610 2468 1592 2469 1574 2469 1634 2469 1699 2470 1592 2470 1634 2470 1604 2471 1592 2471 1699 2471 1715 2472 1604 2472 1699 2472 1622 2473 1604 2473 1715 2473 1052 2474 1050 2474 1041 2474 1076 2475 1050 2475 1052 2475 1078 2476 1076 2476 1052 2476 1098 2477 1076 2477 1078 2477 1100 2478 1098 2478 1078 2478 1126 2479 1098 2479 1100 2479 1128 2480 1126 2480 1100 2480 1152 2481 1126 2481 1128 2481 1158 2482 1152 2482 1128 2482 1164 2483 1152 2483 1158 2483 1170 2484 1164 2484 1158 2484 1192 2485 1164 2485 1170 2485 1200 2486 1192 2486 1170 2486 1220 2487 1192 2487 1200 2487 1230 2488 1220 2488 1200 2488 1238 2489 1220 2489 1230 2489 1258 2490 1238 2490 1230 2490 1268 2491 1238 2491 1258 2491 1284 2492 1268 2492 1258 2492 1292 2493 1268 2493 1284 2493 1358 2494 1292 2494 1284 2494 1360 2495 1292 2495 1358 2495 1380 2496 1360 2496 1358 2496 1384 2497 1360 2497 1380 2497 1406 2498 1384 2498 1380 2498 1394 2499 1384 2499 1406 2499 1414 2500 1394 2500 1406 2500 1410 2501 1394 2501 1414 2501 1440 2502 1410 2502 1414 2502 1428 2503 1410 2503 1440 2503 1462 2504 1428 2504 1440 2504 1452 2505 1428 2505 1462 2505 1480 2506 1452 2506 1462 2506 1466 2507 1452 2507 1480 2507 1506 2508 1466 2508 1480 2508 1486 2509 1466 2509 1506 2509 1536 2510 1486 2510 1506 2510 1504 2511 1486 2511 1536 2511 1554 2512 1504 2512 1536 2512 1522 2513 1504 2513 1554 2513 1574 2514 1522 2514 1554 2514 1542 2515 1522 2515 1574 2515 1592 2516 1542 2516 1574 2516 1552 2517 1542 2517 1592 2517 1604 2518 1552 2518 1592 2518 1568 2519 1552 2519 1604 2519 1622 2520 1568 2520 1604 2520 1580 2521 1568 2521 1622 2521 1861 2522 1887 2522 1895 2522 1903 2523 1861 2523 1895 2523 1871 2524 1861 2524 1903 2524 1853 2525 1883 2525 1893 2525 1865 2526 1853 2526 1893 2526 1833 2527 1853 2527 1865 2527 1847 2528 1833 2528 1865 2528 1809 2529 1833 2529 1847 2529 1817 2530 1809 2530 1847 2530 1773 2531 1809 2531 1817 2531 1785 2532 1773 2532 1817 2532 1735 2533 1773 2533 1785 2533 1794 2534 1735 2534 1785 2534 1741 2535 1735 2535 1794 2535 1538 2536 1546 2536 1524 2536 1512 2537 1538 2537 1524 2537 1528 2538 1538 2538 1512 2538 1498 2539 1528 2539 1512 2539 1514 2540 1528 2540 1498 2540 1484 2541 1514 2541 1498 2541 1496 2542 1514 2542 1484 2542 1476 2543 1496 2543 1484 2543 1482 2544 1496 2544 1476 2544 1464 2545 1482 2545 1476 2545 1470 2546 1482 2546 1464 2546 1448 2547 1470 2547 1464 2547 1454 2548 1470 2548 1448 2548 1432 2549 1454 2549 1448 2549 1442 2550 1454 2550 1432 2550 1420 2551 1442 2551 1432 2551 1424 2552 1442 2552 1420 2552 1404 2553 1424 2553 1420 2553 1408 2554 1424 2554 1404 2554 1388 2555 1408 2555 1404 2555 1390 2556 1408 2556 1388 2556 1372 2557 1390 2557 1388 2557 1374 2558 1390 2558 1372 2558 1354 2559 1374 2559 1372 2559 1362 2560 1374 2560 1354 2560 1314 2561 1362 2561 1354 2561 1298 2562 1362 2562 1314 2562 1278 2563 1298 2563 1314 2563 1276 2564 1298 2564 1278 2564 1260 2565 1276 2565 1278 2565 1248 2566 1276 2566 1260 2566 1234 2567 1248 2567 1260 2567 1228 2568 1248 2568 1234 2568 1218 2569 1228 2569 1234 2569 1206 2570 1228 2570 1218 2570 1194 2571 1206 2571 1218 2571 1180 2572 1206 2572 1194 2572 1168 2573 1180 2573 1194 2573 1154 2574 1180 2574 1168 2574 1148 2575 1154 2575 1168 2575 1144 2576 1154 2576 1148 2576 1134 2577 1144 2577 1148 2577 1122 2578 1144 2578 1134 2578 1118 2579 1122 2579 1134 2579 1096 2580 1122 2580 1118 2580 1094 2581 1096 2581 1118 2581 1074 2582 1096 2582 1094 2582 1072 2583 1074 2583 1094 2583 1048 2584 1074 2584 1072 2584 1046 2585 1048 2585 1072 2585 1041 2586 1048 2586 1046 2586 1927 2587 1931 2587 1903 2587 1895 2588 1927 2588 1903 2588 1921 2589 1927 2589 1895 2589 1887 2590 1921 2590 1895 2590 1913 2591 1921 2591 1887 2591 1903 2592 1931 2592 1905 2592 1889 2593 1903 2593 1905 2593 1871 2594 1903 2594 1889 2594 1875 2595 1871 2595 1889 2595 1879 2596 1907 2596 1913 2596 1887 2597 1879 2597 1913 2597 1857 2598 1879 2598 1887 2598 1861 2599 1857 2599 1887 2599 1827 2600 1857 2600 1861 2600 1871 2601 1827 2601 1861 2601 1835 2602 1827 2602 1871 2602 1875 2603 1835 2603 1871 2603 1837 2604 1835 2604 1875 2604 1865 2605 1893 2605 1907 2605 1879 2606 1865 2606 1907 2606 1847 2607 1865 2607 1879 2607 1857 2608 1847 2608 1879 2608 1817 2609 1847 2609 1857 2609 1827 2610 1817 2610 1857 2610 1785 2611 1817 2611 1827 2611 1835 2612 1785 2612 1827 2612 1794 2613 1785 2613 1835 2613 1837 2614 1794 2614 1835 2614 1841 2615 1867 2615 1883 2615 1853 2616 1841 2616 1883 2616 1821 2617 1841 2617 1853 2617 1833 2618 1821 2618 1853 2618 1799 2619 1821 2619 1833 2619 1809 2620 1799 2620 1833 2620 1765 2621 1799 2621 1809 2621 1773 2622 1765 2622 1809 2622 1725 2623 1765 2623 1773 2623 1735 2624 1725 2624 1773 2624 1630 2625 1725 2625 1735 2625 1741 2626 1630 2626 1735 2626 1656 2627 1630 2627 1741 2627 1727 2628 1656 2628 1741 2628 1685 2629 1656 2629 1727 2629 1794 2630 1837 2630 1797 2630 1771 2631 1794 2631 1797 2631 1741 2632 1794 2632 1771 2632 1751 2633 1741 2633 1771 2633 1727 2634 1741 2634 1751 2634 1823 2635 1851 2635 1867 2635 1841 2636 1823 2636 1867 2636 1805 2637 1823 2637 1841 2637 1821 2638 1805 2638 1841 2638 1783 2639 1805 2639 1821 2639 1799 2640 1783 2640 1821 2640 1755 2641 1783 2641 1799 2641 1765 2642 1755 2642 1799 2642 1715 2643 1755 2643 1765 2643 1725 2644 1715 2644 1765 2644 1622 2645 1715 2645 1725 2645 1630 2646 1622 2646 1725 2646 1580 2647 1622 2647 1630 2647 1656 2648 1580 2648 1630 2648 1588 2649 1580 2649 1656 2649 1685 2650 1588 2650 1656 2650 1594 2651 1588 2651 1685 2651 1588 2652 1594 2652 1566 2652 1546 2653 1588 2653 1566 2653 1580 2654 1588 2654 1546 2654 1538 2655 1580 2655 1546 2655 1568 2656 1580 2656 1538 2656 1528 2657 1568 2657 1538 2657 1552 2658 1568 2658 1528 2658 1514 2659 1552 2659 1528 2659 1542 2660 1552 2660 1514 2660 1496 2661 1542 2661 1514 2661 1522 2662 1542 2662 1496 2662 1482 2663 1522 2663 1496 2663 1504 2664 1522 2664 1482 2664 1470 2665 1504 2665 1482 2665 1486 2666 1504 2666 1470 2666 1454 2667 1486 2667 1470 2667 1466 2668 1486 2668 1454 2668 1442 2669 1466 2669 1454 2669 1452 2670 1466 2670 1442 2670 1424 2671 1452 2671 1442 2671 1428 2672 1452 2672 1424 2672 1408 2673 1428 2673 1424 2673 1410 2674 1428 2674 1408 2674 1390 2675 1410 2675 1408 2675 1394 2676 1410 2676 1390 2676 1374 2677 1394 2677 1390 2677 1384 2678 1394 2678 1374 2678 1362 2679 1384 2679 1374 2679 1360 2680 1384 2680 1362 2680 1298 2681 1360 2681 1362 2681 1292 2682 1360 2682 1298 2682 1276 2683 1292 2683 1298 2683 1268 2684 1292 2684 1276 2684 1248 2685 1268 2685 1276 2685 1238 2686 1268 2686 1248 2686 1228 2687 1238 2687 1248 2687 1220 2688 1238 2688 1228 2688 1206 2689 1220 2689 1228 2689 1192 2690 1220 2690 1206 2690 1180 2691 1192 2691 1206 2691 1164 2692 1192 2692 1180 2692 1154 2693 1164 2693 1180 2693 1152 2694 1164 2694 1154 2694 1144 2695 1152 2695 1154 2695 1126 2696 1152 2696 1144 2696 1122 2697 1126 2697 1144 2697 1098 2698 1126 2698 1122 2698 1096 2699 1098 2699 1122 2699 1076 2700 1098 2700 1096 2700 1074 2701 1076 2701 1096 2701 1050 2702 1076 2702 1074 2702 1048 2703 1050 2703 1074 2703 1041 2704 1050 2704 1048 2704 1546 2705 1566 2705 1548 2705 1540 2706 1546 2706 1548 2706 1524 2707 1546 2707 1540 2707 1530 2708 1524 2708 1540 2708 1526 2709 1524 2709 1530 2709 1254 2710 1242 2710 1260 2710 1278 2711 1254 2711 1260 2711 1262 2712 1254 2712 1278 2712 1314 2713 1262 2713 1278 2713 1282 2714 1262 2714 1314 2714 1354 2715 1282 2715 1314 2715 1294 2716 1282 2716 1354 2716 1372 2717 1294 2717 1354 2717 1356 2718 1294 2718 1372 2718 1388 2719 1356 2719 1372 2719 1370 2720 1356 2720 1388 2720 1404 2721 1370 2721 1388 2721 1386 2722 1370 2722 1404 2722 1420 2723 1386 2723 1404 2723 1402 2724 1386 2724 1420 2724 1432 2725 1402 2725 1420 2725 1416 2726 1402 2726 1432 2726 1448 2727 1416 2727 1432 2727 1430 2728 1416 2728 1448 2728 1464 2729 1430 2729 1448 2729 1446 2730 1430 2730 1464 2730 1476 2731 1446 2731 1464 2731 1458 2732 1446 2732 1476 2732 1484 2733 1458 2733 1476 2733 1474 2734 1458 2734 1484 2734 1498 2735 1474 2735 1484 2735 1488 2736 1474 2736 1498 2736 1512 2737 1488 2737 1498 2737 1502 2738 1488 2738 1512 2738 1524 2739 1502 2739 1512 2739 1518 2740 1502 2740 1524 2740 1526 2741 1518 2741 1524 2741 1520 2742 1518 2742 1526 2742 242 2743 280 2743 240 2743 418 2744 484 2744 394 2744 554 2745 552 2745 548 2745 216 2746 242 2746 206 2746 1041 2747 1023 2747 1021 2747 1041 2748 1033 2748 1031 2748 1037 2749 1041 2749 1039 2749 1017 2750 1037 2750 1039 2750 1015 2751 1037 2751 1017 2751 1009 2752 1015 2752 1017 2752 985 2753 1015 2753 1009 2753 985 2754 1009 2754 987 2754 973 2755 985 2755 987 2755 967 2756 985 2756 973 2756 951 2757 967 2757 973 2757 947 2758 967 2758 951 2758 945 2759 947 2759 951 2759 933 2760 947 2760 945 2760 939 2761 933 2761 945 2761 909 2762 933 2762 939 2762 909 2763 939 2763 921 2763 897 2764 909 2764 921 2764 889 2765 909 2765 897 2765 877 2766 889 2766 897 2766 865 2767 889 2767 877 2767 861 2768 865 2768 877 2768 841 2769 865 2769 861 2769 841 2770 861 2770 853 2770 833 2771 841 2771 853 2771 819 2772 841 2772 833 2772 817 2773 819 2773 833 2773 805 2774 819 2774 817 2774 797 2775 805 2775 817 2775 765 2776 805 2776 797 2776 787 2777 765 2777 797 2777 724 2778 765 2778 787 2778 722 2779 724 2779 787 2779 708 2780 724 2780 722 2780 710 2781 708 2781 722 2781 692 2782 708 2782 710 2782 694 2783 692 2783 710 2783 674 2784 692 2784 694 2784 676 2785 674 2785 694 2785 658 2786 674 2786 676 2786 662 2787 658 2787 676 2787 646 2788 658 2788 662 2788 648 2789 646 2789 662 2789 632 2790 646 2790 648 2790 634 2791 632 2791 648 2791 616 2792 632 2792 634 2792 622 2793 616 2793 634 2793 600 2794 616 2794 622 2794 614 2795 600 2795 622 2795 592 2796 600 2796 614 2796 995 2797 1021 2797 1023 2797 997 2798 995 2798 1023 2798 965 2799 995 2799 997 2799 969 2800 965 2800 997 2800 925 2801 965 2801 969 2801 931 2802 925 2802 969 2802 887 2803 925 2803 931 2803 893 2804 887 2804 931 2804 867 2805 887 2805 893 2805 871 2806 867 2806 893 2806 829 2807 867 2807 871 2807 835 2808 829 2808 871 2808 785 2809 829 2809 835 2809 799 2810 785 2810 835 2810 702 2811 785 2811 799 2811 714 2812 702 2812 799 2812 660 2813 702 2813 714 2813 682 2814 660 2814 714 2814 620 2815 660 2815 682 2815 644 2816 620 2816 682 2816 562 2817 620 2817 644 2817 598 2818 562 2818 644 2818 502 2819 562 2819 598 2819 544 2820 502 2820 598 2820 474 2821 502 2821 544 2821 514 2822 474 2822 544 2822 370 2823 474 2823 514 2823 468 2824 370 2824 514 2824 334 2825 370 2825 468 2825 374 2826 334 2826 468 2826 302 2827 334 2827 374 2827 340 2828 302 2828 374 2828 274 2829 302 2829 340 2829 314 2830 274 2830 340 2830 254 2831 274 2831 314 2831 288 2832 254 2832 314 2832 236 2833 254 2833 288 2833 272 2834 236 2834 288 2834 224 2835 236 2835 272 2835 256 2836 224 2836 272 2836 212 2837 224 2837 256 2837 244 2838 212 2838 256 2838 198 2839 212 2839 244 2839 230 2840 198 2840 244 2840 190 2841 198 2841 230 2841 220 2842 190 2842 230 2842 182 2843 190 2843 220 2843 592 2844 614 2844 602 2844 588 2845 592 2845 602 2845 578 2846 592 2846 588 2846 576 2847 578 2847 588 2847 566 2848 578 2848 576 2848 560 2849 566 2849 576 2849 1007 2850 1031 2850 1033 2850 1011 2851 1007 2851 1033 2851 979 2852 1007 2852 1011 2852 981 2853 979 2853 1011 2853 953 2854 979 2854 981 2854 955 2855 953 2855 981 2855 923 2856 953 2856 955 2856 929 2857 923 2857 955 2857 907 2858 923 2858 929 2858 913 2859 907 2859 929 2859 879 2860 907 2860 913 2860 891 2861 879 2861 913 2861 849 2862 879 2862 891 2862 863 2863 849 2863 891 2863 825 2864 849 2864 863 2864 837 2865 825 2865 863 2865 795 2866 825 2866 837 2866 811 2867 795 2867 837 2867 720 2868 795 2868 811 2868 789 2869 720 2869 811 2869 700 2870 720 2870 789 2870 718 2871 700 2871 789 2871 672 2872 700 2872 718 2872 696 2873 672 2873 718 2873 664 2874 672 2874 696 2874 686 2875 664 2875 696 2875 640 2876 664 2876 686 2876 668 2877 640 2877 686 2877 618 2878 640 2878 668 2878 650 2879 618 2879 668 2879 596 2880 618 2880 650 2880 628 2881 596 2881 650 2881 572 2882 596 2882 628 2882 610 2883 572 2883 628 2883 542 2884 572 2884 610 2884 590 2885 542 2885 610 2885 520 2886 542 2886 590 2886 574 2887 520 2887 590 2887 504 2888 520 2888 574 2888 556 2889 504 2889 574 2889 486 2890 504 2890 556 2890 532 2891 486 2891 556 2891 470 2892 486 2892 532 2892 522 2893 470 2893 532 2893 456 2894 470 2894 522 2894 506 2895 456 2895 522 2895 448 2896 456 2896 506 2896 498 2897 448 2897 506 2897 490 2898 448 2898 498 2898 560 2899 558 2899 552 2899 554 2900 560 2900 552 2900 566 2901 560 2901 554 2901 528 2902 534 2902 526 2902 554 2903 548 2903 534 2903 528 2904 554 2904 534 2904 566 2905 554 2905 528 2905 536 2906 566 2906 528 2906 578 2907 566 2907 536 2907 550 2908 578 2908 536 2908 592 2909 578 2909 550 2909 564 2910 592 2910 550 2910 600 2911 592 2911 564 2911 580 2912 600 2912 564 2912 616 2913 600 2913 580 2913 594 2914 616 2914 580 2914 632 2915 616 2915 594 2915 606 2916 632 2916 594 2916 646 2917 632 2917 606 2917 626 2918 646 2918 606 2918 658 2919 646 2919 626 2919 638 2920 658 2920 626 2920 674 2921 658 2921 638 2921 654 2922 674 2922 638 2922 692 2923 674 2923 654 2923 670 2924 692 2924 654 2924 708 2925 692 2925 670 2925 690 2926 708 2926 670 2926 724 2927 708 2927 690 2927 706 2928 724 2928 690 2928 765 2929 724 2929 706 2929 716 2930 765 2930 706 2930 805 2931 765 2931 716 2931 779 2932 805 2932 716 2932 819 2933 805 2933 779 2933 807 2934 819 2934 779 2934 841 2935 819 2935 807 2935 831 2936 841 2936 807 2936 865 2937 841 2937 831 2937 851 2938 865 2938 831 2938 889 2939 865 2939 851 2939 873 2940 889 2940 851 2940 909 2941 889 2941 873 2941 901 2942 909 2942 873 2942 933 2943 909 2943 901 2943 927 2944 933 2944 901 2944 947 2945 933 2945 927 2945 941 2946 947 2946 927 2946 967 2947 947 2947 941 2947 963 2948 967 2948 941 2948 985 2949 967 2949 963 2949 983 2950 985 2950 963 2950 1015 2951 985 2951 983 2951 1013 2952 1015 2952 983 2952 1037 2953 1015 2953 1013 2953 1035 2954 1037 2954 1013 2954 1041 2955 1037 2955 1035 2955 528 2956 526 2956 508 2956 490 2957 528 2957 508 2957 536 2958 528 2958 490 2958 498 2959 536 2959 490 2959 550 2960 536 2960 498 2960 506 2961 550 2961 498 2961 564 2962 550 2962 506 2962 522 2963 564 2963 506 2963 580 2964 564 2964 522 2964 532 2965 580 2965 522 2965 594 2966 580 2966 532 2966 556 2967 594 2967 532 2967 606 2968 594 2968 556 2968 574 2969 606 2969 556 2969 626 2970 606 2970 574 2970 590 2971 626 2971 574 2971 638 2972 626 2972 590 2972 610 2973 638 2973 590 2973 654 2974 638 2974 610 2974 628 2975 654 2975 610 2975 670 2976 654 2976 628 2976 650 2977 670 2977 628 2977 690 2978 670 2978 650 2978 668 2979 690 2979 650 2979 706 2980 690 2980 668 2980 686 2981 706 2981 668 2981 716 2982 706 2982 686 2982 696 2983 716 2983 686 2983 779 2984 716 2984 696 2984 718 2985 779 2985 696 2985 807 2986 779 2986 718 2986 789 2987 807 2987 718 2987 831 2988 807 2988 789 2988 811 2989 831 2989 789 2989 851 2990 831 2990 811 2990 837 2991 851 2991 811 2991 873 2992 851 2992 837 2992 863 2993 873 2993 837 2993 901 2994 873 2994 863 2994 891 2995 901 2995 863 2995 927 2996 901 2996 891 2996 913 2997 927 2997 891 2997 941 2998 927 2998 913 2998 929 2999 941 2999 913 2999 963 3000 941 3000 929 3000 955 3001 963 3001 929 3001 983 3002 963 3002 955 3002 981 3003 983 3003 955 3003 1013 3004 983 3004 981 3004 1011 3005 1013 3005 981 3005 1035 3006 1013 3006 1011 3006 1033 3007 1035 3007 1011 3007 1041 3008 1035 3008 1033 3008 490 3009 508 3009 484 3009 418 3010 490 3010 484 3010 448 3011 490 3011 418 3011 342 3012 448 3012 418 3012 456 3013 448 3013 342 3013 352 3014 456 3014 342 3014 470 3015 456 3015 352 3015 362 3016 470 3016 352 3016 486 3017 470 3017 362 3017 378 3018 486 3018 362 3018 504 3019 486 3019 378 3019 444 3020 504 3020 378 3020 520 3021 504 3021 444 3021 464 3022 520 3022 444 3022 542 3023 520 3023 464 3023 492 3024 542 3024 464 3024 572 3025 542 3025 492 3025 512 3026 572 3026 492 3026 596 3027 572 3027 512 3027 546 3028 596 3028 512 3028 618 3029 596 3029 546 3029 582 3030 618 3030 546 3030 640 3031 618 3031 582 3031 608 3032 640 3032 582 3032 664 3033 640 3033 608 3033 636 3034 664 3034 608 3034 672 3035 664 3035 636 3035 652 3036 672 3036 636 3036 700 3037 672 3037 652 3037 680 3038 700 3038 652 3038 720 3039 700 3039 680 3039 704 3040 720 3040 680 3040 795 3041 720 3041 704 3041 757 3042 795 3042 704 3042 825 3043 795 3043 757 3043 809 3044 825 3044 757 3044 849 3045 825 3045 809 3045 839 3046 849 3046 809 3046 879 3047 849 3047 839 3047 869 3048 879 3048 839 3048 907 3049 879 3049 869 3049 903 3050 907 3050 869 3050 923 3051 907 3051 903 3051 911 3052 923 3052 903 3052 953 3053 923 3053 911 3053 949 3054 953 3054 911 3054 979 3055 953 3055 949 3055 977 3056 979 3056 949 3056 1007 3057 979 3057 977 3057 1003 3058 1007 3058 977 3058 1031 3059 1007 3059 1003 3059 1029 3060 1031 3060 1003 3060 1041 3061 1031 3061 1029 3061 336 3062 350 3062 326 3062 418 3063 394 3063 350 3063 336 3064 418 3064 350 3064 342 3065 418 3065 336 3065 292 3066 342 3066 336 3066 352 3067 342 3067 292 3067 304 3068 352 3068 292 3068 362 3069 352 3069 304 3069 312 3070 362 3070 304 3070 378 3071 362 3071 312 3071 322 3072 378 3072 312 3072 444 3073 378 3073 322 3073 338 3074 444 3074 322 3074 464 3075 444 3075 338 3075 360 3076 464 3076 338 3076 492 3077 464 3077 360 3077 388 3078 492 3078 360 3078 512 3079 492 3079 388 3079 460 3080 512 3080 388 3080 546 3081 512 3081 460 3081 496 3082 546 3082 460 3082 582 3083 546 3083 496 3083 530 3084 582 3084 496 3084 608 3085 582 3085 530 3085 570 3086 608 3086 530 3086 636 3087 608 3087 570 3087 604 3088 636 3088 570 3088 652 3089 636 3089 604 3089 624 3090 652 3090 604 3090 680 3091 652 3091 624 3091 656 3092 680 3092 624 3092 704 3093 680 3093 656 3093 688 3094 704 3094 656 3094 757 3095 704 3095 688 3095 712 3096 757 3096 688 3096 809 3097 757 3097 712 3097 793 3098 809 3098 712 3098 839 3099 809 3099 793 3099 827 3100 839 3100 793 3100 869 3101 839 3101 827 3101 857 3102 869 3102 827 3102 903 3103 869 3103 857 3103 895 3104 903 3104 857 3104 911 3105 903 3105 895 3105 905 3106 911 3106 895 3106 949 3107 911 3107 905 3107 943 3108 949 3108 905 3108 977 3109 949 3109 943 3109 975 3110 977 3110 943 3110 1003 3111 977 3111 975 3111 1001 3112 1003 3112 975 3112 1029 3113 1003 3113 1001 3113 1027 3114 1029 3114 1001 3114 1041 3115 1029 3115 1027 3115 336 3116 326 3116 306 3116 285 3117 336 3117 306 3117 292 3118 336 3118 285 3118 250 3119 292 3119 285 3119 304 3120 292 3120 250 3120 260 3121 304 3121 250 3121 312 3122 304 3122 260 3122 268 3123 312 3123 260 3123 322 3124 312 3124 268 3124 278 3125 322 3125 268 3125 338 3126 322 3126 278 3126 294 3127 338 3127 278 3127 360 3128 338 3128 294 3128 308 3129 360 3129 294 3129 388 3130 360 3130 308 3130 332 3131 388 3131 308 3131 460 3132 388 3132 332 3132 358 3133 460 3133 332 3133 496 3134 460 3134 358 3134 436 3135 496 3135 358 3135 530 3136 496 3136 436 3136 478 3137 530 3137 436 3137 570 3138 530 3138 478 3138 516 3139 570 3139 478 3139 604 3140 570 3140 516 3140 568 3141 604 3141 516 3141 624 3142 604 3142 568 3142 586 3143 624 3143 568 3143 656 3144 624 3144 586 3144 630 3145 656 3145 586 3145 688 3146 656 3146 630 3146 666 3147 688 3147 630 3147 712 3148 688 3148 666 3148 698 3149 712 3149 666 3149 793 3150 712 3150 698 3150 747 3151 793 3151 698 3151 827 3152 793 3152 747 3152 813 3153 827 3153 747 3153 857 3154 827 3154 813 3154 843 3155 857 3155 813 3155 895 3156 857 3156 843 3156 885 3157 895 3157 843 3157 905 3158 895 3158 885 3158 899 3159 905 3159 885 3159 943 3160 905 3160 899 3160 935 3161 943 3161 899 3161 975 3162 943 3162 935 3162 971 3163 975 3163 935 3163 1001 3164 975 3164 971 3164 999 3165 1001 3165 971 3165 1027 3166 1001 3166 999 3166 1025 3167 1027 3167 999 3167 1041 3168 1027 3168 1025 3168 206 3169 242 3169 240 3169 202 3170 206 3170 240 3170 188 3171 206 3171 202 3171 182 3172 220 3172 216 3172 206 3173 182 3173 216 3173 174 3174 182 3174 206 3174 188 3175 174 3175 206 3175 172 3176 174 3176 188 3176 1019 3177 1041 3177 1021 3177 995 3178 1019 3178 1021 3178 993 3179 1019 3179 995 3179 965 3180 993 3180 995 3180 961 3181 993 3181 965 3181 925 3182 961 3182 965 3182 919 3183 961 3183 925 3183 887 3184 919 3184 925 3184 875 3185 919 3185 887 3185 867 3186 875 3186 887 3186 855 3187 875 3187 867 3187 829 3188 855 3188 867 3188 815 3189 855 3189 829 3189 785 3190 815 3190 829 3190 726 3191 815 3191 785 3191 702 3192 726 3192 785 3192 684 3193 726 3193 702 3193 660 3194 684 3194 702 3194 642 3195 684 3195 660 3195 620 3196 642 3196 660 3196 584 3197 642 3197 620 3197 562 3198 584 3198 620 3198 524 3199 584 3199 562 3199 502 3200 524 3200 562 3200 458 3201 524 3201 502 3201 474 3202 458 3202 502 3202 376 3203 458 3203 474 3203 370 3204 376 3204 474 3204 330 3205 376 3205 370 3205 334 3206 330 3206 370 3206 296 3207 330 3207 334 3207 302 3208 296 3208 334 3208 266 3209 296 3209 302 3209 274 3210 266 3210 302 3210 246 3211 266 3211 274 3211 254 3212 246 3212 274 3212 226 3213 246 3213 254 3213 236 3214 226 3214 254 3214 210 3215 226 3215 236 3215 224 3216 210 3216 236 3216 194 3217 210 3217 224 3217 212 3218 194 3218 224 3218 184 3219 194 3219 212 3219 198 3220 184 3220 212 3220 170 3221 184 3221 198 3221 190 3222 170 3222 198 3222 164 3223 170 3223 190 3223 182 3224 164 3224 190 3224 156 3225 164 3225 182 3225 174 3226 156 3226 182 3226 150 3227 156 3227 174 3227 172 3228 150 3228 174 3228 146 3229 150 3229 172 3229 285 3230 306 3230 280 3230 242 3231 285 3231 280 3231 250 3232 285 3232 242 3232 216 3233 250 3233 242 3233 260 3234 250 3234 216 3234 220 3235 260 3235 216 3235 268 3236 260 3236 220 3236 230 3237 268 3237 220 3237 278 3238 268 3238 230 3238 244 3239 278 3239 230 3239 294 3240 278 3240 244 3240 256 3241 294 3241 244 3241 308 3242 294 3242 256 3242 272 3243 308 3243 256 3243 332 3244 308 3244 272 3244 288 3245 332 3245 272 3245 358 3246 332 3246 288 3246 314 3247 358 3247 288 3247 436 3248 358 3248 314 3248 340 3249 436 3249 314 3249 478 3250 436 3250 340 3250 374 3251 478 3251 340 3251 516 3252 478 3252 374 3252 468 3253 516 3253 374 3253 568 3254 516 3254 468 3254 514 3255 568 3255 468 3255 586 3256 568 3256 514 3256 544 3257 586 3257 514 3257 630 3258 586 3258 544 3258 598 3259 630 3259 544 3259 666 3260 630 3260 598 3260 644 3261 666 3261 598 3261 698 3262 666 3262 644 3262 682 3263 698 3263 644 3263 747 3264 698 3264 682 3264 714 3265 747 3265 682 3265 813 3266 747 3266 714 3266 799 3267 813 3267 714 3267 843 3268 813 3268 799 3268 835 3269 843 3269 799 3269 885 3270 843 3270 835 3270 871 3271 885 3271 835 3271 899 3272 885 3272 871 3272 893 3273 899 3273 871 3273 935 3274 899 3274 893 3274 931 3275 935 3275 893 3275 971 3276 935 3276 931 3276 969 3277 971 3277 931 3277 999 3278 971 3278 969 3278 997 3279 999 3279 969 3279 1025 3280 999 3280 997 3280 1023 3281 1025 3281 997 3281 1041 3282 1025 3282 1023 3282 381 3283 384 3283 401 3283 447 3284 442 3284 455 3284 489 3285 482 3285 495 3285 553 3286 540 3286 559 3286 172 3287 136 3287 146 3287 152 3288 130 3288 136 3288 142 3289 124 3289 130 3289 134 3290 122 3290 124 3290 132 3291 120 3291 122 3291 128 3292 118 3292 120 3292 126 3293 119 3293 118 3293 127 3294 121 3294 119 3294 129 3295 123 3295 121 3295 133 3296 125 3296 123 3296 135 3297 131 3297 125 3297 143 3298 137 3298 131 3298 253 3299 283 3299 281 3299 241 3300 253 3300 281 3300 223 3301 253 3301 241 3301 203 3302 223 3302 241 3302 197 3303 223 3303 203 3303 189 3304 197 3304 203 3304 169 3305 197 3305 189 3305 173 3306 169 3306 189 3306 153 3307 169 3307 173 3307 147 3308 153 3308 173 3308 137 3309 153 3309 147 3309 283 3310 351 3310 327 3310 307 3311 283 3311 327 3311 281 3312 283 3312 307 3312 152 3313 136 3313 172 3313 188 3314 152 3314 172 3314 168 3315 152 3315 188 3315 202 3316 168 3316 188 3316 196 3317 168 3317 202 3317 240 3318 196 3318 202 3318 222 3319 196 3319 240 3319 280 3320 222 3320 240 3320 252 3321 222 3321 280 3321 306 3322 252 3322 280 3322 282 3323 252 3323 306 3323 326 3324 282 3324 306 3324 318 3325 282 3325 326 3325 477 3326 527 3326 509 3326 485 3327 477 3327 509 3327 439 3328 477 3328 485 3328 395 3329 439 3329 485 3329 355 3330 439 3330 395 3330 351 3331 355 3331 395 3331 319 3332 355 3332 351 3332 283 3333 319 3333 351 3333 142 3334 130 3334 152 3334 168 3335 142 3335 152 3335 160 3336 142 3336 168 3336 196 3337 160 3337 168 3337 180 3338 160 3338 196 3338 222 3339 180 3339 196 3339 208 3340 180 3340 222 3340 252 3341 208 3341 222 3341 234 3342 208 3342 252 3342 282 3343 234 3343 252 3343 264 3344 234 3344 282 3344 318 3345 264 3345 282 3345 298 3346 264 3346 318 3346 354 3347 298 3347 318 3347 328 3348 298 3348 354 3348 438 3349 328 3349 354 3349 366 3350 328 3350 438 3350 476 3351 366 3351 438 3351 450 3352 366 3352 476 3352 500 3353 450 3353 476 3353 472 3354 450 3354 500 3354 510 3355 472 3355 500 3355 488 3356 472 3356 510 3356 318 3357 326 3357 350 3357 394 3358 318 3358 350 3358 354 3359 318 3359 394 3359 484 3360 354 3360 394 3360 438 3361 354 3361 484 3361 508 3362 438 3362 484 3362 476 3363 438 3363 508 3363 526 3364 476 3364 508 3364 500 3365 476 3365 526 3365 534 3366 500 3366 526 3366 510 3367 500 3367 534 3367 548 3368 510 3368 534 3368 552 3369 510 3369 548 3369 535 3370 527 3370 477 3370 501 3371 535 3371 477 3371 549 3372 535 3372 501 3372 511 3373 549 3373 501 3373 553 3374 549 3374 511 3374 519 3375 553 3375 511 3375 540 3376 553 3376 519 3376 153 3377 137 3377 143 3377 161 3378 153 3378 143 3378 169 3379 153 3379 161 3379 181 3380 169 3380 161 3380 197 3381 169 3381 181 3381 209 3382 197 3382 181 3382 223 3383 197 3383 209 3383 235 3384 223 3384 209 3384 253 3385 223 3385 235 3385 265 3386 253 3386 235 3386 283 3387 253 3387 265 3387 299 3388 283 3388 265 3388 319 3389 283 3389 299 3389 329 3390 319 3390 299 3390 355 3391 319 3391 329 3391 367 3392 355 3392 329 3392 439 3393 355 3393 367 3393 451 3394 439 3394 367 3394 477 3395 439 3395 451 3395 473 3396 477 3396 451 3396 501 3397 477 3397 473 3397 489 3398 501 3398 473 3398 511 3399 501 3399 489 3399 495 3400 511 3400 489 3400 519 3401 511 3401 495 3401 143 3402 131 3402 135 3402 149 3403 143 3403 135 3403 161 3404 143 3404 149 3404 167 3405 161 3405 149 3405 181 3406 161 3406 167 3406 193 3407 181 3407 167 3407 209 3408 181 3408 193 3408 219 3409 209 3409 193 3409 235 3410 209 3410 219 3410 249 3411 235 3411 219 3411 265 3412 235 3412 249 3412 277 3413 265 3413 249 3413 299 3414 265 3414 277 3414 311 3415 299 3415 277 3415 329 3416 299 3416 311 3416 347 3417 329 3417 311 3417 367 3418 329 3418 347 3418 373 3419 367 3419 347 3419 451 3420 367 3420 373 3420 453 3421 451 3421 373 3421 473 3422 451 3422 453 3422 463 3423 473 3423 453 3423 489 3424 473 3424 463 3424 467 3425 489 3425 463 3425 482 3426 489 3426 467 3426 135 3427 125 3427 133 3427 145 3428 135 3428 133 3428 149 3429 135 3429 145 3429 163 3430 149 3430 145 3430 167 3431 149 3431 163 3431 187 3432 167 3432 163 3432 193 3433 167 3433 187 3433 215 3434 193 3434 187 3434 219 3435 193 3435 215 3435 239 3436 219 3436 215 3436 249 3437 219 3437 239 3437 271 3438 249 3438 239 3438 277 3439 249 3439 271 3439 301 3440 277 3440 271 3440 311 3441 277 3441 301 3441 325 3442 311 3442 301 3442 347 3443 311 3443 325 3443 357 3444 347 3444 325 3444 373 3445 347 3445 357 3445 383 3446 373 3446 357 3446 453 3447 373 3447 383 3447 447 3448 453 3448 383 3448 463 3449 453 3449 447 3449 455 3450 463 3450 447 3450 467 3451 463 3451 455 3451 133 3452 123 3452 129 3452 141 3453 133 3453 129 3453 145 3454 133 3454 141 3454 159 3455 145 3455 141 3455 163 3456 145 3456 159 3456 179 3457 163 3457 159 3457 187 3458 163 3458 179 3458 205 3459 187 3459 179 3459 215 3460 187 3460 205 3460 233 3461 215 3461 205 3461 239 3462 215 3462 233 3462 263 3463 239 3463 233 3463 271 3464 239 3464 263 3464 291 3465 271 3465 263 3465 301 3466 271 3466 291 3466 321 3467 301 3467 291 3467 325 3468 301 3468 321 3468 349 3469 325 3469 321 3469 357 3470 325 3470 349 3470 369 3471 357 3471 349 3471 383 3472 357 3472 369 3472 407 3473 383 3473 369 3473 447 3474 383 3474 407 3474 435 3475 447 3475 407 3475 442 3476 447 3476 435 3476 129 3477 121 3477 127 3477 139 3478 129 3478 127 3478 141 3479 129 3479 139 3479 155 3480 141 3480 139 3480 159 3481 141 3481 155 3481 177 3482 159 3482 155 3482 179 3483 159 3483 177 3483 201 3484 179 3484 177 3484 205 3485 179 3485 201 3485 229 3486 205 3486 201 3486 233 3487 205 3487 229 3487 259 3488 233 3488 229 3488 263 3489 233 3489 259 3489 287 3490 263 3490 259 3490 291 3491 263 3491 287 3491 317 3492 291 3492 287 3492 321 3493 291 3493 317 3493 345 3494 321 3494 317 3494 349 3495 321 3495 345 3495 365 3496 349 3496 345 3496 369 3497 349 3497 365 3497 381 3498 369 3498 365 3498 407 3499 369 3499 381 3499 401 3500 407 3500 381 3500 435 3501 407 3501 401 3501 127 3502 119 3502 126 3502 138 3503 127 3503 126 3503 139 3504 127 3504 138 3504 154 3505 139 3505 138 3505 155 3506 139 3506 154 3506 176 3507 155 3507 154 3507 177 3508 155 3508 176 3508 200 3509 177 3509 176 3509 201 3510 177 3510 200 3510 228 3511 201 3511 200 3511 229 3512 201 3512 228 3512 258 3513 229 3513 228 3513 259 3514 229 3514 258 3514 286 3515 259 3515 258 3515 287 3516 259 3516 286 3516 316 3517 287 3517 286 3517 317 3518 287 3518 316 3518 344 3519 317 3519 316 3519 345 3520 317 3520 344 3520 364 3521 345 3521 344 3521 365 3522 345 3522 364 3522 380 3523 365 3523 364 3523 381 3524 365 3524 380 3524 400 3525 381 3525 380 3525 384 3526 381 3526 400 3526 126 3527 118 3527 128 3527 140 3528 126 3528 128 3528 138 3529 126 3529 140 3529 158 3530 138 3530 140 3530 154 3531 138 3531 158 3531 178 3532 154 3532 158 3532 176 3533 154 3533 178 3533 204 3534 176 3534 178 3534 200 3535 176 3535 204 3535 232 3536 200 3536 204 3536 228 3537 200 3537 232 3537 262 3538 228 3538 232 3538 258 3539 228 3539 262 3539 290 3540 258 3540 262 3540 286 3541 258 3541 290 3541 320 3542 286 3542 290 3542 316 3543 286 3543 320 3543 348 3544 316 3544 320 3544 344 3545 316 3545 348 3545 368 3546 344 3546 348 3546 364 3547 344 3547 368 3547 406 3548 364 3548 368 3548 380 3549 364 3549 406 3549 434 3550 380 3550 406 3550 400 3551 380 3551 434 3551 440 3552 446 3552 454 3552 128 3553 120 3553 132 3553 144 3554 128 3554 132 3554 140 3555 128 3555 144 3555 162 3556 140 3556 144 3556 158 3557 140 3557 162 3557 186 3558 158 3558 162 3558 178 3559 158 3559 186 3559 214 3560 178 3560 186 3560 204 3561 178 3561 214 3561 238 3562 204 3562 214 3562 232 3563 204 3563 238 3563 270 3564 232 3564 238 3564 262 3565 232 3565 270 3565 300 3566 262 3566 270 3566 290 3567 262 3567 300 3567 324 3568 290 3568 300 3568 320 3569 290 3569 324 3569 356 3570 320 3570 324 3570 348 3571 320 3571 356 3571 382 3572 348 3572 356 3572 368 3573 348 3573 382 3573 446 3574 368 3574 382 3574 406 3575 368 3575 446 3575 440 3576 406 3576 446 3576 434 3577 406 3577 440 3577 132 3578 122 3578 134 3578 148 3579 132 3579 134 3579 144 3580 132 3580 148 3580 166 3581 144 3581 148 3581 162 3582 144 3582 166 3582 192 3583 162 3583 166 3583 186 3584 162 3584 192 3584 218 3585 186 3585 192 3585 214 3586 186 3586 218 3586 248 3587 214 3587 218 3587 238 3588 214 3588 248 3588 276 3589 238 3589 248 3589 270 3590 238 3590 276 3590 310 3591 270 3591 276 3591 300 3592 270 3592 310 3592 346 3593 300 3593 310 3593 324 3594 300 3594 346 3594 372 3595 324 3595 346 3595 356 3596 324 3596 372 3596 452 3597 356 3597 372 3597 382 3598 356 3598 452 3598 462 3599 382 3599 452 3599 446 3600 382 3600 462 3600 466 3601 446 3601 462 3601 454 3602 446 3602 466 3602 480 3603 488 3603 494 3603 134 3604 124 3604 142 3604 160 3605 134 3605 142 3605 148 3606 134 3606 160 3606 180 3607 148 3607 160 3607 166 3608 148 3608 180 3608 208 3609 166 3609 180 3609 192 3610 166 3610 208 3610 234 3611 192 3611 208 3611 218 3612 192 3612 234 3612 264 3613 218 3613 234 3613 248 3614 218 3614 264 3614 298 3615 248 3615 264 3615 276 3616 248 3616 298 3616 328 3617 276 3617 298 3617 310 3618 276 3618 328 3618 366 3619 310 3619 328 3619 346 3620 310 3620 366 3620 450 3621 346 3621 366 3621 372 3622 346 3622 450 3622 472 3623 372 3623 450 3623 452 3624 372 3624 472 3624 488 3625 452 3625 472 3625 462 3626 452 3626 488 3626 480 3627 462 3627 488 3627 466 3628 462 3628 480 3628 518 3629 494 3629 488 3629 510 3630 518 3630 488 3630 538 3631 518 3631 510 3631 552 3632 538 3632 510 3632 558 3633 538 3633 552 3633 1043 3634 1022 3634 1024 3634 948 3635 934 3635 952 3635 974 3636 948 3636 952 3636 968 3637 948 3637 974 3637 988 3638 968 3638 974 3638 986 3639 968 3639 988 3639 1010 3640 986 3640 988 3640 1016 3641 986 3641 1010 3641 934 3642 922 3642 940 3642 946 3643 934 3643 940 3643 952 3644 934 3644 946 3644 922 3645 934 3645 910 3645 890 3646 922 3646 910 3646 898 3647 922 3647 890 3647 866 3648 898 3648 890 3648 878 3649 898 3649 866 3649 1022 3650 1043 3650 1020 3650 994 3651 1022 3651 1020 3651 996 3652 1022 3652 994 3652 962 3653 996 3653 994 3653 966 3654 996 3654 962 3654 920 3655 966 3655 962 3655 926 3656 966 3656 920 3656 876 3657 926 3657 920 3657 888 3658 926 3658 876 3658 856 3659 888 3659 876 3659 868 3660 888 3660 856 3660 816 3661 868 3661 856 3661 830 3662 868 3662 816 3662 727 3663 830 3663 816 3663 786 3664 830 3664 727 3664 685 3665 786 3665 727 3665 703 3666 786 3666 685 3666 643 3667 703 3667 685 3667 661 3668 703 3668 643 3668 585 3669 661 3669 643 3669 621 3670 661 3670 585 3670 525 3671 621 3671 585 3671 563 3672 621 3672 525 3672 459 3673 563 3673 525 3673 503 3674 563 3674 459 3674 377 3675 503 3675 459 3675 475 3676 503 3676 377 3676 331 3677 475 3677 377 3677 371 3678 475 3678 331 3678 297 3679 371 3679 331 3679 335 3680 371 3680 297 3680 267 3681 335 3681 297 3681 303 3682 335 3682 267 3682 247 3683 303 3683 267 3683 275 3684 303 3684 247 3684 227 3685 275 3685 247 3685 255 3686 275 3686 227 3686 998 3687 1024 3687 1022 3687 996 3688 998 3688 1022 3688 970 3689 998 3689 996 3689 966 3690 970 3690 996 3690 932 3691 970 3691 966 3691 926 3692 932 3692 966 3692 894 3693 932 3693 926 3693 888 3694 894 3694 926 3694 872 3695 894 3695 888 3695 868 3696 872 3696 888 3696 836 3697 872 3697 868 3697 830 3698 836 3698 868 3698 800 3699 836 3699 830 3699 786 3700 800 3700 830 3700 715 3701 800 3701 786 3701 703 3702 715 3702 786 3702 683 3703 715 3703 703 3703 661 3704 683 3704 703 3704 645 3705 683 3705 661 3705 621 3706 645 3706 661 3706 599 3707 645 3707 621 3707 563 3708 599 3708 621 3708 545 3709 599 3709 563 3709 503 3710 545 3710 563 3710 515 3711 545 3711 503 3711 475 3712 515 3712 503 3712 469 3713 515 3713 475 3713 371 3714 469 3714 475 3714 375 3715 469 3715 371 3715 335 3716 375 3716 371 3716 341 3717 375 3717 335 3717 303 3718 341 3718 335 3718 315 3719 341 3719 303 3719 275 3720 315 3720 303 3720 289 3721 315 3721 275 3721 255 3722 289 3722 275 3722 273 3723 289 3723 255 3723 1024 3724 1026 3724 1043 3724 1000 3725 1026 3725 1024 3725 998 3726 1000 3726 1024 3726 972 3727 1000 3727 998 3727 970 3728 972 3728 998 3728 936 3729 972 3729 970 3729 932 3730 936 3730 970 3730 900 3731 936 3731 932 3731 894 3732 900 3732 932 3732 886 3733 900 3733 894 3733 872 3734 886 3734 894 3734 844 3735 886 3735 872 3735 836 3736 844 3736 872 3736 814 3737 844 3737 836 3737 800 3738 814 3738 836 3738 748 3739 814 3739 800 3739 715 3740 748 3740 800 3740 699 3741 748 3741 715 3741 683 3742 699 3742 715 3742 667 3743 699 3743 683 3743 645 3744 667 3744 683 3744 631 3745 667 3745 645 3745 599 3746 631 3746 645 3746 587 3747 631 3747 599 3747 545 3748 587 3748 599 3748 569 3749 587 3749 545 3749 515 3750 569 3750 545 3750 517 3751 569 3751 515 3751 469 3752 517 3752 515 3752 479 3753 517 3753 469 3753 375 3754 479 3754 469 3754 437 3755 479 3755 375 3755 341 3756 437 3756 375 3756 359 3757 437 3757 341 3757 315 3758 359 3758 341 3758 333 3759 359 3759 315 3759 289 3760 333 3760 315 3760 309 3761 333 3761 289 3761 273 3762 309 3762 289 3762 295 3763 309 3763 273 3763 1026 3764 1028 3764 1043 3764 1002 3765 1028 3765 1026 3765 1000 3766 1002 3766 1026 3766 976 3767 1002 3767 1000 3767 972 3768 976 3768 1000 3768 944 3769 976 3769 972 3769 936 3770 944 3770 972 3770 906 3771 944 3771 936 3771 900 3772 906 3772 936 3772 896 3773 906 3773 900 3773 886 3774 896 3774 900 3774 858 3775 896 3775 886 3775 844 3776 858 3776 886 3776 828 3777 858 3777 844 3777 814 3778 828 3778 844 3778 794 3779 828 3779 814 3779 748 3780 794 3780 814 3780 713 3781 794 3781 748 3781 699 3782 713 3782 748 3782 689 3783 713 3783 699 3783 667 3784 689 3784 699 3784 657 3785 689 3785 667 3785 631 3786 657 3786 667 3786 625 3787 657 3787 631 3787 587 3788 625 3788 631 3788 605 3789 625 3789 587 3789 569 3790 605 3790 587 3790 571 3791 605 3791 569 3791 517 3792 571 3792 569 3792 531 3793 571 3793 517 3793 479 3794 531 3794 517 3794 497 3795 531 3795 479 3795 437 3796 497 3796 479 3796 461 3797 497 3797 437 3797 359 3798 461 3798 437 3798 389 3799 461 3799 359 3799 333 3800 389 3800 359 3800 361 3801 389 3801 333 3801 309 3802 361 3802 333 3802 339 3803 361 3803 309 3803 295 3804 339 3804 309 3804 323 3805 339 3805 295 3805 1028 3806 1030 3806 1043 3806 862 3807 878 3807 866 3807 842 3808 862 3808 866 3808 854 3809 862 3809 842 3809 820 3810 854 3810 842 3810 834 3811 854 3811 820 3811 806 3812 834 3812 820 3812 818 3813 834 3813 806 3813 766 3814 818 3814 806 3814 798 3815 818 3815 766 3815 725 3816 798 3816 766 3816 788 3817 798 3817 725 3817 709 3818 788 3818 725 3818 723 3819 788 3819 709 3819 693 3820 723 3820 709 3820 711 3821 723 3821 693 3821 675 3822 711 3822 693 3822 695 3823 711 3823 675 3823 659 3824 695 3824 675 3824 677 3825 695 3825 659 3825 647 3826 677 3826 659 3826 663 3827 677 3827 647 3827 633 3828 663 3828 647 3828 649 3829 663 3829 633 3829 617 3830 649 3830 633 3830 635 3831 649 3831 617 3831 601 3832 635 3832 617 3832 623 3833 635 3833 601 3833 1004 3834 1030 3834 1028 3834 1002 3835 1004 3835 1028 3835 978 3836 1004 3836 1002 3836 976 3837 978 3837 1002 3837 950 3838 978 3838 976 3838 944 3839 950 3839 976 3839 912 3840 950 3840 944 3840 906 3841 912 3841 944 3841 904 3842 912 3842 906 3842 896 3843 904 3843 906 3843 870 3844 904 3844 896 3844 858 3845 870 3845 896 3845 840 3846 870 3846 858 3846 828 3847 840 3847 858 3847 810 3848 840 3848 828 3848 794 3849 810 3849 828 3849 758 3850 810 3850 794 3850 713 3851 758 3851 794 3851 705 3852 758 3852 713 3852 689 3853 705 3853 713 3853 681 3854 705 3854 689 3854 657 3855 681 3855 689 3855 653 3856 681 3856 657 3856 625 3857 653 3857 657 3857 637 3858 653 3858 625 3858 605 3859 637 3859 625 3859 609 3860 637 3860 605 3860 571 3861 609 3861 605 3861 583 3862 609 3862 571 3862 531 3863 583 3863 571 3863 547 3864 583 3864 531 3864 497 3865 547 3865 531 3865 513 3866 547 3866 497 3866 461 3867 513 3867 497 3867 493 3868 513 3868 461 3868 389 3869 493 3869 461 3869 465 3870 493 3870 389 3870 361 3871 465 3871 389 3871 445 3872 465 3872 361 3872 339 3873 445 3873 361 3873 379 3874 445 3874 339 3874 323 3875 379 3875 339 3875 363 3876 379 3876 323 3876 1030 3877 1032 3877 1043 3877 1008 3878 1032 3878 1030 3878 1004 3879 1008 3879 1030 3879 980 3880 1008 3880 1004 3880 978 3881 980 3881 1004 3881 954 3882 980 3882 978 3882 950 3883 954 3883 978 3883 924 3884 954 3884 950 3884 912 3885 924 3885 950 3885 908 3886 924 3886 912 3886 904 3887 908 3887 912 3887 880 3888 908 3888 904 3888 870 3889 880 3889 904 3889 850 3890 880 3890 870 3890 840 3891 850 3891 870 3891 826 3892 850 3892 840 3892 810 3893 826 3893 840 3893 796 3894 826 3894 810 3894 758 3895 796 3895 810 3895 721 3896 796 3896 758 3896 705 3897 721 3897 758 3897 701 3898 721 3898 705 3898 681 3899 701 3899 705 3899 673 3900 701 3900 681 3900 653 3901 673 3901 681 3901 665 3902 673 3902 653 3902 637 3903 665 3903 653 3903 641 3904 665 3904 637 3904 609 3905 641 3905 637 3905 619 3906 641 3906 609 3906 583 3907 619 3907 609 3907 597 3908 619 3908 583 3908 547 3909 597 3909 583 3909 573 3910 597 3910 547 3910 513 3911 573 3911 547 3911 543 3912 573 3912 513 3912 493 3913 543 3913 513 3913 521 3914 543 3914 493 3914 465 3915 521 3915 493 3915 505 3916 521 3916 465 3916 445 3917 505 3917 465 3917 487 3918 505 3918 445 3918 379 3919 487 3919 445 3919 471 3920 487 3920 379 3920 363 3921 471 3921 379 3921 457 3922 471 3922 363 3922 1032 3923 1034 3923 1043 3923 1012 3924 1034 3924 1032 3924 1008 3925 1012 3925 1032 3925 982 3926 1012 3926 1008 3926 980 3927 982 3927 1008 3927 956 3928 982 3928 980 3928 954 3929 956 3929 980 3929 930 3930 956 3930 954 3930 924 3931 930 3931 954 3931 914 3932 930 3932 924 3932 908 3933 914 3933 924 3933 892 3934 914 3934 908 3934 880 3935 892 3935 908 3935 864 3936 892 3936 880 3936 850 3937 864 3937 880 3937 838 3938 864 3938 850 3938 826 3939 838 3939 850 3939 812 3940 838 3940 826 3940 796 3941 812 3941 826 3941 790 3942 812 3942 796 3942 721 3943 790 3943 796 3943 719 3944 790 3944 721 3944 701 3945 719 3945 721 3945 697 3946 719 3946 701 3946 673 3947 697 3947 701 3947 687 3948 697 3948 673 3948 665 3949 687 3949 673 3949 669 3950 687 3950 665 3950 641 3951 669 3951 665 3951 651 3952 669 3952 641 3952 619 3953 651 3953 641 3953 629 3954 651 3954 619 3954 597 3955 629 3955 619 3955 611 3956 629 3956 597 3956 573 3957 611 3957 597 3957 591 3958 611 3958 573 3958 543 3959 591 3959 573 3959 575 3960 591 3960 543 3960 521 3961 575 3961 543 3961 557 3962 575 3962 521 3962 505 3963 557 3963 521 3963 533 3964 557 3964 505 3964 487 3965 533 3965 505 3965 523 3966 533 3966 487 3966 471 3967 523 3967 487 3967 507 3968 523 3968 471 3968 457 3969 507 3969 471 3969 499 3970 507 3970 457 3970 217 3971 191 3971 183 3971 175 3972 217 3972 183 3972 207 3973 217 3973 175 3973 225 3974 195 3974 185 3974 213 3975 225 3975 185 3975 245 3976 225 3976 213 3976 231 3977 245 3977 213 3977 269 3978 245 3978 231 3978 261 3979 269 3979 231 3979 305 3980 269 3980 261 3980 293 3981 305 3981 261 3981 343 3982 305 3982 293 3982 284 3983 343 3983 293 3983 337 3984 343 3984 284 3984 537 3985 529 3985 555 3985 567 3986 537 3986 555 3986 551 3987 537 3987 567 3987 579 3988 551 3988 567 3988 565 3989 551 3989 579 3989 593 3990 565 3990 579 3990 581 3991 565 3991 593 3991 601 3992 581 3992 593 3992 595 3993 581 3993 601 3993 617 3994 595 3994 601 3994 607 3995 595 3995 617 3995 633 3996 607 3996 617 3996 627 3997 607 3997 633 3997 647 3998 627 3998 633 3998 639 3999 627 3999 647 3999 659 4000 639 4000 647 4000 655 4001 639 4001 659 4001 675 4002 655 4002 659 4002 671 4003 655 4003 675 4003 693 4004 671 4004 675 4004 691 4005 671 4005 693 4005 709 4006 691 4006 693 4006 707 4007 691 4007 709 4007 725 4008 707 4008 709 4008 717 4009 707 4009 725 4009 766 4010 717 4010 725 4010 780 4011 717 4011 766 4011 806 4012 780 4012 766 4012 808 4013 780 4013 806 4013 820 4014 808 4014 806 4014 832 4015 808 4015 820 4015 842 4016 832 4016 820 4016 852 4017 832 4017 842 4017 866 4018 852 4018 842 4018 874 4019 852 4019 866 4019 890 4020 874 4020 866 4020 902 4021 874 4021 890 4021 910 4022 902 4022 890 4022 928 4023 902 4023 910 4023 934 4024 928 4024 910 4024 942 4025 928 4025 934 4025 948 4026 942 4026 934 4026 964 4027 942 4027 948 4027 968 4028 964 4028 948 4028 984 4029 964 4029 968 4029 986 4030 984 4030 968 4030 1014 4031 984 4031 986 4031 1016 4032 1014 4032 986 4032 1036 4033 1014 4033 1016 4033 1038 4034 1036 4034 1016 4034 151 4035 147 4035 175 4035 183 4036 151 4036 175 4036 157 4037 151 4037 183 4037 191 4038 157 4038 183 4038 165 4039 157 4039 191 4039 175 4040 147 4040 173 4040 189 4041 175 4041 173 4041 207 4042 175 4042 189 4042 203 4043 207 4043 189 4043 199 4044 171 4044 165 4044 191 4045 199 4045 165 4045 221 4046 199 4046 191 4046 217 4047 221 4047 191 4047 251 4048 221 4048 217 4048 207 4049 251 4049 217 4049 243 4050 251 4050 207 4050 203 4051 243 4051 207 4051 241 4052 243 4052 203 4052 213 4053 185 4053 171 4053 199 4054 213 4054 171 4054 231 4055 213 4055 199 4055 221 4056 231 4056 199 4056 261 4057 231 4057 221 4057 251 4058 261 4058 221 4058 293 4059 261 4059 251 4059 243 4060 293 4060 251 4060 284 4061 293 4061 243 4061 241 4062 284 4062 243 4062 237 4063 211 4063 195 4063 225 4064 237 4064 195 4064 257 4065 237 4065 225 4065 245 4066 257 4066 225 4066 279 4067 257 4067 245 4067 269 4068 279 4068 245 4068 313 4069 279 4069 269 4069 305 4070 313 4070 269 4070 353 4071 313 4071 305 4071 343 4072 353 4072 305 4072 449 4073 353 4073 343 4073 337 4074 449 4074 343 4074 419 4075 449 4075 337 4075 351 4076 419 4076 337 4076 395 4077 419 4077 351 4077 284 4078 241 4078 281 4078 307 4079 284 4079 281 4079 337 4080 284 4080 307 4080 327 4081 337 4081 307 4081 351 4082 337 4082 327 4082 255 4083 227 4083 211 4083 237 4084 255 4084 211 4084 273 4085 255 4085 237 4085 257 4086 273 4086 237 4086 295 4087 273 4087 257 4087 279 4088 295 4088 257 4088 323 4089 295 4089 279 4089 313 4090 323 4090 279 4090 363 4091 323 4091 313 4091 353 4092 363 4092 313 4092 457 4093 363 4093 353 4093 449 4094 457 4094 353 4094 499 4095 457 4095 449 4095 419 4096 499 4096 449 4096 491 4097 499 4097 419 4097 395 4098 491 4098 419 4098 485 4099 491 4099 395 4099 491 4100 485 4100 509 4100 529 4101 491 4101 509 4101 499 4102 491 4102 529 4102 537 4103 499 4103 529 4103 507 4104 499 4104 537 4104 551 4105 507 4105 537 4105 523 4106 507 4106 551 4106 565 4107 523 4107 551 4107 533 4108 523 4108 565 4108 581 4109 533 4109 565 4109 557 4110 533 4110 581 4110 595 4111 557 4111 581 4111 575 4112 557 4112 595 4112 607 4113 575 4113 595 4113 591 4114 575 4114 607 4114 627 4115 591 4115 607 4115 611 4116 591 4116 627 4116 639 4117 611 4117 627 4117 629 4118 611 4118 639 4118 655 4119 629 4119 639 4119 651 4120 629 4120 655 4120 671 4121 651 4121 655 4121 669 4122 651 4122 671 4122 691 4123 669 4123 671 4123 687 4124 669 4124 691 4124 707 4125 687 4125 691 4125 697 4126 687 4126 707 4126 717 4127 697 4127 707 4127 719 4128 697 4128 717 4128 780 4129 719 4129 717 4129 790 4130 719 4130 780 4130 808 4131 790 4131 780 4131 812 4132 790 4132 808 4132 832 4133 812 4133 808 4133 838 4134 812 4134 832 4134 852 4135 838 4135 832 4135 864 4136 838 4136 852 4136 874 4137 864 4137 852 4137 892 4138 864 4138 874 4138 902 4139 892 4139 874 4139 914 4140 892 4140 902 4140 928 4141 914 4141 902 4141 930 4142 914 4142 928 4142 942 4143 930 4143 928 4143 956 4144 930 4144 942 4144 964 4145 956 4145 942 4145 982 4146 956 4146 964 4146 984 4147 982 4147 964 4147 1012 4148 982 4148 984 4148 1014 4149 1012 4149 984 4149 1034 4150 1012 4150 1014 4150 1036 4151 1034 4151 1014 4151 1043 4152 1034 4152 1036 4152 1036 4153 1038 4153 1043 4153 1016 4154 1010 4154 1018 4154 1040 4155 1016 4155 1018 4155 1038 4156 1016 4156 1040 4156 1043 4157 1038 4157 1040 4157 529 4158 509 4158 527 4158 535 4159 529 4159 527 4159 555 4160 529 4160 535 4160 549 4161 555 4161 535 4161 553 4162 555 4162 549 4162 615 4163 623 4163 601 4163 593 4164 615 4164 601 4164 603 4165 615 4165 593 4165 579 4166 603 4166 593 4166 589 4167 603 4167 579 4167 567 4168 589 4168 579 4168 577 4169 589 4169 567 4169 555 4170 577 4170 567 4170 561 4171 577 4171 555 4171 553 4172 561 4172 555 4172 559 4173 561 4173 553 4173</p>
        </triangles>
      </mesh>
    </geometry>
  </library_geometries>
  <library_materials>
    <material id="mat_joint_leg_for_soft_link___center_leg_pipe_1" name="joint_leg_for_soft_link___center_leg_pipe_1">
      <instance_effect url="#effect_joint_leg_for_soft_link___center_leg_pipe_1"/>
    </material>
    <material id="mat_joint_leg_for_soft_link___leg_mount_up_1" name="joint_leg_for_soft_link___leg_mount_up_1">
      <instance_effect url="#effect_joint_leg_for_soft_link___leg_mount_up_1"/>
    </material>
    <material id="mat_joint_leg_for_soft_link___leg_mount_down_1" name="joint_leg_for_soft_link___leg_mount_down_1">
      <instance_effect url="#effect_joint_leg_for_soft_link___leg_mount_down_1"/>
    </material>
  </library_materials>
  <library_visual_scenes>
    <visual_scene id="myscene">
      <node id="node0" name="node0">
        <instance_geometry url="#geometry0">
          <bind_material>
            <technique_common>
              <instance_material symbol="ref_joint_leg_for_soft_link___center_leg_pipe_1" target="#mat_joint_leg_for_soft_link___center_leg_pipe_1"/>
            </technique_common>
          </bind_material>
        </instance_geometry>
      </node>
      <node id="node1" name="node1">
        <instance_geometry url="#geometry1">
          <bind_material>
            <technique_common>
              <instance_material symbol="ref_joint_leg_for_soft_link___leg_mount_up_1" target="#mat_joint_leg_for_soft_link___leg_mount_up_1"/>
            </technique_common>
          </bind_material>
        </instance_geometry>
      </node>
      <node id="node2" name="node2">
        <instance_geometry url="#geometry2">
          <bind_material>
            <technique_common>
              <instance_material symbol="ref_joint_leg_for_soft_link___leg_mount_down_1" target="#mat_joint_leg_for_soft_link___leg_mount_down_1"/>
            </technique_common>
          </bind_material>
        </instance_geometry>
      </node>
    </visual_scene>
  </library_visual_scenes>
  <scene>
    <instance_visual_scene url="#myscene"/>
  </scene>
</COLLADA>
